market;category_id;name;path;depth;source_url
CZ;1486;Auta;Heureka.cz | Auto-moto | Auta;3;https://www.heureka.cz/direct/xml-export/shops/heureka-sekce.xml
CZ;5479;Elektrická vozítka pro seniory;Heureka.cz | Auto-moto | Elektromobilita a její příslušenství | Elektrická vozítka pro seniory;4;https://www.heureka.cz/direct/xml-export/shops/heureka-sekce.xml
CZ;6763;Elektrické motorky;Heureka.cz | Auto-moto | Elektromobilita a její příslušenství | Elektrické motorky;4;https://www.heureka.cz/direct/xml-export/shops/heureka-sekce.xml
CZ;6018;Nabíjecí kabely pro elektromobily;Heureka.cz | Auto-moto | Elektromobilita a její příslušenství | Příslušenství pro elektromobily | Nabíjecí kabely pro elektromobily;5;https://www.heureka.cz/direct/xml-export/shops/heureka-sekce.xml
CZ;6019;Nabíjecí stanice pro elektromobily;Heureka.cz | Auto-moto | Elektromobilita a její příslušenství | Příslušenství pro elektromobily | Nabíjecí stanice pro elektromobily;5;https://www.heureka.cz/direct/xml-export/shops/heureka-sekce.xml
CZ;6017;Nabíječky pro elektromobily;Heureka.cz | Auto-moto | Elektromobilita a její příslušenství | Příslušenství pro elektromobily | Nabíječky pro elektromobily;5;https://www.heureka.cz/direct/xml-export/shops/heureka-sekce.xml
CZ;6764;Motorky;Heureka.cz | Auto-moto | Motorky;3;https://www.heureka.cz/direct/xml-export/shops/heureka-sekce.xml
CZ;6328;AdBlue;Heureka.cz | Auto-moto | Náplně a kapaliny | Aditiva | AdBlue;5;https://www.heureka.cz/direct/xml-export/shops/heureka-sekce.xml
CZ;6327;Aditiva do chladičů;Heureka.cz | Auto-moto | Náplně a kapaliny | Aditiva | Aditiva do chladičů;5;https://www.heureka.cz/direct/xml-export/shops/heureka-sekce.xml
CZ;6325;Aditiva do olejů;Heureka.cz | Auto-moto | Náplně a kapaliny | Aditiva | Aditiva do olejů;5;https://www.heureka.cz/direct/xml-export/shops/heureka-sekce.xml
CZ;2975;Aditiva do paliv;Heureka.cz | Auto-moto | Náplně a kapaliny | Aditiva | Aditiva do paliv;5;https://www.heureka.cz/direct/xml-export/shops/heureka-sekce.xml
CZ;6330;Aditiva do posilovačů řízení;Heureka.cz | Auto-moto | Náplně a kapaliny | Aditiva | Aditiva do posilovačů řízení;5;https://www.heureka.cz/direct/xml-export/shops/heureka-sekce.xml
CZ;6329;Aditiva do převodovek;Heureka.cz | Auto-moto | Náplně a kapaliny | Aditiva | Aditiva do převodovek;5;https://www.heureka.cz/direct/xml-export/shops/heureka-sekce.xml
CZ;5816;Ochrana podvozků a dutin;Heureka.cz | Auto-moto | Náplně a kapaliny | Autochemie | Ochrana podvozků a dutin;5;https://www.heureka.cz/direct/xml-export/shops/heureka-sekce.xml
CZ;5814;Uvolňovače šroubů;Heureka.cz | Auto-moto | Náplně a kapaliny | Autochemie | Uvolňovače šroubů;5;https://www.heureka.cz/direct/xml-export/shops/heureka-sekce.xml
CZ;5813;Čističe brzd;Heureka.cz | Auto-moto | Náplně a kapaliny | Autochemie | Čističe brzd;5;https://www.heureka.cz/direct/xml-export/shops/heureka-sekce.xml
CZ;5812;Čističe karburátorů, turba a škrtících klapek;Heureka.cz | Auto-moto | Náplně a kapaliny | Autochemie | Čističe karburátorů, turba a škrtících klapek;5;https://www.heureka.cz/direct/xml-export/shops/heureka-sekce.xml
CZ;5815;Čističe řetězů motorek;Heureka.cz | Auto-moto | Náplně a kapaliny | Autochemie | Čističe řetězů motorek;5;https://www.heureka.cz/direct/xml-export/shops/heureka-sekce.xml
CZ;5854;Hydraulické oleje;Heureka.cz | Auto-moto | Náplně a kapaliny | Maziva | Hydraulické oleje;5;https://www.heureka.cz/direct/xml-export/shops/heureka-sekce.xml
CZ;5856;Maziva na řetězy;Heureka.cz | Auto-moto | Náplně a kapaliny | Maziva | Maziva na řetězy;5;https://www.heureka.cz/direct/xml-export/shops/heureka-sekce.xml
CZ;5850;Motorové oleje;Heureka.cz | Auto-moto | Náplně a kapaliny | Maziva | Motorové oleje;5;https://www.heureka.cz/direct/xml-export/shops/heureka-sekce.xml
CZ;5857;Ostatní maziva;Heureka.cz | Auto-moto | Náplně a kapaliny | Maziva | Ostatní maziva;5;https://www.heureka.cz/direct/xml-export/shops/heureka-sekce.xml
CZ;5853;Plastická maziva;Heureka.cz | Auto-moto | Náplně a kapaliny | Maziva | Plastická maziva;5;https://www.heureka.cz/direct/xml-export/shops/heureka-sekce.xml
CZ;5851;Převodové oleje;Heureka.cz | Auto-moto | Náplně a kapaliny | Maziva | Převodové oleje;5;https://www.heureka.cz/direct/xml-export/shops/heureka-sekce.xml
CZ;5855;Silikonové oleje;Heureka.cz | Auto-moto | Náplně a kapaliny | Maziva | Silikonové oleje;5;https://www.heureka.cz/direct/xml-export/shops/heureka-sekce.xml
CZ;5852;Tlumičové oleje;Heureka.cz | Auto-moto | Náplně a kapaliny | Maziva | Tlumičové oleje;5;https://www.heureka.cz/direct/xml-export/shops/heureka-sekce.xml
CZ;2922;Brzdové kapaliny;Heureka.cz | Auto-moto | Náplně a kapaliny | Provozní kapaliny | Brzdové kapaliny;5;https://www.heureka.cz/direct/xml-export/shops/heureka-sekce.xml
CZ;6189;Chladicí kapaliny;Heureka.cz | Auto-moto | Náplně a kapaliny | Provozní kapaliny | Chladicí kapaliny;5;https://www.heureka.cz/direct/xml-export/shops/heureka-sekce.xml
CZ;6191;Kapaliny do posilovačů řízení;Heureka.cz | Auto-moto | Náplně a kapaliny | Provozní kapaliny | Kapaliny do posilovačů řízení;5;https://www.heureka.cz/direct/xml-export/shops/heureka-sekce.xml
CZ;6190;Vody do ostřikovačů;Heureka.cz | Auto-moto | Náplně a kapaliny | Provozní kapaliny | Vody do ostřikovačů;5;https://www.heureka.cz/direct/xml-export/shops/heureka-sekce.xml
CZ;2742;Nákladní pneumatiky;Heureka.cz | Auto-moto | Pneumatiky | Nákladní pneumatiky;4;https://www.heureka.cz/direct/xml-export/shops/heureka-sekce.xml
CZ;972;Osobní pneumatiky;Heureka.cz | Auto-moto | Pneumatiky | Osobní pneumatiky;4;https://www.heureka.cz/direct/xml-export/shops/heureka-sekce.xml
CZ;2230;Pneumatiky na motorku;Heureka.cz | Auto-moto | Pneumatiky | Pneumatiky na motorku;4;https://www.heureka.cz/direct/xml-export/shops/heureka-sekce.xml
CZ;2741;Zemědělské pneumatiky;Heureka.cz | Auto-moto | Pneumatiky | Zemědělské pneumatiky;4;https://www.heureka.cz/direct/xml-export/shops/heureka-sekce.xml
CZ;1276;Autokoberce;Heureka.cz | Auto-moto | Vše pro auta | Autodoplňky | Autodoplňky do interiéru | Autokoberce;6;https://www.heureka.cz/direct/xml-export/shops/heureka-sekce.xml
CZ;1277;Autopotahy;Heureka.cz | Auto-moto | Vše pro auta | Autodoplňky | Autodoplňky do interiéru | Autopotahy;6;https://www.heureka.cz/direct/xml-export/shops/heureka-sekce.xml
CZ;2813;Clony do auta;Heureka.cz | Auto-moto | Vše pro auta | Autodoplňky | Autodoplňky do interiéru | Clony do auta;6;https://www.heureka.cz/direct/xml-export/shops/heureka-sekce.xml
CZ;7020;Návleky na bezpečnostní pásy;Heureka.cz | Auto-moto | Vše pro auta | Autodoplňky | Autodoplňky do interiéru | Návleky na bezpečnostní pásy;6;https://www.heureka.cz/direct/xml-export/shops/heureka-sekce.xml
CZ;1275;Vany do kufru;Heureka.cz | Auto-moto | Vše pro auta | Autodoplňky | Autodoplňky do interiéru | Vany do kufru;6;https://www.heureka.cz/direct/xml-export/shops/heureka-sekce.xml
CZ;8296;Autoklíče;Heureka.cz | Auto-moto | Vše pro auta | Autodoplňky | Autoklíče;5;https://www.heureka.cz/direct/xml-export/shops/heureka-sekce.xml
CZ;3991;Autonavijáky;Heureka.cz | Auto-moto | Vše pro auta | Autodoplňky | Autonavijáky;5;https://www.heureka.cz/direct/xml-export/shops/heureka-sekce.xml
CZ;5554;Měřiče tloušťky laku;Heureka.cz | Auto-moto | Vše pro auta | Autodoplňky | Měřiče tloušťky laku;5;https://www.heureka.cz/direct/xml-export/shops/heureka-sekce.xml
CZ;5553;Plachty na auto;Heureka.cz | Auto-moto | Vše pro auta | Autodoplňky | Plachty na auto;5;https://www.heureka.cz/direct/xml-export/shops/heureka-sekce.xml
CZ;5555;Pneuměřiče;Heureka.cz | Auto-moto | Vše pro auta | Autodoplňky | Pneuměřiče;5;https://www.heureka.cz/direct/xml-export/shops/heureka-sekce.xml
CZ;5566;Podpěry pod auto;Heureka.cz | Auto-moto | Vše pro auta | Autodoplňky | Podpěry pod auto;5;https://www.heureka.cz/direct/xml-export/shops/heureka-sekce.xml
CZ;881;Alkohol testery;Heureka.cz | Auto-moto | Vše pro auta | Autodoplňky | Povinná a doporučená výbava | Alkohol testery;6;https://www.heureka.cz/direct/xml-export/shops/heureka-sekce.xml
CZ;2788;Autolékárny;Heureka.cz | Auto-moto | Vše pro auta | Autodoplňky | Povinná a doporučená výbava | Autolékárny;6;https://www.heureka.cz/direct/xml-export/shops/heureka-sekce.xml
CZ;5415;Hevery;Heureka.cz | Auto-moto | Vše pro auta | Autodoplňky | Povinná a doporučená výbava | Hevery;6;https://www.heureka.cz/direct/xml-export/shops/heureka-sekce.xml
CZ;5471;Mechanické zabezpečení vozidel;Heureka.cz | Auto-moto | Vše pro auta | Autodoplňky | Povinná a doporučená výbava | Mechanické zabezpečení vozidel;6;https://www.heureka.cz/direct/xml-export/shops/heureka-sekce.xml
CZ;2884;Nabíječky a startovací boxy;Heureka.cz | Auto-moto | Vše pro auta | Autodoplňky | Povinná a doporučená výbava | Nabíječky a startovací boxy;6;https://www.heureka.cz/direct/xml-export/shops/heureka-sekce.xml
CZ;6603;Sady na opravu pneumatik;Heureka.cz | Auto-moto | Vše pro auta | Autodoplňky | Povinná a doporučená výbava | Sady na opravu pneumatik;6;https://www.heureka.cz/direct/xml-export/shops/heureka-sekce.xml
CZ;2085;Startovací kabely;Heureka.cz | Auto-moto | Vše pro auta | Autodoplňky | Povinná a doporučená výbava | Startovací kabely;6;https://www.heureka.cz/direct/xml-export/shops/heureka-sekce.xml
CZ;2789;Tažná lana;Heureka.cz | Auto-moto | Vše pro auta | Autodoplňky | Povinná a doporučená výbava | Tažná lana;6;https://www.heureka.cz/direct/xml-export/shops/heureka-sekce.xml
CZ;6902;Tažné tyče;Heureka.cz | Auto-moto | Vše pro auta | Autodoplňky | Povinná a doporučená výbava | Tažné tyče;6;https://www.heureka.cz/direct/xml-export/shops/heureka-sekce.xml
CZ;5780;Škrabky a smetáčky na auto;Heureka.cz | Auto-moto | Vše pro auta | Autodoplňky | Povinná a doporučená výbava | Škrabky a smetáčky na auto;6;https://www.heureka.cz/direct/xml-export/shops/heureka-sekce.xml
CZ;5747;Přívěsné vozíky;Heureka.cz | Auto-moto | Vše pro auta | Autodoplňky | Přívěsné vozíky;5;https://www.heureka.cz/direct/xml-export/shops/heureka-sekce.xml
CZ;1272;Sněhové řetězy;Heureka.cz | Auto-moto | Vše pro auta | Autodoplňky | Sněhové řetězy;5;https://www.heureka.cz/direct/xml-export/shops/heureka-sekce.xml
CZ;3923;Alternátory;Heureka.cz | Auto-moto | Vše pro auta | Autodíly | Alternátory;5;https://www.heureka.cz/direct/xml-export/shops/heureka-sekce.xml
CZ;1279;Autobaterie;Heureka.cz | Auto-moto | Vše pro auta | Autodíly | Autobaterie;5;https://www.heureka.cz/direct/xml-export/shops/heureka-sekce.xml
CZ;3413;Brzdové a spojkové hadice;Heureka.cz | Auto-moto | Vše pro auta | Autodíly | Brzdný systém auta | Brzdové a spojkové hadice;6;https://www.heureka.cz/direct/xml-export/shops/heureka-sekce.xml
CZ;3184;Brzdové bubny;Heureka.cz | Auto-moto | Vše pro auta | Autodíly | Brzdný systém auta | Brzdové bubny;6;https://www.heureka.cz/direct/xml-export/shops/heureka-sekce.xml
CZ;3343;Brzdové destičky;Heureka.cz | Auto-moto | Vše pro auta | Autodíly | Brzdný systém auta | Brzdové destičky;6;https://www.heureka.cz/direct/xml-export/shops/heureka-sekce.xml
CZ;3183;Brzdové kotouče;Heureka.cz | Auto-moto | Vše pro auta | Autodíly | Brzdný systém auta | Brzdové kotouče;6;https://www.heureka.cz/direct/xml-export/shops/heureka-sekce.xml
CZ;6249;Brzdové čelisti;Heureka.cz | Auto-moto | Vše pro auta | Autodíly | Brzdný systém auta | Brzdové čelisti;6;https://www.heureka.cz/direct/xml-export/shops/heureka-sekce.xml
CZ;1293;Hlavice řadící páky;Heureka.cz | Auto-moto | Vše pro auta | Autodíly | Díly interiéru | Hlavice řadící páky;6;https://www.heureka.cz/direct/xml-export/shops/heureka-sekce.xml
CZ;1292;Madla ruční brzdy;Heureka.cz | Auto-moto | Vše pro auta | Autodíly | Díly interiéru | Madla ruční brzdy;6;https://www.heureka.cz/direct/xml-export/shops/heureka-sekce.xml
CZ;1290;Sportovní pedály;Heureka.cz | Auto-moto | Vše pro auta | Autodíly | Díly interiéru | Sportovní pedály;6;https://www.heureka.cz/direct/xml-export/shops/heureka-sekce.xml
CZ;1288;Sportovní sedačky;Heureka.cz | Auto-moto | Vše pro auta | Autodíly | Díly interiéru | Sportovní sedačky;6;https://www.heureka.cz/direct/xml-export/shops/heureka-sekce.xml
CZ;1289;Sportovní volanty;Heureka.cz | Auto-moto | Vše pro auta | Autodíly | Díly interiéru | Sportovní volanty;6;https://www.heureka.cz/direct/xml-export/shops/heureka-sekce.xml
CZ;3323;Auto zrcátka;Heureka.cz | Auto-moto | Vše pro auta | Autodíly | Díly karoserie | Auto zrcátka;6;https://www.heureka.cz/direct/xml-export/shops/heureka-sekce.xml
CZ;4468;Autoskla;Heureka.cz | Auto-moto | Vše pro auta | Autodíly | Díly karoserie | Autoskla;6;https://www.heureka.cz/direct/xml-export/shops/heureka-sekce.xml
CZ;3325;Blatníky, podběhy, bočnice k vozům;Heureka.cz | Auto-moto | Vše pro auta | Autodíly | Díly karoserie | Blatníky, podběhy, bočnice k vozům;6;https://www.heureka.cz/direct/xml-export/shops/heureka-sekce.xml
CZ;3330;Nárazníky a díly;Heureka.cz | Auto-moto | Vše pro auta | Autodíly | Díly karoserie | Nárazníky a díly;6;https://www.heureka.cz/direct/xml-export/shops/heureka-sekce.xml
CZ;3329;Přední kapoty, zadní víka, střechy;Heureka.cz | Auto-moto | Vše pro auta | Autodíly | Díly karoserie | Přední kapoty, zadní víka, střechy;6;https://www.heureka.cz/direct/xml-export/shops/heureka-sekce.xml
CZ;3341;Přední masky;Heureka.cz | Auto-moto | Vše pro auta | Autodíly | Díly karoserie | Přední masky;6;https://www.heureka.cz/direct/xml-export/shops/heureka-sekce.xml
CZ;3324;Rámy, sloupky a prahy;Heureka.cz | Auto-moto | Vše pro auta | Autodíly | Díly karoserie | Rámy, sloupky a prahy;6;https://www.heureka.cz/direct/xml-export/shops/heureka-sekce.xml
CZ;3178;Dorazy tlumičů;Heureka.cz | Auto-moto | Vše pro auta | Autodíly | Díly podvozku | Dorazy tlumičů;6;https://www.heureka.cz/direct/xml-export/shops/heureka-sekce.xml
CZ;3802;Autokolové šrouby a matice;Heureka.cz | Auto-moto | Vše pro auta | Autodíly | Díly podvozku | Díly k autokolům | Autokolové šrouby a matice;7;https://www.heureka.cz/direct/xml-export/shops/heureka-sekce.xml
CZ;3181;Ložiska kol;Heureka.cz | Auto-moto | Vše pro auta | Autodíly | Díly podvozku | Díly k autokolům | Ložiska kol;7;https://www.heureka.cz/direct/xml-export/shops/heureka-sekce.xml
CZ;3182;Náboje kol;Heureka.cz | Auto-moto | Vše pro auta | Autodíly | Díly podvozku | Díly k autokolům | Náboje kol;7;https://www.heureka.cz/direct/xml-export/shops/heureka-sekce.xml
CZ;3179;Poloosy a homokinetické klouby;Heureka.cz | Auto-moto | Vše pro auta | Autodíly | Díly podvozku | Poloosy a homokinetické klouby;6;https://www.heureka.cz/direct/xml-export/shops/heureka-sekce.xml
CZ;3177;Pružiny pérování;Heureka.cz | Auto-moto | Vše pro auta | Autodíly | Díly podvozku | Pružiny pérování;6;https://www.heureka.cz/direct/xml-export/shops/heureka-sekce.xml
CZ;3171;Ramena řízení;Heureka.cz | Auto-moto | Vše pro auta | Autodíly | Díly podvozku | Ramena řízení;6;https://www.heureka.cz/direct/xml-export/shops/heureka-sekce.xml
CZ;6407;Stabilizátory aut;Heureka.cz | Auto-moto | Vše pro auta | Autodíly | Díly podvozku | Stabilizátory aut;6;https://www.heureka.cz/direct/xml-export/shops/heureka-sekce.xml
CZ;3175;Tlumiče pérování;Heureka.cz | Auto-moto | Vše pro auta | Autodíly | Díly podvozku | Tlumiče pérování;6;https://www.heureka.cz/direct/xml-export/shops/heureka-sekce.xml
CZ;6408;Uložení tlumičů;Heureka.cz | Auto-moto | Vše pro auta | Autodíly | Díly podvozku | Uložení tlumičů;6;https://www.heureka.cz/direct/xml-export/shops/heureka-sekce.xml
CZ;3180;Čepy a táhla řízení;Heureka.cz | Auto-moto | Vše pro auta | Autodíly | Díly podvozku | Čepy a táhla řízení;6;https://www.heureka.cz/direct/xml-export/shops/heureka-sekce.xml
CZ;3172;Čepy ramen;Heureka.cz | Auto-moto | Vše pro auta | Autodíly | Díly podvozku | Čepy ramen;6;https://www.heureka.cz/direct/xml-export/shops/heureka-sekce.xml
CZ;3339;Autoklimatizace a nezávislé topení;Heureka.cz | Auto-moto | Vše pro auta | Autodíly | Díly v motorovém prostoru | Autoklimatizace a nezávislé topení;6;https://www.heureka.cz/direct/xml-export/shops/heureka-sekce.xml
CZ;3340;Chladiče a jejich díly;Heureka.cz | Auto-moto | Vše pro auta | Autodíly | Díly v motorovém prostoru | Chladiče a jejich díly;6;https://www.heureka.cz/direct/xml-export/shops/heureka-sekce.xml
CZ;3462;Kabinové filtry pro automobily;Heureka.cz | Auto-moto | Vše pro auta | Autodíly | Díly v motorovém prostoru | Filtry do auta | Kabinové filtry pro automobily;7;https://www.heureka.cz/direct/xml-export/shops/heureka-sekce.xml
CZ;3261;Olejové filtry pro automobily;Heureka.cz | Auto-moto | Vše pro auta | Autodíly | Díly v motorovém prostoru | Filtry do auta | Olejové filtry pro automobily;7;https://www.heureka.cz/direct/xml-export/shops/heureka-sekce.xml
CZ;3262;Palivové filtry pro automobily;Heureka.cz | Auto-moto | Vše pro auta | Autodíly | Díly v motorovém prostoru | Filtry do auta | Palivové filtry pro automobily;7;https://www.heureka.cz/direct/xml-export/shops/heureka-sekce.xml
CZ;3965;Vzduchové filtry pro automobily;Heureka.cz | Auto-moto | Vše pro auta | Autodíly | Díly v motorovém prostoru | Filtry do auta | Vzduchové filtry pro automobily;7;https://www.heureka.cz/direct/xml-export/shops/heureka-sekce.xml
CZ;3338;Olejové vany;Heureka.cz | Auto-moto | Vše pro auta | Autodíly | Díly v motorovém prostoru | Olejové vany;6;https://www.heureka.cz/direct/xml-export/shops/heureka-sekce.xml
CZ;3337;Palivová čerpadla;Heureka.cz | Auto-moto | Vše pro auta | Autodíly | Díly v motorovém prostoru | Palivová čerpadla;6;https://www.heureka.cz/direct/xml-export/shops/heureka-sekce.xml
CZ;3463;Rozvody motoru;Heureka.cz | Auto-moto | Vše pro auta | Autodíly | Díly v motorovém prostoru | Rozvody motoru;6;https://www.heureka.cz/direct/xml-export/shops/heureka-sekce.xml
CZ;3386;Setrvačníky;Heureka.cz | Auto-moto | Vše pro auta | Autodíly | Díly v motorovém prostoru | Setrvačníky;6;https://www.heureka.cz/direct/xml-export/shops/heureka-sekce.xml
CZ;3383;Spojky;Heureka.cz | Auto-moto | Vše pro auta | Autodíly | Díly v motorovém prostoru | Spojky;6;https://www.heureka.cz/direct/xml-export/shops/heureka-sekce.xml
CZ;3924;Startéry do auta;Heureka.cz | Auto-moto | Vše pro auta | Autodíly | Díly v motorovém prostoru | Startéry do auta;6;https://www.heureka.cz/direct/xml-export/shops/heureka-sekce.xml
CZ;4463;Turbodmychadla;Heureka.cz | Auto-moto | Vše pro auta | Autodíly | Díly v motorovém prostoru | Turbodmychadla;6;https://www.heureka.cz/direct/xml-export/shops/heureka-sekce.xml
CZ;4491;Váhy vzduchu;Heureka.cz | Auto-moto | Vše pro auta | Autodíly | Díly v motorovém prostoru | Váhy vzduchu;6;https://www.heureka.cz/direct/xml-export/shops/heureka-sekce.xml
CZ;3263;Zapalovací cívky;Heureka.cz | Auto-moto | Vše pro auta | Autodíly | Díly v motorovém prostoru | Zapalování do aut | Zapalovací cívky;7;https://www.heureka.cz/direct/xml-export/shops/heureka-sekce.xml
CZ;3197;Zapalovací svíčky;Heureka.cz | Auto-moto | Vše pro auta | Autodíly | Díly v motorovém prostoru | Zapalování do aut | Zapalovací svíčky;7;https://www.heureka.cz/direct/xml-export/shops/heureka-sekce.xml
CZ;3198;Žhavící svíčky;Heureka.cz | Auto-moto | Vše pro auta | Autodíly | Díly v motorovém prostoru | Zapalování do aut | Žhavící svíčky;7;https://www.heureka.cz/direct/xml-export/shops/heureka-sekce.xml
CZ;6406;Odpružení aut;Heureka.cz | Auto-moto | Vše pro auta | Autodíly | Odpružení aut;5;https://www.heureka.cz/direct/xml-export/shops/heureka-sekce.xml
CZ;2892;Stěrače;Heureka.cz | Auto-moto | Vše pro auta | Autodíly | Stěrače;5;https://www.heureka.cz/direct/xml-export/shops/heureka-sekce.xml
CZ;3328;Auto blinkry;Heureka.cz | Auto-moto | Vše pro auta | Autodíly | Světla na auto | Auto blinkry;6;https://www.heureka.cz/direct/xml-export/shops/heureka-sekce.xml
CZ;2787;Autožárovky;Heureka.cz | Auto-moto | Vše pro auta | Autodíly | Světla na auto | Autožárovky;6;https://www.heureka.cz/direct/xml-export/shops/heureka-sekce.xml
CZ;1282;Exteriérové osvětlení;Heureka.cz | Auto-moto | Vše pro auta | Autodíly | Světla na auto | Exteriérové osvětlení;6;https://www.heureka.cz/direct/xml-export/shops/heureka-sekce.xml
CZ;3342;Mlhová světla;Heureka.cz | Auto-moto | Vše pro auta | Autodíly | Světla na auto | Mlhová světla;6;https://www.heureka.cz/direct/xml-export/shops/heureka-sekce.xml
CZ;3326;Přední světlomety;Heureka.cz | Auto-moto | Vše pro auta | Autodíly | Světla na auto | Přední světlomety;6;https://www.heureka.cz/direct/xml-export/shops/heureka-sekce.xml
CZ;3744;Xenonové výbojky;Heureka.cz | Auto-moto | Vše pro auta | Autodíly | Světla na auto | Xenonové výbojky;6;https://www.heureka.cz/direct/xml-export/shops/heureka-sekce.xml
CZ;3327;Zadní světlomety;Heureka.cz | Auto-moto | Vše pro auta | Autodíly | Světla na auto | Zadní světlomety;6;https://www.heureka.cz/direct/xml-export/shops/heureka-sekce.xml
CZ;3336;Tažná zařízení;Heureka.cz | Auto-moto | Vše pro auta | Autodíly | Tažná zařízení;5;https://www.heureka.cz/direct/xml-export/shops/heureka-sekce.xml
CZ;3331;Katalyzátory;Heureka.cz | Auto-moto | Vše pro auta | Autodíly | Výfukový systém | Katalyzátory;6;https://www.heureka.cz/direct/xml-export/shops/heureka-sekce.xml
CZ;1295;Koncovky výfuku;Heureka.cz | Auto-moto | Vše pro auta | Autodíly | Výfukový systém | Koncovky výfuku;6;https://www.heureka.cz/direct/xml-export/shops/heureka-sekce.xml
CZ;3264;Lambda sondy;Heureka.cz | Auto-moto | Vše pro auta | Autodíly | Výfukový systém | Lambda sondy;6;https://www.heureka.cz/direct/xml-export/shops/heureka-sekce.xml
CZ;2740;Výfuky na auto;Heureka.cz | Auto-moto | Vše pro auta | Autodíly | Výfukový systém | Výfuky na auto;6;https://www.heureka.cz/direct/xml-export/shops/heureka-sekce.xml
CZ;8608;Autolaky;Heureka.cz | Auto-moto | Vše pro auta | Autokosmetika | Autolaky;5;https://www.heureka.cz/direct/xml-export/shops/heureka-sekce.xml
CZ;5805;Péče o autoskla;Heureka.cz | Auto-moto | Vše pro auta | Autokosmetika | Péče o autoskla;5;https://www.heureka.cz/direct/xml-export/shops/heureka-sekce.xml
CZ;5803;Péče o interiér auta;Heureka.cz | Auto-moto | Vše pro auta | Autokosmetika | Péče o interiér auta;5;https://www.heureka.cz/direct/xml-export/shops/heureka-sekce.xml
CZ;5801;Péče o kola;Heureka.cz | Auto-moto | Vše pro auta | Autokosmetika | Péče o kola;5;https://www.heureka.cz/direct/xml-export/shops/heureka-sekce.xml
CZ;5809;Leštící kotouče na auta;Heureka.cz | Auto-moto | Vše pro auta | Autokosmetika | Péče o lak | Leštící kotouče na auta;6;https://www.heureka.cz/direct/xml-export/shops/heureka-sekce.xml
CZ;5798;Leštění laku;Heureka.cz | Auto-moto | Vše pro auta | Autokosmetika | Péče o lak | Leštění laku;6;https://www.heureka.cz/direct/xml-export/shops/heureka-sekce.xml
CZ;5799;Ochrany laku;Heureka.cz | Auto-moto | Vše pro auta | Autokosmetika | Péče o lak | Ochrany laku;6;https://www.heureka.cz/direct/xml-export/shops/heureka-sekce.xml
CZ;5800;Údržba laku;Heureka.cz | Auto-moto | Vše pro auta | Autokosmetika | Péče o lak | Údržba laku;6;https://www.heureka.cz/direct/xml-export/shops/heureka-sekce.xml
CZ;5797;Čištění a dekontaminace laku;Heureka.cz | Auto-moto | Vše pro auta | Autokosmetika | Péče o lak | Čištění a dekontaminace laku;6;https://www.heureka.cz/direct/xml-export/shops/heureka-sekce.xml
CZ;5810;Péče o motorový prostor;Heureka.cz | Auto-moto | Vše pro auta | Autokosmetika | Péče o motorový prostor;5;https://www.heureka.cz/direct/xml-export/shops/heureka-sekce.xml
CZ;5806;Péče o ostatní povrchy auta;Heureka.cz | Auto-moto | Vše pro auta | Autokosmetika | Péče o ostatní povrchy auta;5;https://www.heureka.cz/direct/xml-export/shops/heureka-sekce.xml
CZ;5802;Péče o plasty a pneumatiky;Heureka.cz | Auto-moto | Vše pro auta | Autokosmetika | Péče o plasty a pneumatiky;5;https://www.heureka.cz/direct/xml-export/shops/heureka-sekce.xml
CZ;5796;Přípravky na mytí aut;Heureka.cz | Auto-moto | Vše pro auta | Autokosmetika | Přípravky na mytí aut;5;https://www.heureka.cz/direct/xml-export/shops/heureka-sekce.xml
CZ;5807;Příslušenství autokosmetiky;Heureka.cz | Auto-moto | Vše pro auta | Autokosmetika | Příslušenství autokosmetiky;5;https://www.heureka.cz/direct/xml-export/shops/heureka-sekce.xml
CZ;6591;Tekuté stěrače;Heureka.cz | Auto-moto | Vše pro auta | Autokosmetika | Tekuté stěrače;5;https://www.heureka.cz/direct/xml-export/shops/heureka-sekce.xml
CZ;5808;Univerzální čističe aut;Heureka.cz | Auto-moto | Vše pro auta | Autokosmetika | Univerzální čističe aut;5;https://www.heureka.cz/direct/xml-export/shops/heureka-sekce.xml
CZ;5804;Vůně do auta;Heureka.cz | Auto-moto | Vše pro auta | Autokosmetika | Vůně do auta;5;https://www.heureka.cz/direct/xml-export/shops/heureka-sekce.xml
CZ;1471;Alu kola;Heureka.cz | Auto-moto | Vše pro auta | Disky na auto | Alu kola;5;https://www.heureka.cz/direct/xml-export/shops/heureka-sekce.xml
CZ;2260;Plechové disky;Heureka.cz | Auto-moto | Vše pro auta | Disky na auto | Plechové disky;5;https://www.heureka.cz/direct/xml-export/shops/heureka-sekce.xml
CZ;3147;Poklice na kola;Heureka.cz | Auto-moto | Vše pro auta | Disky na auto | Poklice na kola;5;https://www.heureka.cz/direct/xml-export/shops/heureka-sekce.xml
CZ;2334;Antiradary;Heureka.cz | Auto-moto | Vše pro auta | Elektronika do auta | Antiradary;5;https://www.heureka.cz/direct/xml-export/shops/heureka-sekce.xml
CZ;3435;Auto antény;Heureka.cz | Auto-moto | Vše pro auta | Elektronika do auta | Auto Hi-Fi | Auto antény;6;https://www.heureka.cz/direct/xml-export/shops/heureka-sekce.xml
CZ;888;CD/MD/DVD měniče;Heureka.cz | Auto-moto | Vše pro auta | Elektronika do auta | Auto Hi-Fi | CD/MD/DVD měniče;6;https://www.heureka.cz/direct/xml-export/shops/heureka-sekce.xml
CZ;4233;FM transmittery;Heureka.cz | Auto-moto | Vše pro auta | Elektronika do auta | Auto Hi-Fi | FM transmittery;6;https://www.heureka.cz/direct/xml-export/shops/heureka-sekce.xml
CZ;722;Reproduktory do auta;Heureka.cz | Auto-moto | Vše pro auta | Elektronika do auta | Auto Hi-Fi | Reproduktory do auta;6;https://www.heureka.cz/direct/xml-export/shops/heureka-sekce.xml
CZ;2339;Subwoofery do auta;Heureka.cz | Auto-moto | Vše pro auta | Elektronika do auta | Auto Hi-Fi | Subwoofery do auta;6;https://www.heureka.cz/direct/xml-export/shops/heureka-sekce.xml
CZ;889;Zesilovače do auta;Heureka.cz | Auto-moto | Vše pro auta | Elektronika do auta | Auto Hi-Fi | Zesilovače do auta;6;https://www.heureka.cz/direct/xml-export/shops/heureka-sekce.xml
CZ;1266;Autoalarmy;Heureka.cz | Auto-moto | Vše pro auta | Elektronika do auta | Autoalarmy;5;https://www.heureka.cz/direct/xml-export/shops/heureka-sekce.xml
CZ;4467;Autodiagnostiky;Heureka.cz | Auto-moto | Vše pro auta | Elektronika do auta | Autodiagnostiky;5;https://www.heureka.cz/direct/xml-export/shops/heureka-sekce.xml
CZ;720;Autorádia;Heureka.cz | Auto-moto | Vše pro auta | Elektronika do auta | Autorádia;5;https://www.heureka.cz/direct/xml-export/shops/heureka-sekce.xml
CZ;3189;Baterie k GPS navigacím;Heureka.cz | Auto-moto | Vše pro auta | Elektronika do auta | GPS navigace a příslušenství | Baterie k GPS navigacím;6;https://www.heureka.cz/direct/xml-export/shops/heureka-sekce.xml
CZ;3187;Držáky na GPS navigace;Heureka.cz | Auto-moto | Vše pro auta | Elektronika do auta | GPS navigace a příslušenství | Držáky na GPS navigace;6;https://www.heureka.cz/direct/xml-export/shops/heureka-sekce.xml
CZ;3185;GPS antény;Heureka.cz | Auto-moto | Vše pro auta | Elektronika do auta | GPS navigace a příslušenství | GPS antény;6;https://www.heureka.cz/direct/xml-export/shops/heureka-sekce.xml
CZ;728;GPS lokátory;Heureka.cz | Auto-moto | Vše pro auta | Elektronika do auta | GPS navigace a příslušenství | GPS lokátory;6;https://www.heureka.cz/direct/xml-export/shops/heureka-sekce.xml
CZ;729;GPS mapy;Heureka.cz | Auto-moto | Vše pro auta | Elektronika do auta | GPS navigace a příslušenství | GPS mapy;6;https://www.heureka.cz/direct/xml-export/shops/heureka-sekce.xml
CZ;726;GPS navigace;Heureka.cz | Auto-moto | Vše pro auta | Elektronika do auta | GPS navigace a příslušenství | GPS navigace;6;https://www.heureka.cz/direct/xml-export/shops/heureka-sekce.xml
CZ;851;GPS software;Heureka.cz | Auto-moto | Vše pro auta | Elektronika do auta | GPS navigace a příslušenství | GPS software;6;https://www.heureka.cz/direct/xml-export/shops/heureka-sekce.xml
CZ;3229;Nabíječky k GPS navigacím;Heureka.cz | Auto-moto | Vše pro auta | Elektronika do auta | GPS navigace a příslušenství | Nabíječky k GPS navigacím;6;https://www.heureka.cz/direct/xml-export/shops/heureka-sekce.xml
CZ;4242;Ochranné fólie pro GPS navigace;Heureka.cz | Auto-moto | Vše pro auta | Elektronika do auta | GPS navigace a příslušenství | Ochranné fólie pro GPS navigace;6;https://www.heureka.cz/direct/xml-export/shops/heureka-sekce.xml
CZ;3186;Pouzdra na GPS navigace;Heureka.cz | Auto-moto | Vše pro auta | Elektronika do auta | GPS navigace a příslušenství | Pouzdra na GPS navigace;6;https://www.heureka.cz/direct/xml-export/shops/heureka-sekce.xml
CZ;3127;Kamery do auta;Heureka.cz | Auto-moto | Vše pro auta | Elektronika do auta | Kamery do auta;5;https://www.heureka.cz/direct/xml-export/shops/heureka-sekce.xml
CZ;797;LCD do auta;Heureka.cz | Auto-moto | Vše pro auta | Elektronika do auta | LCD do auta;5;https://www.heureka.cz/direct/xml-export/shops/heureka-sekce.xml
CZ;2310;Měniče napětí do auta;Heureka.cz | Auto-moto | Vše pro auta | Elektronika do auta | Měniče napětí do auta;5;https://www.heureka.cz/direct/xml-export/shops/heureka-sekce.xml
CZ;2684;Parkovací senzory;Heureka.cz | Auto-moto | Vše pro auta | Elektronika do auta | Parkovací senzory;5;https://www.heureka.cz/direct/xml-export/shops/heureka-sekce.xml
CZ;4402;Teploměry do auta;Heureka.cz | Auto-moto | Vše pro auta | Elektronika do auta | Teploměry do auta;5;https://www.heureka.cz/direct/xml-export/shops/heureka-sekce.xml
CZ;5770;Boxy na tažné zařízení;Heureka.cz | Auto-moto | Vše pro auta | Nosiče, boxy a koše na auto | Boxy na auto | Boxy na tažné zařízení;6;https://www.heureka.cz/direct/xml-export/shops/heureka-sekce.xml
CZ;1270;Střešní boxy;Heureka.cz | Auto-moto | Vše pro auta | Nosiče, boxy a koše na auto | Boxy na auto | Střešní boxy;6;https://www.heureka.cz/direct/xml-export/shops/heureka-sekce.xml
CZ;1269;Nosiče kol;Heureka.cz | Auto-moto | Vše pro auta | Nosiče, boxy a koše na auto | Nosiče kol na auto | Nosiče kol;6;https://www.heureka.cz/direct/xml-export/shops/heureka-sekce.xml
CZ;6717;Nosiče lyží na tažné zařízení;Heureka.cz | Auto-moto | Vše pro auta | Nosiče, boxy a koše na auto | Nosiče lyží a snowboardů | Nosiče lyží na tažné zařízení;6;https://www.heureka.cz/direct/xml-export/shops/heureka-sekce.xml
CZ;1268;Střešní nosiče lyží;Heureka.cz | Auto-moto | Vše pro auta | Nosiče, boxy a koše na auto | Nosiče lyží a snowboardů | Střešní nosiče lyží;6;https://www.heureka.cz/direct/xml-export/shops/heureka-sekce.xml
CZ;1312;Nosiče vodní sporty;Heureka.cz | Auto-moto | Vše pro auta | Nosiče, boxy a koše na auto | Nosiče vodní sporty;5;https://www.heureka.cz/direct/xml-export/shops/heureka-sekce.xml
CZ;2736;Příčníky a podélné střešní nosiče;Heureka.cz | Auto-moto | Vše pro auta | Nosiče, boxy a koše na auto | Příčníky a podélné střešní nosiče;5;https://www.heureka.cz/direct/xml-export/shops/heureka-sekce.xml
CZ;1313;Střešní koše;Heureka.cz | Auto-moto | Vše pro auta | Nosiče, boxy a koše na auto | Střešní koše;5;https://www.heureka.cz/direct/xml-export/shops/heureka-sekce.xml
CZ;3434;Distanční podložky kol;Heureka.cz | Auto-moto | Vše pro auta | Tuning | Distanční podložky kol;5;https://www.heureka.cz/direct/xml-export/shops/heureka-sekce.xml
CZ;1286;Podvozek;Heureka.cz | Auto-moto | Vše pro auta | Tuning | Podvozek;5;https://www.heureka.cz/direct/xml-export/shops/heureka-sekce.xml
CZ;1285;Tuning karoserie;Heureka.cz | Auto-moto | Vše pro auta | Tuning | Tuning karoserie;5;https://www.heureka.cz/direct/xml-export/shops/heureka-sekce.xml
CZ;2218;Helmy na motorku;Heureka.cz | Auto-moto | Vše pro motorky | Doplňky na motorku | Helmy na motorku;5;https://www.heureka.cz/direct/xml-export/shops/heureka-sekce.xml
CZ;6410;Interkomy na motorku;Heureka.cz | Auto-moto | Vše pro motorky | Doplňky na motorku | Interkomy na motorku;5;https://www.heureka.cz/direct/xml-export/shops/heureka-sekce.xml
CZ;1273;Moto alarmy;Heureka.cz | Auto-moto | Vše pro motorky | Doplňky na motorku | Moto alarmy;5;https://www.heureka.cz/direct/xml-export/shops/heureka-sekce.xml
CZ;2228;Moto brýle;Heureka.cz | Auto-moto | Vše pro motorky | Doplňky na motorku | Moto brýle;5;https://www.heureka.cz/direct/xml-export/shops/heureka-sekce.xml
CZ;2910;Nosiče na motokufry;Heureka.cz | Auto-moto | Vše pro motorky | Doplňky na motorku | Nosiče na motokufry;5;https://www.heureka.cz/direct/xml-export/shops/heureka-sekce.xml
CZ;6901;Plachty na motorku;Heureka.cz | Auto-moto | Vše pro motorky | Doplňky na motorku | Plachty na motorku;5;https://www.heureka.cz/direct/xml-export/shops/heureka-sekce.xml
CZ;6861;Plexi na motorku;Heureka.cz | Auto-moto | Vše pro motorky | Doplňky na motorku | Plexi na motorku;5;https://www.heureka.cz/direct/xml-export/shops/heureka-sekce.xml
CZ;6419;Startovací pomocníci na motorky;Heureka.cz | Auto-moto | Vše pro motorky | Doplňky na motorku | Startovací pomocníci na motorky;5;https://www.heureka.cz/direct/xml-export/shops/heureka-sekce.xml
CZ;5472;Stojany na moto;Heureka.cz | Auto-moto | Vše pro motorky | Doplňky na motorku | Stojany na moto;5;https://www.heureka.cz/direct/xml-export/shops/heureka-sekce.xml
CZ;2203;Brašny na motorku;Heureka.cz | Auto-moto | Vše pro motorky | Doplňky na motorku | Zavazadla na motorku | Brašny na motorku;6;https://www.heureka.cz/direct/xml-export/shops/heureka-sekce.xml
CZ;8279;Kufry na motorku;Heureka.cz | Auto-moto | Vše pro motorky | Doplňky na motorku | Zavazadla na motorku | Kufry na motorku;6;https://www.heureka.cz/direct/xml-export/shops/heureka-sekce.xml
CZ;6935;Tankvaky na moto;Heureka.cz | Auto-moto | Vše pro motorky | Doplňky na motorku | Zavazadla na motorku | Tankvaky na moto;6;https://www.heureka.cz/direct/xml-export/shops/heureka-sekce.xml
CZ;3391;Gufera do motoru pro motorku;Heureka.cz | Auto-moto | Vše pro motorky | Náhradní díly na motorky | Díly motoru pro motorku | Gufera do motoru pro motorku;6;https://www.heureka.cz/direct/xml-export/shops/heureka-sekce.xml
CZ;3393;Ložiska do motoru pro motorku;Heureka.cz | Auto-moto | Vše pro motorky | Náhradní díly na motorky | Díly motoru pro motorku | Ložiska do motoru pro motorku;6;https://www.heureka.cz/direct/xml-export/shops/heureka-sekce.xml
CZ;3394;Ojniční sady pro motorku;Heureka.cz | Auto-moto | Vše pro motorky | Náhradní díly na motorky | Díly motoru pro motorku | Ojniční sady pro motorku;6;https://www.heureka.cz/direct/xml-export/shops/heureka-sekce.xml
CZ;2352;Olejové filtry pro motorku;Heureka.cz | Auto-moto | Vše pro motorky | Náhradní díly na motorky | Díly motoru pro motorku | Olejové filtry pro motorku;6;https://www.heureka.cz/direct/xml-export/shops/heureka-sekce.xml
CZ;5896;Sady pístů a válců pro motorku;Heureka.cz | Auto-moto | Vše pro motorky | Náhradní díly na motorky | Díly motoru pro motorku | Sady pístů a válců pro motorku;6;https://www.heureka.cz/direct/xml-export/shops/heureka-sekce.xml
CZ;3424;Těsnění motoru pro motorku;Heureka.cz | Auto-moto | Vše pro motorky | Náhradní díly na motorky | Díly motoru pro motorku | Těsnění motoru pro motorku;6;https://www.heureka.cz/direct/xml-export/shops/heureka-sekce.xml
CZ;3401;Těsnění válce;Heureka.cz | Auto-moto | Vše pro motorky | Náhradní díly na motorky | Díly motoru pro motorku | Těsnění válce;6;https://www.heureka.cz/direct/xml-export/shops/heureka-sekce.xml
CZ;3420;Kola a ráfky na motorku;Heureka.cz | Auto-moto | Vše pro motorky | Náhradní díly na motorky | Kola a ráfky na motorku;5;https://www.heureka.cz/direct/xml-export/shops/heureka-sekce.xml
CZ;3404;Kyvné vidlice;Heureka.cz | Auto-moto | Vše pro motorky | Náhradní díly na motorky | Kyvné vidlice;5;https://www.heureka.cz/direct/xml-export/shops/heureka-sekce.xml
CZ;3403;Ložiska do řízení pro motorku;Heureka.cz | Auto-moto | Vše pro motorky | Náhradní díly na motorky | Ložiska do řízení pro motorku;5;https://www.heureka.cz/direct/xml-export/shops/heureka-sekce.xml
CZ;3427;Moto brzdové kotouče;Heureka.cz | Auto-moto | Vše pro motorky | Náhradní díly na motorky | Moto brzdy | Moto brzdové kotouče;6;https://www.heureka.cz/direct/xml-export/shops/heureka-sekce.xml
CZ;3425;Moto řídítka;Heureka.cz | Auto-moto | Vše pro motorky | Náhradní díly na motorky | Moto řídítka;5;https://www.heureka.cz/direct/xml-export/shops/heureka-sekce.xml
CZ;2704;Motobaterie;Heureka.cz | Auto-moto | Vše pro motorky | Náhradní díly na motorky | Motobaterie;5;https://www.heureka.cz/direct/xml-export/shops/heureka-sekce.xml
CZ;2232;Plasty na motorku;Heureka.cz | Auto-moto | Vše pro motorky | Náhradní díly na motorky | Plasty na motorku;5;https://www.heureka.cz/direct/xml-export/shops/heureka-sekce.xml
CZ;3406;Přepákování sady;Heureka.cz | Auto-moto | Vše pro motorky | Náhradní díly na motorky | Přepákování sady;5;https://www.heureka.cz/direct/xml-export/shops/heureka-sekce.xml
CZ;3129;Moto řetězy;Heureka.cz | Auto-moto | Vše pro motorky | Náhradní díly na motorky | Součástky převodovek pro motorku | Moto řetězy;6;https://www.heureka.cz/direct/xml-export/shops/heureka-sekce.xml
CZ;5922;Řetězová kola na motorku;Heureka.cz | Auto-moto | Vše pro motorky | Náhradní díly na motorky | Součástky převodovek pro motorku | Řetězová kola na motorku;6;https://www.heureka.cz/direct/xml-export/shops/heureka-sekce.xml
CZ;2220;Řetězové sady pro motorku;Heureka.cz | Auto-moto | Vše pro motorky | Náhradní díly na motorky | Součástky převodovek pro motorku | Řetězové sady pro motorku;6;https://www.heureka.cz/direct/xml-export/shops/heureka-sekce.xml
CZ;5895;Spojky pro motorky;Heureka.cz | Auto-moto | Vše pro motorky | Náhradní díly na motorky | Součástky spojky pro motorku | Spojky pro motorky;6;https://www.heureka.cz/direct/xml-export/shops/heureka-sekce.xml
CZ;3422;Startéry na motorku;Heureka.cz | Auto-moto | Vše pro motorky | Náhradní díly na motorky | Startéry na motorku;5;https://www.heureka.cz/direct/xml-export/shops/heureka-sekce.xml
CZ;3421;Stupačky pro motorku;Heureka.cz | Auto-moto | Vše pro motorky | Náhradní díly na motorky | Stupačky pro motorku;5;https://www.heureka.cz/direct/xml-export/shops/heureka-sekce.xml
CZ;2706;Výfuky na motorku;Heureka.cz | Auto-moto | Vše pro motorky | Náhradní díly na motorky | Výfuky na motorku;5;https://www.heureka.cz/direct/xml-export/shops/heureka-sekce.xml
CZ;3423;Řadičky;Heureka.cz | Auto-moto | Vše pro motorky | Náhradní díly na motorky | Řadičky;5;https://www.heureka.cz/direct/xml-export/shops/heureka-sekce.xml
CZ;2719;Boty na motorku;Heureka.cz | Auto-moto | Vše pro motorky | Oblečení na motorku | Boty na motorku;5;https://www.heureka.cz/direct/xml-export/shops/heureka-sekce.xml
CZ;2226;Bundy na motorku;Heureka.cz | Auto-moto | Vše pro motorky | Oblečení na motorku | Bundy na motorku;5;https://www.heureka.cz/direct/xml-export/shops/heureka-sekce.xml
CZ;2887;Chrániče na motorku;Heureka.cz | Auto-moto | Vše pro motorky | Oblečení na motorku | Chrániče na motorku;5;https://www.heureka.cz/direct/xml-export/shops/heureka-sekce.xml
CZ;5615;Dresy na motorku;Heureka.cz | Auto-moto | Vše pro motorky | Oblečení na motorku | Dresy na motorku;5;https://www.heureka.cz/direct/xml-export/shops/heureka-sekce.xml
CZ;2225;Kalhoty na motorku;Heureka.cz | Auto-moto | Vše pro motorky | Oblečení na motorku | Kalhoty na motorku;5;https://www.heureka.cz/direct/xml-export/shops/heureka-sekce.xml
CZ;2223;Kombinézy na motorku;Heureka.cz | Auto-moto | Vše pro motorky | Oblečení na motorku | Kombinézy na motorku;5;https://www.heureka.cz/direct/xml-export/shops/heureka-sekce.xml
CZ;8501;Nepromoky na motorku;Heureka.cz | Auto-moto | Vše pro motorky | Oblečení na motorku | Nepromoky na motorku;5;https://www.heureka.cz/direct/xml-export/shops/heureka-sekce.xml
CZ;2222;Rukavice na motorku;Heureka.cz | Auto-moto | Vše pro motorky | Oblečení na motorku | Rukavice na motorku;5;https://www.heureka.cz/direct/xml-export/shops/heureka-sekce.xml
CZ;5748;Čtyřkolky;Heureka.cz | Auto-moto | Čtyřkolky;3;https://www.heureka.cz/direct/xml-export/shops/heureka-sekce.xml
CZ;1851;Dekorace do dětských pokojů;Heureka.cz | Bydlení a doplňky | Bytové dekorace | Dětské dekorace | Dekorace do dětských pokojů;5;https://www.heureka.cz/direct/xml-export/shops/heureka-sekce.xml
CZ;2029;Budíky;Heureka.cz | Bydlení a doplňky | Bytové dekorace | Hodiny a budíky | Budíky;5;https://www.heureka.cz/direct/xml-export/shops/heureka-sekce.xml
CZ;1738;Hodiny;Heureka.cz | Bydlení a doplňky | Bytové dekorace | Hodiny a budíky | Hodiny;5;https://www.heureka.cz/direct/xml-export/shops/heureka-sekce.xml
CZ;6348;Přesýpací hodiny;Heureka.cz | Bydlení a doplňky | Bytové dekorace | Hodiny a budíky | Přesýpací hodiny;5;https://www.heureka.cz/direct/xml-export/shops/heureka-sekce.xml
CZ;3928;Květiny;Heureka.cz | Bydlení a doplňky | Bytové dekorace | Květiny a stojany | Květiny;5;https://www.heureka.cz/direct/xml-export/shops/heureka-sekce.xml
CZ;4894;Stojany na květiny;Heureka.cz | Bydlení a doplňky | Bytové dekorace | Květiny a stojany | Stojany na květiny;5;https://www.heureka.cz/direct/xml-export/shops/heureka-sekce.xml
CZ;3030;Bordury na zeď;Heureka.cz | Bydlení a doplňky | Bytové dekorace | Nástěnné dekorace | Bordury na zeď;5;https://www.heureka.cz/direct/xml-export/shops/heureka-sekce.xml
CZ;5745;Lapače snů;Heureka.cz | Bydlení a doplňky | Bytové dekorace | Nástěnné dekorace | Lapače snů;5;https://www.heureka.cz/direct/xml-export/shops/heureka-sekce.xml
CZ;3925;Obrazy;Heureka.cz | Bydlení a doplňky | Bytové dekorace | Nástěnné dekorace | Obrazy;5;https://www.heureka.cz/direct/xml-export/shops/heureka-sekce.xml
CZ;3260;Plakáty;Heureka.cz | Bydlení a doplňky | Bytové dekorace | Nástěnné dekorace | Plakáty;5;https://www.heureka.cz/direct/xml-export/shops/heureka-sekce.xml
CZ;2941;Tapety;Heureka.cz | Bydlení a doplňky | Bytové dekorace | Nástěnné dekorace | Tapety;5;https://www.heureka.cz/direct/xml-export/shops/heureka-sekce.xml
CZ;4917;Šablony na zeď;Heureka.cz | Bydlení a doplňky | Bytové dekorace | Nástěnné dekorace | Šablony na zeď;5;https://www.heureka.cz/direct/xml-export/shops/heureka-sekce.xml
CZ;6773;Pokojové fontány;Heureka.cz | Bydlení a doplňky | Bytové dekorace | Pokojové fontány;4;https://www.heureka.cz/direct/xml-export/shops/heureka-sekce.xml
CZ;3031;Samolepky na zeď;Heureka.cz | Bydlení a doplňky | Bytové dekorace | Samolepky na zeď;4;https://www.heureka.cz/direct/xml-export/shops/heureka-sekce.xml
CZ;4812;Velikonoční dekorace;Heureka.cz | Bydlení a doplňky | Bytové dekorace | Sváteční dekorace | Velikonoční dekorace;5;https://www.heureka.cz/direct/xml-export/shops/heureka-sekce.xml
CZ;5380;Adventní kalendáře;Heureka.cz | Bydlení a doplňky | Bytové dekorace | Sváteční dekorace | Vánoce | Adventní kalendáře;6;https://www.heureka.cz/direct/xml-export/shops/heureka-sekce.xml
CZ;2647;Stojany na stromeček;Heureka.cz | Bydlení a doplňky | Bytové dekorace | Sváteční dekorace | Vánoce | Stojany na stromeček;6;https://www.heureka.cz/direct/xml-export/shops/heureka-sekce.xml
CZ;3005;Vánoční dekorace;Heureka.cz | Bydlení a doplňky | Bytové dekorace | Sváteční dekorace | Vánoce | Vánoční dekorace;6;https://www.heureka.cz/direct/xml-export/shops/heureka-sekce.xml
CZ;5551;Vánoční osvětlení;Heureka.cz | Bydlení a doplňky | Bytové dekorace | Sváteční dekorace | Vánoce | Vánoční osvětlení;6;https://www.heureka.cz/direct/xml-export/shops/heureka-sekce.xml
CZ;5561;Vánoční ozdoby;Heureka.cz | Bydlení a doplňky | Bytové dekorace | Sváteční dekorace | Vánoce | Vánoční ozdoby;6;https://www.heureka.cz/direct/xml-export/shops/heureka-sekce.xml
CZ;5557;Vánoční stromky;Heureka.cz | Bydlení a doplňky | Bytové dekorace | Sváteční dekorace | Vánoce | Vánoční stromky;6;https://www.heureka.cz/direct/xml-export/shops/heureka-sekce.xml
CZ;6923;Vánoční věnce;Heureka.cz | Bydlení a doplňky | Bytové dekorace | Sváteční dekorace | Vánoce | Vánoční věnce;6;https://www.heureka.cz/direct/xml-export/shops/heureka-sekce.xml
CZ;3958;Vázy;Heureka.cz | Bydlení a doplňky | Bytové dekorace | Vázy;4;https://www.heureka.cz/direct/xml-export/shops/heureka-sekce.xml
CZ;4880;Aroma difuzéry;Heureka.cz | Bydlení a doplňky | Bytové dekorace | Vůně do bytu a svíčky | Aroma difuzéry;5;https://www.heureka.cz/direct/xml-export/shops/heureka-sekce.xml
CZ;4123;Aroma lampy;Heureka.cz | Bydlení a doplňky | Bytové dekorace | Vůně do bytu a svíčky | Aroma lampy;5;https://www.heureka.cz/direct/xml-export/shops/heureka-sekce.xml
CZ;4919;Kadidelnice;Heureka.cz | Bydlení a doplňky | Bytové dekorace | Vůně do bytu a svíčky | Aromaterapie | Kadidelnice;6;https://www.heureka.cz/direct/xml-export/shops/heureka-sekce.xml
CZ;4916;Vonné jehlánky;Heureka.cz | Bydlení a doplňky | Bytové dekorace | Vůně do bytu a svíčky | Aromaterapie | Vonné jehlánky;6;https://www.heureka.cz/direct/xml-export/shops/heureka-sekce.xml
CZ;4902;Vonné kameny;Heureka.cz | Bydlení a doplňky | Bytové dekorace | Vůně do bytu a svíčky | Aromaterapie | Vonné kameny;6;https://www.heureka.cz/direct/xml-export/shops/heureka-sekce.xml
CZ;4901;Vonné sáčky;Heureka.cz | Bydlení a doplňky | Bytové dekorace | Vůně do bytu a svíčky | Aromaterapie | Vonné sáčky;6;https://www.heureka.cz/direct/xml-export/shops/heureka-sekce.xml
CZ;4903;Vonné tyčinky;Heureka.cz | Bydlení a doplňky | Bytové dekorace | Vůně do bytu a svíčky | Aromaterapie | Vonné tyčinky;6;https://www.heureka.cz/direct/xml-export/shops/heureka-sekce.xml
CZ;4904;Vykuřovadla;Heureka.cz | Bydlení a doplňky | Bytové dekorace | Vůně do bytu a svíčky | Aromaterapie | Vykuřovadla;6;https://www.heureka.cz/direct/xml-export/shops/heureka-sekce.xml
CZ;4124;Katalytické lampy;Heureka.cz | Bydlení a doplňky | Bytové dekorace | Vůně do bytu a svíčky | Katalytické lampy;5;https://www.heureka.cz/direct/xml-export/shops/heureka-sekce.xml
CZ;4125;Příslušenství ke katalytickým lampám;Heureka.cz | Bydlení a doplňky | Bytové dekorace | Vůně do bytu a svíčky | Příslušenství ke katalytickým lampám;5;https://www.heureka.cz/direct/xml-export/shops/heureka-sekce.xml
CZ;4884;Příslušenství pro aroma difuzéry;Heureka.cz | Bydlení a doplňky | Bytové dekorace | Vůně do bytu a svíčky | Příslušenství pro aroma difuzéry;5;https://www.heureka.cz/direct/xml-export/shops/heureka-sekce.xml
CZ;4899;Vonné oleje;Heureka.cz | Bydlení a doplňky | Bytové dekorace | Vůně do bytu a svíčky | Příslušenství pro aroma lampy | Vonné oleje;6;https://www.heureka.cz/direct/xml-export/shops/heureka-sekce.xml
CZ;4900;Vonné vosky;Heureka.cz | Bydlení a doplňky | Bytové dekorace | Vůně do bytu a svíčky | Příslušenství pro aroma lampy | Vonné vosky;6;https://www.heureka.cz/direct/xml-export/shops/heureka-sekce.xml
CZ;3364;Svícny;Heureka.cz | Bydlení a doplňky | Bytové dekorace | Vůně do bytu a svíčky | Svícny;5;https://www.heureka.cz/direct/xml-export/shops/heureka-sekce.xml
CZ;5330;Svíčky;Heureka.cz | Bydlení a doplňky | Bytové dekorace | Vůně do bytu a svíčky | Svíčky;5;https://www.heureka.cz/direct/xml-export/shops/heureka-sekce.xml
CZ;2137;Dětské ohrádky;Heureka.cz | Bydlení a doplňky | Bytové doplňky | Doplňky do dětského pokoje | Dětské ohrádky;5;https://www.heureka.cz/direct/xml-export/shops/heureka-sekce.xml
CZ;3019;Dětské zábrany;Heureka.cz | Bydlení a doplňky | Bytové doplňky | Doplňky do dětského pokoje | Dětské zábrany;5;https://www.heureka.cz/direct/xml-export/shops/heureka-sekce.xml
CZ;6552;Boxy a koše na hračky;Heureka.cz | Bydlení a doplňky | Bytové doplňky | Doplňky do dětského pokoje | Dětské úložné prostory | Boxy a koše na hračky;6;https://www.heureka.cz/direct/xml-export/shops/heureka-sekce.xml
CZ;5619;Dětská teepee;Heureka.cz | Bydlení a doplňky | Bytové doplňky | Doplňky do dětského pokoje | Hraní a tvoření | Dětská teepee;6;https://www.heureka.cz/direct/xml-export/shops/heureka-sekce.xml
CZ;5635;Suché bazény;Heureka.cz | Bydlení a doplňky | Bytové doplňky | Doplňky do dětského pokoje | Hraní a tvoření | Suché bazény;6;https://www.heureka.cz/direct/xml-export/shops/heureka-sekce.xml
CZ;6593;Podložky pod nohy do kanceláře;Heureka.cz | Bydlení a doplňky | Bytové doplňky | Doplňky do kanceláře | Podložky pod nohy do kanceláře;5;https://www.heureka.cz/direct/xml-export/shops/heureka-sekce.xml
CZ;5364;Podložky pod židle;Heureka.cz | Bydlení a doplňky | Bytové doplňky | Doplňky do kanceláře | Podložky pod židle;5;https://www.heureka.cz/direct/xml-export/shops/heureka-sekce.xml
CZ;2958;Dávkovače saponátu;Heureka.cz | Bydlení a doplňky | Bytové doplňky | Doplňky do kuchyně | Dávkovače saponátu;5;https://www.heureka.cz/direct/xml-export/shops/heureka-sekce.xml
CZ;3357;Formy na led;Heureka.cz | Bydlení a doplňky | Bytové doplňky | Doplňky do kuchyně | Kuchyňské náčiní | Formy na led;6;https://www.heureka.cz/direct/xml-export/shops/heureka-sekce.xml
CZ;5234;Hmoždíře;Heureka.cz | Bydlení a doplňky | Bytové doplňky | Doplňky do kuchyně | Kuchyňské náčiní | Hmoždíře;6;https://www.heureka.cz/direct/xml-export/shops/heureka-sekce.xml
CZ;4289;Jehly na špíz;Heureka.cz | Bydlení a doplňky | Bytové doplňky | Doplňky do kuchyně | Kuchyňské náčiní | Jehly na špíz;6;https://www.heureka.cz/direct/xml-export/shops/heureka-sekce.xml
CZ;4286;Kráječe knedlíků;Heureka.cz | Bydlení a doplňky | Bytové doplňky | Doplňky do kuchyně | Kuchyňské náčiní | Kráječe | Kráječe knedlíků;7;https://www.heureka.cz/direct/xml-export/shops/heureka-sekce.xml
CZ;4678;Kráječe na vajíčka;Heureka.cz | Bydlení a doplňky | Bytové doplňky | Doplňky do kuchyně | Kuchyňské náčiní | Kráječe | Kráječe na vajíčka;7;https://www.heureka.cz/direct/xml-export/shops/heureka-sekce.xml
CZ;4285;Kráječe ovoce a zeleniny;Heureka.cz | Bydlení a doplňky | Bytové doplňky | Doplňky do kuchyně | Kuchyňské náčiní | Kráječe | Kráječe ovoce a zeleniny;7;https://www.heureka.cz/direct/xml-export/shops/heureka-sekce.xml
CZ;3345;Bloky na nože;Heureka.cz | Bydlení a doplňky | Bytové doplňky | Doplňky do kuchyně | Kuchyňské náčiní | Kuchyňské nože a příslušenství | Bloky na nože;7;https://www.heureka.cz/direct/xml-export/shops/heureka-sekce.xml
CZ;8574;Brousky na nože;Heureka.cz | Bydlení a doplňky | Bytové doplňky | Doplňky do kuchyně | Kuchyňské náčiní | Kuchyňské nože a příslušenství | Brousky na nože;7;https://www.heureka.cz/direct/xml-export/shops/heureka-sekce.xml
CZ;1202;Kuchyňské nože;Heureka.cz | Bydlení a doplňky | Bytové doplňky | Doplňky do kuchyně | Kuchyňské náčiní | Kuchyňské nože a příslušenství | Kuchyňské nože;7;https://www.heureka.cz/direct/xml-export/shops/heureka-sekce.xml
CZ;4281;Rádélka;Heureka.cz | Bydlení a doplňky | Bytové doplňky | Doplňky do kuchyně | Kuchyňské náčiní | Kuchyňské nože a příslušenství | Rádélka;7;https://www.heureka.cz/direct/xml-export/shops/heureka-sekce.xml
CZ;5767;Sady nožů;Heureka.cz | Bydlení a doplňky | Bytové doplňky | Doplňky do kuchyně | Kuchyňské náčiní | Kuchyňské nože a příslušenství | Sady nožů;7;https://www.heureka.cz/direct/xml-export/shops/heureka-sekce.xml
CZ;3414;Kuchyňské nůžky;Heureka.cz | Bydlení a doplňky | Bytové doplňky | Doplňky do kuchyně | Kuchyňské náčiní | Kuchyňské nůžky;6;https://www.heureka.cz/direct/xml-export/shops/heureka-sekce.xml
CZ;4279;Kuchyňské stěrky;Heureka.cz | Bydlení a doplňky | Bytové doplňky | Doplňky do kuchyně | Kuchyňské náčiní | Kuchyňské stěrky;6;https://www.heureka.cz/direct/xml-export/shops/heureka-sekce.xml
CZ;3347;Louskáčky;Heureka.cz | Bydlení a doplňky | Bytové doplňky | Doplňky do kuchyně | Kuchyňské náčiní | Louskáčky;6;https://www.heureka.cz/direct/xml-export/shops/heureka-sekce.xml
CZ;3415;Kuchyňské teploměry;Heureka.cz | Bydlení a doplňky | Bytové doplňky | Doplňky do kuchyně | Kuchyňské náčiní | Měření a vážení | Kuchyňské teploměry;7;https://www.heureka.cz/direct/xml-export/shops/heureka-sekce.xml
CZ;3284;Minutky;Heureka.cz | Bydlení a doplňky | Bytové doplňky | Doplňky do kuchyně | Kuchyňské náčiní | Měření a vážení | Minutky;7;https://www.heureka.cz/direct/xml-export/shops/heureka-sekce.xml
CZ;3348;Odměrky;Heureka.cz | Bydlení a doplňky | Bytové doplňky | Doplňky do kuchyně | Kuchyňské náčiní | Měření a vážení | Odměrky;7;https://www.heureka.cz/direct/xml-export/shops/heureka-sekce.xml
CZ;4284;Naběračky na zmrzlinu;Heureka.cz | Bydlení a doplňky | Bytové doplňky | Doplňky do kuchyně | Kuchyňské náčiní | Naběračky na zmrzlinu;6;https://www.heureka.cz/direct/xml-export/shops/heureka-sekce.xml
CZ;3279;Otvíráky na konzervy;Heureka.cz | Bydlení a doplňky | Bytové doplňky | Doplňky do kuchyně | Kuchyňské náčiní | Otvíráky a vývrtky | Otvíráky na konzervy;7;https://www.heureka.cz/direct/xml-export/shops/heureka-sekce.xml
CZ;3282;Vývrtky a otvíráky lahví;Heureka.cz | Bydlení a doplňky | Bytové doplňky | Doplňky do kuchyně | Kuchyňské náčiní | Otvíráky a vývrtky | Vývrtky a otvíráky lahví;7;https://www.heureka.cz/direct/xml-export/shops/heureka-sekce.xml
CZ;3352;Paličky na maso;Heureka.cz | Bydlení a doplňky | Bytové doplňky | Doplňky do kuchyně | Kuchyňské náčiní | Paličky na maso;6;https://www.heureka.cz/direct/xml-export/shops/heureka-sekce.xml
CZ;3350;Prkénka a krájecí desky;Heureka.cz | Bydlení a doplňky | Bytové doplňky | Doplňky do kuchyně | Kuchyňské náčiní | Prkénka a krájecí desky;6;https://www.heureka.cz/direct/xml-export/shops/heureka-sekce.xml
CZ;6843;Sady kuchyňského náčíní;Heureka.cz | Bydlení a doplňky | Bytové doplňky | Doplňky do kuchyně | Kuchyňské náčiní | Sady kuchyňského náčíní;6;https://www.heureka.cz/direct/xml-export/shops/heureka-sekce.xml
CZ;3354;Shakery;Heureka.cz | Bydlení a doplňky | Bytové doplňky | Doplňky do kuchyně | Kuchyňské náčiní | Shakery;6;https://www.heureka.cz/direct/xml-export/shops/heureka-sekce.xml
CZ;5255;Strojky na těstoviny;Heureka.cz | Bydlení a doplňky | Bytové doplňky | Doplňky do kuchyně | Kuchyňské náčiní | Strojky na těstoviny;6;https://www.heureka.cz/direct/xml-export/shops/heureka-sekce.xml
CZ;2637;Lisy na citrusy;Heureka.cz | Bydlení a doplňky | Bytové doplňky | Doplňky do kuchyně | Kuchyňské náčiní | Struhadla, lisy a loupače | Lisy na citrusy;7;https://www.heureka.cz/direct/xml-export/shops/heureka-sekce.xml
CZ;2638;Lisy na česnek;Heureka.cz | Bydlení a doplňky | Bytové doplňky | Doplňky do kuchyně | Kuchyňské náčiní | Struhadla, lisy a loupače | Lisy na česnek;7;https://www.heureka.cz/direct/xml-export/shops/heureka-sekce.xml
CZ;4290;Loupače;Heureka.cz | Bydlení a doplňky | Bytové doplňky | Doplňky do kuchyně | Kuchyňské náčiní | Struhadla, lisy a loupače | Loupače;7;https://www.heureka.cz/direct/xml-export/shops/heureka-sekce.xml
CZ;3363;Struhadla;Heureka.cz | Bydlení a doplňky | Bytové doplňky | Doplňky do kuchyně | Kuchyňské náčiní | Struhadla, lisy a loupače | Struhadla;7;https://www.heureka.cz/direct/xml-export/shops/heureka-sekce.xml
CZ;2708;Škrabky;Heureka.cz | Bydlení a doplňky | Bytové doplňky | Doplňky do kuchyně | Kuchyňské náčiní | Struhadla, lisy a loupače | Škrabky;7;https://www.heureka.cz/direct/xml-export/shops/heureka-sekce.xml
CZ;4283;Šťouchadla na brambory;Heureka.cz | Bydlení a doplňky | Bytové doplňky | Doplňky do kuchyně | Kuchyňské náčiní | Struhadla, lisy a loupače | Šťouchadla na brambory;7;https://www.heureka.cz/direct/xml-export/shops/heureka-sekce.xml
CZ;3309;Cedníky;Heureka.cz | Bydlení a doplňky | Bytové doplňky | Doplňky do kuchyně | Kuchyňské náčiní | Síta a cedníky | Cedníky;7;https://www.heureka.cz/direct/xml-export/shops/heureka-sekce.xml
CZ;3362;Pařáčky;Heureka.cz | Bydlení a doplňky | Bytové doplňky | Doplňky do kuchyně | Kuchyňské náčiní | Síta a cedníky | Pařáčky;7;https://www.heureka.cz/direct/xml-export/shops/heureka-sekce.xml
CZ;3355;Síta;Heureka.cz | Bydlení a doplňky | Bytové doplňky | Doplňky do kuchyně | Kuchyňské náčiní | Síta a cedníky | Síta;7;https://www.heureka.cz/direct/xml-export/shops/heureka-sekce.xml
CZ;3359;Trychtýře;Heureka.cz | Bydlení a doplňky | Bytové doplňky | Doplňky do kuchyně | Kuchyňské náčiní | Síta a cedníky | Trychtýře;7;https://www.heureka.cz/direct/xml-export/shops/heureka-sekce.xml
CZ;3346;Mašlovačky;Heureka.cz | Bydlení a doplňky | Bytové doplňky | Doplňky do kuchyně | Kuchyňské náčiní | Vařečky, metly a naběračky | Mašlovačky;7;https://www.heureka.cz/direct/xml-export/shops/heureka-sekce.xml
CZ;4282;Metly;Heureka.cz | Bydlení a doplňky | Bytové doplňky | Doplňky do kuchyně | Kuchyňské náčiní | Vařečky, metly a naběračky | Metly;7;https://www.heureka.cz/direct/xml-export/shops/heureka-sekce.xml
CZ;3273;Naběračky;Heureka.cz | Bydlení a doplňky | Bytové doplňky | Doplňky do kuchyně | Kuchyňské náčiní | Vařečky, metly a naběračky | Naběračky;7;https://www.heureka.cz/direct/xml-export/shops/heureka-sekce.xml
CZ;3274;Obracečky;Heureka.cz | Bydlení a doplňky | Bytové doplňky | Doplňky do kuchyně | Kuchyňské náčiní | Vařečky, metly a naběračky | Obracečky;7;https://www.heureka.cz/direct/xml-export/shops/heureka-sekce.xml
CZ;3269;Vařečky;Heureka.cz | Bydlení a doplňky | Bytové doplňky | Doplňky do kuchyně | Kuchyňské náčiní | Vařečky, metly a naběračky | Vařečky;7;https://www.heureka.cz/direct/xml-export/shops/heureka-sekce.xml
CZ;4280;Válečky na těsto;Heureka.cz | Bydlení a doplňky | Bytové doplňky | Doplňky do kuchyně | Kuchyňské náčiní | Válečky na těsto;6;https://www.heureka.cz/direct/xml-export/shops/heureka-sekce.xml
CZ;5201;Šlehačkové láhve;Heureka.cz | Bydlení a doplňky | Bytové doplňky | Doplňky do kuchyně | Kuchyňské náčiní | Šlehačkové láhve;6;https://www.heureka.cz/direct/xml-export/shops/heureka-sekce.xml
CZ;4496;Nákupní tašky a košíky;Heureka.cz | Bydlení a doplňky | Bytové doplňky | Doplňky do kuchyně | Nákupní tašky a košíky;5;https://www.heureka.cz/direct/xml-export/shops/heureka-sekce.xml
CZ;1604;Odpadkové koše;Heureka.cz | Bydlení a doplňky | Bytové doplňky | Doplňky do kuchyně | Odpadkové koše;5;https://www.heureka.cz/direct/xml-export/shops/heureka-sekce.xml
CZ;3358;Odkapávače nádobí;Heureka.cz | Bydlení a doplňky | Bytové doplňky | Doplňky do kuchyně | Organizace kuchyně | Odkapávače nádobí;6;https://www.heureka.cz/direct/xml-export/shops/heureka-sekce.xml
CZ;3349;Příborníky do zásuvky;Heureka.cz | Bydlení a doplňky | Bytové doplňky | Doplňky do kuchyně | Organizace kuchyně | Příborníky do zásuvky;6;https://www.heureka.cz/direct/xml-export/shops/heureka-sekce.xml
CZ;5030;Cukrářské košíčky;Heureka.cz | Bydlení a doplňky | Bytové doplňky | Doplňky do kuchyně | Pečení | Cukrářské košíčky;6;https://www.heureka.cz/direct/xml-export/shops/heureka-sekce.xml
CZ;3356;Dekorace na dort;Heureka.cz | Bydlení a doplňky | Bytové doplňky | Doplňky do kuchyně | Pečení | Dekorace na dort;6;https://www.heureka.cz/direct/xml-export/shops/heureka-sekce.xml
CZ;5278;Dortové svíčky a fontány;Heureka.cz | Bydlení a doplňky | Bytové doplňky | Doplňky do kuchyně | Pečení | Dortové svíčky a fontány;6;https://www.heureka.cz/direct/xml-export/shops/heureka-sekce.xml
CZ;5284;Kuchyňské formičky;Heureka.cz | Bydlení a doplňky | Bytové doplňky | Doplňky do kuchyně | Pečení | Kuchyňské formičky;6;https://www.heureka.cz/direct/xml-export/shops/heureka-sekce.xml
CZ;3372;Kuchyňské vály;Heureka.cz | Bydlení a doplňky | Bytové doplňky | Doplňky do kuchyně | Pečení | Kuchyňské vály;6;https://www.heureka.cz/direct/xml-export/shops/heureka-sekce.xml
CZ;4875;Pekáče a zapékací mísy;Heureka.cz | Bydlení a doplňky | Bytové doplňky | Doplňky do kuchyně | Pečení | Pekáče a zapékací mísy;6;https://www.heureka.cz/direct/xml-export/shops/heureka-sekce.xml
CZ;1205;Pečicí formy;Heureka.cz | Bydlení a doplňky | Bytové doplňky | Doplňky do kuchyně | Pečení | Pečicí formy;6;https://www.heureka.cz/direct/xml-export/shops/heureka-sekce.xml
CZ;3361;Pečicí papíry a fólie;Heureka.cz | Bydlení a doplňky | Bytové doplňky | Doplňky do kuchyně | Pečení | Pečicí papíry a fólie;6;https://www.heureka.cz/direct/xml-export/shops/heureka-sekce.xml
CZ;3360;Provázky na pečení;Heureka.cz | Bydlení a doplňky | Bytové doplňky | Doplňky do kuchyně | Pečení | Provázky na pečení;6;https://www.heureka.cz/direct/xml-export/shops/heureka-sekce.xml
CZ;3278;Vykrajovátka;Heureka.cz | Bydlení a doplňky | Bytové doplňky | Doplňky do kuchyně | Pečení | Vykrajovátka;6;https://www.heureka.cz/direct/xml-export/shops/heureka-sekce.xml
CZ;6140;Pytle na odpadky;Heureka.cz | Bydlení a doplňky | Bytové doplňky | Doplňky do kuchyně | Pytle na odpadky;5;https://www.heureka.cz/direct/xml-export/shops/heureka-sekce.xml
CZ;3344;Chlebníky;Heureka.cz | Bydlení a doplňky | Bytové doplňky | Doplňky do kuchyně | Skladování a balení potravin | Chlebníky;6;https://www.heureka.cz/direct/xml-export/shops/heureka-sekce.xml
CZ;4876;Dózy na potraviny;Heureka.cz | Bydlení a doplňky | Bytové doplňky | Doplňky do kuchyně | Skladování a balení potravin | Dózy na potraviny;6;https://www.heureka.cz/direct/xml-export/shops/heureka-sekce.xml
CZ;3370;Jídlonosiče;Heureka.cz | Bydlení a doplňky | Bytové doplňky | Doplňky do kuchyně | Skladování a balení potravin | Jídlonosiče;6;https://www.heureka.cz/direct/xml-export/shops/heureka-sekce.xml
CZ;4028;Piknikové koše;Heureka.cz | Bydlení a doplňky | Bytové doplňky | Doplňky do kuchyně | Skladování a balení potravin | Piknikové koše;6;https://www.heureka.cz/direct/xml-export/shops/heureka-sekce.xml
CZ;4368;Potravinářské fólie;Heureka.cz | Bydlení a doplňky | Bytové doplňky | Doplňky do kuchyně | Skladování a balení potravin | Potravinářské fólie;6;https://www.heureka.cz/direct/xml-export/shops/heureka-sekce.xml
CZ;4446;Svačinové boxy;Heureka.cz | Bydlení a doplňky | Bytové doplňky | Doplňky do kuchyně | Skladování a balení potravin | Svačinové boxy;6;https://www.heureka.cz/direct/xml-export/shops/heureka-sekce.xml
CZ;2329;Stojany na víno;Heureka.cz | Bydlení a doplňky | Bytové doplňky | Doplňky do kuchyně | Stojany na víno;5;https://www.heureka.cz/direct/xml-export/shops/heureka-sekce.xml
CZ;8349;Brčka;Heureka.cz | Bydlení a doplňky | Bytové doplňky | Doplňky do kuchyně | Stolování | Brčka;6;https://www.heureka.cz/direct/xml-export/shops/heureka-sekce.xml
CZ;6988;Chladící nádoby na víno;Heureka.cz | Bydlení a doplňky | Bytové doplňky | Doplňky do kuchyně | Stolování | Chladící nádoby na víno;6;https://www.heureka.cz/direct/xml-export/shops/heureka-sekce.xml
CZ;4984;Cukřenky;Heureka.cz | Bydlení a doplňky | Bytové doplňky | Doplňky do kuchyně | Stolování | Cukřenky;6;https://www.heureka.cz/direct/xml-export/shops/heureka-sekce.xml
CZ;5010;Džbány;Heureka.cz | Bydlení a doplňky | Bytové doplňky | Doplňky do kuchyně | Stolování | Džbány;6;https://www.heureka.cz/direct/xml-export/shops/heureka-sekce.xml
CZ;4985;Fondue sady;Heureka.cz | Bydlení a doplňky | Bytové doplňky | Doplňky do kuchyně | Stolování | Fondue sady;6;https://www.heureka.cz/direct/xml-export/shops/heureka-sekce.xml
CZ;1194;Hrnky a šálky;Heureka.cz | Bydlení a doplňky | Bytové doplňky | Doplňky do kuchyně | Stolování | Hrnky a šálky;6;https://www.heureka.cz/direct/xml-export/shops/heureka-sekce.xml
CZ;4822;Jídelní soupravy;Heureka.cz | Bydlení a doplňky | Bytové doplňky | Doplňky do kuchyně | Stolování | Jídelní soupravy;6;https://www.heureka.cz/direct/xml-export/shops/heureka-sekce.xml
CZ;5009;Karafy;Heureka.cz | Bydlení a doplňky | Bytové doplňky | Doplňky do kuchyně | Stolování | Karafy;6;https://www.heureka.cz/direct/xml-export/shops/heureka-sekce.xml
CZ;4986;Kořenky;Heureka.cz | Bydlení a doplňky | Bytové doplňky | Doplňky do kuchyně | Stolování | Kořenky;6;https://www.heureka.cz/direct/xml-export/shops/heureka-sekce.xml
CZ;5233;Mléčenky;Heureka.cz | Bydlení a doplňky | Bytové doplňky | Doplňky do kuchyně | Stolování | Mléčenky;6;https://www.heureka.cz/direct/xml-export/shops/heureka-sekce.xml
CZ;1196;Mísy a misky;Heureka.cz | Bydlení a doplňky | Bytové doplňky | Doplňky do kuchyně | Stolování | Mísy a misky;6;https://www.heureka.cz/direct/xml-export/shops/heureka-sekce.xml
CZ;6969;Nádoby na olej a ocet;Heureka.cz | Bydlení a doplňky | Bytové doplňky | Doplňky do kuchyně | Stolování | Nádoby na olej a ocet;6;https://www.heureka.cz/direct/xml-export/shops/heureka-sekce.xml
CZ;1200;Podnosy a tácy;Heureka.cz | Bydlení a doplňky | Bytové doplňky | Doplňky do kuchyně | Stolování | Podnosy a tácy;6;https://www.heureka.cz/direct/xml-export/shops/heureka-sekce.xml
CZ;1197;Příbory;Heureka.cz | Bydlení a doplňky | Bytové doplňky | Doplňky do kuchyně | Stolování | Příbory;6;https://www.heureka.cz/direct/xml-export/shops/heureka-sekce.xml
CZ;6599;Příslušenství pro fondue sady;Heureka.cz | Bydlení a doplňky | Bytové doplňky | Doplňky do kuchyně | Stolování | Příslušenství pro fondue sady;6;https://www.heureka.cz/direct/xml-export/shops/heureka-sekce.xml
CZ;1199;Sklenice;Heureka.cz | Bydlení a doplňky | Bytové doplňky | Doplňky do kuchyně | Stolování | Sklenice;6;https://www.heureka.cz/direct/xml-export/shops/heureka-sekce.xml
CZ;4987;Stojany na vejce;Heureka.cz | Bydlení a doplňky | Bytové doplňky | Doplňky do kuchyně | Stolování | Stojany na vejce;6;https://www.heureka.cz/direct/xml-export/shops/heureka-sekce.xml
CZ;8276;Sítka na čaj;Heureka.cz | Bydlení a doplňky | Bytové doplňky | Doplňky do kuchyně | Stolování | Sítka na čaj;6;https://www.heureka.cz/direct/xml-export/shops/heureka-sekce.xml
CZ;2880;Talíře;Heureka.cz | Bydlení a doplňky | Bytové doplňky | Doplňky do kuchyně | Stolování | Talíře;6;https://www.heureka.cz/direct/xml-export/shops/heureka-sekce.xml
CZ;1204;Termosky a termohrnky;Heureka.cz | Bydlení a doplňky | Bytové doplňky | Doplňky do kuchyně | Stolování | Termosky a termohrnky;6;https://www.heureka.cz/direct/xml-export/shops/heureka-sekce.xml
CZ;6619;Závaží a spony na ubrusy;Heureka.cz | Bydlení a doplňky | Bytové doplňky | Doplňky do kuchyně | Stolování | Závaží a spony na ubrusy;6;https://www.heureka.cz/direct/xml-export/shops/heureka-sekce.xml
CZ;5093;Čajníky;Heureka.cz | Bydlení a doplňky | Bytové doplňky | Doplňky do kuchyně | Stolování | Čajníky;6;https://www.heureka.cz/direct/xml-export/shops/heureka-sekce.xml
CZ;1712;Hrnce;Heureka.cz | Bydlení a doplňky | Bytové doplňky | Doplňky do kuchyně | Vaření | Hrnce;6;https://www.heureka.cz/direct/xml-export/shops/heureka-sekce.xml
CZ;1208;Nádobí do mikrovlnné trouby;Heureka.cz | Bydlení a doplňky | Bytové doplňky | Doplňky do kuchyně | Vaření | Nádobí do mikrovlnné trouby;6;https://www.heureka.cz/direct/xml-export/shops/heureka-sekce.xml
CZ;1207;Poklice;Heureka.cz | Bydlení a doplňky | Bytové doplňky | Doplňky do kuchyně | Vaření | Poklice;6;https://www.heureka.cz/direct/xml-export/shops/heureka-sekce.xml
CZ;1201;Pánve;Heureka.cz | Bydlení a doplňky | Bytové doplňky | Doplňky do kuchyně | Vaření | Pánve;6;https://www.heureka.cz/direct/xml-export/shops/heureka-sekce.xml
CZ;1203;Sady nádobí;Heureka.cz | Bydlení a doplňky | Bytové doplňky | Doplňky do kuchyně | Vaření | Sady nádobí;6;https://www.heureka.cz/direct/xml-export/shops/heureka-sekce.xml
CZ;1206;Tlakové hrnce;Heureka.cz | Bydlení a doplňky | Bytové doplňky | Doplňky do kuchyně | Vaření | Tlakové hrnce;6;https://www.heureka.cz/direct/xml-export/shops/heureka-sekce.xml
CZ;2195;Zavařovací hrnce;Heureka.cz | Bydlení a doplňky | Bytové doplňky | Doplňky do kuchyně | Zavařování | Zavařovací hrnce;6;https://www.heureka.cz/direct/xml-export/shops/heureka-sekce.xml
CZ;5390;Zavařovací sklenice;Heureka.cz | Bydlení a doplňky | Bytové doplňky | Doplňky do kuchyně | Zavařování | Zavařovací sklenice;6;https://www.heureka.cz/direct/xml-export/shops/heureka-sekce.xml
CZ;5396;Zavařovací víčka;Heureka.cz | Bydlení a doplňky | Bytové doplňky | Doplňky do kuchyně | Zavařování | Zavařovací víčka;6;https://www.heureka.cz/direct/xml-export/shops/heureka-sekce.xml
CZ;3042;Hřejivé polštářky;Heureka.cz | Bydlení a doplňky | Bytové doplňky | Doplňky do ložnice | Hřejivé polštářky;5;https://www.heureka.cz/direct/xml-export/shops/heureka-sekce.xml
CZ;1727;Paravány;Heureka.cz | Bydlení a doplňky | Bytové doplňky | Doplňky do ložnice | Paravány;5;https://www.heureka.cz/direct/xml-export/shops/heureka-sekce.xml
CZ;5560;Vakuové pytle;Heureka.cz | Bydlení a doplňky | Bytové doplňky | Doplňky do ložnice | Vakuové pytle;5;https://www.heureka.cz/direct/xml-export/shops/heureka-sekce.xml
CZ;5616;Šatní ramínka;Heureka.cz | Bydlení a doplňky | Bytové doplňky | Doplňky do ložnice | Šatní ramínka;5;https://www.heureka.cz/direct/xml-export/shops/heureka-sekce.xml
CZ;6846;Odpařovače na topení;Heureka.cz | Bydlení a doplňky | Bytové doplňky | Doplňky do obývacího pokoje | Odpařovače na topení;5;https://www.heureka.cz/direct/xml-export/shops/heureka-sekce.xml
CZ;3955;Stojany na noviny;Heureka.cz | Bydlení a doplňky | Bytové doplňky | Doplňky do obývacího pokoje | Stojany na noviny;5;https://www.heureka.cz/direct/xml-export/shops/heureka-sekce.xml
CZ;5821;Zarážky na knihy;Heureka.cz | Bydlení a doplňky | Bytové doplňky | Doplňky do obývacího pokoje | Zarážky na knihy;5;https://www.heureka.cz/direct/xml-export/shops/heureka-sekce.xml
CZ;7038;Dveřní zarážky;Heureka.cz | Bydlení a doplňky | Bytové doplňky | Doplňky do předsíně | Dveřní zarážky;5;https://www.heureka.cz/direct/xml-export/shops/heureka-sekce.xml
CZ;6774;Odkapávače na boty;Heureka.cz | Bydlení a doplňky | Bytové doplňky | Doplňky do předsíně | Odkapávače na boty;5;https://www.heureka.cz/direct/xml-export/shops/heureka-sekce.xml
CZ;5037;Rohožky;Heureka.cz | Bydlení a doplňky | Bytové doplňky | Doplňky do předsíně | Rohožky;5;https://www.heureka.cz/direct/xml-export/shops/heureka-sekce.xml
CZ;3954;Stojany na deštníky;Heureka.cz | Bydlení a doplňky | Bytové doplňky | Doplňky do předsíně | Stojany na deštníky;5;https://www.heureka.cz/direct/xml-export/shops/heureka-sekce.xml
CZ;3098;Garnýže;Heureka.cz | Bydlení a doplňky | Bytové doplňky | Garnýže;4;https://www.heureka.cz/direct/xml-export/shops/heureka-sekce.xml
CZ;3062;Držáky a zásobníky na toaletní papír;Heureka.cz | Bydlení a doplňky | Bytové doplňky | Koupelnové doplňky | Doplňky k WC | Držáky a zásobníky na toaletní papír;6;https://www.heureka.cz/direct/xml-export/shops/heureka-sekce.xml
CZ;8342;Stojany a držáky na WC štětky;Heureka.cz | Bydlení a doplňky | Bytové doplňky | Koupelnové doplňky | Doplňky k WC | Stojany a držáky na WC štětky;6;https://www.heureka.cz/direct/xml-export/shops/heureka-sekce.xml
CZ;8341;WC zvony;Heureka.cz | Bydlení a doplňky | Bytové doplňky | Koupelnové doplňky | Doplňky k WC | WC zvony;6;https://www.heureka.cz/direct/xml-export/shops/heureka-sekce.xml
CZ;3707;WC štětky;Heureka.cz | Bydlení a doplňky | Bytové doplňky | Koupelnové doplňky | Doplňky k WC | WC štětky;6;https://www.heureka.cz/direct/xml-export/shops/heureka-sekce.xml
CZ;1601;Dávkovače mýdla;Heureka.cz | Bydlení a doplňky | Bytové doplňky | Koupelnové doplňky | Doplňky k umyvadlům | Dávkovače mýdla;6;https://www.heureka.cz/direct/xml-export/shops/heureka-sekce.xml
CZ;1606;Mýdlenky;Heureka.cz | Bydlení a doplňky | Bytové doplňky | Koupelnové doplňky | Doplňky k umyvadlům | Mýdlenky;6;https://www.heureka.cz/direct/xml-export/shops/heureka-sekce.xml
CZ;6821;Sady koupelnových doplňků;Heureka.cz | Bydlení a doplňky | Bytové doplňky | Koupelnové doplňky | Doplňky k umyvadlům | Sady koupelnových doplňků;6;https://www.heureka.cz/direct/xml-export/shops/heureka-sekce.xml
CZ;1607;Stojany na kartáčky;Heureka.cz | Bydlení a doplňky | Bytové doplňky | Koupelnové doplňky | Doplňky k umyvadlům | Stojany na kartáčky;6;https://www.heureka.cz/direct/xml-export/shops/heureka-sekce.xml
CZ;1711;Zásobníky na papírové ručníky;Heureka.cz | Bydlení a doplňky | Bytové doplňky | Koupelnové doplňky | Doplňky k umyvadlům | Zásobníky na papírové ručníky;6;https://www.heureka.cz/direct/xml-export/shops/heureka-sekce.xml
CZ;3240;Podhlavníky k vaně;Heureka.cz | Bydlení a doplňky | Bytové doplňky | Koupelnové doplňky | Doplňky k vanám a sprchovým koutům | Podhlavníky k vaně;6;https://www.heureka.cz/direct/xml-export/shops/heureka-sekce.xml
CZ;5039;Protiskluzové podložky do koupelny;Heureka.cz | Bydlení a doplňky | Bytové doplňky | Koupelnové doplňky | Doplňky k vanám a sprchovým koutům | Protiskluzové podložky do koupelny;6;https://www.heureka.cz/direct/xml-export/shops/heureka-sekce.xml
CZ;5256;Sprchové závěsy;Heureka.cz | Bydlení a doplňky | Bytové doplňky | Koupelnové doplňky | Doplňky k vanám a sprchovým koutům | Sprchové závěsy;6;https://www.heureka.cz/direct/xml-export/shops/heureka-sekce.xml
CZ;1602;Držáky na ručníky;Heureka.cz | Bydlení a doplňky | Bytové doplňky | Koupelnové doplňky | Držáky na ručníky;5;https://www.heureka.cz/direct/xml-export/shops/heureka-sekce.xml
CZ;5038;Koupelnové předložky;Heureka.cz | Bydlení a doplňky | Bytové doplňky | Koupelnové doplňky | Koupelnové předložky;5;https://www.heureka.cz/direct/xml-export/shops/heureka-sekce.xml
CZ;5285;Lavory;Heureka.cz | Bydlení a doplňky | Bytové doplňky | Koupelnové doplňky | Lavory;5;https://www.heureka.cz/direct/xml-export/shops/heureka-sekce.xml
CZ;6820;Madla do koupelny;Heureka.cz | Bydlení a doplňky | Bytové doplňky | Koupelnové doplňky | Madla do koupelny;5;https://www.heureka.cz/direct/xml-export/shops/heureka-sekce.xml
CZ;6594;Stolové desky;Heureka.cz | Bydlení a doplňky | Bytové doplňky | Stolové desky;4;https://www.heureka.cz/direct/xml-export/shops/heureka-sekce.xml
CZ;2406;Stolové podnože;Heureka.cz | Bydlení a doplňky | Bytové doplňky | Stolové podnože;4;https://www.heureka.cz/direct/xml-export/shops/heureka-sekce.xml
CZ;2399;Němý sluha;Heureka.cz | Bydlení a doplňky | Bytové doplňky | Věšáky a stojany na oblečení | Němý sluha;5;https://www.heureka.cz/direct/xml-export/shops/heureka-sekce.xml
CZ;6385;Stojací věšáky;Heureka.cz | Bydlení a doplňky | Bytové doplňky | Věšáky a stojany na oblečení | Stojací věšáky;5;https://www.heureka.cz/direct/xml-export/shops/heureka-sekce.xml
CZ;5750;Stojany na oblečení;Heureka.cz | Bydlení a doplňky | Bytové doplňky | Věšáky a stojany na oblečení | Stojany na oblečení;5;https://www.heureka.cz/direct/xml-export/shops/heureka-sekce.xml
CZ;2402;Věšáky na zeď;Heureka.cz | Bydlení a doplňky | Bytové doplňky | Věšáky a stojany na oblečení | Věšáky na zeď;5;https://www.heureka.cz/direct/xml-export/shops/heureka-sekce.xml
CZ;1454;Houpací sítě;Heureka.cz | Bydlení a doplňky | Bytové doplňky | Zahradní doplňky | Houpací sítě a příslušenství | Houpací sítě;6;https://www.heureka.cz/direct/xml-export/shops/heureka-sekce.xml
CZ;5691;Pergoly;Heureka.cz | Bydlení a doplňky | Bytové doplňky | Zahradní doplňky | Zahradní domky, altány, pergoly | Pergoly;6;https://www.heureka.cz/direct/xml-export/shops/heureka-sekce.xml
CZ;8400;Prodejní stánky;Heureka.cz | Bydlení a doplňky | Bytové doplňky | Zahradní doplňky | Zahradní domky, altány, pergoly | Prodejní stánky;6;https://www.heureka.cz/direct/xml-export/shops/heureka-sekce.xml
CZ;5693;Příslušenství k zahradním stanům a altánům;Heureka.cz | Bydlení a doplňky | Bytové doplňky | Zahradní doplňky | Zahradní domky, altány, pergoly | Příslušenství k zahradním stanům a altánům;6;https://www.heureka.cz/direct/xml-export/shops/heureka-sekce.xml
CZ;5692;Zahradní domky;Heureka.cz | Bydlení a doplňky | Bytové doplňky | Zahradní doplňky | Zahradní domky, altány, pergoly | Zahradní domky;6;https://www.heureka.cz/direct/xml-export/shops/heureka-sekce.xml
CZ;2858;Zahradní stany a altány;Heureka.cz | Bydlení a doplňky | Bytové doplňky | Zahradní doplňky | Zahradní domky, altány, pergoly | Zahradní stany a altány;6;https://www.heureka.cz/direct/xml-export/shops/heureka-sekce.xml
CZ;6194;Zahradní koše;Heureka.cz | Bydlení a doplňky | Bytové doplňky | Zahradní doplňky | Zahradní koše;5;https://www.heureka.cz/direct/xml-export/shops/heureka-sekce.xml
CZ;3582;Markýzy;Heureka.cz | Bydlení a doplňky | Bytové doplňky | Zahradní doplňky | Zahradní slunečníky a stínicí vybavení | Markýzy;6;https://www.heureka.cz/direct/xml-export/shops/heureka-sekce.xml
CZ;6349;Sluneční a stínicí plachty;Heureka.cz | Bydlení a doplňky | Bytové doplňky | Zahradní doplňky | Zahradní slunečníky a stínicí vybavení | Sluneční a stínicí plachty;6;https://www.heureka.cz/direct/xml-export/shops/heureka-sekce.xml
CZ;6315;Stojany a držáky na slunečníky a sušáky;Heureka.cz | Bydlení a doplňky | Bytové doplňky | Zahradní doplňky | Zahradní slunečníky a stínicí vybavení | Stojany a držáky na slunečníky a sušáky;6;https://www.heureka.cz/direct/xml-export/shops/heureka-sekce.xml
CZ;2859;Zahradní slunečníky a doplňky;Heureka.cz | Bydlení a doplňky | Bytové doplňky | Zahradní doplňky | Zahradní slunečníky a stínicí vybavení | Zahradní slunečníky a doplňky;6;https://www.heureka.cz/direct/xml-export/shops/heureka-sekce.xml
CZ;5751;Zahradní úložné boxy;Heureka.cz | Bydlení a doplňky | Bytové doplňky | Zahradní doplňky | Zahradní úložné boxy;5;https://www.heureka.cz/direct/xml-export/shops/heureka-sekce.xml
CZ;5329;Zrcadla;Heureka.cz | Bydlení a doplňky | Bytové doplňky | Zrcadla;4;https://www.heureka.cz/direct/xml-export/shops/heureka-sekce.xml
CZ;5571;Bytový textil do chodby;Heureka.cz | Bydlení a doplňky | Bytový textil | Bytový textil do chodby;4;https://www.heureka.cz/direct/xml-export/shops/heureka-sekce.xml
CZ;5869;Sady s povlečením do postýlek;Heureka.cz | Bydlení a doplňky | Bytový textil | Bytový textil do dětského pokoje | Bytový textil pro miminka | Sady s povlečením do postýlek;6;https://www.heureka.cz/direct/xml-export/shops/heureka-sekce.xml
CZ;4372;Dětské povlečení;Heureka.cz | Bydlení a doplňky | Bytový textil | Bytový textil do dětského pokoje | Dětské povlečení;5;https://www.heureka.cz/direct/xml-export/shops/heureka-sekce.xml
CZ;1608;Ručníky;Heureka.cz | Bydlení a doplňky | Bytový textil | Bytový textil do koupelny | Ručníky;5;https://www.heureka.cz/direct/xml-export/shops/heureka-sekce.xml
CZ;3066;Chňapky;Heureka.cz | Bydlení a doplňky | Bytový textil | Bytový textil do kuchyně | Chňapky;5;https://www.heureka.cz/direct/xml-export/shops/heureka-sekce.xml
CZ;1744;Ubrousky;Heureka.cz | Bydlení a doplňky | Bytový textil | Bytový textil do kuchyně | Ubrousky;5;https://www.heureka.cz/direct/xml-export/shops/heureka-sekce.xml
CZ;1198;Prostírání;Heureka.cz | Bydlení a doplňky | Bytový textil | Bytový textil do kuchyně | Ubrusy a prostírání | Prostírání;6;https://www.heureka.cz/direct/xml-export/shops/heureka-sekce.xml
CZ;2785;Ubrusy;Heureka.cz | Bydlení a doplňky | Bytový textil | Bytový textil do kuchyně | Ubrusy a prostírání | Ubrusy;6;https://www.heureka.cz/direct/xml-export/shops/heureka-sekce.xml
CZ;3040;Utěrky;Heureka.cz | Bydlení a doplňky | Bytový textil | Bytový textil do kuchyně | Utěrky;5;https://www.heureka.cz/direct/xml-export/shops/heureka-sekce.xml
CZ;3059;Zástěry;Heureka.cz | Bydlení a doplňky | Bytový textil | Bytový textil do kuchyně | Zástěry;5;https://www.heureka.cz/direct/xml-export/shops/heureka-sekce.xml
CZ;6513;Televizní pytle a deky;Heureka.cz | Bydlení a doplňky | Bytový textil | Bytový textil do obývacího pokoje | Televizní pytle a deky;5;https://www.heureka.cz/direct/xml-export/shops/heureka-sekce.xml
CZ;5006;Dekorační polštáře;Heureka.cz | Bydlení a doplňky | Bytový textil | Lůžkoviny a textil do ložnice | Dekorační polštáře;5;https://www.heureka.cz/direct/xml-export/shops/heureka-sekce.xml
CZ;4854;Deky;Heureka.cz | Bydlení a doplňky | Bytový textil | Lůžkoviny a textil do ložnice | Deky;5;https://www.heureka.cz/direct/xml-export/shops/heureka-sekce.xml
CZ;3162;Chrániče na matrace;Heureka.cz | Bydlení a doplňky | Bytový textil | Lůžkoviny a textil do ložnice | Ložní prádlo | Chrániče na matrace;6;https://www.heureka.cz/direct/xml-export/shops/heureka-sekce.xml
CZ;6537;Dekorační povlaky na polštáře;Heureka.cz | Bydlení a doplňky | Bytový textil | Lůžkoviny a textil do ložnice | Ložní prádlo | Dekorační povlaky na polštáře;6;https://www.heureka.cz/direct/xml-export/shops/heureka-sekce.xml
CZ;1610;Povlečení;Heureka.cz | Bydlení a doplňky | Bytový textil | Lůžkoviny a textil do ložnice | Ložní prádlo | Povlečení;6;https://www.heureka.cz/direct/xml-export/shops/heureka-sekce.xml
CZ;1611;Prostěradla;Heureka.cz | Bydlení a doplňky | Bytový textil | Lůžkoviny a textil do ložnice | Ložní prádlo | Prostěradla;6;https://www.heureka.cz/direct/xml-export/shops/heureka-sekce.xml
CZ;1612;Polštáře;Heureka.cz | Bydlení a doplňky | Bytový textil | Lůžkoviny a textil do ložnice | Polštáře;5;https://www.heureka.cz/direct/xml-export/shops/heureka-sekce.xml
CZ;1613;Přikrývky;Heureka.cz | Bydlení a doplňky | Bytový textil | Lůžkoviny a textil do ložnice | Přikrývky;5;https://www.heureka.cz/direct/xml-export/shops/heureka-sekce.xml
CZ;5005;Sety přikrývek a polštářů;Heureka.cz | Bydlení a doplňky | Bytový textil | Lůžkoviny a textil do ložnice | Sety přikrývek a polštářů;5;https://www.heureka.cz/direct/xml-export/shops/heureka-sekce.xml
CZ;6198;Polstry, sedáky a podušky;Heureka.cz | Bydlení a doplňky | Bytový textil | Polstry, sedáky a podušky;4;https://www.heureka.cz/direct/xml-export/shops/heureka-sekce.xml
CZ;2995;Přehozy;Heureka.cz | Bydlení a doplňky | Bytový textil | Přehozy;4;https://www.heureka.cz/direct/xml-export/shops/heureka-sekce.xml
CZ;4790;Záclony;Heureka.cz | Bydlení a doplňky | Bytový textil | Záclony;4;https://www.heureka.cz/direct/xml-export/shops/heureka-sekce.xml
CZ;3950;Závěsy;Heureka.cz | Bydlení a doplňky | Bytový textil | Závěsy;4;https://www.heureka.cz/direct/xml-export/shops/heureka-sekce.xml
CZ;1708;Kolíčky na prádlo;Heureka.cz | Bydlení a doplňky | Domácí potřeby a úklid | Praní a žehlení | Kolíčky na prádlo;5;https://www.heureka.cz/direct/xml-export/shops/heureka-sekce.xml
CZ;1605;Koše na prádlo;Heureka.cz | Bydlení a doplňky | Domácí potřeby a úklid | Praní a žehlení | Koše na prádlo;5;https://www.heureka.cz/direct/xml-export/shops/heureka-sekce.xml
CZ;6822;Potahy na žehlicí prkna;Heureka.cz | Bydlení a doplňky | Domácí potřeby a úklid | Praní a žehlení | Potahy na žehlicí prkna;5;https://www.heureka.cz/direct/xml-export/shops/heureka-sekce.xml
CZ;1707;Sušáky na prádlo;Heureka.cz | Bydlení a doplňky | Domácí potřeby a úklid | Praní a žehlení | Sušáky na prádlo;5;https://www.heureka.cz/direct/xml-export/shops/heureka-sekce.xml
CZ;1709;Šňůry na prádlo;Heureka.cz | Bydlení a doplňky | Domácí potřeby a úklid | Praní a žehlení | Šňůry na prádlo;5;https://www.heureka.cz/direct/xml-export/shops/heureka-sekce.xml
CZ;3000;Žehlicí prkna;Heureka.cz | Bydlení a doplňky | Domácí potřeby a úklid | Praní a žehlení | Žehlicí prkna;5;https://www.heureka.cz/direct/xml-export/shops/heureka-sekce.xml
CZ;1562;Koberce a koberečky;Heureka.cz | Bydlení a doplňky | Koberce a koberečky;3;https://www.heureka.cz/direct/xml-export/shops/heureka-sekce.xml
CZ;6622;Dětská křesla a pohovky;Heureka.cz | Bydlení a doplňky | Nábytek | Dětský nábytek | Dětská křesla a pohovky;5;https://www.heureka.cz/direct/xml-export/shops/heureka-sekce.xml
CZ;2930;Dětské pokojové sestavy;Heureka.cz | Bydlení a doplňky | Nábytek | Dětský nábytek | Dětské pokojové sestavy;5;https://www.heureka.cz/direct/xml-export/shops/heureka-sekce.xml
CZ;8370;Cestovní postýlky;Heureka.cz | Bydlení a doplňky | Nábytek | Dětský nábytek | Dětské postele a postýlky | Cestovní postýlky;6;https://www.heureka.cz/direct/xml-export/shops/heureka-sekce.xml
CZ;1748;Dětské postýlky;Heureka.cz | Bydlení a doplňky | Nábytek | Dětský nábytek | Dětské postele a postýlky | Dětské postýlky;6;https://www.heureka.cz/direct/xml-export/shops/heureka-sekce.xml
CZ;2444;Kolébky;Heureka.cz | Bydlení a doplňky | Nábytek | Dětský nábytek | Dětské postele a postýlky | Kolébky;6;https://www.heureka.cz/direct/xml-export/shops/heureka-sekce.xml
CZ;2433;Příslušenství k postýlkám;Heureka.cz | Bydlení a doplňky | Nábytek | Dětský nábytek | Dětské postele a postýlky | Příslušenství k postýlkám;6;https://www.heureka.cz/direct/xml-export/shops/heureka-sekce.xml
CZ;4023;Dětské stolečky s židličkami;Heureka.cz | Bydlení a doplňky | Nábytek | Dětský nábytek | Dětské stolečky s židličkami;5;https://www.heureka.cz/direct/xml-export/shops/heureka-sekce.xml
CZ;6620;Dětské stolečky;Heureka.cz | Bydlení a doplňky | Nábytek | Dětský nábytek | Dětské stoly | Dětské stolečky;6;https://www.heureka.cz/direct/xml-export/shops/heureka-sekce.xml
CZ;6621;Dětské židličky;Heureka.cz | Bydlení a doplňky | Nábytek | Dětský nábytek | Dětské židle a stoličky | Dětské židličky;6;https://www.heureka.cz/direct/xml-export/shops/heureka-sekce.xml
CZ;2419;Jídelní židličky;Heureka.cz | Bydlení a doplňky | Nábytek | Dětský nábytek | Dětské židle a stoličky | Jídelní židličky;6;https://www.heureka.cz/direct/xml-export/shops/heureka-sekce.xml
CZ;6792;Učicí věže;Heureka.cz | Bydlení a doplňky | Nábytek | Dětský nábytek | Dětské židle a stoličky | Učicí věže;6;https://www.heureka.cz/direct/xml-export/shops/heureka-sekce.xml
CZ;6790;Dětský zahradní nábytek;Heureka.cz | Bydlení a doplňky | Nábytek | Dětský nábytek | Dětský zahradní nábytek;5;https://www.heureka.cz/direct/xml-export/shops/heureka-sekce.xml
CZ;5868;Nebesa nad postýlku;Heureka.cz | Bydlení a doplňky | Nábytek | Dětský nábytek | Nebesa nad postýlku;5;https://www.heureka.cz/direct/xml-export/shops/heureka-sekce.xml
CZ;6254;Přebalovací pulty;Heureka.cz | Bydlení a doplňky | Nábytek | Dětský nábytek | Přebalovací pulty;5;https://www.heureka.cz/direct/xml-export/shops/heureka-sekce.xml
CZ;2997;Koupelnový nábytek;Heureka.cz | Bydlení a doplňky | Nábytek | Koupelnový nábytek;4;https://www.heureka.cz/direct/xml-export/shops/heureka-sekce.xml
CZ;2951;Kuchyňské dolní skříňky;Heureka.cz | Bydlení a doplňky | Nábytek | Kuchyně | Kuchyňské dolní skříňky;5;https://www.heureka.cz/direct/xml-export/shops/heureka-sekce.xml
CZ;968;Kuchyňské dřezy;Heureka.cz | Bydlení a doplňky | Nábytek | Kuchyně | Kuchyňské dřezy a baterie | Kuchyňské dřezy;6;https://www.heureka.cz/direct/xml-export/shops/heureka-sekce.xml
CZ;3173;Sety dřezu a baterie;Heureka.cz | Bydlení a doplňky | Nábytek | Kuchyně | Kuchyňské dřezy a baterie | Sety dřezu a baterie;6;https://www.heureka.cz/direct/xml-export/shops/heureka-sekce.xml
CZ;2950;Kuchyňské horní skříňky;Heureka.cz | Bydlení a doplňky | Nábytek | Kuchyně | Kuchyňské horní skříňky;5;https://www.heureka.cz/direct/xml-export/shops/heureka-sekce.xml
CZ;2948;Kuchyňské linky;Heureka.cz | Bydlení a doplňky | Nábytek | Kuchyně | Kuchyňské linky;5;https://www.heureka.cz/direct/xml-export/shops/heureka-sekce.xml
CZ;3820;Kuchyňské pracovní desky;Heureka.cz | Bydlení a doplňky | Nábytek | Kuchyně | Kuchyňské pracovní desky;5;https://www.heureka.cz/direct/xml-export/shops/heureka-sekce.xml
CZ;2146;Servírovací stolky;Heureka.cz | Bydlení a doplňky | Nábytek | Kuchyně | Kuchyňský nábytek | Servírovací stolky;6;https://www.heureka.cz/direct/xml-export/shops/heureka-sekce.xml
CZ;5621;Herní křesla;Heureka.cz | Bydlení a doplňky | Nábytek | Křesla a sezení | Herní křesla;5;https://www.heureka.cz/direct/xml-export/shops/heureka-sekce.xml
CZ;1653;Houpací křesla;Heureka.cz | Bydlení a doplňky | Nábytek | Křesla a sezení | Houpací křesla;5;https://www.heureka.cz/direct/xml-export/shops/heureka-sekce.xml
CZ;6938;Kadeřnická a kosmetická křesla;Heureka.cz | Bydlení a doplňky | Nábytek | Křesla a sezení | Kadeřnická a kosmetická křesla;5;https://www.heureka.cz/direct/xml-export/shops/heureka-sekce.xml
CZ;1719;Křesla;Heureka.cz | Bydlení a doplňky | Nábytek | Křesla a sezení | Křesla;5;https://www.heureka.cz/direct/xml-export/shops/heureka-sekce.xml
CZ;6978;Lenošky;Heureka.cz | Bydlení a doplňky | Nábytek | Křesla a sezení | Lenošky;5;https://www.heureka.cz/direct/xml-export/shops/heureka-sekce.xml
CZ;5308;Masážní křesla;Heureka.cz | Bydlení a doplňky | Nábytek | Křesla a sezení | Masážní křesla;5;https://www.heureka.cz/direct/xml-export/shops/heureka-sekce.xml
CZ;6465;Papasany;Heureka.cz | Bydlení a doplňky | Nábytek | Křesla a sezení | Papasany;5;https://www.heureka.cz/direct/xml-export/shops/heureka-sekce.xml
CZ;1723;Sedací vaky a pytle;Heureka.cz | Bydlení a doplňky | Nábytek | Křesla a sezení | Sedací vaky a pytle;5;https://www.heureka.cz/direct/xml-export/shops/heureka-sekce.xml
CZ;2979;Taburety;Heureka.cz | Bydlení a doplňky | Nábytek | Křesla a sezení | Taburety;5;https://www.heureka.cz/direct/xml-export/shops/heureka-sekce.xml
CZ;5568;Závěsná křesla;Heureka.cz | Bydlení a doplňky | Nábytek | Křesla a sezení | Závěsná křesla;5;https://www.heureka.cz/direct/xml-export/shops/heureka-sekce.xml
CZ;5591;Lavice do předsíně;Heureka.cz | Bydlení a doplňky | Nábytek | Lavice | Lavice do předsíně;5;https://www.heureka.cz/direct/xml-export/shops/heureka-sekce.xml
CZ;1718;Matrace;Heureka.cz | Bydlení a doplňky | Nábytek | Matrace a toppery | Matrace;5;https://www.heureka.cz/direct/xml-export/shops/heureka-sekce.xml
CZ;1658;Nafukovací matrace;Heureka.cz | Bydlení a doplňky | Nábytek | Matrace a toppery | Nafukovací matrace;5;https://www.heureka.cz/direct/xml-export/shops/heureka-sekce.xml
CZ;5454;Toppery a vrchní matrace;Heureka.cz | Bydlení a doplňky | Nábytek | Matrace a toppery | Toppery a vrchní matrace;5;https://www.heureka.cz/direct/xml-export/shops/heureka-sekce.xml
CZ;6350;Barové sety;Heureka.cz | Bydlení a doplňky | Nábytek | Nábytkové sestavy | Barové sety;5;https://www.heureka.cz/direct/xml-export/shops/heureka-sekce.xml
CZ;2949;Jídelní sety;Heureka.cz | Bydlení a doplňky | Nábytek | Nábytkové sestavy | Jídelní sety;5;https://www.heureka.cz/direct/xml-export/shops/heureka-sekce.xml
CZ;7435;Kancelářské sestavy;Heureka.cz | Bydlení a doplňky | Nábytek | Nábytkové sestavy | Kancelářské sestavy;5;https://www.heureka.cz/direct/xml-export/shops/heureka-sekce.xml
CZ;2947;Ložnicové sestavy;Heureka.cz | Bydlení a doplňky | Nábytek | Nábytkové sestavy | Ložnicové sestavy;5;https://www.heureka.cz/direct/xml-export/shops/heureka-sekce.xml
CZ;1661;Obývací stěny;Heureka.cz | Bydlení a doplňky | Nábytek | Nábytkové sestavy | Obývací stěny;5;https://www.heureka.cz/direct/xml-export/shops/heureka-sekce.xml
CZ;2400;Předsíňové stěny;Heureka.cz | Bydlení a doplňky | Nábytek | Nábytkové sestavy | Předsíňové stěny;5;https://www.heureka.cz/direct/xml-export/shops/heureka-sekce.xml
CZ;1659;Postele;Heureka.cz | Bydlení a doplňky | Nábytek | Postele a rošty | Postele;5;https://www.heureka.cz/direct/xml-export/shops/heureka-sekce.xml
CZ;2026;Rošty do postele;Heureka.cz | Bydlení a doplňky | Nábytek | Postele a rošty | Rošty do postele;5;https://www.heureka.cz/direct/xml-export/shops/heureka-sekce.xml
CZ;5099;Pohovky;Heureka.cz | Bydlení a doplňky | Nábytek | Sedací soupravy a pohovky | Pohovky;5;https://www.heureka.cz/direct/xml-export/shops/heureka-sekce.xml
CZ;1722;Sedací soupravy;Heureka.cz | Bydlení a doplňky | Nábytek | Sedací soupravy a pohovky | Sedací soupravy;5;https://www.heureka.cz/direct/xml-export/shops/heureka-sekce.xml
CZ;2397;Kancelářské skříně;Heureka.cz | Bydlení a doplňky | Nábytek | Skříně a komody | Kancelářské skříně;5;https://www.heureka.cz/direct/xml-export/shops/heureka-sekce.xml
CZ;1656;Knihovny;Heureka.cz | Bydlení a doplňky | Nábytek | Skříně a komody | Knihovny;5;https://www.heureka.cz/direct/xml-export/shops/heureka-sekce.xml
CZ;1657;Komody;Heureka.cz | Bydlení a doplňky | Nábytek | Skříně a komody | Komody;5;https://www.heureka.cz/direct/xml-export/shops/heureka-sekce.xml
CZ;2952;Prádelníky;Heureka.cz | Bydlení a doplňky | Nábytek | Skříně a komody | Prádelníky;5;https://www.heureka.cz/direct/xml-export/shops/heureka-sekce.xml
CZ;3002;Vitríny;Heureka.cz | Bydlení a doplňky | Nábytek | Skříně a komody | Vitríny;5;https://www.heureka.cz/direct/xml-export/shops/heureka-sekce.xml
CZ;1695;Šatní skříně;Heureka.cz | Bydlení a doplňky | Nábytek | Skříně a komody | Šatní skříně;5;https://www.heureka.cz/direct/xml-export/shops/heureka-sekce.xml
CZ;1654;Barové stolky;Heureka.cz | Bydlení a doplňky | Nábytek | Stoly a stolky | Barové stolky;5;https://www.heureka.cz/direct/xml-export/shops/heureka-sekce.xml
CZ;5622;Herní stoly;Heureka.cz | Bydlení a doplňky | Nábytek | Stoly a stolky | Herní stoly;5;https://www.heureka.cz/direct/xml-export/shops/heureka-sekce.xml
CZ;1662;Jídelní stoly;Heureka.cz | Bydlení a doplňky | Nábytek | Stoly a stolky | Jídelní stoly;5;https://www.heureka.cz/direct/xml-export/shops/heureka-sekce.xml
CZ;1714;Konferenční stolky;Heureka.cz | Bydlení a doplňky | Nábytek | Stoly a stolky | Konferenční stolky;5;https://www.heureka.cz/direct/xml-export/shops/heureka-sekce.xml
CZ;6172;Konzolové stolky;Heureka.cz | Bydlení a doplňky | Nábytek | Stoly a stolky | Konzolové stolky;5;https://www.heureka.cz/direct/xml-export/shops/heureka-sekce.xml
CZ;6533;Kreslicí a rýsovací stoly;Heureka.cz | Bydlení a doplňky | Nábytek | Stoly a stolky | Kreslicí a rýsovací stoly;5;https://www.heureka.cz/direct/xml-export/shops/heureka-sekce.xml
CZ;1715;Noční stolky;Heureka.cz | Bydlení a doplňky | Nábytek | Stoly a stolky | Noční stolky;5;https://www.heureka.cz/direct/xml-export/shops/heureka-sekce.xml
CZ;6899;Odkládací stolky;Heureka.cz | Bydlení a doplňky | Nábytek | Stoly a stolky | Odkládací stolky;5;https://www.heureka.cz/direct/xml-export/shops/heureka-sekce.xml
CZ;3007;Psací a pracovní stoly;Heureka.cz | Bydlení a doplňky | Nábytek | Stoly a stolky | Psací a pracovní stoly;5;https://www.heureka.cz/direct/xml-export/shops/heureka-sekce.xml
CZ;1713;TV stolky;Heureka.cz | Bydlení a doplňky | Nábytek | Stoly a stolky | TV stolky;5;https://www.heureka.cz/direct/xml-export/shops/heureka-sekce.xml
CZ;2145;Toaletní stolky;Heureka.cz | Bydlení a doplňky | Nábytek | Stoly a stolky | Toaletní stolky;5;https://www.heureka.cz/direct/xml-export/shops/heureka-sekce.xml
CZ;6316;Stříšky na houpačku;Heureka.cz | Bydlení a doplňky | Nábytek | Zahradní nábytek | Zahradní houpačky a příslušenství | Stříšky na houpačku;6;https://www.heureka.cz/direct/xml-export/shops/heureka-sekce.xml
CZ;2863;Zahradní houpačky;Heureka.cz | Bydlení a doplňky | Nábytek | Zahradní nábytek | Zahradní houpačky a příslušenství | Zahradní houpačky;6;https://www.heureka.cz/direct/xml-export/shops/heureka-sekce.xml
CZ;2861;Zahradní lavice;Heureka.cz | Bydlení a doplňky | Nábytek | Zahradní nábytek | Zahradní lavice;5;https://www.heureka.cz/direct/xml-export/shops/heureka-sekce.xml
CZ;2862;Zahradní lehátka;Heureka.cz | Bydlení a doplňky | Nábytek | Zahradní nábytek | Zahradní lehátka;5;https://www.heureka.cz/direct/xml-export/shops/heureka-sekce.xml
CZ;2860;Zahradní ratanový nábytek;Heureka.cz | Bydlení a doplňky | Nábytek | Zahradní nábytek | Zahradní ratanový nábytek;5;https://www.heureka.cz/direct/xml-export/shops/heureka-sekce.xml
CZ;2857;Zahradní sestavy;Heureka.cz | Bydlení a doplňky | Nábytek | Zahradní nábytek | Zahradní sestavy;5;https://www.heureka.cz/direct/xml-export/shops/heureka-sekce.xml
CZ;1717;Zahradní stoly;Heureka.cz | Bydlení a doplňky | Nábytek | Zahradní nábytek | Zahradní stoly;5;https://www.heureka.cz/direct/xml-export/shops/heureka-sekce.xml
CZ;2856;Zahradní židle a křesla;Heureka.cz | Bydlení a doplňky | Nábytek | Zahradní nábytek | Zahradní židle a křesla;5;https://www.heureka.cz/direct/xml-export/shops/heureka-sekce.xml
CZ;2996;Botníky;Heureka.cz | Bydlení a doplňky | Nábytek | Úložné prostory | Botníky;5;https://www.heureka.cz/direct/xml-export/shops/heureka-sekce.xml
CZ;5839;Kartotéky;Heureka.cz | Bydlení a doplňky | Nábytek | Úložné prostory | Kartotéky;5;https://www.heureka.cz/direct/xml-export/shops/heureka-sekce.xml
CZ;6512;Nástavce na skříně;Heureka.cz | Bydlení a doplňky | Nábytek | Úložné prostory | Nástavce na skříně;5;https://www.heureka.cz/direct/xml-export/shops/heureka-sekce.xml
CZ;5100;Pokladničky;Heureka.cz | Bydlení a doplňky | Nábytek | Úložné prostory | Pokladničky;5;https://www.heureka.cz/direct/xml-export/shops/heureka-sekce.xml
CZ;1726;Regály a poličky;Heureka.cz | Bydlení a doplňky | Nábytek | Úložné prostory | Regály a poličky;5;https://www.heureka.cz/direct/xml-export/shops/heureka-sekce.xml
CZ;6380;Skříňky na klíče;Heureka.cz | Bydlení a doplňky | Nábytek | Úložné prostory | Skříňky na klíče;5;https://www.heureka.cz/direct/xml-export/shops/heureka-sekce.xml
CZ;4399;Trezory;Heureka.cz | Bydlení a doplňky | Nábytek | Úložné prostory | Trezory;5;https://www.heureka.cz/direct/xml-export/shops/heureka-sekce.xml
CZ;6311;Truhly;Heureka.cz | Bydlení a doplňky | Nábytek | Úložné prostory | Truhly;5;https://www.heureka.cz/direct/xml-export/shops/heureka-sekce.xml
CZ;2694;Zásuvkové kontejnery;Heureka.cz | Bydlení a doplňky | Nábytek | Úložné prostory | Zásuvkové kontejnery;5;https://www.heureka.cz/direct/xml-export/shops/heureka-sekce.xml
CZ;3773;Úložné boxy;Heureka.cz | Bydlení a doplňky | Nábytek | Úložné prostory | Úložné boxy;5;https://www.heureka.cz/direct/xml-export/shops/heureka-sekce.xml
CZ;6775;Úložné prostory pod postel;Heureka.cz | Bydlení a doplňky | Nábytek | Úložné prostory | Úložné prostory pod postel;5;https://www.heureka.cz/direct/xml-export/shops/heureka-sekce.xml
CZ;1655;Barové židle;Heureka.cz | Bydlení a doplňky | Nábytek | Židle a stoličky | Barové židle;5;https://www.heureka.cz/direct/xml-export/shops/heureka-sekce.xml
CZ;1664;Jídelní židle;Heureka.cz | Bydlení a doplňky | Nábytek | Židle a stoličky | Jídelní židle;5;https://www.heureka.cz/direct/xml-export/shops/heureka-sekce.xml
CZ;2395;Kancelářské židle;Heureka.cz | Bydlení a doplňky | Nábytek | Židle a stoličky | Kancelářské židle;5;https://www.heureka.cz/direct/xml-export/shops/heureka-sekce.xml
CZ;5367;Klekačky;Heureka.cz | Bydlení a doplňky | Nábytek | Židle a stoličky | Klekačky;5;https://www.heureka.cz/direct/xml-export/shops/heureka-sekce.xml
CZ;3078;Konferenční židle;Heureka.cz | Bydlení a doplňky | Nábytek | Židle a stoličky | Konferenční židle;5;https://www.heureka.cz/direct/xml-export/shops/heureka-sekce.xml
CZ;2405;Stoličky;Heureka.cz | Bydlení a doplňky | Nábytek | Židle a stoličky | Stoličky;5;https://www.heureka.cz/direct/xml-export/shops/heureka-sekce.xml
CZ;6351;LED pásky;Heureka.cz | Bydlení a doplňky | Osvětlení | Dekorativní osvětlení | LED pásky;5;https://www.heureka.cz/direct/xml-export/shops/heureka-sekce.xml
CZ;6939;Lávové lampy;Heureka.cz | Bydlení a doplňky | Osvětlení | Dekorativní osvětlení | Lávové lampy;5;https://www.heureka.cz/direct/xml-export/shops/heureka-sekce.xml
CZ;5789;Petrolejové lampy;Heureka.cz | Bydlení a doplňky | Osvětlení | Dekorativní osvětlení | Petrolejové lampy;5;https://www.heureka.cz/direct/xml-export/shops/heureka-sekce.xml
CZ;5786;Solné lampy;Heureka.cz | Bydlení a doplňky | Osvětlení | Dekorativní osvětlení | Solné lampy;5;https://www.heureka.cz/direct/xml-export/shops/heureka-sekce.xml
CZ;6985;Dětské noční lampičky;Heureka.cz | Bydlení a doplňky | Osvětlení | Dětské osvětlení | Dětské noční lampičky;5;https://www.heureka.cz/direct/xml-export/shops/heureka-sekce.xml
CZ;2890;LED osvětlení;Heureka.cz | Bydlení a doplňky | Osvětlení | LED osvětlení;4;https://www.heureka.cz/direct/xml-export/shops/heureka-sekce.xml
CZ;2149;Lampičky;Heureka.cz | Bydlení a doplňky | Osvětlení | Lampičky;4;https://www.heureka.cz/direct/xml-export/shops/heureka-sekce.xml
CZ;5787;Noční světla;Heureka.cz | Bydlení a doplňky | Osvětlení | Orientační osvětlení | Noční světla;5;https://www.heureka.cz/direct/xml-export/shops/heureka-sekce.xml
CZ;7445;Dálkové ovladače k LED páskům;Heureka.cz | Bydlení a doplňky | Osvětlení | Příslušenství ke svítidlům | Příslušenství k LED páskům | Dálkové ovladače k LED páskům;6;https://www.heureka.cz/direct/xml-export/shops/heureka-sekce.xml
CZ;7444;Konektory pro LED pásky;Heureka.cz | Bydlení a doplňky | Osvětlení | Příslušenství ke svítidlům | Příslušenství k LED páskům | Konektory pro LED pásky;6;https://www.heureka.cz/direct/xml-export/shops/heureka-sekce.xml
CZ;7446;Ostatní příslušenství k LED páskům;Heureka.cz | Bydlení a doplňky | Osvětlení | Příslušenství ke svítidlům | Příslušenství k LED páskům | Ostatní příslušenství k LED páskům;6;https://www.heureka.cz/direct/xml-export/shops/heureka-sekce.xml
CZ;7443;Profily na LED pásky;Heureka.cz | Bydlení a doplňky | Osvětlení | Příslušenství ke svítidlům | Příslušenství k LED páskům | Profily na LED pásky;6;https://www.heureka.cz/direct/xml-export/shops/heureka-sekce.xml
CZ;7019;Stínidla;Heureka.cz | Bydlení a doplňky | Osvětlení | Příslušenství ke svítidlům | Stínidla;5;https://www.heureka.cz/direct/xml-export/shops/heureka-sekce.xml
CZ;7018;Základny k lampám;Heureka.cz | Bydlení a doplňky | Osvětlení | Příslušenství ke svítidlům | Základny k lampám;5;https://www.heureka.cz/direct/xml-export/shops/heureka-sekce.xml
CZ;2050;Žárovky;Heureka.cz | Bydlení a doplňky | Osvětlení | Příslušenství ke svítidlům | Žárovky;5;https://www.heureka.cz/direct/xml-export/shops/heureka-sekce.xml
CZ;6540;Reflektory;Heureka.cz | Bydlení a doplňky | Osvětlení | Reflektory;4;https://www.heureka.cz/direct/xml-export/shops/heureka-sekce.xml
CZ;5788;Stojací lampy;Heureka.cz | Bydlení a doplňky | Osvětlení | Stojací lampy;4;https://www.heureka.cz/direct/xml-export/shops/heureka-sekce.xml
CZ;1663;Svítidla;Heureka.cz | Bydlení a doplňky | Osvětlení | Svítidla;4;https://www.heureka.cz/direct/xml-export/shops/heureka-sekce.xml
CZ;2832;Parní lázně;Heureka.cz | Bydlení a doplňky | Sanita a vybavení koupelen | Sprchy a příslušenství | Parní lázně;5;https://www.heureka.cz/direct/xml-export/shops/heureka-sekce.xml
CZ;6518;Panely ke sprchovým vaničkám;Heureka.cz | Bydlení a doplňky | Sanita a vybavení koupelen | Sprchy a příslušenství | Příslušenství ke sprchovým koutům | Panely ke sprchovým vaničkám;6;https://www.heureka.cz/direct/xml-export/shops/heureka-sekce.xml
CZ;6554;Sprchové držáky;Heureka.cz | Bydlení a doplňky | Sanita a vybavení koupelen | Sprchy a příslušenství | Příslušenství ke sprchovým koutům | Sprchové držáky;6;https://www.heureka.cz/direct/xml-export/shops/heureka-sekce.xml
CZ;6548;Sprchové hadice;Heureka.cz | Bydlení a doplňky | Sanita a vybavení koupelen | Sprchy a příslušenství | Příslušenství ke sprchovým koutům | Sprchové hadice;6;https://www.heureka.cz/direct/xml-export/shops/heureka-sekce.xml
CZ;6538;Sprchové tyče a ramena;Heureka.cz | Bydlení a doplňky | Sanita a vybavení koupelen | Sprchy a příslušenství | Příslušenství ke sprchovým koutům | Sprchové tyče a ramena;6;https://www.heureka.cz/direct/xml-export/shops/heureka-sekce.xml
CZ;6536;Sprchové hlavice;Heureka.cz | Bydlení a doplňky | Sanita a vybavení koupelen | Sprchy a příslušenství | Sprchové hlavice;5;https://www.heureka.cz/direct/xml-export/shops/heureka-sekce.xml
CZ;2898;Sprchové kouty;Heureka.cz | Bydlení a doplňky | Sanita a vybavení koupelen | Sprchy a příslušenství | Sprchové kouty;5;https://www.heureka.cz/direct/xml-export/shops/heureka-sekce.xml
CZ;2924;Sprchové vaničky;Heureka.cz | Bydlení a doplňky | Sanita a vybavení koupelen | Sprchy a příslušenství | Sprchové vaničky;5;https://www.heureka.cz/direct/xml-export/shops/heureka-sekce.xml
CZ;2147;Sprchové zástěny;Heureka.cz | Bydlení a doplňky | Sanita a vybavení koupelen | Sprchy a příslušenství | Sprchové zástěny;5;https://www.heureka.cz/direct/xml-export/shops/heureka-sekce.xml
CZ;2940;Sprchy a sprchové panely;Heureka.cz | Bydlení a doplňky | Sanita a vybavení koupelen | Sprchy a příslušenství | Sprchy a sprchové panely;5;https://www.heureka.cz/direct/xml-export/shops/heureka-sekce.xml
CZ;1739;Umyvadla;Heureka.cz | Bydlení a doplňky | Sanita a vybavení koupelen | Umyvadla a příslušenství | Umyvadla;5;https://www.heureka.cz/direct/xml-export/shops/heureka-sekce.xml
CZ;6471;Umyvadlové desky;Heureka.cz | Bydlení a doplňky | Sanita a vybavení koupelen | Umyvadla a příslušenství | Umyvadlové desky;5;https://www.heureka.cz/direct/xml-export/shops/heureka-sekce.xml
CZ;6517;Umyvadlové sloupy a polosloupy;Heureka.cz | Bydlení a doplňky | Sanita a vybavení koupelen | Umyvadla a příslušenství | Umyvadlové sloupy a polosloupy;5;https://www.heureka.cz/direct/xml-export/shops/heureka-sekce.xml
CZ;6428;Hydromasážní vany;Heureka.cz | Bydlení a doplňky | Sanita a vybavení koupelen | Vany a příslušenství | Hydromasážní vany;5;https://www.heureka.cz/direct/xml-export/shops/heureka-sekce.xml
CZ;5298;Madla k vaně;Heureka.cz | Bydlení a doplňky | Sanita a vybavení koupelen | Vany a příslušenství | Madla k vaně;5;https://www.heureka.cz/direct/xml-export/shops/heureka-sekce.xml
CZ;5257;Vanové panely;Heureka.cz | Bydlení a doplňky | Sanita a vybavení koupelen | Vany a příslušenství | Vanové panely;5;https://www.heureka.cz/direct/xml-export/shops/heureka-sekce.xml
CZ;2027;Vanové zástěny;Heureka.cz | Bydlení a doplňky | Sanita a vybavení koupelen | Vany a příslušenství | Vanové zástěny;5;https://www.heureka.cz/direct/xml-export/shops/heureka-sekce.xml
CZ;1740;Vany;Heureka.cz | Bydlení a doplňky | Sanita a vybavení koupelen | Vany a příslušenství | Vany;5;https://www.heureka.cz/direct/xml-export/shops/heureka-sekce.xml
CZ;5441;Vodovodní baterie;Heureka.cz | Bydlení a doplňky | Sanita a vybavení koupelen | Vodovodní baterie;4;https://www.heureka.cz/direct/xml-export/shops/heureka-sekce.xml
CZ;5286;Výlevky;Heureka.cz | Bydlení a doplňky | Sanita a vybavení koupelen | Výlevky;4;https://www.heureka.cz/direct/xml-export/shops/heureka-sekce.xml
CZ;4944;Bidety;Heureka.cz | Bydlení a doplňky | Sanita a vybavení koupelen | WC a příslušenství | Bidety;5;https://www.heureka.cz/direct/xml-export/shops/heureka-sekce.xml
CZ;5291;Kompletní WC sady;Heureka.cz | Bydlení a doplňky | Sanita a vybavení koupelen | WC a příslušenství | Kompletní WC sady;5;https://www.heureka.cz/direct/xml-export/shops/heureka-sekce.xml
CZ;6590;Nádržky k WC;Heureka.cz | Bydlení a doplňky | Sanita a vybavení koupelen | WC a příslušenství | Nádržky k WC;5;https://www.heureka.cz/direct/xml-export/shops/heureka-sekce.xml
CZ;5327;Ovládací tlačítka k WC;Heureka.cz | Bydlení a doplňky | Sanita a vybavení koupelen | WC a příslušenství | Ovládací tlačítka k WC;5;https://www.heureka.cz/direct/xml-export/shops/heureka-sekce.xml
CZ;1741;Pisoáry;Heureka.cz | Bydlení a doplňky | Sanita a vybavení koupelen | WC a příslušenství | Pisoáry;5;https://www.heureka.cz/direct/xml-export/shops/heureka-sekce.xml
CZ;5328;WC sedátka;Heureka.cz | Bydlení a doplňky | Sanita a vybavení koupelen | WC a příslušenství | WC sedátka;5;https://www.heureka.cz/direct/xml-export/shops/heureka-sekce.xml
CZ;2865;Záchody;Heureka.cz | Bydlení a doplňky | Sanita a vybavení koupelen | WC a příslušenství | Záchody;5;https://www.heureka.cz/direct/xml-export/shops/heureka-sekce.xml
CZ;6997;Akvarijní sety;Heureka.cz | Chovatelské potřeby | Akvaristika | Akvarijní sety;4;https://www.heureka.cz/direct/xml-export/shops/heureka-sekce.xml
CZ;2650;Akvarijní filtry;Heureka.cz | Chovatelské potřeby | Akvaristika | Akvarijní technika | Akvarijní filtry;5;https://www.heureka.cz/direct/xml-export/shops/heureka-sekce.xml
CZ;5314;Akvarijní krmítka;Heureka.cz | Chovatelské potřeby | Akvaristika | Akvarijní technika | Akvarijní krmítka;5;https://www.heureka.cz/direct/xml-export/shops/heureka-sekce.xml
CZ;2653;Akvarijní odkalovače;Heureka.cz | Chovatelské potřeby | Akvaristika | Akvarijní technika | Akvarijní odkalovače;5;https://www.heureka.cz/direct/xml-export/shops/heureka-sekce.xml
CZ;2654;Akvarijní topítka;Heureka.cz | Chovatelské potřeby | Akvaristika | Akvarijní technika | Akvarijní topítka;5;https://www.heureka.cz/direct/xml-export/shops/heureka-sekce.xml
CZ;2649;Akvarijní čerpadla;Heureka.cz | Chovatelské potřeby | Akvaristika | Akvarijní technika | Akvarijní čerpadla;5;https://www.heureka.cz/direct/xml-export/shops/heureka-sekce.xml
CZ;4996;CO2 hnojení rostlin;Heureka.cz | Chovatelské potřeby | Akvaristika | Akvarijní technika | CO2 hnojení rostlin;5;https://www.heureka.cz/direct/xml-export/shops/heureka-sekce.xml
CZ;2679;Chladicí jednotky;Heureka.cz | Chovatelské potřeby | Akvaristika | Akvarijní technika | Chladicí jednotky;5;https://www.heureka.cz/direct/xml-export/shops/heureka-sekce.xml
CZ;2156;Ostatní akvarijní technika;Heureka.cz | Chovatelské potřeby | Akvaristika | Akvarijní technika | Ostatní akvarijní technika;5;https://www.heureka.cz/direct/xml-export/shops/heureka-sekce.xml
CZ;2655;Osvětlení do akvárií;Heureka.cz | Chovatelské potřeby | Akvaristika | Akvarijní technika | Osvětlení do akvárií;5;https://www.heureka.cz/direct/xml-export/shops/heureka-sekce.xml
CZ;2678;UV sterilizéry;Heureka.cz | Chovatelské potřeby | Akvaristika | Akvarijní technika | UV sterilizéry;5;https://www.heureka.cz/direct/xml-export/shops/heureka-sekce.xml
CZ;2651;Akvarijní kompresory;Heureka.cz | Chovatelské potřeby | Akvaristika | Akvarijní technika | Vzduchování do akvária | Akvarijní kompresory;6;https://www.heureka.cz/direct/xml-export/shops/heureka-sekce.xml
CZ;2154;Akvária;Heureka.cz | Chovatelské potřeby | Akvaristika | Akvária;4;https://www.heureka.cz/direct/xml-export/shops/heureka-sekce.xml
CZ;2652;Akvarijní písky;Heureka.cz | Chovatelské potřeby | Akvaristika | Doplňky do akvárií | Akvarijní písky;5;https://www.heureka.cz/direct/xml-export/shops/heureka-sekce.xml
CZ;2658;Akvarijní rostliny;Heureka.cz | Chovatelské potřeby | Akvaristika | Doplňky do akvárií | Akvarijní rostliny;5;https://www.heureka.cz/direct/xml-export/shops/heureka-sekce.xml
CZ;2159;Akvaristické potřeby;Heureka.cz | Chovatelské potřeby | Akvaristika | Doplňky do akvárií | Akvaristické potřeby;5;https://www.heureka.cz/direct/xml-export/shops/heureka-sekce.xml
CZ;2155;Dekorace do akvárií;Heureka.cz | Chovatelské potřeby | Akvaristika | Doplňky do akvárií | Dekorace do akvárií;5;https://www.heureka.cz/direct/xml-export/shops/heureka-sekce.xml
CZ;6999;Substráty do akvárií;Heureka.cz | Chovatelské potřeby | Akvaristika | Doplňky do akvárií | Substráty do akvárií;5;https://www.heureka.cz/direct/xml-export/shops/heureka-sekce.xml
CZ;2023;Krmivo pro ryby;Heureka.cz | Chovatelské potřeby | Akvaristika | Krmivo pro ryby;4;https://www.heureka.cz/direct/xml-export/shops/heureka-sekce.xml
CZ;7001;Potřeby na čištění akvárií;Heureka.cz | Chovatelské potřeby | Akvaristika | Péče a údržba akvária | Potřeby na čištění akvárií;5;https://www.heureka.cz/direct/xml-export/shops/heureka-sekce.xml
CZ;4995;Úprava akvarijní vody a testy;Heureka.cz | Chovatelské potřeby | Akvaristika | Péče a údržba akvária | Úprava akvarijní vody a testy;5;https://www.heureka.cz/direct/xml-export/shops/heureka-sekce.xml
CZ;7003;Akvarijní nůžky, pinzety a kleště;Heureka.cz | Chovatelské potřeby | Akvaristika | Příslušenství k akváriím | Akvarijní nůžky, pinzety a kleště;5;https://www.heureka.cz/direct/xml-export/shops/heureka-sekce.xml
CZ;7004;Síťky a chytače na ryby;Heureka.cz | Chovatelské potřeby | Akvaristika | Příslušenství k akváriím | Síťky a chytače na ryby;5;https://www.heureka.cz/direct/xml-export/shops/heureka-sekce.xml
CZ;7005;Teploměry do akvária;Heureka.cz | Chovatelské potřeby | Akvaristika | Příslušenství k akváriím | Teploměry do akvária;5;https://www.heureka.cz/direct/xml-export/shops/heureka-sekce.xml
CZ;7007;Akvarijní kryty;Heureka.cz | Chovatelské potřeby | Akvaristika | Vybavení a nábytek k akváriím | Akvarijní kryty;5;https://www.heureka.cz/direct/xml-export/shops/heureka-sekce.xml
CZ;7008;Podložky pod akvária;Heureka.cz | Chovatelské potřeby | Akvaristika | Vybavení a nábytek k akváriím | Podložky pod akvária;5;https://www.heureka.cz/direct/xml-export/shops/heureka-sekce.xml
CZ;7009;Porodničky pro ryby;Heureka.cz | Chovatelské potřeby | Akvaristika | Vybavení a nábytek k akváriím | Porodničky pro ryby;5;https://www.heureka.cz/direct/xml-export/shops/heureka-sekce.xml
CZ;7010;Pozadí do akvárií;Heureka.cz | Chovatelské potřeby | Akvaristika | Vybavení a nábytek k akváriím | Pozadí do akvárií;5;https://www.heureka.cz/direct/xml-export/shops/heureka-sekce.xml
CZ;3144;Skříně pod akvária;Heureka.cz | Chovatelské potřeby | Akvaristika | Vybavení a nábytek k akváriím | Skříně pod akvária;5;https://www.heureka.cz/direct/xml-export/shops/heureka-sekce.xml
CZ;8554;Koupací písky pro hlodavce;Heureka.cz | Chovatelské potřeby | Pro hlodavce | Hygiena a kosmetika pro hlodavce | Koupací písky pro hlodavce;5;https://www.heureka.cz/direct/xml-export/shops/heureka-sekce.xml
CZ;7050;Koupelny a toalety pro hlodavce;Heureka.cz | Chovatelské potřeby | Pro hlodavce | Hygiena a kosmetika pro hlodavce | Koupelny a toalety pro hlodavce;5;https://www.heureka.cz/direct/xml-export/shops/heureka-sekce.xml
CZ;2659;Podestýlky pro hlodavce;Heureka.cz | Chovatelské potřeby | Pro hlodavce | Hygiena a kosmetika pro hlodavce | Podestýlky pro hlodavce;5;https://www.heureka.cz/direct/xml-export/shops/heureka-sekce.xml
CZ;7051;Péče o srst a drápky hlodavců;Heureka.cz | Chovatelské potřeby | Pro hlodavce | Hygiena a kosmetika pro hlodavce | Péče o srst a drápky hlodavců;5;https://www.heureka.cz/direct/xml-export/shops/heureka-sekce.xml
CZ;2663;Péče o zuby hlodavců;Heureka.cz | Chovatelské potřeby | Pro hlodavce | Hygiena a kosmetika pro hlodavce | Péče o zuby hlodavců;5;https://www.heureka.cz/direct/xml-export/shops/heureka-sekce.xml
CZ;2490;Klece pro hlodavce;Heureka.cz | Chovatelské potřeby | Pro hlodavce | Klece pro hlodavce;4;https://www.heureka.cz/direct/xml-export/shops/heureka-sekce.xml
CZ;2491;Krmivo pro hlodavce;Heureka.cz | Chovatelské potřeby | Pro hlodavce | Krmivo pro hlodavce;4;https://www.heureka.cz/direct/xml-export/shops/heureka-sekce.xml
CZ;2662;Ostatní pro hlodavce;Heureka.cz | Chovatelské potřeby | Pro hlodavce | Ostatní pro hlodavce;4;https://www.heureka.cz/direct/xml-export/shops/heureka-sekce.xml
CZ;2660;Přepravky pro hlodavce;Heureka.cz | Chovatelské potřeby | Pro hlodavce | Přepravky pro hlodavce;4;https://www.heureka.cz/direct/xml-export/shops/heureka-sekce.xml
CZ;7048;Seno pro hlodavce;Heureka.cz | Chovatelské potřeby | Pro hlodavce | Seno pro hlodavce;4;https://www.heureka.cz/direct/xml-export/shops/heureka-sekce.xml
CZ;8282;Domky pro hlodavce;Heureka.cz | Chovatelské potřeby | Pro hlodavce | Vybavení klecí pro hlodavce | Domky pro hlodavce;5;https://www.heureka.cz/direct/xml-export/shops/heureka-sekce.xml
CZ;8283;Hračky pro hlodavce;Heureka.cz | Chovatelské potřeby | Pro hlodavce | Vybavení klecí pro hlodavce | Hračky pro hlodavce;5;https://www.heureka.cz/direct/xml-export/shops/heureka-sekce.xml
CZ;2661;Misky a krmítka pro hlodavce;Heureka.cz | Chovatelské potřeby | Pro hlodavce | Vybavení klecí pro hlodavce | Misky a krmítka pro hlodavce;5;https://www.heureka.cz/direct/xml-export/shops/heureka-sekce.xml
CZ;2492;Napáječky;Heureka.cz | Chovatelské potřeby | Pro hlodavce | Vybavení klecí pro hlodavce | Napáječky;5;https://www.heureka.cz/direct/xml-export/shops/heureka-sekce.xml
CZ;7042;Králíkárny;Heureka.cz | Chovatelské potřeby | Pro hospodářská zvířata | Domky, přístřešky a úkryty pro hospodářská zvířata | Králíkárny;5;https://www.heureka.cz/direct/xml-export/shops/heureka-sekce.xml
CZ;7043;Kurníky;Heureka.cz | Chovatelské potřeby | Pro hospodářská zvířata | Domky, přístřešky a úkryty pro hospodářská zvířata | Kurníky;5;https://www.heureka.cz/direct/xml-export/shops/heureka-sekce.xml
CZ;2025;Krmivo pro hospodářská zvířata;Heureka.cz | Chovatelské potřeby | Pro hospodářská zvířata | Krmivo pro hospodářská zvířata;4;https://www.heureka.cz/direct/xml-export/shops/heureka-sekce.xml
CZ;7047;Krmítka a napáječky pro drůbež;Heureka.cz | Chovatelské potřeby | Pro hospodářská zvířata | Potřeby pro hospodářská zvířata | Potřeby pro drůbež | Krmítka a napáječky pro drůbež;6;https://www.heureka.cz/direct/xml-export/shops/heureka-sekce.xml
CZ;7046;Umělé líhně a kvočny;Heureka.cz | Chovatelské potřeby | Pro hospodářská zvířata | Potřeby pro hospodářská zvířata | Potřeby pro drůbež | Umělé líhně a kvočny;6;https://www.heureka.cz/direct/xml-export/shops/heureka-sekce.xml
CZ;2348;Krmivo pro koně;Heureka.cz | Chovatelské potřeby | Pro koně | Krmivo pro koně;4;https://www.heureka.cz/direct/xml-export/shops/heureka-sekce.xml
CZ;3797;Péče o kopyta koní;Heureka.cz | Chovatelské potřeby | Pro koně | Péče o kopyta koní;4;https://www.heureka.cz/direct/xml-export/shops/heureka-sekce.xml
CZ;2346;Péče o srst koní;Heureka.cz | Chovatelské potřeby | Pro koně | Péče o srst koní;4;https://www.heureka.cz/direct/xml-export/shops/heureka-sekce.xml
CZ;6353;Dvířka pro kočky;Heureka.cz | Chovatelské potřeby | Pro kočky | Dvířka pro kočky;4;https://www.heureka.cz/direct/xml-export/shops/heureka-sekce.xml
CZ;2247;Hračky pro kočky;Heureka.cz | Chovatelské potřeby | Pro kočky | Hračky pro kočky;4;https://www.heureka.cz/direct/xml-export/shops/heureka-sekce.xml
CZ;6234;Kartáče pro kočky;Heureka.cz | Chovatelské potřeby | Pro kočky | Hygiena a kosmetika pro kočky | Kartáče pro kočky;5;https://www.heureka.cz/direct/xml-export/shops/heureka-sekce.xml
CZ;2248;Kosmetika a úprava koček;Heureka.cz | Chovatelské potřeby | Pro kočky | Hygiena a kosmetika pro kočky | Kosmetika a úprava koček;5;https://www.heureka.cz/direct/xml-export/shops/heureka-sekce.xml
CZ;5818;Šampony pro kočky;Heureka.cz | Chovatelské potřeby | Pro kočky | Hygiena a kosmetika pro kočky | Šampony pro kočky;5;https://www.heureka.cz/direct/xml-export/shops/heureka-sekce.xml
CZ;6977;Lopatky, sáčky a filtry do kočičích toalet;Heureka.cz | Chovatelské potřeby | Pro kočky | Kočičí toalety a steliva | Lopatky, sáčky a filtry do kočičích toalet;5;https://www.heureka.cz/direct/xml-export/shops/heureka-sekce.xml
CZ;2249;Steliva pro kočky;Heureka.cz | Chovatelské potřeby | Pro kočky | Kočičí toalety a steliva | Steliva pro kočky;5;https://www.heureka.cz/direct/xml-export/shops/heureka-sekce.xml
CZ;5791;Toalety pro kočky;Heureka.cz | Chovatelské potřeby | Pro kočky | Kočičí toalety a steliva | Toalety pro kočky;5;https://www.heureka.cz/direct/xml-export/shops/heureka-sekce.xml
CZ;1962;Granule pro kočky;Heureka.cz | Chovatelské potřeby | Pro kočky | Krmivo pro kočky | Granule pro kočky;5;https://www.heureka.cz/direct/xml-export/shops/heureka-sekce.xml
CZ;8470;Kapsičky pro kočky;Heureka.cz | Chovatelské potřeby | Pro kočky | Krmivo pro kočky | Kapsičky pro kočky;5;https://www.heureka.cz/direct/xml-export/shops/heureka-sekce.xml
CZ;8471;Konzervy pro kočky;Heureka.cz | Chovatelské potřeby | Pro kočky | Krmivo pro kočky | Konzervy pro kočky;5;https://www.heureka.cz/direct/xml-export/shops/heureka-sekce.xml
CZ;8474;Mléka a kaše pro koťata;Heureka.cz | Chovatelské potřeby | Pro kočky | Krmivo pro kočky | Mléka a kaše pro koťata;5;https://www.heureka.cz/direct/xml-export/shops/heureka-sekce.xml
CZ;8475;Ostatní krmivo pro kočky;Heureka.cz | Chovatelské potřeby | Pro kočky | Krmivo pro kočky | Ostatní krmivo pro kočky;5;https://www.heureka.cz/direct/xml-export/shops/heureka-sekce.xml
CZ;8473;Pamlsky pro kočky;Heureka.cz | Chovatelské potřeby | Pro kočky | Krmivo pro kočky | Pamlsky pro kočky;5;https://www.heureka.cz/direct/xml-export/shops/heureka-sekce.xml
CZ;8472;Paštiky pro kočky;Heureka.cz | Chovatelské potřeby | Pro kočky | Krmivo pro kočky | Paštiky pro kočky;5;https://www.heureka.cz/direct/xml-export/shops/heureka-sekce.xml
CZ;2251;Misky a zásobníky pro kočky;Heureka.cz | Chovatelské potřeby | Pro kočky | Misky a zásobníky pro kočky;4;https://www.heureka.cz/direct/xml-export/shops/heureka-sekce.xml
CZ;2440;Obojky a postroje pro kočky;Heureka.cz | Chovatelské potřeby | Pro kočky | Obojky a postroje pro kočky;4;https://www.heureka.cz/direct/xml-export/shops/heureka-sekce.xml
CZ;8332;Ochranné sítě a mříže pro kočky;Heureka.cz | Chovatelské potřeby | Pro kočky | Ochranné sítě a mříže pro kočky;4;https://www.heureka.cz/direct/xml-export/shops/heureka-sekce.xml
CZ;2255;Odpočívadla a škrabadla pro kočky;Heureka.cz | Chovatelské potřeby | Pro kočky | Odpočívadla a škrabadla pro kočky;4;https://www.heureka.cz/direct/xml-export/shops/heureka-sekce.xml
CZ;2664;Ostatní pomůcky pro kočky;Heureka.cz | Chovatelské potřeby | Pro kočky | Ostatní pomůcky pro kočky;4;https://www.heureka.cz/direct/xml-export/shops/heureka-sekce.xml
CZ;8569;Pelíšky pro kočky;Heureka.cz | Chovatelské potřeby | Pro kočky | Pelíšky pro kočky;4;https://www.heureka.cz/direct/xml-export/shops/heureka-sekce.xml
CZ;2441;Přepravky pro kočky;Heureka.cz | Chovatelské potřeby | Pro kočky | Přepravky pro kočky;4;https://www.heureka.cz/direct/xml-export/shops/heureka-sekce.xml
CZ;2250;Výcvik koček;Heureka.cz | Chovatelské potřeby | Pro kočky | Výcvik koček;4;https://www.heureka.cz/direct/xml-export/shops/heureka-sekce.xml
CZ;8333;Bazény pro psy;Heureka.cz | Chovatelské potřeby | Pro psy | Bazény pro psy;4;https://www.heureka.cz/direct/xml-export/shops/heureka-sekce.xml
CZ;8420;Autopotahy a tunely pro psy;Heureka.cz | Chovatelské potřeby | Pro psy | Cestování se psy | Autopotahy a tunely pro psy;5;https://www.heureka.cz/direct/xml-export/shops/heureka-sekce.xml
CZ;8421;Autosedačky pro psy;Heureka.cz | Chovatelské potřeby | Pro psy | Cestování se psy | Autosedačky pro psy;5;https://www.heureka.cz/direct/xml-export/shops/heureka-sekce.xml
CZ;8422;Cestovní batůžky pro psy;Heureka.cz | Chovatelské potřeby | Pro psy | Cestování se psy | Cestovní batůžky pro psy;5;https://www.heureka.cz/direct/xml-export/shops/heureka-sekce.xml
CZ;8335;Cestovní láhve pro psy;Heureka.cz | Chovatelské potřeby | Pro psy | Cestování se psy | Cestovní láhve pro psy;5;https://www.heureka.cz/direct/xml-export/shops/heureka-sekce.xml
CZ;8432;Klece pro psy;Heureka.cz | Chovatelské potřeby | Pro psy | Cestování se psy | Klece pro psy;5;https://www.heureka.cz/direct/xml-export/shops/heureka-sekce.xml
CZ;8433;Nástupní rampy pro psy;Heureka.cz | Chovatelské potřeby | Pro psy | Cestování se psy | Nástupní rampy pro psy;5;https://www.heureka.cz/direct/xml-export/shops/heureka-sekce.xml
CZ;2244;Ostatní potřeby pro cestování se psem;Heureka.cz | Chovatelské potřeby | Pro psy | Cestování se psy | Ostatní potřeby pro cestování se psem;5;https://www.heureka.cz/direct/xml-export/shops/heureka-sekce.xml
CZ;8435;Přepravky a boxy pro psy;Heureka.cz | Chovatelské potřeby | Pro psy | Cestování se psy | Přepravky a boxy pro psy;5;https://www.heureka.cz/direct/xml-export/shops/heureka-sekce.xml
CZ;2239;Hračky pro psy;Heureka.cz | Chovatelské potřeby | Pro psy | Hračky pro psy;4;https://www.heureka.cz/direct/xml-export/shops/heureka-sekce.xml
CZ;8512;Hárací kalhotky pro psy;Heureka.cz | Chovatelské potřeby | Pro psy | Hygiena a kosmetika pro psy | Hárací kalhotky pro psy;5;https://www.heureka.cz/direct/xml-export/shops/heureka-sekce.xml
CZ;8551;Kleště a brusky na drápy pro psy;Heureka.cz | Chovatelské potřeby | Pro psy | Hygiena a kosmetika pro psy | Kleště a brusky na drápy pro psy;5;https://www.heureka.cz/direct/xml-export/shops/heureka-sekce.xml
CZ;8553;Parfémy pro psy;Heureka.cz | Chovatelské potřeby | Pro psy | Hygiena a kosmetika pro psy | Parfémy pro psy;5;https://www.heureka.cz/direct/xml-export/shops/heureka-sekce.xml
CZ;8513;Pleny a absorpční podložky pro psy;Heureka.cz | Chovatelské potřeby | Pro psy | Hygiena a kosmetika pro psy | Pleny a absorpční podložky pro psy;5;https://www.heureka.cz/direct/xml-export/shops/heureka-sekce.xml
CZ;5824;Péče o psí chrup;Heureka.cz | Chovatelské potřeby | Pro psy | Hygiena a kosmetika pro psy | Péče o psí chrup;5;https://www.heureka.cz/direct/xml-export/shops/heureka-sekce.xml
CZ;8526;Hrabla na psy;Heureka.cz | Chovatelské potřeby | Pro psy | Hygiena a kosmetika pro psy | Péče o psí srst | Hrabla na psy;6;https://www.heureka.cz/direct/xml-export/shops/heureka-sekce.xml
CZ;8527;Hřebeny na psy;Heureka.cz | Chovatelské potřeby | Pro psy | Hygiena a kosmetika pro psy | Péče o psí srst | Hřebeny na psy;6;https://www.heureka.cz/direct/xml-export/shops/heureka-sekce.xml
CZ;5823;Kartáče na psy;Heureka.cz | Chovatelské potřeby | Pro psy | Hygiena a kosmetika pro psy | Péče o psí srst | Kartáče na psy;6;https://www.heureka.cz/direct/xml-export/shops/heureka-sekce.xml
CZ;8529;Kondicionéry a balzámy pro psy;Heureka.cz | Chovatelské potřeby | Pro psy | Hygiena a kosmetika pro psy | Péče o psí srst | Kondicionéry a balzámy pro psy;6;https://www.heureka.cz/direct/xml-export/shops/heureka-sekce.xml
CZ;2241;Kosmetika a úprava psa;Heureka.cz | Chovatelské potřeby | Pro psy | Hygiena a kosmetika pro psy | Péče o psí srst | Kosmetika a úprava psa;6;https://www.heureka.cz/direct/xml-export/shops/heureka-sekce.xml
CZ;8528;Nůžky na psy;Heureka.cz | Chovatelské potřeby | Pro psy | Hygiena a kosmetika pro psy | Péče o psí srst | Nůžky na psy;6;https://www.heureka.cz/direct/xml-export/shops/heureka-sekce.xml
CZ;8530;Pěny, oleje a pudry pro psy;Heureka.cz | Chovatelské potřeby | Pro psy | Hygiena a kosmetika pro psy | Péče o psí srst | Pěny, oleje a pudry pro psy;6;https://www.heureka.cz/direct/xml-export/shops/heureka-sekce.xml
CZ;8531;Rukavice na vyčesávání srsti;Heureka.cz | Chovatelské potřeby | Pro psy | Hygiena a kosmetika pro psy | Péče o psí srst | Rukavice na vyčesávání srsti;6;https://www.heureka.cz/direct/xml-export/shops/heureka-sekce.xml
CZ;6233;Strojky na kočky a psy;Heureka.cz | Chovatelské potřeby | Pro psy | Hygiena a kosmetika pro psy | Péče o psí srst | Strojky na kočky a psy;6;https://www.heureka.cz/direct/xml-export/shops/heureka-sekce.xml
CZ;8532;Trimovací nože na psí srst;Heureka.cz | Chovatelské potřeby | Pro psy | Hygiena a kosmetika pro psy | Péče o psí srst | Trimovací nože na psí srst;6;https://www.heureka.cz/direct/xml-export/shops/heureka-sekce.xml
CZ;5822;Šampony pro psy;Heureka.cz | Chovatelské potřeby | Pro psy | Hygiena a kosmetika pro psy | Péče o psí srst | Šampony pro psy;6;https://www.heureka.cz/direct/xml-export/shops/heureka-sekce.xml
CZ;8552;Ručníky a osušky pro psy;Heureka.cz | Chovatelské potřeby | Pro psy | Hygiena a kosmetika pro psy | Ručníky a osušky pro psy;5;https://www.heureka.cz/direct/xml-export/shops/heureka-sekce.xml
CZ;8382;Masa pro psy;Heureka.cz | Chovatelské potřeby | Pro psy | Krmivo pro psy | Barf | Masa pro psy;6;https://www.heureka.cz/direct/xml-export/shops/heureka-sekce.xml
CZ;8381;Přílohy pro psy;Heureka.cz | Chovatelské potřeby | Pro psy | Krmivo pro psy | Barf | Přílohy pro psy;6;https://www.heureka.cz/direct/xml-export/shops/heureka-sekce.xml
CZ;1963;Granule pro psy;Heureka.cz | Chovatelské potřeby | Pro psy | Krmivo pro psy | Granule pro psy;5;https://www.heureka.cz/direct/xml-export/shops/heureka-sekce.xml
CZ;8374;Kapsičky pro psy;Heureka.cz | Chovatelské potřeby | Pro psy | Krmivo pro psy | Kapsičky pro psy;5;https://www.heureka.cz/direct/xml-export/shops/heureka-sekce.xml
CZ;8375;Konzervy pro psy;Heureka.cz | Chovatelské potřeby | Pro psy | Krmivo pro psy | Konzervy pro psy;5;https://www.heureka.cz/direct/xml-export/shops/heureka-sekce.xml
CZ;8376;Mléka a kaše pro štěňata;Heureka.cz | Chovatelské potřeby | Pro psy | Krmivo pro psy | Mléka a kaše pro štěňata;5;https://www.heureka.cz/direct/xml-export/shops/heureka-sekce.xml
CZ;8378;Ostatní krmivo pro psy;Heureka.cz | Chovatelské potřeby | Pro psy | Krmivo pro psy | Ostatní krmivo pro psy;5;https://www.heureka.cz/direct/xml-export/shops/heureka-sekce.xml
CZ;3120;Pamlsky pro psy;Heureka.cz | Chovatelské potřeby | Pro psy | Krmivo pro psy | Pamlsky pro psy;5;https://www.heureka.cz/direct/xml-export/shops/heureka-sekce.xml
CZ;8377;Paštiky pro psy;Heureka.cz | Chovatelské potřeby | Pro psy | Krmivo pro psy | Paštiky pro psy;5;https://www.heureka.cz/direct/xml-export/shops/heureka-sekce.xml
CZ;8379;Salámy pro psy;Heureka.cz | Chovatelské potřeby | Pro psy | Krmivo pro psy | Salámy pro psy;5;https://www.heureka.cz/direct/xml-export/shops/heureka-sekce.xml
CZ;2242;Misky a zásobníky pro psy;Heureka.cz | Chovatelské potřeby | Pro psy | Misky a zásobníky pro psy;4;https://www.heureka.cz/direct/xml-export/shops/heureka-sekce.xml
CZ;2665;Oblečky na psy;Heureka.cz | Chovatelské potřeby | Pro psy | Oblečky na psy;4;https://www.heureka.cz/direct/xml-export/shops/heureka-sekce.xml
CZ;3074;Náhubky pro psy;Heureka.cz | Chovatelské potřeby | Pro psy | Obojky a vodítka pro psy | Náhubky pro psy;5;https://www.heureka.cz/direct/xml-export/shops/heureka-sekce.xml
CZ;3110;Obojky pro psy;Heureka.cz | Chovatelské potřeby | Pro psy | Obojky a vodítka pro psy | Obojky pro psy;5;https://www.heureka.cz/direct/xml-export/shops/heureka-sekce.xml
CZ;3111;Postroje pro psy;Heureka.cz | Chovatelské potřeby | Pro psy | Obojky a vodítka pro psy | Postroje pro psy;5;https://www.heureka.cz/direct/xml-export/shops/heureka-sekce.xml
CZ;2342;Vodítka pro psy;Heureka.cz | Chovatelské potřeby | Pro psy | Obojky a vodítka pro psy | Vodítka pro psy;5;https://www.heureka.cz/direct/xml-export/shops/heureka-sekce.xml
CZ;5028;Známky, adresáře a přívěsky pro psy;Heureka.cz | Chovatelské potřeby | Pro psy | Obojky a vodítka pro psy | Známky, adresáře a přívěsky pro psy;5;https://www.heureka.cz/direct/xml-export/shops/heureka-sekce.xml
CZ;2666;Ostatní pomůcky pro psy;Heureka.cz | Chovatelské potřeby | Pro psy | Ostatní pomůcky pro psy;4;https://www.heureka.cz/direct/xml-export/shops/heureka-sekce.xml
CZ;6654;Boudy pro psy;Heureka.cz | Chovatelské potřeby | Pro psy | Pelíšky, boudy a dvířka pro psy | Boudy pro psy;5;https://www.heureka.cz/direct/xml-export/shops/heureka-sekce.xml
CZ;6232;Dvířka pro psy;Heureka.cz | Chovatelské potřeby | Pro psy | Pelíšky, boudy a dvířka pro psy | Dvířka pro psy;5;https://www.heureka.cz/direct/xml-export/shops/heureka-sekce.xml
CZ;6655;Kotce pro psy;Heureka.cz | Chovatelské potřeby | Pro psy | Pelíšky, boudy a dvířka pro psy | Kotce pro psy;5;https://www.heureka.cz/direct/xml-export/shops/heureka-sekce.xml
CZ;2245;Pelíšky pro psy;Heureka.cz | Chovatelské potřeby | Pro psy | Pelíšky, boudy a dvířka pro psy | Pelíšky pro psy;5;https://www.heureka.cz/direct/xml-export/shops/heureka-sekce.xml
CZ;2240;Výcvik psa;Heureka.cz | Chovatelské potřeby | Pro psy | Výcvik a psí sporty | Základní výcvikové pomůcky pro psy | Výcvik psa;6;https://www.heureka.cz/direct/xml-export/shops/heureka-sekce.xml
CZ;2252;Klece a voliéry;Heureka.cz | Chovatelské potřeby | Pro ptáky | Klece a voliéry;4;https://www.heureka.cz/direct/xml-export/shops/heureka-sekce.xml
CZ;2024;Krmivo pro ptáky;Heureka.cz | Chovatelské potřeby | Pro ptáky | Krmivo pro ptáky;4;https://www.heureka.cz/direct/xml-export/shops/heureka-sekce.xml
CZ;2677;Ostatní doplňky pro ptáky;Heureka.cz | Chovatelské potřeby | Pro ptáky | Ostatní doplňky pro ptáky;4;https://www.heureka.cz/direct/xml-export/shops/heureka-sekce.xml
CZ;2676;Písky pro ptáky;Heureka.cz | Chovatelské potřeby | Pro ptáky | Písky pro ptáky;4;https://www.heureka.cz/direct/xml-export/shops/heureka-sekce.xml
CZ;8334;Přepravky pro ptáky;Heureka.cz | Chovatelské potřeby | Pro ptáky | Přepravky pro ptáky;4;https://www.heureka.cz/direct/xml-export/shops/heureka-sekce.xml
CZ;2656;Bidýlka;Heureka.cz | Chovatelské potřeby | Pro ptáky | Vybavení klecí a voliér | Bidýlka;5;https://www.heureka.cz/direct/xml-export/shops/heureka-sekce.xml
CZ;2253;Hračky pro ptáky;Heureka.cz | Chovatelské potřeby | Pro ptáky | Vybavení klecí a voliér | Hračky pro ptáky;5;https://www.heureka.cz/direct/xml-export/shops/heureka-sekce.xml
CZ;2675;Koupelny pro ptáky;Heureka.cz | Chovatelské potřeby | Pro ptáky | Vybavení klecí a voliér | Koupelny pro ptáky;5;https://www.heureka.cz/direct/xml-export/shops/heureka-sekce.xml
CZ;2657;Napáječky a krmítka pro ptáky;Heureka.cz | Chovatelské potřeby | Pro ptáky | Vybavení klecí a voliér | Napáječky a krmítka pro ptáky;5;https://www.heureka.cz/direct/xml-export/shops/heureka-sekce.xml
CZ;2699;Příslušenství ke klecím;Heureka.cz | Chovatelské potřeby | Pro ptáky | Vybavení klecí a voliér | Příslušenství ke klecím;5;https://www.heureka.cz/direct/xml-export/shops/heureka-sekce.xml
CZ;2668;Krmiva pro terarijní zvířata;Heureka.cz | Chovatelské potřeby | Teraristika | Krmiva pro terarijní zvířata;4;https://www.heureka.cz/direct/xml-export/shops/heureka-sekce.xml
CZ;2683;Mravenčí farmy;Heureka.cz | Chovatelské potřeby | Teraristika | Mravenčí farmy;4;https://www.heureka.cz/direct/xml-export/shops/heureka-sekce.xml
CZ;2673;Osvětlení do terárií;Heureka.cz | Chovatelské potřeby | Teraristika | Terarijní technika | Osvětlení do terárií;5;https://www.heureka.cz/direct/xml-export/shops/heureka-sekce.xml
CZ;2670;Terarijní teploměry a vlhkoměry;Heureka.cz | Chovatelské potřeby | Teraristika | Terarijní technika | Terarijní teploměry a vlhkoměry;5;https://www.heureka.cz/direct/xml-export/shops/heureka-sekce.xml
CZ;2671;Terarijní topidla;Heureka.cz | Chovatelské potřeby | Teraristika | Terarijní technika | Terarijní topidla;5;https://www.heureka.cz/direct/xml-export/shops/heureka-sekce.xml
CZ;2680;Terária;Heureka.cz | Chovatelské potřeby | Teraristika | Terária;4;https://www.heureka.cz/direct/xml-export/shops/heureka-sekce.xml
CZ;2667;Dekorace do terárií;Heureka.cz | Chovatelské potřeby | Teraristika | Vybavení terárií | Dekorace do terárií;5;https://www.heureka.cz/direct/xml-export/shops/heureka-sekce.xml
CZ;2674;Ostatní doplňky do terárií;Heureka.cz | Chovatelské potřeby | Teraristika | Vybavení terárií | Ostatní doplňky do terárií;5;https://www.heureka.cz/direct/xml-export/shops/heureka-sekce.xml
CZ;2669;Písky a substráty do terárií;Heureka.cz | Chovatelské potřeby | Teraristika | Vybavení terárií | Písky a substráty do terárií;5;https://www.heureka.cz/direct/xml-export/shops/heureka-sekce.xml
CZ;2246;Antiparazitika pro kočky;Heureka.cz | Chovatelské potřeby | Veterinární lékárna | Antiparazitika pro zvířata | Neveterinární antiparazitika | Antiparazitika pro kočky;6;https://www.heureka.cz/direct/xml-export/shops/heureka-sekce.xml
CZ;2243;Antiparazitika pro psy;Heureka.cz | Chovatelské potřeby | Veterinární lékárna | Antiparazitika pro zvířata | Neveterinární antiparazitika | Antiparazitika pro psy;6;https://www.heureka.cz/direct/xml-export/shops/heureka-sekce.xml
CZ;2254;Antiparazitika pro ptáky;Heureka.cz | Chovatelské potřeby | Veterinární lékárna | Antiparazitika pro zvířata | Neveterinární antiparazitika | Antiparazitika pro ptáky;6;https://www.heureka.cz/direct/xml-export/shops/heureka-sekce.xml
CZ;6034;Veterinární přípravky;Heureka.cz | Chovatelské potřeby | Veterinární lékárna | Veterinární přípravky;4;https://www.heureka.cz/direct/xml-export/shops/heureka-sekce.xml
CZ;6361;Vitamíny a doplňky stravy pro hlodavce;Heureka.cz | Chovatelské potřeby | Veterinární lékárna | Vitamíny a doplňky stravy pro zvířata | Vitamíny a doplňky stravy pro hlodavce;5;https://www.heureka.cz/direct/xml-export/shops/heureka-sekce.xml
CZ;6106;Vitamíny a doplňky stravy pro koně;Heureka.cz | Chovatelské potřeby | Veterinární lékárna | Vitamíny a doplňky stravy pro zvířata | Vitamíny a doplňky stravy pro koně;5;https://www.heureka.cz/direct/xml-export/shops/heureka-sekce.xml
CZ;6248;Vitamíny a doplňky stravy pro kočky;Heureka.cz | Chovatelské potřeby | Veterinární lékárna | Vitamíny a doplňky stravy pro zvířata | Vitamíny a doplňky stravy pro kočky;5;https://www.heureka.cz/direct/xml-export/shops/heureka-sekce.xml
CZ;3119;Vitamíny a doplňky stravy pro psy;Heureka.cz | Chovatelské potřeby | Veterinární lékárna | Vitamíny a doplňky stravy pro zvířata | Vitamíny a doplňky stravy pro psy;5;https://www.heureka.cz/direct/xml-export/shops/heureka-sekce.xml
CZ;6360;Vitamíny a doplňky stravy pro ptáky;Heureka.cz | Chovatelské potřeby | Veterinární lékárna | Vitamíny a doplňky stravy pro zvířata | Vitamíny a doplňky stravy pro ptáky;5;https://www.heureka.cz/direct/xml-export/shops/heureka-sekce.xml
CZ;5740;Pomůcky k chovu včelích matek;Heureka.cz | Chovatelské potřeby | Včelařství | Chov včelích matek | Pomůcky k chovu včelích matek;5;https://www.heureka.cz/direct/xml-export/shops/heureka-sekce.xml
CZ;5742;Značení včelích matek;Heureka.cz | Chovatelské potřeby | Včelařství | Chov včelích matek | Značení včelích matek;5;https://www.heureka.cz/direct/xml-export/shops/heureka-sekce.xml
CZ;5734;Krmivo pro včely;Heureka.cz | Chovatelské potřeby | Včelařství | Krmení včel | Krmivo pro včely;5;https://www.heureka.cz/direct/xml-export/shops/heureka-sekce.xml
CZ;5738;Léčení a dezinfekce včel;Heureka.cz | Chovatelské potřeby | Včelařství | Léčení a dezinfekce včel;4;https://www.heureka.cz/direct/xml-export/shops/heureka-sekce.xml
CZ;5728;Bundy a kabáty pro včelaře;Heureka.cz | Chovatelské potřeby | Včelařství | Ochranné pomůcky pro včelaře | Bundy a kabáty pro včelaře;5;https://www.heureka.cz/direct/xml-export/shops/heureka-sekce.xml
CZ;5731;Dětské včelařské oblečení;Heureka.cz | Chovatelské potřeby | Včelařství | Ochranné pomůcky pro včelaře | Dětské včelařské oblečení;5;https://www.heureka.cz/direct/xml-export/shops/heureka-sekce.xml
CZ;5729;Kalhoty pro včelaře;Heureka.cz | Chovatelské potřeby | Včelařství | Ochranné pomůcky pro včelaře | Kalhoty pro včelaře;5;https://www.heureka.cz/direct/xml-export/shops/heureka-sekce.xml
CZ;5730;Klobouky a kukly pro včelaře;Heureka.cz | Chovatelské potřeby | Včelařství | Ochranné pomůcky pro včelaře | Klobouky a kukly pro včelaře;5;https://www.heureka.cz/direct/xml-export/shops/heureka-sekce.xml
CZ;5727;Kombinézy pro včelaře;Heureka.cz | Chovatelské potřeby | Včelařství | Ochranné pomůcky pro včelaře | Kombinézy pro včelaře;5;https://www.heureka.cz/direct/xml-export/shops/heureka-sekce.xml
CZ;5732;Ostatní oblečení pro včelaře;Heureka.cz | Chovatelské potřeby | Včelařství | Ochranné pomůcky pro včelaře | Ostatní oblečení pro včelaře;5;https://www.heureka.cz/direct/xml-export/shops/heureka-sekce.xml
CZ;5726;Rukavice pro včelaře;Heureka.cz | Chovatelské potřeby | Včelařství | Ochranné pomůcky pro včelaře | Rukavice pro včelaře;5;https://www.heureka.cz/direct/xml-export/shops/heureka-sekce.xml
CZ;5702;Medomety a příslušenství k práci s včelím medem;Heureka.cz | Chovatelské potřeby | Včelařství | Práce s včelím medem | Medomety a příslušenství k práci s včelím medem;5;https://www.heureka.cz/direct/xml-export/shops/heureka-sekce.xml
CZ;5703;Pastování a ztekucování včelího medu;Heureka.cz | Chovatelské potřeby | Včelařství | Práce s včelím medem | Pastování a ztekucování včelího medu;5;https://www.heureka.cz/direct/xml-export/shops/heureka-sekce.xml
CZ;5705;Potřeby na odvíčkování včelích plástů;Heureka.cz | Chovatelské potřeby | Včelařství | Práce s včelím medem | Potřeby na odvíčkování včelích plástů;5;https://www.heureka.cz/direct/xml-export/shops/heureka-sekce.xml
CZ;5706;Stáčecí a čeřící nádoby na včelí med;Heureka.cz | Chovatelské potřeby | Včelařství | Práce s včelím medem | Stáčecí a čeřící nádoby na včelí med;5;https://www.heureka.cz/direct/xml-export/shops/heureka-sekce.xml
CZ;5704;Síta a cedníky na včelí med;Heureka.cz | Chovatelské potřeby | Včelařství | Práce s včelím medem | Síta a cedníky na včelí med;5;https://www.heureka.cz/direct/xml-export/shops/heureka-sekce.xml
CZ;5717;Vařáky na včelí vosk;Heureka.cz | Chovatelské potřeby | Včelařství | Práce s včelím voskem | Vařáky na včelí vosk;5;https://www.heureka.cz/direct/xml-export/shops/heureka-sekce.xml
CZ;5712;Mezistěny do včelích úlů;Heureka.cz | Chovatelské potřeby | Včelařství | Rámky do včelích úlů a příslušenství | Mezistěny do včelích úlů;5;https://www.heureka.cz/direct/xml-export/shops/heureka-sekce.xml
CZ;5714;Potřeby na výrobu rámků do včelích úlů;Heureka.cz | Chovatelské potřeby | Včelařství | Rámky do včelích úlů a příslušenství | Potřeby na výrobu rámků do včelích úlů;5;https://www.heureka.cz/direct/xml-export/shops/heureka-sekce.xml
CZ;5711;Rámky a rámkové přířezy do včelích úlů;Heureka.cz | Chovatelské potřeby | Včelařství | Rámky do včelích úlů a příslušenství | Rámky a rámkové přířezy do včelích úlů;5;https://www.heureka.cz/direct/xml-export/shops/heureka-sekce.xml
CZ;5721;Dýmáky a příslušenství pro včelaře;Heureka.cz | Chovatelské potřeby | Včelařství | Včelařské pomůcky | Dýmáky a příslušenství pro včelaře;5;https://www.heureka.cz/direct/xml-export/shops/heureka-sekce.xml
CZ;2350;Ostatní včelařské pomůcky;Heureka.cz | Chovatelské potřeby | Včelařství | Včelařské pomůcky | Ostatní včelařské pomůcky;5;https://www.heureka.cz/direct/xml-export/shops/heureka-sekce.xml
CZ;5700;Příslušenství k nástavkovým úlům;Heureka.cz | Chovatelské potřeby | Včelařství | Včelí úly a potřeby k úlům | Příslušenství k nástavkovým úlům;5;https://www.heureka.cz/direct/xml-export/shops/heureka-sekce.xml
CZ;1038;Domácí ventilátory;Heureka.cz | Domácí a osobní spotřebiče | Chlazení a topení | Domácí ventilátory;4;https://www.heureka.cz/direct/xml-export/shops/heureka-sekce.xml
CZ;1044;Klimatizace;Heureka.cz | Domácí a osobní spotřebiče | Chlazení a topení | Klimatizace;4;https://www.heureka.cz/direct/xml-export/shops/heureka-sekce.xml
CZ;5947;Mobilní klimatizace;Heureka.cz | Domácí a osobní spotřebiče | Chlazení a topení | Mobilní klimatizace;4;https://www.heureka.cz/direct/xml-export/shops/heureka-sekce.xml
CZ;5981;Ochlazovače vzduchu;Heureka.cz | Domácí a osobní spotřebiče | Chlazení a topení | Ochlazovače vzduchu;4;https://www.heureka.cz/direct/xml-export/shops/heureka-sekce.xml
CZ;6445;Stropní ventilátory;Heureka.cz | Domácí a osobní spotřebiče | Chlazení a topení | Stropní ventilátory;4;https://www.heureka.cz/direct/xml-export/shops/heureka-sekce.xml
CZ;2191;Destilační přístroje;Heureka.cz | Domácí a osobní spotřebiče | Kuchyňské spotřebiče | Filtrace vody | Destilační přístroje;5;https://www.heureka.cz/direct/xml-export/shops/heureka-sekce.xml
CZ;5404;Filtrační konvice;Heureka.cz | Domácí a osobní spotřebiče | Kuchyňské spotřebiče | Filtrace vody | Filtrační konvice;5;https://www.heureka.cz/direct/xml-export/shops/heureka-sekce.xml
CZ;8418;Filtrační lahve;Heureka.cz | Domácí a osobní spotřebiče | Kuchyňské spotřebiče | Filtrace vody | Filtrační lahve;5;https://www.heureka.cz/direct/xml-export/shops/heureka-sekce.xml
CZ;8372;Filtrační patrony;Heureka.cz | Domácí a osobní spotřebiče | Kuchyňské spotřebiče | Filtrace vody | Filtrační patrony;5;https://www.heureka.cz/direct/xml-export/shops/heureka-sekce.xml
CZ;3004;Příslušenství k vodním filtrům;Heureka.cz | Domácí a osobní spotřebiče | Kuchyňské spotřebiče | Filtrace vody | Příslušenství k vodním filtrům;5;https://www.heureka.cz/direct/xml-export/shops/heureka-sekce.xml
CZ;948;Vodní filtry;Heureka.cz | Domácí a osobní spotřebiče | Kuchyňské spotřebiče | Filtrace vody | Vodní filtry;5;https://www.heureka.cz/direct/xml-export/shops/heureka-sekce.xml
CZ;6474;Elektrická struhadla;Heureka.cz | Domácí a osobní spotřebiče | Kuchyňské spotřebiče | Příprava jídla | Malé kuchyňské spotřebiče | Krájení a strouhání | Elektrická struhadla;7;https://www.heureka.cz/direct/xml-export/shops/heureka-sekce.xml
CZ;970;Elektrické kuchyňské kráječe;Heureka.cz | Domácí a osobní spotřebiče | Kuchyňské spotřebiče | Příprava jídla | Malé kuchyňské spotřebiče | Krájení a strouhání | Elektrické kuchyňské kráječe;7;https://www.heureka.cz/direct/xml-export/shops/heureka-sekce.xml
CZ;6423;Elektrické kuchyňské mlýnky;Heureka.cz | Domácí a osobní spotřebiče | Kuchyňské spotřebiče | Příprava jídla | Malé kuchyňské spotřebiče | Krájení a strouhání | Elektrické kuchyňské mlýnky;7;https://www.heureka.cz/direct/xml-export/shops/heureka-sekce.xml
CZ;1013;Kuchyňské mlýnky;Heureka.cz | Domácí a osobní spotřebiče | Kuchyňské spotřebiče | Příprava jídla | Malé kuchyňské spotřebiče | Krájení a strouhání | Kuchyňské mlýnky;7;https://www.heureka.cz/direct/xml-export/shops/heureka-sekce.xml
CZ;6993;Mlýnky na koření;Heureka.cz | Domácí a osobní spotřebiče | Kuchyňské spotřebiče | Příprava jídla | Malé kuchyňské spotřebiče | Krájení a strouhání | Mlýnky na koření;7;https://www.heureka.cz/direct/xml-export/shops/heureka-sekce.xml
CZ;6557;Ruční kuchyňské kráječe;Heureka.cz | Domácí a osobní spotřebiče | Kuchyňské spotřebiče | Příprava jídla | Malé kuchyňské spotřebiče | Krájení a strouhání | Ruční kuchyňské kráječe;7;https://www.heureka.cz/direct/xml-export/shops/heureka-sekce.xml
CZ;953;Kuchyňské roboty;Heureka.cz | Domácí a osobní spotřebiče | Kuchyňské spotřebiče | Příprava jídla | Malé kuchyňské spotřebiče | Mixování a šlehání | Kuchyňské roboty;7;https://www.heureka.cz/direct/xml-export/shops/heureka-sekce.xml
CZ;952;Mixéry;Heureka.cz | Domácí a osobní spotřebiče | Kuchyňské spotřebiče | Příprava jídla | Malé kuchyňské spotřebiče | Mixování a šlehání | Mixéry;7;https://www.heureka.cz/direct/xml-export/shops/heureka-sekce.xml
CZ;6258;Šlehače;Heureka.cz | Domácí a osobní spotřebiče | Kuchyňské spotřebiče | Příprava jídla | Malé kuchyňské spotřebiče | Mixování a šlehání | Šlehače;7;https://www.heureka.cz/direct/xml-export/shops/heureka-sekce.xml
CZ;6260;Domácí grily;Heureka.cz | Domácí a osobní spotřebiče | Kuchyňské spotřebiče | Příprava jídla | Malé kuchyňské spotřebiče | Pečení a opékání | Domácí grily;7;https://www.heureka.cz/direct/xml-export/shops/heureka-sekce.xml
CZ;955;Domácí pekárny;Heureka.cz | Domácí a osobní spotřebiče | Kuchyňské spotřebiče | Příprava jídla | Malé kuchyňské spotřebiče | Pečení a opékání | Domácí pekárny;7;https://www.heureka.cz/direct/xml-export/shops/heureka-sekce.xml
CZ;2831;Elektrické pečicí pánve;Heureka.cz | Domácí a osobní spotřebiče | Kuchyňské spotřebiče | Příprava jídla | Malé kuchyňské spotřebiče | Pečení a opékání | Elektrické pečicí pánve;7;https://www.heureka.cz/direct/xml-export/shops/heureka-sekce.xml
CZ;2999;Palačinkovače;Heureka.cz | Domácí a osobní spotřebiče | Kuchyňské spotřebiče | Příprava jídla | Malé kuchyňské spotřebiče | Pečení a opékání | Palačinkovače;7;https://www.heureka.cz/direct/xml-export/shops/heureka-sekce.xml
CZ;3778;Pece na pizzu;Heureka.cz | Domácí a osobní spotřebiče | Kuchyňské spotřebiče | Příprava jídla | Malé kuchyňské spotřebiče | Pečení a opékání | Pece na pizzu;7;https://www.heureka.cz/direct/xml-export/shops/heureka-sekce.xml
CZ;950;Sendvičovače;Heureka.cz | Domácí a osobní spotřebiče | Kuchyňské spotřebiče | Příprava jídla | Malé kuchyňské spotřebiče | Pečení a opékání | Sendvičovače;7;https://www.heureka.cz/direct/xml-export/shops/heureka-sekce.xml
CZ;951;Topinkovače;Heureka.cz | Domácí a osobní spotřebiče | Kuchyňské spotřebiče | Příprava jídla | Malé kuchyňské spotřebiče | Pečení a opékání | Topinkovače;7;https://www.heureka.cz/direct/xml-export/shops/heureka-sekce.xml
CZ;2435;Vaflovače;Heureka.cz | Domácí a osobní spotřebiče | Kuchyňské spotřebiče | Příprava jídla | Malé kuchyňské spotřebiče | Pečení a opékání | Vaflovače;7;https://www.heureka.cz/direct/xml-export/shops/heureka-sekce.xml
CZ;4007;Elektrické hrnce;Heureka.cz | Domácí a osobní spotřebiče | Kuchyňské spotřebiče | Příprava jídla | Malé kuchyňské spotřebiče | Vaření a smažení | Elektrické hrnce;7;https://www.heureka.cz/direct/xml-export/shops/heureka-sekce.xml
CZ;949;Fritézy;Heureka.cz | Domácí a osobní spotřebiče | Kuchyňské spotřebiče | Příprava jídla | Malé kuchyňské spotřebiče | Vaření a smažení | Fritézy;7;https://www.heureka.cz/direct/xml-export/shops/heureka-sekce.xml
CZ;2495;Parní hrnce;Heureka.cz | Domácí a osobní spotřebiče | Kuchyňské spotřebiče | Příprava jídla | Malé kuchyňské spotřebiče | Vaření a smažení | Parní hrnce;7;https://www.heureka.cz/direct/xml-export/shops/heureka-sekce.xml
CZ;6519;Parní hrnce na příkrmy;Heureka.cz | Domácí a osobní spotřebiče | Kuchyňské spotřebiče | Příprava jídla | Malé kuchyňské spotřebiče | Vaření a smažení | Parní hrnce na příkrmy;7;https://www.heureka.cz/direct/xml-export/shops/heureka-sekce.xml
CZ;3782;Rýžovary;Heureka.cz | Domácí a osobní spotřebiče | Kuchyňské spotřebiče | Příprava jídla | Malé kuchyňské spotřebiče | Vaření a smažení | Rýžovary;7;https://www.heureka.cz/direct/xml-export/shops/heureka-sekce.xml
CZ;6439;Varné roboty;Heureka.cz | Domácí a osobní spotřebiče | Kuchyňské spotřebiče | Příprava jídla | Malé kuchyňské spotřebiče | Vaření a smažení | Varné roboty;7;https://www.heureka.cz/direct/xml-export/shops/heureka-sekce.xml
CZ;1958;Vařiče;Heureka.cz | Domácí a osobní spotřebiče | Kuchyňské spotřebiče | Příprava jídla | Malé kuchyňské spotřebiče | Vaření a smažení | Vařiče;7;https://www.heureka.cz/direct/xml-export/shops/heureka-sekce.xml
CZ;3781;Vařiče vajec;Heureka.cz | Domácí a osobní spotřebiče | Kuchyňské spotřebiče | Příprava jídla | Malé kuchyňské spotřebiče | Vaření a smažení | Vařiče vajec;7;https://www.heureka.cz/direct/xml-export/shops/heureka-sekce.xml
CZ;6539;Elektrické lisy na citrusy;Heureka.cz | Domácí a osobní spotřebiče | Kuchyňské spotřebiče | Příprava jídla | Malé kuchyňské spotřebiče | Vychytávky do kuchyně | Elektrické lisy na citrusy;7;https://www.heureka.cz/direct/xml-export/shops/heureka-sekce.xml
CZ;6916;Flambovací pistole;Heureka.cz | Domácí a osobní spotřebiče | Kuchyňské spotřebiče | Příprava jídla | Malé kuchyňské spotřebiče | Vychytávky do kuchyně | Flambovací pistole;7;https://www.heureka.cz/direct/xml-export/shops/heureka-sekce.xml
CZ;3779;Hotdogovače;Heureka.cz | Domácí a osobní spotřebiče | Kuchyňské spotřebiče | Příprava jídla | Malé kuchyňské spotřebiče | Vychytávky do kuchyně | Hotdogovače;7;https://www.heureka.cz/direct/xml-export/shops/heureka-sekce.xml
CZ;6467;Jogurtovače;Heureka.cz | Domácí a osobní spotřebiče | Kuchyňské spotřebiče | Příprava jídla | Malé kuchyňské spotřebiče | Vychytávky do kuchyně | Jogurtovače;7;https://www.heureka.cz/direct/xml-export/shops/heureka-sekce.xml
CZ;1012;Kuchyňské váhy;Heureka.cz | Domácí a osobní spotřebiče | Kuchyňské spotřebiče | Příprava jídla | Malé kuchyňské spotřebiče | Vychytávky do kuchyně | Kuchyňské váhy;7;https://www.heureka.cz/direct/xml-export/shops/heureka-sekce.xml
CZ;6469;Muffinovače a koblihovače;Heureka.cz | Domácí a osobní spotřebiče | Kuchyňské spotřebiče | Příprava jídla | Malé kuchyňské spotřebiče | Vychytávky do kuchyně | Muffinovače a koblihovače;7;https://www.heureka.cz/direct/xml-export/shops/heureka-sekce.xml
CZ;954;Odšťavňovače;Heureka.cz | Domácí a osobní spotřebiče | Kuchyňské spotřebiče | Příprava jídla | Malé kuchyňské spotřebiče | Vychytávky do kuchyně | Odšťavňovače;7;https://www.heureka.cz/direct/xml-export/shops/heureka-sekce.xml
CZ;1014;Ostatní kuchyňské spotřebiče;Heureka.cz | Domácí a osobní spotřebiče | Kuchyňské spotřebiče | Příprava jídla | Malé kuchyňské spotřebiče | Vychytávky do kuchyně | Ostatní kuchyňské spotřebiče;7;https://www.heureka.cz/direct/xml-export/shops/heureka-sekce.xml
CZ;6468;Popcornovače;Heureka.cz | Domácí a osobní spotřebiče | Kuchyňské spotřebiče | Příprava jídla | Malé kuchyňské spotřebiče | Vychytávky do kuchyně | Popcornovače;7;https://www.heureka.cz/direct/xml-export/shops/heureka-sekce.xml
CZ;6656;Sous-vide;Heureka.cz | Domácí a osobní spotřebiče | Kuchyňské spotřebiče | Příprava jídla | Malé kuchyňské spotřebiče | Vychytávky do kuchyně | Sous-vide;7;https://www.heureka.cz/direct/xml-export/shops/heureka-sekce.xml
CZ;1747;Stroje na cukrovou vatu;Heureka.cz | Domácí a osobní spotřebiče | Kuchyňské spotřebiče | Příprava jídla | Malé kuchyňské spotřebiče | Vychytávky do kuchyně | Stroje na cukrovou vatu;7;https://www.heureka.cz/direct/xml-export/shops/heureka-sekce.xml
CZ;1006;Sušičky potravin;Heureka.cz | Domácí a osobní spotřebiče | Kuchyňské spotřebiče | Příprava jídla | Malé kuchyňské spotřebiče | Vychytávky do kuchyně | Sušičky potravin;7;https://www.heureka.cz/direct/xml-export/shops/heureka-sekce.xml
CZ;3065;Svářečky fólií a vakuovačky;Heureka.cz | Domácí a osobní spotřebiče | Kuchyňské spotřebiče | Příprava jídla | Malé kuchyňské spotřebiče | Vychytávky do kuchyně | Svářečky fólií a vakuovačky;7;https://www.heureka.cz/direct/xml-export/shops/heureka-sekce.xml
CZ;6915;Udicí pistole;Heureka.cz | Domácí a osobní spotřebiče | Kuchyňské spotřebiče | Příprava jídla | Malé kuchyňské spotřebiče | Vychytávky do kuchyně | Udicí pistole;7;https://www.heureka.cz/direct/xml-export/shops/heureka-sekce.xml
CZ;1699;Zmrzlinovače;Heureka.cz | Domácí a osobní spotřebiče | Kuchyňské spotřebiče | Příprava jídla | Malé kuchyňské spotřebiče | Vychytávky do kuchyně | Zmrzlinovače;7;https://www.heureka.cz/direct/xml-export/shops/heureka-sekce.xml
CZ;5027;Drtiče ledu;Heureka.cz | Domácí a osobní spotřebiče | Kuchyňské spotřebiče | Příprava nápojů | Drtiče ledu;5;https://www.heureka.cz/direct/xml-export/shops/heureka-sekce.xml
CZ;4369;Konvice na vaření vody;Heureka.cz | Domácí a osobní spotřebiče | Kuchyňské spotřebiče | Příprava nápojů | Konvice na vaření vody;5;https://www.heureka.cz/direct/xml-export/shops/heureka-sekce.xml
CZ;6705;Alternativní příprava kávy;Heureka.cz | Domácí a osobní spotřebiče | Kuchyňské spotřebiče | Příprava nápojů | Kávovary a příprava kávy | Alternativní příprava kávy;6;https://www.heureka.cz/direct/xml-export/shops/heureka-sekce.xml
CZ;946;Automatické kávovary;Heureka.cz | Domácí a osobní spotřebiče | Kuchyňské spotřebiče | Příprava nápojů | Kávovary a příprava kávy | Automatické kávovary;6;https://www.heureka.cz/direct/xml-export/shops/heureka-sekce.xml
CZ;5203;Džezvy;Heureka.cz | Domácí a osobní spotřebiče | Kuchyňské spotřebiče | Příprava nápojů | Kávovary a příprava kávy | Džezvy;6;https://www.heureka.cz/direct/xml-export/shops/heureka-sekce.xml
CZ;8437;French pressy;Heureka.cz | Domácí a osobní spotřebiče | Kuchyňské spotřebiče | Příprava nápojů | Kávovary a příprava kávy | French pressy;6;https://www.heureka.cz/direct/xml-export/shops/heureka-sekce.xml
CZ;6706;Kávovary na kapsle;Heureka.cz | Domácí a osobní spotřebiče | Kuchyňské spotřebiče | Příprava nápojů | Kávovary a příprava kávy | Kávovary na kapsle;6;https://www.heureka.cz/direct/xml-export/shops/heureka-sekce.xml
CZ;1595;Mlýnky na kávu;Heureka.cz | Domácí a osobní spotřebiče | Kuchyňské spotřebiče | Příprava nápojů | Kávovary a příprava kávy | Mlýnky na kávu;6;https://www.heureka.cz/direct/xml-export/shops/heureka-sekce.xml
CZ;5204;Moka konvice;Heureka.cz | Domácí a osobní spotřebiče | Kuchyňské spotřebiče | Příprava nápojů | Kávovary a příprava kávy | Moka konvice;6;https://www.heureka.cz/direct/xml-export/shops/heureka-sekce.xml
CZ;3780;Napěňovače mléka;Heureka.cz | Domácí a osobní spotřebiče | Kuchyňské spotřebiče | Příprava nápojů | Kávovary a příprava kávy | Napěňovače mléka;6;https://www.heureka.cz/direct/xml-export/shops/heureka-sekce.xml
CZ;6708;Pákové kávovary;Heureka.cz | Domácí a osobní spotřebiče | Kuchyňské spotřebiče | Příprava nápojů | Kávovary a příprava kávy | Pákové kávovary;6;https://www.heureka.cz/direct/xml-export/shops/heureka-sekce.xml
CZ;6707;Překapávače;Heureka.cz | Domácí a osobní spotřebiče | Kuchyňské spotřebiče | Příprava nápojů | Kávovary a příprava kávy | Překapávače;6;https://www.heureka.cz/direct/xml-export/shops/heureka-sekce.xml
CZ;6202;Filtry do kávovarů;Heureka.cz | Domácí a osobní spotřebiče | Kuchyňské spotřebiče | Příprava nápojů | Kávovary a příprava kávy | Příslušenství ke kávovarům | Filtry do kávovarů;7;https://www.heureka.cz/direct/xml-export/shops/heureka-sekce.xml
CZ;6870;Maziva pro kávovary;Heureka.cz | Domácí a osobní spotřebiče | Kuchyňské spotřebiče | Příprava nápojů | Kávovary a příprava kávy | Příslušenství ke kávovarům | Maziva pro kávovary;7;https://www.heureka.cz/direct/xml-export/shops/heureka-sekce.xml
CZ;6871;Mléčné systémy pro kávovary;Heureka.cz | Domácí a osobní spotřebiče | Kuchyňské spotřebiče | Příprava nápojů | Kávovary a příprava kávy | Příslušenství ke kávovarům | Mléčné systémy pro kávovary;7;https://www.heureka.cz/direct/xml-export/shops/heureka-sekce.xml
CZ;6199;Odklepávače na kávu;Heureka.cz | Domácí a osobní spotřebiče | Kuchyňské spotřebiče | Příprava nápojů | Kávovary a příprava kávy | Příslušenství ke kávovarům | Odklepávače na kávu;7;https://www.heureka.cz/direct/xml-export/shops/heureka-sekce.xml
CZ;6157;Odvápňovače a čisticí prostředky pro kávovary;Heureka.cz | Domácí a osobní spotřebiče | Kuchyňské spotřebiče | Příprava nápojů | Kávovary a příprava kávy | Příslušenství ke kávovarům | Odvápňovače a čisticí prostředky pro kávovary;7;https://www.heureka.cz/direct/xml-export/shops/heureka-sekce.xml
CZ;5057;Ostatní příslušenství pro kávovary;Heureka.cz | Domácí a osobní spotřebiče | Kuchyňské spotřebiče | Příprava nápojů | Kávovary a příprava kávy | Příslušenství ke kávovarům | Ostatní příslušenství pro kávovary;7;https://www.heureka.cz/direct/xml-export/shops/heureka-sekce.xml
CZ;6873;Plnitelné kapsle do kávovarů;Heureka.cz | Domácí a osobní spotřebiče | Kuchyňské spotřebiče | Příprava nápojů | Kávovary a příprava kávy | Příslušenství ke kávovarům | Plnitelné kapsle do kávovarů;7;https://www.heureka.cz/direct/xml-export/shops/heureka-sekce.xml
CZ;6872;Páky ke kávovarům;Heureka.cz | Domácí a osobní spotřebiče | Kuchyňské spotřebiče | Příprava nápojů | Kávovary a příprava kávy | Příslušenství ke kávovarům | Páky ke kávovarům;7;https://www.heureka.cz/direct/xml-export/shops/heureka-sekce.xml
CZ;6197;Stojany na kávové kapsle;Heureka.cz | Domácí a osobní spotřebiče | Kuchyňské spotřebiče | Příprava nápojů | Kávovary a příprava kávy | Příslušenství ke kávovarům | Stojany na kávové kapsle;7;https://www.heureka.cz/direct/xml-export/shops/heureka-sekce.xml
CZ;6874;Sítka do kávovarů;Heureka.cz | Domácí a osobní spotřebiče | Kuchyňské spotřebiče | Příprava nápojů | Kávovary a příprava kávy | Příslušenství ke kávovarům | Sítka do kávovarů;7;https://www.heureka.cz/direct/xml-export/shops/heureka-sekce.xml
CZ;6247;Tampery a příslušenství;Heureka.cz | Domácí a osobní spotřebiče | Kuchyňské spotřebiče | Příprava nápojů | Kávovary a příprava kávy | Příslušenství ke kávovarům | Tampery a příslušenství;7;https://www.heureka.cz/direct/xml-export/shops/heureka-sekce.xml
CZ;6139;Čisticí tablety do kávovarů;Heureka.cz | Domácí a osobní spotřebiče | Kuchyňské spotřebiče | Příprava nápojů | Kávovary a příprava kávy | Příslušenství ke kávovarům | Čisticí tablety do kávovarů;7;https://www.heureka.cz/direct/xml-export/shops/heureka-sekce.xml
CZ;3783;Mlékovary;Heureka.cz | Domácí a osobní spotřebiče | Kuchyňské spotřebiče | Příprava nápojů | Mlékovary;5;https://www.heureka.cz/direct/xml-export/shops/heureka-sekce.xml
CZ;947;Rychlovarné konvice;Heureka.cz | Domácí a osobní spotřebiče | Kuchyňské spotřebiče | Příprava nápojů | Rychlovarné konvice;5;https://www.heureka.cz/direct/xml-export/shops/heureka-sekce.xml
CZ;2927;Sodobary;Heureka.cz | Domácí a osobní spotřebiče | Kuchyňské spotřebiče | Příprava nápojů | Sodobary;5;https://www.heureka.cz/direct/xml-export/shops/heureka-sekce.xml
CZ;5774;Výdejníky vody;Heureka.cz | Domácí a osobní spotřebiče | Kuchyňské spotřebiče | Příprava nápojů | Výdejníky vody;5;https://www.heureka.cz/direct/xml-export/shops/heureka-sekce.xml
CZ;1698;Výrobníky ledu;Heureka.cz | Domácí a osobní spotřebiče | Kuchyňské spotřebiče | Příprava nápojů | Výrobníky ledu;5;https://www.heureka.cz/direct/xml-export/shops/heureka-sekce.xml
CZ;2362;Výčepní zařízení;Heureka.cz | Domácí a osobní spotřebiče | Kuchyňské spotřebiče | Příprava nápojů | Výčepní zařízení;5;https://www.heureka.cz/direct/xml-export/shops/heureka-sekce.xml
CZ;6776;Čajovary;Heureka.cz | Domácí a osobní spotřebiče | Kuchyňské spotřebiče | Příprava nápojů | Čajovary;5;https://www.heureka.cz/direct/xml-export/shops/heureka-sekce.xml
CZ;7039;Bombičky pro sodobary;Heureka.cz | Domácí a osobní spotřebiče | Kuchyňské spotřebiče | Příslušenství ke kuchyňským spotřebičům | Bombičky pro sodobary;5;https://www.heureka.cz/direct/xml-export/shops/heureka-sekce.xml
CZ;7040;Náhradní lahve pro sodobary;Heureka.cz | Domácí a osobní spotřebiče | Kuchyňské spotřebiče | Příslušenství ke kuchyňským spotřebičům | Náhradní lahve pro sodobary;5;https://www.heureka.cz/direct/xml-export/shops/heureka-sekce.xml
CZ;8431;Nástavce a síta pro odšťavňovače;Heureka.cz | Domácí a osobní spotřebiče | Kuchyňské spotřebiče | Příslušenství ke kuchyňským spotřebičům | Nástavce a síta pro odšťavňovače;5;https://www.heureka.cz/direct/xml-export/shops/heureka-sekce.xml
CZ;8622;Příslušenství k fritézám;Heureka.cz | Domácí a osobní spotřebiče | Kuchyňské spotřebiče | Příslušenství ke kuchyňským spotřebičům | Příslušenství k fritézám;5;https://www.heureka.cz/direct/xml-export/shops/heureka-sekce.xml
CZ;2970;Příslušenství k výčepnímu zařízení;Heureka.cz | Domácí a osobní spotřebiče | Kuchyňské spotřebiče | Příslušenství ke kuchyňským spotřebičům | Příslušenství k výčepnímu zařízení;5;https://www.heureka.cz/direct/xml-export/shops/heureka-sekce.xml
CZ;6919;Metly a háky ke kuchyňským robotům;Heureka.cz | Domácí a osobní spotřebiče | Kuchyňské spotřebiče | Příslušenství ke kuchyňským spotřebičům | Příslušenství ke kuchyňským robotům | Metly a háky ke kuchyňským robotům;6;https://www.heureka.cz/direct/xml-export/shops/heureka-sekce.xml
CZ;6920;Mísy ke kuchyňským robotům;Heureka.cz | Domácí a osobní spotřebiče | Kuchyňské spotřebiče | Příslušenství ke kuchyňským spotřebičům | Příslušenství ke kuchyňským robotům | Mísy ke kuchyňským robotům;6;https://www.heureka.cz/direct/xml-export/shops/heureka-sekce.xml
CZ;6921;Nástavce ke kuchyňským robotům;Heureka.cz | Domácí a osobní spotřebiče | Kuchyňské spotřebiče | Příslušenství ke kuchyňským spotřebičům | Příslušenství ke kuchyňským robotům | Nástavce ke kuchyňským robotům;6;https://www.heureka.cz/direct/xml-export/shops/heureka-sekce.xml
CZ;2278;Ostatní příslušenství ke kuchyňským robotům;Heureka.cz | Domácí a osobní spotřebiče | Kuchyňské spotřebiče | Příslušenství ke kuchyňským spotřebičům | Příslušenství ke kuchyňským robotům | Ostatní příslušenství ke kuchyňským robotům;6;https://www.heureka.cz/direct/xml-export/shops/heureka-sekce.xml
CZ;6682;Příslušenství pro kráječe;Heureka.cz | Domácí a osobní spotřebiče | Kuchyňské spotřebiče | Příslušenství ke kuchyňským spotřebičům | Příslušenství pro kráječe;5;https://www.heureka.cz/direct/xml-export/shops/heureka-sekce.xml
CZ;6967;Metly ke šlehačům;Heureka.cz | Domácí a osobní spotřebiče | Kuchyňské spotřebiče | Příslušenství ke kuchyňským spotřebičům | Příslušenství pro mixéry a šlehače | Metly ke šlehačům;6;https://www.heureka.cz/direct/xml-export/shops/heureka-sekce.xml
CZ;6968;Mixovací nádoby k mixérům;Heureka.cz | Domácí a osobní spotřebiče | Kuchyňské spotřebiče | Příslušenství ke kuchyňským spotřebičům | Příslušenství pro mixéry a šlehače | Mixovací nádoby k mixérům;6;https://www.heureka.cz/direct/xml-export/shops/heureka-sekce.xml
CZ;6966;Nohy k tyčovým mixérům;Heureka.cz | Domácí a osobní spotřebiče | Kuchyňské spotřebiče | Příslušenství ke kuchyňským spotřebičům | Příslušenství pro mixéry a šlehače | Nohy k tyčovým mixérům;6;https://www.heureka.cz/direct/xml-export/shops/heureka-sekce.xml
CZ;6102;Příslušenství pro sušičky potravin;Heureka.cz | Domácí a osobní spotřebiče | Kuchyňské spotřebiče | Příslušenství ke kuchyňským spotřebičům | Příslušenství pro sušičky potravin;5;https://www.heureka.cz/direct/xml-export/shops/heureka-sekce.xml
CZ;6623;Příslušenství pro vaflovače a sendvičovače;Heureka.cz | Domácí a osobní spotřebiče | Kuchyňské spotřebiče | Příslušenství ke kuchyňským spotřebičům | Příslušenství pro vaflovače a sendvičovače;5;https://www.heureka.cz/direct/xml-export/shops/heureka-sekce.xml
CZ;5784;Příslušenství pro výrobníky sodovky;Heureka.cz | Domácí a osobní spotřebiče | Kuchyňské spotřebiče | Příslušenství ke kuchyňským spotřebičům | Příslušenství pro výrobníky sodovky;5;https://www.heureka.cz/direct/xml-export/shops/heureka-sekce.xml
CZ;6631;Vakuovací sáčky a fólie;Heureka.cz | Domácí a osobní spotřebiče | Kuchyňské spotřebiče | Příslušenství ke kuchyňským spotřebičům | Vakuovací sáčky a fólie;5;https://www.heureka.cz/direct/xml-export/shops/heureka-sekce.xml
CZ;6321;Napařovače oděvů;Heureka.cz | Domácí a osobní spotřebiče | Péče o prádlo | Napařovače oděvů;4;https://www.heureka.cz/direct/xml-export/shops/heureka-sekce.xml
CZ;2998;Odžmolkovače;Heureka.cz | Domácí a osobní spotřebiče | Péče o prádlo | Odžmolkovače;4;https://www.heureka.cz/direct/xml-export/shops/heureka-sekce.xml
CZ;6516;Parní žehlicí lisy;Heureka.cz | Domácí a osobní spotřebiče | Péče o prádlo | Parní žehlicí lisy;4;https://www.heureka.cz/direct/xml-export/shops/heureka-sekce.xml
CZ;6677;Příslušenství pro žehličky;Heureka.cz | Domácí a osobní spotřebiče | Péče o prádlo | Příslušenství pro žehličky;4;https://www.heureka.cz/direct/xml-export/shops/heureka-sekce.xml
CZ;3408;Cívky pro šicí stroje;Heureka.cz | Domácí a osobní spotřebiče | Péče o prádlo | Šicí stroje a příslušenství | Cívky pro šicí stroje;5;https://www.heureka.cz/direct/xml-export/shops/heureka-sekce.xml
CZ;957;Šicí stroje;Heureka.cz | Domácí a osobní spotřebiče | Péče o prádlo | Šicí stroje a příslušenství | Šicí stroje;5;https://www.heureka.cz/direct/xml-export/shops/heureka-sekce.xml
CZ;944;Žehličky;Heureka.cz | Domácí a osobní spotřebiče | Péče o prádlo | Žehličky;4;https://www.heureka.cz/direct/xml-export/shops/heureka-sekce.xml
CZ;6257;Depilátory;Heureka.cz | Domácí a osobní spotřebiče | Péče o tělo a zdraví | Péče o tělo | Depilátory;5;https://www.heureka.cz/direct/xml-export/shops/heureka-sekce.xml
CZ;2200;Elektrické manikúry;Heureka.cz | Domácí a osobní spotřebiče | Péče o tělo a zdraví | Péče o tělo | Elektrické manikúry;5;https://www.heureka.cz/direct/xml-export/shops/heureka-sekce.xml
CZ;6484;Elektrické pedikúry;Heureka.cz | Domácí a osobní spotřebiče | Péče o tělo a zdraví | Péče o tělo | Elektrické pedikúry;5;https://www.heureka.cz/direct/xml-export/shops/heureka-sekce.xml
CZ;1490;Epilátory;Heureka.cz | Domácí a osobní spotřebiče | Péče o tělo a zdraví | Péče o tělo | Epilátory;5;https://www.heureka.cz/direct/xml-export/shops/heureka-sekce.xml
CZ;5841;Lampy pro světelnou terapii;Heureka.cz | Domácí a osobní spotřebiče | Péče o tělo a zdraví | Péče o tělo | Lampy pro světelnou terapii;5;https://www.heureka.cz/direct/xml-export/shops/heureka-sekce.xml
CZ;1024;Masážní přístroje;Heureka.cz | Domácí a osobní spotřebiče | Péče o tělo a zdraví | Péče o tělo | Masážní přístroje;5;https://www.heureka.cz/direct/xml-export/shops/heureka-sekce.xml
CZ;7024;Náhradní hlavice pro epilátory a depilátory;Heureka.cz | Domácí a osobní spotřebiče | Péče o tělo a zdraví | Péče o tělo | Náhradní hlavice pro epilátory a depilátory;5;https://www.heureka.cz/direct/xml-export/shops/heureka-sekce.xml
CZ;6476;Nástavce pro elektrické manikúry a pedikúry;Heureka.cz | Domácí a osobní spotřebiče | Péče o tělo a zdraví | Péče o tělo | Nástavce pro elektrické manikúry a pedikúry;5;https://www.heureka.cz/direct/xml-export/shops/heureka-sekce.xml
CZ;6683;Příslušenství k masážním přístrojům;Heureka.cz | Domácí a osobní spotřebiče | Péče o tělo a zdraví | Péče o tělo | Příslušenství k masážním přístrojům;5;https://www.heureka.cz/direct/xml-export/shops/heureka-sekce.xml
CZ;1050;Solária;Heureka.cz | Domácí a osobní spotřebiče | Péče o tělo a zdraví | Péče o tělo | Solária;5;https://www.heureka.cz/direct/xml-export/shops/heureka-sekce.xml
CZ;6598;Stimulátory svalů;Heureka.cz | Domácí a osobní spotřebiče | Péče o tělo a zdraví | Péče o tělo | Stimulátory svalů;5;https://www.heureka.cz/direct/xml-export/shops/heureka-sekce.xml
CZ;1049;Vysoušeče rukou;Heureka.cz | Domácí a osobní spotřebiče | Péče o tělo a zdraví | Péče o tělo | Vysoušeče rukou;5;https://www.heureka.cz/direct/xml-export/shops/heureka-sekce.xml
CZ;6259;Zastřihovače chloupků;Heureka.cz | Domácí a osobní spotřebiče | Péče o tělo a zdraví | Péče o tělo | Zastřihovače chloupků;5;https://www.heureka.cz/direct/xml-export/shops/heureka-sekce.xml
CZ;4439;Elektrické natáčky na vlasy;Heureka.cz | Domácí a osobní spotřebiče | Péče o tělo a zdraví | Péče o vlasy a vousy | Elektrické natáčky na vlasy;5;https://www.heureka.cz/direct/xml-export/shops/heureka-sekce.xml
CZ;6036;Fény;Heureka.cz | Domácí a osobní spotřebiče | Péče o tělo a zdraví | Péče o vlasy a vousy | Fény;5;https://www.heureka.cz/direct/xml-export/shops/heureka-sekce.xml
CZ;1011;Holicí strojky;Heureka.cz | Domácí a osobní spotřebiče | Péče o tělo a zdraví | Péče o vlasy a vousy | Holicí strojky;5;https://www.heureka.cz/direct/xml-export/shops/heureka-sekce.xml
CZ;6246;Horkovzdušné kartáče;Heureka.cz | Domácí a osobní spotřebiče | Péče o tělo a zdraví | Péče o vlasy a vousy | Horkovzdušné kartáče;5;https://www.heureka.cz/direct/xml-export/shops/heureka-sekce.xml
CZ;1029;Kulmy;Heureka.cz | Domácí a osobní spotřebiče | Péče o tělo a zdraví | Péče o vlasy a vousy | Kulmy;5;https://www.heureka.cz/direct/xml-export/shops/heureka-sekce.xml
CZ;6390;Elektrické hlavice a planžety;Heureka.cz | Domácí a osobní spotřebiče | Péče o tělo a zdraví | Péče o vlasy a vousy | Příslušenství pro péči o vlasy a vousy | Elektrické hlavice a planžety;6;https://www.heureka.cz/direct/xml-export/shops/heureka-sekce.xml
CZ;8254;Misky na holení;Heureka.cz | Domácí a osobní spotřebiče | Péče o tělo a zdraví | Péče o vlasy a vousy | Příslušenství pro péči o vlasy a vousy | Misky na holení;6;https://www.heureka.cz/direct/xml-export/shops/heureka-sekce.xml
CZ;8319;Náhradní hlavice pro zastřihovače;Heureka.cz | Domácí a osobní spotřebiče | Péče o tělo a zdraví | Péče o vlasy a vousy | Příslušenství pro péči o vlasy a vousy | Náhradní hlavice pro zastřihovače;6;https://www.heureka.cz/direct/xml-export/shops/heureka-sekce.xml
CZ;8255;Obtahovací řemeny;Heureka.cz | Domácí a osobní spotřebiče | Péče o tělo a zdraví | Péče o vlasy a vousy | Příslušenství pro péči o vlasy a vousy | Obtahovací řemeny;6;https://www.heureka.cz/direct/xml-export/shops/heureka-sekce.xml
CZ;2356;Příslušenství k holicím strojkům;Heureka.cz | Domácí a osobní spotřebiče | Péče o tělo a zdraví | Péče o vlasy a vousy | Příslušenství pro péči o vlasy a vousy | Příslušenství k holicím strojkům;6;https://www.heureka.cz/direct/xml-export/shops/heureka-sekce.xml
CZ;6578;Příslušenství pro kulmy a fény;Heureka.cz | Domácí a osobní spotřebiče | Péče o tělo a zdraví | Péče o vlasy a vousy | Příslušenství pro péči o vlasy a vousy | Příslušenství pro kulmy a fény;6;https://www.heureka.cz/direct/xml-export/shops/heureka-sekce.xml
CZ;8256;Stojánky na holení;Heureka.cz | Domácí a osobní spotřebiče | Péče o tělo a zdraví | Péče o vlasy a vousy | Příslušenství pro péči o vlasy a vousy | Stojánky na holení;6;https://www.heureka.cz/direct/xml-export/shops/heureka-sekce.xml
CZ;8253;Čisticí náplně a stanice pro holicí strojky;Heureka.cz | Domácí a osobní spotřebiče | Péče o tělo a zdraví | Péče o vlasy a vousy | Příslušenství pro péči o vlasy a vousy | Čisticí náplně a stanice pro holicí strojky;6;https://www.heureka.cz/direct/xml-export/shops/heureka-sekce.xml
CZ;8257;Štětky na holení;Heureka.cz | Domácí a osobní spotřebiče | Péče o tělo a zdraví | Péče o vlasy a vousy | Příslušenství pro péči o vlasy a vousy | Štětky na holení;6;https://www.heureka.cz/direct/xml-export/shops/heureka-sekce.xml
CZ;2746;Zastřihovače vlasů a vousů;Heureka.cz | Domácí a osobní spotřebiče | Péče o tělo a zdraví | Péče o vlasy a vousy | Zastřihovače vlasů a vousů;5;https://www.heureka.cz/direct/xml-export/shops/heureka-sekce.xml
CZ;1045;Žehličky na vlasy;Heureka.cz | Domácí a osobní spotřebiče | Péče o tělo a zdraví | Péče o vlasy a vousy | Žehličky na vlasy;5;https://www.heureka.cz/direct/xml-export/shops/heureka-sekce.xml
CZ;1051;Elektrické dečky;Heureka.cz | Domácí a osobní spotřebiče | Péče o tělo a zdraví | Péče o zdraví | Elektrické dečky;5;https://www.heureka.cz/direct/xml-export/shops/heureka-sekce.xml
CZ;6643;Adaptéry a pouzdra pro elektrické zubní kartáčky;Heureka.cz | Domácí a osobní spotřebiče | Péče o tělo a zdraví | Péče o zdraví | Elektrické zubní kartáčky a příslušenství | Adaptéry a pouzdra pro elektrické zubní kartáčky;6;https://www.heureka.cz/direct/xml-export/shops/heureka-sekce.xml
CZ;1022;Elektrické zubní kartáčky;Heureka.cz | Domácí a osobní spotřebiče | Péče o tělo a zdraví | Péče o zdraví | Elektrické zubní kartáčky a příslušenství | Elektrické zubní kartáčky;6;https://www.heureka.cz/direct/xml-export/shops/heureka-sekce.xml
CZ;4931;Náhradní hlavice pro elektrické zubní kartáčky;Heureka.cz | Domácí a osobní spotřebiče | Péče o tělo a zdraví | Péče o zdraví | Elektrické zubní kartáčky a příslušenství | Náhradní hlavice pro elektrické zubní kartáčky;6;https://www.heureka.cz/direct/xml-export/shops/heureka-sekce.xml
CZ;1023;Horská slunce a infralampy;Heureka.cz | Domácí a osobní spotřebiče | Péče o tělo a zdraví | Péče o zdraví | Horská slunce a infralampy;5;https://www.heureka.cz/direct/xml-export/shops/heureka-sekce.xml
CZ;1018;Osobní váhy;Heureka.cz | Domácí a osobní spotřebiče | Péče o tělo a zdraví | Péče o zdraví | Osobní váhy;5;https://www.heureka.cz/direct/xml-export/shops/heureka-sekce.xml
CZ;1046;Teploměry osobní;Heureka.cz | Domácí a osobní spotřebiče | Péče o tělo a zdraví | Péče o zdraví | Teploměry osobní;5;https://www.heureka.cz/direct/xml-export/shops/heureka-sekce.xml
CZ;1048;Tlakoměry;Heureka.cz | Domácí a osobní spotřebiče | Péče o tělo a zdraví | Péče o zdraví | Tlakoměry;5;https://www.heureka.cz/direct/xml-export/shops/heureka-sekce.xml
CZ;3121;Tukoměry;Heureka.cz | Domácí a osobní spotřebiče | Péče o tělo a zdraví | Péče o zdraví | Tukoměry;5;https://www.heureka.cz/direct/xml-export/shops/heureka-sekce.xml
CZ;4850;Ultrazvukové čističky;Heureka.cz | Domácí a osobní spotřebiče | Péče o tělo a zdraví | Péče o zdraví | Ultrazvukové čističky;5;https://www.heureka.cz/direct/xml-export/shops/heureka-sekce.xml
CZ;6600;Náhradní hlavice pro ústní sprchy;Heureka.cz | Domácí a osobní spotřebiče | Péče o tělo a zdraví | Péče o zdraví | Ústní sprchy a příslušenství | Náhradní hlavice pro ústní sprchy;6;https://www.heureka.cz/direct/xml-export/shops/heureka-sekce.xml
CZ;5393;Ústní sprchy;Heureka.cz | Domácí a osobní spotřebiče | Péče o tělo a zdraví | Péče o zdraví | Ústní sprchy a příslušenství | Ústní sprchy;6;https://www.heureka.cz/direct/xml-export/shops/heureka-sekce.xml
CZ;1968;Parní čističe;Heureka.cz | Domácí a osobní spotřebiče | Úklidové spotřebiče | Parní čističe;4;https://www.heureka.cz/direct/xml-export/shops/heureka-sekce.xml
CZ;6520;Adaptéry pro vysavače;Heureka.cz | Domácí a osobní spotřebiče | Úklidové spotřebiče | Příslušenství pro úklidové spotřebiče | Adaptéry pro vysavače;5;https://www.heureka.cz/direct/xml-export/shops/heureka-sekce.xml
CZ;6810;Baterie do vysavačů;Heureka.cz | Domácí a osobní spotřebiče | Úklidové spotřebiče | Příslušenství pro úklidové spotřebiče | Baterie do vysavačů;5;https://www.heureka.cz/direct/xml-export/shops/heureka-sekce.xml
CZ;4216;Boxy na prach;Heureka.cz | Domácí a osobní spotřebiče | Úklidové spotřebiče | Příslušenství pro úklidové spotřebiče | Boxy na prach;5;https://www.heureka.cz/direct/xml-export/shops/heureka-sekce.xml
CZ;4213;Dobíjecí základny;Heureka.cz | Domácí a osobní spotřebiče | Úklidové spotřebiče | Příslušenství pro úklidové spotřebiče | Dobíjecí základny;5;https://www.heureka.cz/direct/xml-export/shops/heureka-sekce.xml
CZ;4211;Filtry do vysavačů;Heureka.cz | Domácí a osobní spotřebiče | Úklidové spotřebiče | Příslušenství pro úklidové spotřebiče | Filtry do vysavačů;5;https://www.heureka.cz/direct/xml-export/shops/heureka-sekce.xml
CZ;4212;Hadice na vysavače;Heureka.cz | Domácí a osobní spotřebiče | Úklidové spotřebiče | Příslušenství pro úklidové spotřebiče | Hadice na vysavače;5;https://www.heureka.cz/direct/xml-export/shops/heureka-sekce.xml
CZ;4209;Hubice a kartáče k vysavačům;Heureka.cz | Domácí a osobní spotřebiče | Úklidové spotřebiče | Příslušenství pro úklidové spotřebiče | Hubice a kartáče k vysavačům;5;https://www.heureka.cz/direct/xml-export/shops/heureka-sekce.xml
CZ;6766;Kartáče a mopy pro robotické vysavače;Heureka.cz | Domácí a osobní spotřebiče | Úklidové spotřebiče | Příslušenství pro úklidové spotřebiče | Kartáče a mopy pro robotické vysavače;5;https://www.heureka.cz/direct/xml-export/shops/heureka-sekce.xml
CZ;6824;Příslušenství pro parní čističe;Heureka.cz | Domácí a osobní spotřebiče | Úklidové spotřebiče | Příslušenství pro úklidové spotřebiče | Příslušenství pro parní čističe;5;https://www.heureka.cz/direct/xml-export/shops/heureka-sekce.xml
CZ;4210;Sáčky do vysavačů;Heureka.cz | Domácí a osobní spotřebiče | Úklidové spotřebiče | Příslušenství pro úklidové spotřebiče | Sáčky do vysavačů;5;https://www.heureka.cz/direct/xml-export/shops/heureka-sekce.xml
CZ;4214;Trubky a tyče k vysavačům;Heureka.cz | Domácí a osobní spotřebiče | Úklidové spotřebiče | Příslušenství pro úklidové spotřebiče | Trubky a tyče k vysavačům;5;https://www.heureka.cz/direct/xml-export/shops/heureka-sekce.xml
CZ;4215;Vůně do vysavačů;Heureka.cz | Domácí a osobní spotřebiče | Úklidové spotřebiče | Příslušenství pro úklidové spotřebiče | Vůně do vysavačů;5;https://www.heureka.cz/direct/xml-export/shops/heureka-sekce.xml
CZ;5527;Robotické vysavače;Heureka.cz | Domácí a osobní spotřebiče | Úklidové spotřebiče | Robotické vysavače;4;https://www.heureka.cz/direct/xml-export/shops/heureka-sekce.xml
CZ;6440;Robotické čističe oken;Heureka.cz | Domácí a osobní spotřebiče | Úklidové spotřebiče | Robotické čističe oken;4;https://www.heureka.cz/direct/xml-export/shops/heureka-sekce.xml
CZ;943;Vysavače;Heureka.cz | Domácí a osobní spotřebiče | Úklidové spotřebiče | Vysavače;4;https://www.heureka.cz/direct/xml-export/shops/heureka-sekce.xml
CZ;6825;Filtry k odvlhčovačům vzduchu;Heureka.cz | Domácí a osobní spotřebiče | Úprava vzduchu | Filtry k odvlhčovačům vzduchu;4;https://www.heureka.cz/direct/xml-export/shops/heureka-sekce.xml
CZ;5953;Filtry k čističkám vzduchu;Heureka.cz | Domácí a osobní spotřebiče | Úprava vzduchu | Filtry k čističkám vzduchu;4;https://www.heureka.cz/direct/xml-export/shops/heureka-sekce.xml
CZ;6826;Filtry pro zvlhčovače vzduchu;Heureka.cz | Domácí a osobní spotřebiče | Úprava vzduchu | Filtry pro zvlhčovače vzduchu;4;https://www.heureka.cz/direct/xml-export/shops/heureka-sekce.xml
CZ;1700;Odvlhčovače vzduchu;Heureka.cz | Domácí a osobní spotřebiče | Úprava vzduchu | Odvlhčovače vzduchu;4;https://www.heureka.cz/direct/xml-export/shops/heureka-sekce.xml
CZ;5690;Ozónové čističe;Heureka.cz | Domácí a osobní spotřebiče | Úprava vzduchu | Ozónové čističe;4;https://www.heureka.cz/direct/xml-export/shops/heureka-sekce.xml
CZ;6302;Pohlcovače vlhkosti;Heureka.cz | Domácí a osobní spotřebiče | Úprava vzduchu | Pohlcovače vlhkosti;4;https://www.heureka.cz/direct/xml-export/shops/heureka-sekce.xml
CZ;885;Zvlhčovače a čističky vzduchu;Heureka.cz | Domácí a osobní spotřebiče | Úprava vzduchu | Zvlhčovače a čističky vzduchu;4;https://www.heureka.cz/direct/xml-export/shops/heureka-sekce.xml
CZ;3701;Ekologické dezinfekční prostředky;Heureka.cz | Drogerie | Ekologická domácnost | Ekologické dezinfekční prostředky;4;https://www.heureka.cz/direct/xml-export/shops/heureka-sekce.xml
CZ;3697;Ekologické mytí nádobí;Heureka.cz | Drogerie | Ekologická domácnost | Ekologické mytí nádobí;4;https://www.heureka.cz/direct/xml-export/shops/heureka-sekce.xml
CZ;3700;Ekologické čisticí prostředky;Heureka.cz | Drogerie | Ekologická domácnost | Ekologické čisticí prostředky;4;https://www.heureka.cz/direct/xml-export/shops/heureka-sekce.xml
CZ;3698;Přípravky na ekologické praní;Heureka.cz | Drogerie | Ekologická domácnost | Přípravky na ekologické praní;4;https://www.heureka.cz/direct/xml-export/shops/heureka-sekce.xml
CZ;3683;Osvěžovače vzduchu;Heureka.cz | Drogerie | Osvěžovače vzduchu;3;https://www.heureka.cz/direct/xml-export/shops/heureka-sekce.xml
CZ;3663;Aviváže;Heureka.cz | Drogerie | Praní prádla | Aviváže;4;https://www.heureka.cz/direct/xml-export/shops/heureka-sekce.xml
CZ;8363;Bělidla na prádlo;Heureka.cz | Drogerie | Praní prádla | Bělidla na prádlo;4;https://www.heureka.cz/direct/xml-export/shops/heureka-sekce.xml
CZ;3665;Bělidla, změkčovadla, škroby;Heureka.cz | Drogerie | Praní prádla | Bělidla, změkčovadla, škroby;4;https://www.heureka.cz/direct/xml-export/shops/heureka-sekce.xml
CZ;3667;Odstraňovače skvrn;Heureka.cz | Drogerie | Praní prádla | Odstraňovače skvrn;4;https://www.heureka.cz/direct/xml-export/shops/heureka-sekce.xml
CZ;6550;Prací koule;Heureka.cz | Drogerie | Praní prádla | Prací koule;4;https://www.heureka.cz/direct/xml-export/shops/heureka-sekce.xml
CZ;3666;Mýdla na praní;Heureka.cz | Drogerie | Praní prádla | Prací prostředky | Mýdla na praní;5;https://www.heureka.cz/direct/xml-export/shops/heureka-sekce.xml
CZ;8281;Prací gely;Heureka.cz | Drogerie | Praní prádla | Prací prostředky | Prací gely;5;https://www.heureka.cz/direct/xml-export/shops/heureka-sekce.xml
CZ;8280;Prací kapsle a tablety;Heureka.cz | Drogerie | Praní prádla | Prací prostředky | Prací kapsle a tablety;5;https://www.heureka.cz/direct/xml-export/shops/heureka-sekce.xml
CZ;3664;Prací prášky;Heureka.cz | Drogerie | Praní prádla | Prací prostředky | Prací prášky;5;https://www.heureka.cz/direct/xml-export/shops/heureka-sekce.xml
CZ;7401;Ubrousky proti zabarvení prádla;Heureka.cz | Drogerie | Praní prádla | Prací prostředky | Ubrousky proti zabarvení prádla;5;https://www.heureka.cz/direct/xml-export/shops/heureka-sekce.xml
CZ;8580;Míčky do sušičky;Heureka.cz | Drogerie | Praní prádla | Prostředky do sušičky | Míčky do sušičky;5;https://www.heureka.cz/direct/xml-export/shops/heureka-sekce.xml
CZ;8579;Ubrousky do sušičky;Heureka.cz | Drogerie | Praní prádla | Prostředky do sušičky | Ubrousky do sušičky;5;https://www.heureka.cz/direct/xml-export/shops/heureka-sekce.xml
CZ;8576;Vůně do sušičky;Heureka.cz | Drogerie | Praní prádla | Prostředky do sušičky | Vůně do sušičky;5;https://www.heureka.cz/direct/xml-export/shops/heureka-sekce.xml
CZ;2969;Repelenty;Heureka.cz | Drogerie | Přípravky proti hmyzu a škůdcům | Repelenty;4;https://www.heureka.cz/direct/xml-export/shops/heureka-sekce.xml
CZ;3692;Drátěnky a houbičky;Heureka.cz | Drogerie | Úklidové pomůcky | Drátěnky a houbičky;4;https://www.heureka.cz/direct/xml-export/shops/heureka-sekce.xml
CZ;3694;Hadry a utěrky na mytí;Heureka.cz | Drogerie | Úklidové pomůcky | Hadry a utěrky na mytí;4;https://www.heureka.cz/direct/xml-export/shops/heureka-sekce.xml
CZ;3690;Kartáče na oděv;Heureka.cz | Drogerie | Úklidové pomůcky | Kartáče na oděv;4;https://www.heureka.cz/direct/xml-export/shops/heureka-sekce.xml
CZ;3689;Košťata a smetáky;Heureka.cz | Drogerie | Úklidové pomůcky | Košťata a smetáky;4;https://www.heureka.cz/direct/xml-export/shops/heureka-sekce.xml
CZ;3693;Mopy a úklidové soupravy;Heureka.cz | Drogerie | Úklidové pomůcky | Mopy a úklidové soupravy;4;https://www.heureka.cz/direct/xml-export/shops/heureka-sekce.xml
CZ;1710;Papírové ručníky;Heureka.cz | Drogerie | Úklidové pomůcky | Papírové ručníky;4;https://www.heureka.cz/direct/xml-export/shops/heureka-sekce.xml
CZ;3688;Prachovky;Heureka.cz | Drogerie | Úklidové pomůcky | Prachovky;4;https://www.heureka.cz/direct/xml-export/shops/heureka-sekce.xml
CZ;3706;Smetáčky a lopatky;Heureka.cz | Drogerie | Úklidové pomůcky | Smetáčky a lopatky;4;https://www.heureka.cz/direct/xml-export/shops/heureka-sekce.xml
CZ;3691;Stěrky na sklo;Heureka.cz | Drogerie | Úklidové pomůcky | Stěrky na sklo;4;https://www.heureka.cz/direct/xml-export/shops/heureka-sekce.xml
CZ;3749;Úklidové kartáče;Heureka.cz | Drogerie | Úklidové pomůcky | Úklidové kartáče;4;https://www.heureka.cz/direct/xml-export/shops/heureka-sekce.xml
CZ;3726;Úklidové kbelíky;Heureka.cz | Drogerie | Úklidové pomůcky | Úklidové kbelíky;4;https://www.heureka.cz/direct/xml-export/shops/heureka-sekce.xml
CZ;3670;Dezinfekční prostředky na WC;Heureka.cz | Drogerie | Čisticí prostředky | Dezinfekční prostředky na WC;4;https://www.heureka.cz/direct/xml-export/shops/heureka-sekce.xml
CZ;3685;Leštidla na nábytek a přípravky proti prachu;Heureka.cz | Drogerie | Čisticí prostředky | Leštící prostředky | Leštidla na nábytek a přípravky proti prachu;5;https://www.heureka.cz/direct/xml-export/shops/heureka-sekce.xml
CZ;3686;Leštidla na podlahy;Heureka.cz | Drogerie | Čisticí prostředky | Leštící prostředky | Leštidla na podlahy;5;https://www.heureka.cz/direct/xml-export/shops/heureka-sekce.xml
CZ;3672;Odstraňovače vodního kamene;Heureka.cz | Drogerie | Čisticí prostředky | Odstraňovače vodního kamene;4;https://www.heureka.cz/direct/xml-export/shops/heureka-sekce.xml
CZ;8331;Gely do myčky;Heureka.cz | Drogerie | Čisticí prostředky | Prostředky na mytí nádobí | Prostředky do myčky | Gely do myčky;6;https://www.heureka.cz/direct/xml-export/shops/heureka-sekce.xml
CZ;8325;Leštidla do myčky;Heureka.cz | Drogerie | Čisticí prostředky | Prostředky na mytí nádobí | Prostředky do myčky | Leštidla do myčky;6;https://www.heureka.cz/direct/xml-export/shops/heureka-sekce.xml
CZ;8277;Osvěžovače do myčky;Heureka.cz | Drogerie | Čisticí prostředky | Prostředky na mytí nádobí | Prostředky do myčky | Osvěžovače do myčky;6;https://www.heureka.cz/direct/xml-export/shops/heureka-sekce.xml
CZ;8323;Prášky do myčky;Heureka.cz | Drogerie | Čisticí prostředky | Prostředky na mytí nádobí | Prostředky do myčky | Prášky do myčky;6;https://www.heureka.cz/direct/xml-export/shops/heureka-sekce.xml
CZ;8356;Soli do myčky;Heureka.cz | Drogerie | Čisticí prostředky | Prostředky na mytí nádobí | Prostředky do myčky | Soli do myčky;6;https://www.heureka.cz/direct/xml-export/shops/heureka-sekce.xml
CZ;3661;Tablety a kapsle do myčky;Heureka.cz | Drogerie | Čisticí prostředky | Prostředky na mytí nádobí | Prostředky do myčky | Tablety a kapsle do myčky;6;https://www.heureka.cz/direct/xml-export/shops/heureka-sekce.xml
CZ;8347;Čističe myčky;Heureka.cz | Drogerie | Čisticí prostředky | Prostředky na mytí nádobí | Prostředky do myčky | Čističe myčky;6;https://www.heureka.cz/direct/xml-export/shops/heureka-sekce.xml
CZ;3702;Prostředky na ruční mytí nádobí;Heureka.cz | Drogerie | Čisticí prostředky | Prostředky na mytí nádobí | Prostředky na ruční mytí nádobí;5;https://www.heureka.cz/direct/xml-export/shops/heureka-sekce.xml
CZ;3765;Přípravky pro žumpy, septiky a čističky;Heureka.cz | Drogerie | Čisticí prostředky | Přípravky pro žumpy, septiky a čističky;4;https://www.heureka.cz/direct/xml-export/shops/heureka-sekce.xml
CZ;3728;Speciální čisticí prostředky;Heureka.cz | Drogerie | Čisticí prostředky | Speciální čisticí prostředky;4;https://www.heureka.cz/direct/xml-export/shops/heureka-sekce.xml
CZ;3729;Univerzální čisticí prostředky;Heureka.cz | Drogerie | Čisticí prostředky | Univerzální čisticí prostředky;4;https://www.heureka.cz/direct/xml-export/shops/heureka-sekce.xml
CZ;3681;Úklidové dezinfekce;Heureka.cz | Drogerie | Čisticí prostředky | Úklidové dezinfekce;4;https://www.heureka.cz/direct/xml-export/shops/heureka-sekce.xml
CZ;3671;Čisticí prostředky do koupelny a kuchyně;Heureka.cz | Drogerie | Čisticí prostředky | Čisticí prostředky do koupelny a kuchyně;4;https://www.heureka.cz/direct/xml-export/shops/heureka-sekce.xml
CZ;3676;Čisticí prostředky na koberce a čalounění;Heureka.cz | Drogerie | Čisticí prostředky | Čisticí prostředky na koberce a čalounění;4;https://www.heureka.cz/direct/xml-export/shops/heureka-sekce.xml
CZ;3678;Čisticí prostředky na spotřebiče;Heureka.cz | Drogerie | Čisticí prostředky | Čisticí prostředky na spotřebiče;4;https://www.heureka.cz/direct/xml-export/shops/heureka-sekce.xml
CZ;3669;Čisticí ubrousky;Heureka.cz | Drogerie | Čisticí prostředky | Čisticí ubrousky;4;https://www.heureka.cz/direct/xml-export/shops/heureka-sekce.xml
CZ;3675;Čističe odpadu;Heureka.cz | Drogerie | Čisticí prostředky | Čističe odpadu;4;https://www.heureka.cz/direct/xml-export/shops/heureka-sekce.xml
CZ;3708;Čistící prostředky na nábytek;Heureka.cz | Drogerie | Čisticí prostředky | Čistící prostředky na nábytek;4;https://www.heureka.cz/direct/xml-export/shops/heureka-sekce.xml
CZ;3673;Čistící prostředky na okna a skla;Heureka.cz | Drogerie | Čisticí prostředky | Čistící prostředky na okna a skla;4;https://www.heureka.cz/direct/xml-export/shops/heureka-sekce.xml
CZ;3674;Čistící prostředky na podlahy;Heureka.cz | Drogerie | Čisticí prostředky | Čistící prostředky na podlahy;4;https://www.heureka.cz/direct/xml-export/shops/heureka-sekce.xml
CZ;3710;Čistící přípravky na kamna a krby;Heureka.cz | Drogerie | Čisticí prostředky | Čistící přípravky na kamna a krby;4;https://www.heureka.cz/direct/xml-export/shops/heureka-sekce.xml
CZ;1506;Bazény;Heureka.cz | Dílna, stavba, zahrada | Bazény a doplňky | Bazény;4;https://www.heureka.cz/direct/xml-export/shops/heureka-sekce.xml
CZ;4838;Bazénové chrliče;Heureka.cz | Dílna, stavba, zahrada | Bazény a doplňky | Doplňky k bazénům | Bazénové chrliče;5;https://www.heureka.cz/direct/xml-export/shops/heureka-sekce.xml
CZ;1701;Bazénové fólie;Heureka.cz | Dílna, stavba, zahrada | Bazény a doplňky | Doplňky k bazénům | Bazénové fólie;5;https://www.heureka.cz/direct/xml-export/shops/heureka-sekce.xml
CZ;1693;Bazénové podložky;Heureka.cz | Dílna, stavba, zahrada | Bazény a doplňky | Doplňky k bazénům | Bazénové podložky;5;https://www.heureka.cz/direct/xml-export/shops/heureka-sekce.xml
CZ;1559;Bazénové protiproudy;Heureka.cz | Dílna, stavba, zahrada | Bazény a doplňky | Doplňky k bazénům | Bazénové protiproudy;5;https://www.heureka.cz/direct/xml-export/shops/heureka-sekce.xml
CZ;4840;Bazénové vzduchovače;Heureka.cz | Dílna, stavba, zahrada | Bazény a doplňky | Doplňky k bazénům | Bazénové vzduchovače;5;https://www.heureka.cz/direct/xml-export/shops/heureka-sekce.xml
CZ;2688;Ohřev vody k bazénům;Heureka.cz | Dílna, stavba, zahrada | Bazény a doplňky | Doplňky k bazénům | Ohřev vody k bazénům;5;https://www.heureka.cz/direct/xml-export/shops/heureka-sekce.xml
CZ;1692;Osvětlení k bazénům;Heureka.cz | Dílna, stavba, zahrada | Bazény a doplňky | Doplňky k bazénům | Osvětlení k bazénům;5;https://www.heureka.cz/direct/xml-export/shops/heureka-sekce.xml
CZ;1561;Příslušenství k bazénům;Heureka.cz | Dílna, stavba, zahrada | Bazény a doplňky | Doplňky k bazénům | Příslušenství k bazénům;5;https://www.heureka.cz/direct/xml-export/shops/heureka-sekce.xml
CZ;1694;Schůdky k bazénům;Heureka.cz | Dílna, stavba, zahrada | Bazény a doplňky | Doplňky k bazénům | Schůdky k bazénům;5;https://www.heureka.cz/direct/xml-export/shops/heureka-sekce.xml
CZ;4841;Zastřešení bazénů;Heureka.cz | Dílna, stavba, zahrada | Bazény a doplňky | Doplňky k bazénům | Zastřešení bazénů;5;https://www.heureka.cz/direct/xml-export/shops/heureka-sekce.xml
CZ;2689;Dětské bazénky;Heureka.cz | Dílna, stavba, zahrada | Bazény a doplňky | Dětské bazénky;4;https://www.heureka.cz/direct/xml-export/shops/heureka-sekce.xml
CZ;6507;Koupací sudy;Heureka.cz | Dílna, stavba, zahrada | Bazény a doplňky | Koupací sudy;4;https://www.heureka.cz/direct/xml-export/shops/heureka-sekce.xml
CZ;8389;Vonné esence do vířivky;Heureka.cz | Dílna, stavba, zahrada | Bazény a doplňky | Vonné esence do vířivky;4;https://www.heureka.cz/direct/xml-export/shops/heureka-sekce.xml
CZ;2724;Vířivky;Heureka.cz | Dílna, stavba, zahrada | Bazény a doplňky | Vířivky;4;https://www.heureka.cz/direct/xml-export/shops/heureka-sekce.xml
CZ;2690;Zahradní sprchy;Heureka.cz | Dílna, stavba, zahrada | Bazény a doplňky | Zahradní sprchy;4;https://www.heureka.cz/direct/xml-export/shops/heureka-sekce.xml
CZ;1557;Bazénová chemie;Heureka.cz | Dílna, stavba, zahrada | Bazény a doplňky | Čištění bazénů | Bazénová chemie;5;https://www.heureka.cz/direct/xml-export/shops/heureka-sekce.xml
CZ;1558;Bazénové filtrace;Heureka.cz | Dílna, stavba, zahrada | Bazény a doplňky | Čištění bazénů | Bazénové filtrace;5;https://www.heureka.cz/direct/xml-export/shops/heureka-sekce.xml
CZ;4842;Bazénové skimmery;Heureka.cz | Dílna, stavba, zahrada | Bazény a doplňky | Čištění bazénů | Bazénové skimmery;5;https://www.heureka.cz/direct/xml-export/shops/heureka-sekce.xml
CZ;1560;Bazénové vysavače;Heureka.cz | Dílna, stavba, zahrada | Bazény a doplňky | Čištění bazénů | Bazénové vysavače;5;https://www.heureka.cz/direct/xml-export/shops/heureka-sekce.xml
CZ;5196;Piktogramy;Heureka.cz | Dílna, stavba, zahrada | Dílna | Dílenské vybavení | Bezpečnostní značení | Piktogramy;6;https://www.heureka.cz/direct/xml-export/shops/heureka-sekce.xml
CZ;6887;Výstražné pásky a řetězy;Heureka.cz | Dílna, stavba, zahrada | Dílna | Dílenské vybavení | Bezpečnostní značení | Výstražné pásky a řetězy;6;https://www.heureka.cz/direct/xml-export/shops/heureka-sekce.xml
CZ;6888;Výstražné sloupky a kužely;Heureka.cz | Dílna, stavba, zahrada | Dílna | Dílenské vybavení | Bezpečnostní značení | Výstražné sloupky a kužely;6;https://www.heureka.cz/direct/xml-export/shops/heureka-sekce.xml
CZ;4235;Dílenská topidla;Heureka.cz | Dílna, stavba, zahrada | Dílna | Dílenské vybavení | Dílenská topidla;5;https://www.heureka.cz/direct/xml-export/shops/heureka-sekce.xml
CZ;4164;Dílenské svítilny;Heureka.cz | Dílna, stavba, zahrada | Dílna | Dílenské vybavení | Dílenské svítilny;5;https://www.heureka.cz/direct/xml-export/shops/heureka-sekce.xml
CZ;5913;Dílenská lehátka;Heureka.cz | Dílna, stavba, zahrada | Dílna | Dílenské vybavení | Dílenský nábytek | Dílenská lehátka;6;https://www.heureka.cz/direct/xml-export/shops/heureka-sekce.xml
CZ;5881;Dílenské skříně;Heureka.cz | Dílna, stavba, zahrada | Dílna | Dílenské vybavení | Dílenský nábytek | Dílenské skříně;6;https://www.heureka.cz/direct/xml-export/shops/heureka-sekce.xml
CZ;2894;Dílenské stoly a ponky;Heureka.cz | Dílna, stavba, zahrada | Dílna | Dílenské vybavení | Dílenský nábytek | Dílenské stoly a ponky;6;https://www.heureka.cz/direct/xml-export/shops/heureka-sekce.xml
CZ;5871;Dílenské židle;Heureka.cz | Dílna, stavba, zahrada | Dílna | Dílenské vybavení | Dílenský nábytek | Dílenské židle;6;https://www.heureka.cz/direct/xml-export/shops/heureka-sekce.xml
CZ;2882;Kufry a organizéry na nářadí;Heureka.cz | Dílna, stavba, zahrada | Dílna | Dílenské vybavení | Dílenský nábytek | Kufry a organizéry na nářadí;6;https://www.heureka.cz/direct/xml-export/shops/heureka-sekce.xml
CZ;6352;Montážní vozíky;Heureka.cz | Dílna, stavba, zahrada | Dílna | Dílenské vybavení | Dílenský nábytek | Montážní vozíky;6;https://www.heureka.cz/direct/xml-export/shops/heureka-sekce.xml
CZ;2389;Skladové regály;Heureka.cz | Dílna, stavba, zahrada | Dílna | Dílenské vybavení | Dílenský nábytek | Skladové regály;6;https://www.heureka.cz/direct/xml-export/shops/heureka-sekce.xml
CZ;2374;Hasicí přístroje;Heureka.cz | Dílna, stavba, zahrada | Dílna | Dílenské vybavení | Hasicí přístroje a hydranty | Hasicí přístroje;6;https://www.heureka.cz/direct/xml-export/shops/heureka-sekce.xml
CZ;5983;Hydrantové systémy;Heureka.cz | Dílna, stavba, zahrada | Dílna | Dílenské vybavení | Hasicí přístroje a hydranty | Hydrantové systémy;6;https://www.heureka.cz/direct/xml-export/shops/heureka-sekce.xml
CZ;2390;Přepravní vozíky;Heureka.cz | Dílna, stavba, zahrada | Dílna | Dílenské vybavení | Manipulační technika | Přepravní vozíky;6;https://www.heureka.cz/direct/xml-export/shops/heureka-sekce.xml
CZ;5975;Přísavky na sklo;Heureka.cz | Dílna, stavba, zahrada | Dílna | Dílenské vybavení | Manipulační technika | Přísavky na sklo;6;https://www.heureka.cz/direct/xml-export/shops/heureka-sekce.xml
CZ;2388;Rudly;Heureka.cz | Dílna, stavba, zahrada | Dílna | Dílenské vybavení | Manipulační technika | Rudly;6;https://www.heureka.cz/direct/xml-export/shops/heureka-sekce.xml
CZ;5965;Zvedací magnety;Heureka.cz | Dílna, stavba, zahrada | Dílna | Dílenské vybavení | Manipulační technika | Zvedací magnety;6;https://www.heureka.cz/direct/xml-export/shops/heureka-sekce.xml
CZ;6815;Zvedací stoly a plošiny;Heureka.cz | Dílna, stavba, zahrada | Dílna | Dílenské vybavení | Manipulační technika | Zvedací stoly a plošiny;6;https://www.heureka.cz/direct/xml-export/shops/heureka-sekce.xml
CZ;2105;Průmyslové váhy;Heureka.cz | Dílna, stavba, zahrada | Dílna | Dílenské vybavení | Průmyslové váhy;5;https://www.heureka.cz/direct/xml-export/shops/heureka-sekce.xml
CZ;5377;Stahovací pásky;Heureka.cz | Dílna, stavba, zahrada | Dílna | Dílenské vybavení | Stahovací pásky;5;https://www.heureka.cz/direct/xml-export/shops/heureka-sekce.xml
CZ;3756;Svěráky a svorky;Heureka.cz | Dílna, stavba, zahrada | Dílna | Dílenské vybavení | Svěráky a svorky;5;https://www.heureka.cz/direct/xml-export/shops/heureka-sekce.xml
CZ;5993;Mycí stoly a vany;Heureka.cz | Dílna, stavba, zahrada | Dílna | Dílenské vybavení | Úklidová technika | Mycí stoly a vany;6;https://www.heureka.cz/direct/xml-export/shops/heureka-sekce.xml
CZ;4136;Odsavače prachu a pilin;Heureka.cz | Dílna, stavba, zahrada | Dílna | Dílenské vybavení | Úklidová technika | Odsavače prachu a pilin;6;https://www.heureka.cz/direct/xml-export/shops/heureka-sekce.xml
CZ;5411;Podlahové mycí stroje;Heureka.cz | Dílna, stavba, zahrada | Dílna | Dílenské vybavení | Úklidová technika | Podlahové mycí stroje;6;https://www.heureka.cz/direct/xml-export/shops/heureka-sekce.xml
CZ;4980;Zametací stroje;Heureka.cz | Dílna, stavba, zahrada | Dílna | Dílenské vybavení | Úklidová technika | Zametací stroje;6;https://www.heureka.cz/direct/xml-export/shops/heureka-sekce.xml
CZ;2872;Elektrocentrály;Heureka.cz | Dílna, stavba, zahrada | Dílna | Elektrocentrály;4;https://www.heureka.cz/direct/xml-export/shops/heureka-sekce.xml
CZ;3757;Hoblovky a protahovačky;Heureka.cz | Dílna, stavba, zahrada | Dílna | Obrábění | Hoblovky a protahovačky;5;https://www.heureka.cz/direct/xml-export/shops/heureka-sekce.xml
CZ;6107;Lisovací technika;Heureka.cz | Dílna, stavba, zahrada | Dílna | Obrábění | Lisovací technika;5;https://www.heureka.cz/direct/xml-export/shops/heureka-sekce.xml
CZ;4258;Soustruhy;Heureka.cz | Dílna, stavba, zahrada | Dílna | Obrábění | Soustruhy a příslušenství | Soustruhy;6;https://www.heureka.cz/direct/xml-export/shops/heureka-sekce.xml
CZ;5769;Ochranné přepážky;Heureka.cz | Dílna, stavba, zahrada | Dílna | Ochranné pomůcky | Ochranné přepážky;5;https://www.heureka.cz/direct/xml-export/shops/heureka-sekce.xml
CZ;5688;Ochranné štíty;Heureka.cz | Dílna, stavba, zahrada | Dílna | Ochranné pomůcky | Ochranné štíty;5;https://www.heureka.cz/direct/xml-export/shops/heureka-sekce.xml
CZ;3626;Pracovní brýle;Heureka.cz | Dílna, stavba, zahrada | Dílna | Ochranné pomůcky | Pracovní brýle;5;https://www.heureka.cz/direct/xml-export/shops/heureka-sekce.xml
CZ;2289;Pracovní obuv;Heureka.cz | Dílna, stavba, zahrada | Dílna | Ochranné pomůcky | Pracovní obuv;5;https://www.heureka.cz/direct/xml-export/shops/heureka-sekce.xml
CZ;8369;Kuchařské kalhoty;Heureka.cz | Dílna, stavba, zahrada | Dílna | Ochranné pomůcky | Pracovní oděvy | Gastro oděvy | Kuchařské kalhoty;7;https://www.heureka.cz/direct/xml-export/shops/heureka-sekce.xml
CZ;8353;Kuchařské rondony;Heureka.cz | Dílna, stavba, zahrada | Dílna | Ochranné pomůcky | Pracovní oděvy | Gastro oděvy | Kuchařské rondony;7;https://www.heureka.cz/direct/xml-export/shops/heureka-sekce.xml
CZ;8402;Ochranné obleky a overaly;Heureka.cz | Dílna, stavba, zahrada | Dílna | Ochranné pomůcky | Pracovní oděvy | Ochranné obleky a overaly;6;https://www.heureka.cz/direct/xml-export/shops/heureka-sekce.xml
CZ;2288;Ostatní pracovní oděvy;Heureka.cz | Dílna, stavba, zahrada | Dílna | Ochranné pomůcky | Pracovní oděvy | Ostatní pracovní oděvy;6;https://www.heureka.cz/direct/xml-export/shops/heureka-sekce.xml
CZ;2290;Pracovní rukavice;Heureka.cz | Dílna, stavba, zahrada | Dílna | Ochranné pomůcky | Pracovní oděvy | Pracovní rukavice;6;https://www.heureka.cz/direct/xml-export/shops/heureka-sekce.xml
CZ;8535;Pracovní trička;Heureka.cz | Dílna, stavba, zahrada | Dílna | Ochranné pomůcky | Pracovní oděvy | Pracovní trička;6;https://www.heureka.cz/direct/xml-export/shops/heureka-sekce.xml
CZ;8493;Pracovní čepice a šátky;Heureka.cz | Dílna, stavba, zahrada | Dílna | Ochranné pomůcky | Pracovní oděvy | Pracovní čepice a šátky;6;https://www.heureka.cz/direct/xml-export/shops/heureka-sekce.xml
CZ;3624;Pracovní přilby;Heureka.cz | Dílna, stavba, zahrada | Dílna | Ochranné pomůcky | Pracovní přilby;5;https://www.heureka.cz/direct/xml-export/shops/heureka-sekce.xml
CZ;3625;Pracovní sluchátka;Heureka.cz | Dílna, stavba, zahrada | Dílna | Ochranné pomůcky | Pracovní sluchátka;5;https://www.heureka.cz/direct/xml-export/shops/heureka-sekce.xml
CZ;2889;Kompresory;Heureka.cz | Dílna, stavba, zahrada | Dílna | Pneumatická zařízení | Kompresory a příslušenství | Kompresory;6;https://www.heureka.cz/direct/xml-export/shops/heureka-sekce.xml
CZ;4141;Páječky;Heureka.cz | Dílna, stavba, zahrada | Dílna | Pájení | Páječky;5;https://www.heureka.cz/direct/xml-export/shops/heureka-sekce.xml
CZ;6698;Letlampy a hořáky;Heureka.cz | Dílna, stavba, zahrada | Dílna | Svařování | Letlampy a hořáky;5;https://www.heureka.cz/direct/xml-export/shops/heureka-sekce.xml
CZ;6802;Svářecí dráty;Heureka.cz | Dílna, stavba, zahrada | Dílna | Svařování | Svářecí dráty;5;https://www.heureka.cz/direct/xml-export/shops/heureka-sekce.xml
CZ;6803;Svářecí elektrody;Heureka.cz | Dílna, stavba, zahrada | Dílna | Svařování | Svářecí elektrody;5;https://www.heureka.cz/direct/xml-export/shops/heureka-sekce.xml
CZ;2436;Svářečky;Heureka.cz | Dílna, stavba, zahrada | Dílna | Svařování | Svářečky;5;https://www.heureka.cz/direct/xml-export/shops/heureka-sekce.xml
CZ;5562;Svářečské kukly;Heureka.cz | Dílna, stavba, zahrada | Dílna | Svařování | Svářečské kukly;5;https://www.heureka.cz/direct/xml-export/shops/heureka-sekce.xml
CZ;2752;Aku kladiva;Heureka.cz | Dílna, stavba, zahrada | Nářadí pro dílnu a zahradu | Nářadí do dílny | Akumulátorové nářadí | Aku kladiva;6;https://www.heureka.cz/direct/xml-export/shops/heureka-sekce.xml
CZ;1328;Aku vrtačky a šroubováky;Heureka.cz | Dílna, stavba, zahrada | Nářadí pro dílnu a zahradu | Nářadí do dílny | Akumulátorové nářadí | Aku vrtačky a šroubováky;6;https://www.heureka.cz/direct/xml-export/shops/heureka-sekce.xml
CZ;4221;Baterie k aku nářadí - neoriginální;Heureka.cz | Dílna, stavba, zahrada | Nářadí pro dílnu a zahradu | Nářadí do dílny | Akumulátorové nářadí | Baterie a nabíječky k aku nářadí | Baterie k aku nářadí - neoriginální;7;https://www.heureka.cz/direct/xml-export/shops/heureka-sekce.xml
CZ;2478;Baterie k aku nářadí - originální;Heureka.cz | Dílna, stavba, zahrada | Nářadí pro dílnu a zahradu | Nářadí do dílny | Akumulátorové nářadí | Baterie a nabíječky k aku nářadí | Baterie k aku nářadí - originální;7;https://www.heureka.cz/direct/xml-export/shops/heureka-sekce.xml
CZ;4231;Nabíječky k aku nářadí - neoriginální;Heureka.cz | Dílna, stavba, zahrada | Nářadí pro dílnu a zahradu | Nářadí do dílny | Akumulátorové nářadí | Baterie a nabíječky k aku nářadí | Nabíječky k aku nářadí - neoriginální;7;https://www.heureka.cz/direct/xml-export/shops/heureka-sekce.xml
CZ;4230;Nabíječky k aku nářadí - originální;Heureka.cz | Dílna, stavba, zahrada | Nářadí pro dílnu a zahradu | Nářadí do dílny | Akumulátorové nářadí | Baterie a nabíječky k aku nářadí | Nabíječky k aku nářadí - originální;7;https://www.heureka.cz/direct/xml-export/shops/heureka-sekce.xml
CZ;6444;Sady baterií a nabíječek k aku nářadí;Heureka.cz | Dílna, stavba, zahrada | Nářadí pro dílnu a zahradu | Nářadí do dílny | Akumulátorové nářadí | Baterie a nabíječky k aku nářadí | Sady baterií a nabíječek k aku nářadí;7;https://www.heureka.cz/direct/xml-export/shops/heureka-sekce.xml
CZ;1025;Brusky;Heureka.cz | Dílna, stavba, zahrada | Nářadí pro dílnu a zahradu | Nářadí do dílny | Elektrické nářadí | Brusky a příslušenství | Brusky;7;https://www.heureka.cz/direct/xml-export/shops/heureka-sekce.xml
CZ;4200;Brusky - příslušenství;Heureka.cz | Dílna, stavba, zahrada | Nářadí pro dílnu a zahradu | Nářadí do dílny | Elektrické nářadí | Brusky a příslušenství | Brusky - příslušenství;7;https://www.heureka.cz/direct/xml-export/shops/heureka-sekce.xml
CZ;7428;Brusné kotouče;Heureka.cz | Dílna, stavba, zahrada | Nářadí pro dílnu a zahradu | Nářadí do dílny | Elektrické nářadí | Brusky a příslušenství | Brusné kotouče;7;https://www.heureka.cz/direct/xml-export/shops/heureka-sekce.xml
CZ;8301;Brusné papíry;Heureka.cz | Dílna, stavba, zahrada | Nářadí pro dílnu a zahradu | Nářadí do dílny | Elektrické nářadí | Brusky a příslušenství | Brusné papíry;7;https://www.heureka.cz/direct/xml-export/shops/heureka-sekce.xml
CZ;8302;Brusné válce a kartáče;Heureka.cz | Dílna, stavba, zahrada | Nářadí pro dílnu a zahradu | Nářadí do dílny | Elektrické nářadí | Brusky a příslušenství | Brusné válce a kartáče;7;https://www.heureka.cz/direct/xml-export/shops/heureka-sekce.xml
CZ;8303;Kryty pro brusky;Heureka.cz | Dílna, stavba, zahrada | Nářadí pro dílnu a zahradu | Nářadí do dílny | Elektrické nářadí | Brusky a příslušenství | Kryty pro brusky;7;https://www.heureka.cz/direct/xml-export/shops/heureka-sekce.xml
CZ;5416;Elektrická kladiva;Heureka.cz | Dílna, stavba, zahrada | Nářadí pro dílnu a zahradu | Nářadí do dílny | Elektrické nářadí | Elektrická kladiva;6;https://www.heureka.cz/direct/xml-export/shops/heureka-sekce.xml
CZ;1333;Lepicí pistole;Heureka.cz | Dílna, stavba, zahrada | Nářadí pro dílnu a zahradu | Nářadí do dílny | Elektrické nářadí | Elektrické dílenské pistole | Lepicí pistole a příslušenství | Lepicí pistole;8;https://www.heureka.cz/direct/xml-export/shops/heureka-sekce.xml
CZ;6648;Nýtovací pistole;Heureka.cz | Dílna, stavba, zahrada | Nářadí pro dílnu a zahradu | Nářadí do dílny | Elektrické nářadí | Elektrické dílenské pistole | Nýtovací pistole;7;https://www.heureka.cz/direct/xml-export/shops/heureka-sekce.xml
CZ;5963;Elektrické šroubováky;Heureka.cz | Dílna, stavba, zahrada | Nářadí pro dílnu a zahradu | Nářadí do dílny | Elektrické nářadí | Elektrické šroubováky;6;https://www.heureka.cz/direct/xml-export/shops/heureka-sekce.xml
CZ;1332;Frézky;Heureka.cz | Dílna, stavba, zahrada | Nářadí pro dílnu a zahradu | Nářadí do dílny | Elektrické nářadí | Frézy a frézky | Frézky;7;https://www.heureka.cz/direct/xml-export/shops/heureka-sekce.xml
CZ;3759;Frézy;Heureka.cz | Dílna, stavba, zahrada | Nářadí pro dílnu a zahradu | Nářadí do dílny | Elektrické nářadí | Frézy a frézky | Frézy;7;https://www.heureka.cz/direct/xml-export/shops/heureka-sekce.xml
CZ;1026;Hoblíky;Heureka.cz | Dílna, stavba, zahrada | Nářadí pro dílnu a zahradu | Nářadí do dílny | Elektrické nářadí | Hoblíky;6;https://www.heureka.cz/direct/xml-export/shops/heureka-sekce.xml
CZ;1027;Horkovzdušné pistole;Heureka.cz | Dílna, stavba, zahrada | Nářadí pro dílnu a zahradu | Nářadí do dílny | Elektrické nářadí | Horkovzdušné pistole;6;https://www.heureka.cz/direct/xml-export/shops/heureka-sekce.xml
CZ;5370;Mikronářadí;Heureka.cz | Dílna, stavba, zahrada | Nářadí pro dílnu a zahradu | Nářadí do dílny | Elektrické nářadí | Mikronářadí a příslušenství | Mikronářadí;7;https://www.heureka.cz/direct/xml-export/shops/heureka-sekce.xml
CZ;5397;Příslušenství k mikronářadí;Heureka.cz | Dílna, stavba, zahrada | Nářadí pro dílnu a zahradu | Nářadí do dílny | Elektrické nářadí | Mikronářadí a příslušenství | Příslušenství k mikronářadí;7;https://www.heureka.cz/direct/xml-export/shops/heureka-sekce.xml
CZ;1334;Míchadla;Heureka.cz | Dílna, stavba, zahrada | Nářadí pro dílnu a zahradu | Nářadí do dílny | Elektrické nářadí | Míchadla;6;https://www.heureka.cz/direct/xml-export/shops/heureka-sekce.xml
CZ;5962;Olepovačky hran;Heureka.cz | Dílna, stavba, zahrada | Nářadí pro dílnu a zahradu | Nářadí do dílny | Elektrické nářadí | Olepovačky hran;6;https://www.heureka.cz/direct/xml-export/shops/heureka-sekce.xml
CZ;5843;Okružní pily;Heureka.cz | Dílna, stavba, zahrada | Nářadí pro dílnu a zahradu | Nářadí do dílny | Elektrické nářadí | Pily | Okružní pily;7;https://www.heureka.cz/direct/xml-export/shops/heureka-sekce.xml
CZ;5848;Pily ocasky;Heureka.cz | Dílna, stavba, zahrada | Nářadí pro dílnu a zahradu | Nářadí do dílny | Elektrické nářadí | Pily | Pily ocasky;7;https://www.heureka.cz/direct/xml-export/shops/heureka-sekce.xml
CZ;5846;Pokosové pily;Heureka.cz | Dílna, stavba, zahrada | Nářadí pro dílnu a zahradu | Nářadí do dílny | Elektrické nářadí | Pily | Pokosové pily;7;https://www.heureka.cz/direct/xml-export/shops/heureka-sekce.xml
CZ;5847;Pásové pily;Heureka.cz | Dílna, stavba, zahrada | Nářadí pro dílnu a zahradu | Nářadí do dílny | Elektrické nářadí | Pily | Pásové pily;7;https://www.heureka.cz/direct/xml-export/shops/heureka-sekce.xml
CZ;5845;Přímočaré pily;Heureka.cz | Dílna, stavba, zahrada | Nářadí pro dílnu a zahradu | Nářadí do dílny | Elektrické nářadí | Pily | Přímočaré pily;7;https://www.heureka.cz/direct/xml-export/shops/heureka-sekce.xml
CZ;1184;Pilové kotouče a pásy;Heureka.cz | Dílna, stavba, zahrada | Nářadí pro dílnu a zahradu | Nářadí do dílny | Elektrické nářadí | Pily | Příslušenství pro pily | Pilové kotouče a pásy;8;https://www.heureka.cz/direct/xml-export/shops/heureka-sekce.xml
CZ;6318;Pilové lišty;Heureka.cz | Dílna, stavba, zahrada | Nářadí pro dílnu a zahradu | Nářadí do dílny | Elektrické nářadí | Pily | Příslušenství pro pily | Pilové lišty;8;https://www.heureka.cz/direct/xml-export/shops/heureka-sekce.xml
CZ;6320;Pilové řetězy;Heureka.cz | Dílna, stavba, zahrada | Nářadí pro dílnu a zahradu | Nářadí do dílny | Elektrické nářadí | Pily | Příslušenství pro pily | Pilové řetězy;8;https://www.heureka.cz/direct/xml-export/shops/heureka-sekce.xml
CZ;6319;Pracovní kozy;Heureka.cz | Dílna, stavba, zahrada | Nářadí pro dílnu a zahradu | Nářadí do dílny | Elektrické nářadí | Pily | Příslušenství pro pily | Pracovní kozy;8;https://www.heureka.cz/direct/xml-export/shops/heureka-sekce.xml
CZ;5844;Stolní pily;Heureka.cz | Dílna, stavba, zahrada | Nářadí pro dílnu a zahradu | Nářadí do dílny | Elektrické nářadí | Pily | Stolní pily;7;https://www.heureka.cz/direct/xml-export/shops/heureka-sekce.xml
CZ;1683;Řetězové pily;Heureka.cz | Dílna, stavba, zahrada | Nářadí pro dílnu a zahradu | Nářadí do dílny | Elektrické nářadí | Pily | Řetězové pily;7;https://www.heureka.cz/direct/xml-export/shops/heureka-sekce.xml
CZ;5103;Rázové utahováky;Heureka.cz | Dílna, stavba, zahrada | Nářadí pro dílnu a zahradu | Nářadí do dílny | Elektrické nářadí | Rázové utahováky;6;https://www.heureka.cz/direct/xml-export/shops/heureka-sekce.xml
CZ;2886;Sponkovačky a nastřelovačky;Heureka.cz | Dílna, stavba, zahrada | Nářadí pro dílnu a zahradu | Nářadí do dílny | Elektrické nářadí | Sponkovačky a nastřelovačky;6;https://www.heureka.cz/direct/xml-export/shops/heureka-sekce.xml
CZ;4201;Příslušenství k vrtačkám;Heureka.cz | Dílna, stavba, zahrada | Nářadí pro dílnu a zahradu | Nářadí do dílny | Elektrické nářadí | Vrtačky a příslušenství | Příslušenství k vrtačkám;7;https://www.heureka.cz/direct/xml-export/shops/heureka-sekce.xml
CZ;1181;Vrtačky;Heureka.cz | Dílna, stavba, zahrada | Nářadí pro dílnu a zahradu | Nářadí do dílny | Elektrické nářadí | Vrtačky a příslušenství | Vrtačky;7;https://www.heureka.cz/direct/xml-export/shops/heureka-sekce.xml
CZ;8583;Vrtáky;Heureka.cz | Dílna, stavba, zahrada | Nářadí pro dílnu a zahradu | Nářadí do dílny | Elektrické nářadí | Vrtačky a příslušenství | Vrtáky;7;https://www.heureka.cz/direct/xml-export/shops/heureka-sekce.xml
CZ;6355;Pneumatické pily;Heureka.cz | Dílna, stavba, zahrada | Nářadí pro dílnu a zahradu | Nářadí do dílny | Pneumatické nářadí | Pneumatické pily;6;https://www.heureka.cz/direct/xml-export/shops/heureka-sekce.xml
CZ;6650;Pneumatické pistole a rozprašovače;Heureka.cz | Dílna, stavba, zahrada | Nářadí pro dílnu a zahradu | Nářadí do dílny | Pneumatické nářadí | Pneumatické pistole a příslušenství | Pneumatické pistole a rozprašovače;7;https://www.heureka.cz/direct/xml-export/shops/heureka-sekce.xml
CZ;2323;Bity;Heureka.cz | Dílna, stavba, zahrada | Nářadí pro dílnu a zahradu | Nářadí do dílny | Ruční nářadí | Bity;6;https://www.heureka.cz/direct/xml-export/shops/heureka-sekce.xml
CZ;3753;Dláta;Heureka.cz | Dílna, stavba, zahrada | Nářadí pro dílnu a zahradu | Nářadí do dílny | Ruční nářadí | Dláta;6;https://www.heureka.cz/direct/xml-export/shops/heureka-sekce.xml
CZ;2295;Gola sady;Heureka.cz | Dílna, stavba, zahrada | Nářadí pro dílnu a zahradu | Nářadí do dílny | Ruční nářadí | Gola sady a příslušenství | Gola sady;7;https://www.heureka.cz/direct/xml-export/shops/heureka-sekce.xml
CZ;4095;Příslušenství ke gola sadám;Heureka.cz | Dílna, stavba, zahrada | Nářadí pro dílnu a zahradu | Nářadí do dílny | Ruční nářadí | Gola sady a příslušenství | Příslušenství ke gola sadám;7;https://www.heureka.cz/direct/xml-export/shops/heureka-sekce.xml
CZ;4093;Hasáky;Heureka.cz | Dílna, stavba, zahrada | Nářadí pro dílnu a zahradu | Nářadí do dílny | Ruční nářadí | Hasáky;6;https://www.heureka.cz/direct/xml-export/shops/heureka-sekce.xml
CZ;3392;Klasické šroubováky;Heureka.cz | Dílna, stavba, zahrada | Nářadí pro dílnu a zahradu | Nářadí do dílny | Ruční nářadí | Klasické šroubováky;6;https://www.heureka.cz/direct/xml-export/shops/heureka-sekce.xml
CZ;8621;Kleště;Heureka.cz | Dílna, stavba, zahrada | Nářadí pro dílnu a zahradu | Nářadí do dílny | Ruční nářadí | Kleště;6;https://www.heureka.cz/direct/xml-export/shops/heureka-sekce.xml
CZ;3379;Kleště SIKO;Heureka.cz | Dílna, stavba, zahrada | Nářadí pro dílnu a zahradu | Nářadí do dílny | Ruční nářadí | Kleště SIKO;6;https://www.heureka.cz/direct/xml-export/shops/heureka-sekce.xml
CZ;3373;Kleště kombinované;Heureka.cz | Dílna, stavba, zahrada | Nářadí pro dílnu a zahradu | Nářadí do dílny | Ruční nářadí | Kleště kombinované;6;https://www.heureka.cz/direct/xml-export/shops/heureka-sekce.xml
CZ;3385;Kleště kulaté;Heureka.cz | Dílna, stavba, zahrada | Nářadí pro dílnu a zahradu | Nářadí do dílny | Ruční nářadí | Kleště kulaté;6;https://www.heureka.cz/direct/xml-export/shops/heureka-sekce.xml
CZ;3375;Kleště lisovací;Heureka.cz | Dílna, stavba, zahrada | Nářadí pro dílnu a zahradu | Nářadí do dílny | Ruční nářadí | Kleště lisovací;6;https://www.heureka.cz/direct/xml-export/shops/heureka-sekce.xml
CZ;3387;Kleště montážní;Heureka.cz | Dílna, stavba, zahrada | Nářadí pro dílnu a zahradu | Nářadí do dílny | Ruční nářadí | Kleště montážní;6;https://www.heureka.cz/direct/xml-export/shops/heureka-sekce.xml
CZ;3376;Kleště odizolovací;Heureka.cz | Dílna, stavba, zahrada | Nářadí pro dílnu a zahradu | Nářadí do dílny | Ruční nářadí | Kleště odizolovací;6;https://www.heureka.cz/direct/xml-export/shops/heureka-sekce.xml
CZ;3377;Kleště ploché;Heureka.cz | Dílna, stavba, zahrada | Nářadí pro dílnu a zahradu | Nářadí do dílny | Ruční nářadí | Kleště ploché;6;https://www.heureka.cz/direct/xml-export/shops/heureka-sekce.xml
CZ;3381;Kleště štípací;Heureka.cz | Dílna, stavba, zahrada | Nářadí pro dílnu a zahradu | Nářadí do dílny | Ruční nářadí | Kleště štípací;6;https://www.heureka.cz/direct/xml-export/shops/heureka-sekce.xml
CZ;2324;Klíče;Heureka.cz | Dílna, stavba, zahrada | Nářadí pro dílnu a zahradu | Nářadí do dílny | Ruční nářadí | Klíče;6;https://www.heureka.cz/direct/xml-export/shops/heureka-sekce.xml
CZ;5996;Mazací lisy a pistole;Heureka.cz | Dílna, stavba, zahrada | Nářadí pro dílnu a zahradu | Nářadí do dílny | Ruční nářadí | Mazací lisy a pistole;6;https://www.heureka.cz/direct/xml-export/shops/heureka-sekce.xml
CZ;2888;Nůžky na plech;Heureka.cz | Dílna, stavba, zahrada | Nářadí pro dílnu a zahradu | Nářadí do dílny | Ruční nářadí | Nůžky na plech;6;https://www.heureka.cz/direct/xml-export/shops/heureka-sekce.xml
CZ;2322;Pilníky;Heureka.cz | Dílna, stavba, zahrada | Nářadí pro dílnu a zahradu | Nářadí do dílny | Ruční nářadí | Pilníky;6;https://www.heureka.cz/direct/xml-export/shops/heureka-sekce.xml
CZ;3754;Pracovní nože;Heureka.cz | Dílna, stavba, zahrada | Nářadí pro dílnu a zahradu | Nářadí do dílny | Ruční nářadí | Pracovní nože;6;https://www.heureka.cz/direct/xml-export/shops/heureka-sekce.xml
CZ;3647;Páčidla;Heureka.cz | Dílna, stavba, zahrada | Nářadí pro dílnu a zahradu | Nářadí do dílny | Ruční nářadí | Páčidla;6;https://www.heureka.cz/direct/xml-export/shops/heureka-sekce.xml
CZ;1743;Ruční hoblíky;Heureka.cz | Dílna, stavba, zahrada | Nářadí pro dílnu a zahradu | Nářadí do dílny | Ruční nářadí | Ruční hoblíky;6;https://www.heureka.cz/direct/xml-export/shops/heureka-sekce.xml
CZ;2702;Ruční kladiva;Heureka.cz | Dílna, stavba, zahrada | Nářadí pro dílnu a zahradu | Nářadí do dílny | Ruční nářadí | Ruční kladiva;6;https://www.heureka.cz/direct/xml-export/shops/heureka-sekce.xml
CZ;6003;Vytlačovací pistole;Heureka.cz | Dílna, stavba, zahrada | Nářadí pro dílnu a zahradu | Nářadí do dílny | Ruční nářadí | Vytlačovací pistole;6;https://www.heureka.cz/direct/xml-export/shops/heureka-sekce.xml
CZ;3755;Závitníky;Heureka.cz | Dílna, stavba, zahrada | Nářadí pro dílnu a zahradu | Nářadí do dílny | Ruční nářadí | Závitníky;6;https://www.heureka.cz/direct/xml-export/shops/heureka-sekce.xml
CZ;3054;Sady nářadí do dílny;Heureka.cz | Dílna, stavba, zahrada | Nářadí pro dílnu a zahradu | Nářadí do dílny | Sady nářadí do dílny;5;https://www.heureka.cz/direct/xml-export/shops/heureka-sekce.xml
CZ;1179;Hrabla na sníh;Heureka.cz | Dílna, stavba, zahrada | Nářadí pro dílnu a zahradu | Zahradní nářadí a technika | Zahradní nářadí | Hrabla na sníh;6;https://www.heureka.cz/direct/xml-export/shops/heureka-sekce.xml
CZ;1973;Hrábě;Heureka.cz | Dílna, stavba, zahrada | Nářadí pro dílnu a zahradu | Zahradní nářadí a technika | Zahradní nářadí | Hrábě;6;https://www.heureka.cz/direct/xml-export/shops/heureka-sekce.xml
CZ;3570;Krumpáče;Heureka.cz | Dílna, stavba, zahrada | Nářadí pro dílnu a zahradu | Zahradní nářadí a technika | Zahradní nářadí | Krumpáče;6;https://www.heureka.cz/direct/xml-export/shops/heureka-sekce.xml
CZ;1178;Lopaty;Heureka.cz | Dílna, stavba, zahrada | Nářadí pro dílnu a zahradu | Zahradní nářadí a technika | Zahradní nářadí | Lopaty;6;https://www.heureka.cz/direct/xml-export/shops/heureka-sekce.xml
CZ;6989;Mačety;Heureka.cz | Dílna, stavba, zahrada | Nářadí pro dílnu a zahradu | Zahradní nářadí a technika | Zahradní nářadí | Mačety;6;https://www.heureka.cz/direct/xml-export/shops/heureka-sekce.xml
CZ;2691;Motyky;Heureka.cz | Dílna, stavba, zahrada | Nářadí pro dílnu a zahradu | Zahradní nářadí a technika | Zahradní nářadí | Motyky;6;https://www.heureka.cz/direct/xml-export/shops/heureka-sekce.xml
CZ;4229;Násady k nářadí;Heureka.cz | Dílna, stavba, zahrada | Nářadí pro dílnu a zahradu | Zahradní nářadí a technika | Zahradní nářadí | Násady k nářadí;6;https://www.heureka.cz/direct/xml-export/shops/heureka-sekce.xml
CZ;1174;Ruční pily;Heureka.cz | Dílna, stavba, zahrada | Nářadí pro dílnu a zahradu | Zahradní nářadí a technika | Zahradní nářadí | Ruční pily;6;https://www.heureka.cz/direct/xml-export/shops/heureka-sekce.xml
CZ;1172;Rýče;Heureka.cz | Dílna, stavba, zahrada | Nářadí pro dílnu a zahradu | Zahradní nářadí a technika | Zahradní nářadí | Rýče;6;https://www.heureka.cz/direct/xml-export/shops/heureka-sekce.xml
CZ;6503;Sběrače ovoce;Heureka.cz | Dílna, stavba, zahrada | Nářadí pro dílnu a zahradu | Zahradní nářadí a technika | Zahradní nářadí | Sběrače ovoce;6;https://www.heureka.cz/direct/xml-export/shops/heureka-sekce.xml
CZ;1171;Sekery;Heureka.cz | Dílna, stavba, zahrada | Nářadí pro dílnu a zahradu | Zahradní nářadí a technika | Zahradní nářadí | Sekery;6;https://www.heureka.cz/direct/xml-export/shops/heureka-sekce.xml
CZ;1173;Vidle;Heureka.cz | Dílna, stavba, zahrada | Nářadí pro dílnu a zahradu | Zahradní nářadí a technika | Zahradní nářadí | Vidle;6;https://www.heureka.cz/direct/xml-export/shops/heureka-sekce.xml
CZ;1177;Dvouruční nůžky;Heureka.cz | Dílna, stavba, zahrada | Nářadí pro dílnu a zahradu | Zahradní nářadí a technika | Zahradní nářadí | Zahradnické nůžky | Dvouruční nůžky;7;https://www.heureka.cz/direct/xml-export/shops/heureka-sekce.xml
CZ;1153;Nůžky na trávu;Heureka.cz | Dílna, stavba, zahrada | Nářadí pro dílnu a zahradu | Zahradní nářadí a technika | Zahradní nářadí | Zahradnické nůžky | Nůžky na trávu;7;https://www.heureka.cz/direct/xml-export/shops/heureka-sekce.xml
CZ;1176;Nůžky na živý plot;Heureka.cz | Dílna, stavba, zahrada | Nářadí pro dílnu a zahradu | Zahradní nářadí a technika | Zahradní nářadí | Zahradnické nůžky | Nůžky na živý plot;7;https://www.heureka.cz/direct/xml-export/shops/heureka-sekce.xml
CZ;1175;Zahradní nůžky;Heureka.cz | Dílna, stavba, zahrada | Nářadí pro dílnu a zahradu | Zahradní nářadí a technika | Zahradní nářadí | Zahradnické nůžky | Zahradní nůžky;7;https://www.heureka.cz/direct/xml-export/shops/heureka-sekce.xml
CZ;6529;Barvy na beton;Heureka.cz | Dílna, stavba, zahrada | Stavba | Barvy a laky | Barvy na beton;5;https://www.heureka.cz/direct/xml-export/shops/heureka-sekce.xml
CZ;3553;Barvy na kov;Heureka.cz | Dílna, stavba, zahrada | Stavba | Barvy a laky | Barvy na kov;5;https://www.heureka.cz/direct/xml-export/shops/heureka-sekce.xml
CZ;3556;Barvy ve spreji;Heureka.cz | Dílna, stavba, zahrada | Stavba | Barvy a laky | Barvy ve spreji;5;https://www.heureka.cz/direct/xml-export/shops/heureka-sekce.xml
CZ;3554;Barvy na dřevo;Heureka.cz | Dílna, stavba, zahrada | Stavba | Barvy a laky | Barvy, laky na dřevo | Barvy na dřevo;6;https://www.heureka.cz/direct/xml-export/shops/heureka-sekce.xml
CZ;6393;Laky na dřevo;Heureka.cz | Dílna, stavba, zahrada | Stavba | Barvy a laky | Barvy, laky na dřevo | Laky na dřevo;6;https://www.heureka.cz/direct/xml-export/shops/heureka-sekce.xml
CZ;6392;Lazury a mořidla na dřevo;Heureka.cz | Dílna, stavba, zahrada | Stavba | Barvy a laky | Barvy, laky na dřevo | Lazury a mořidla na dřevo;6;https://www.heureka.cz/direct/xml-export/shops/heureka-sekce.xml
CZ;6394;Oleje na dřevo;Heureka.cz | Dílna, stavba, zahrada | Stavba | Barvy a laky | Barvy, laky na dřevo | Oleje na dřevo;6;https://www.heureka.cz/direct/xml-export/shops/heureka-sekce.xml
CZ;6395;Vosky na dřevo;Heureka.cz | Dílna, stavba, zahrada | Stavba | Barvy a laky | Barvy, laky na dřevo | Vosky na dřevo;6;https://www.heureka.cz/direct/xml-export/shops/heureka-sekce.xml
CZ;3538;Fasádní barvy;Heureka.cz | Dílna, stavba, zahrada | Stavba | Barvy a laky | Fasádní barvy;5;https://www.heureka.cz/direct/xml-export/shops/heureka-sekce.xml
CZ;3555;Interiérové barvy;Heureka.cz | Dílna, stavba, zahrada | Stavba | Barvy a laky | Interiérové barvy;5;https://www.heureka.cz/direct/xml-export/shops/heureka-sekce.xml
CZ;3557;Malířské nářadí a doplňky;Heureka.cz | Dílna, stavba, zahrada | Stavba | Barvy a laky | Malířské nářadí a doplňky;5;https://www.heureka.cz/direct/xml-export/shops/heureka-sekce.xml
CZ;6411;Univerzální barvy;Heureka.cz | Dílna, stavba, zahrada | Stavba | Barvy a laky | Univerzální barvy;5;https://www.heureka.cz/direct/xml-export/shops/heureka-sekce.xml
CZ;3614;Ředidla a rozpouštědla;Heureka.cz | Dílna, stavba, zahrada | Stavba | Barvy a laky | Ředidla a rozpouštědla;5;https://www.heureka.cz/direct/xml-export/shops/heureka-sekce.xml
CZ;2807;Interiérové dveře;Heureka.cz | Dílna, stavba, zahrada | Stavba | Dveře, okna | Dveře a zárubně | Dveře | Interiérové dveře;7;https://www.heureka.cz/direct/xml-export/shops/heureka-sekce.xml
CZ;6336;Venkovní dveře;Heureka.cz | Dílna, stavba, zahrada | Stavba | Dveře, okna | Dveře a zárubně | Dveře | Venkovní dveře;7;https://www.heureka.cz/direct/xml-export/shops/heureka-sekce.xml
CZ;3108;Stavební pouzdra;Heureka.cz | Dílna, stavba, zahrada | Stavba | Dveře, okna | Dveře a zárubně | Stavební pouzdra;6;https://www.heureka.cz/direct/xml-export/shops/heureka-sekce.xml
CZ;3595;Vchodové stříšky;Heureka.cz | Dílna, stavba, zahrada | Stavba | Dveře, okna | Dveře a zárubně | Vchodové stříšky;6;https://www.heureka.cz/direct/xml-export/shops/heureka-sekce.xml
CZ;2802;Zárubně;Heureka.cz | Dílna, stavba, zahrada | Stavba | Dveře, okna | Dveře a zárubně | Zárubně;6;https://www.heureka.cz/direct/xml-export/shops/heureka-sekce.xml
CZ;3100;Okna;Heureka.cz | Dílna, stavba, zahrada | Stavba | Dveře, okna | Okna a parapety | Okna;6;https://www.heureka.cz/direct/xml-export/shops/heureka-sekce.xml
CZ;3101;Parapety;Heureka.cz | Dílna, stavba, zahrada | Stavba | Dveře, okna | Okna a parapety | Parapety;6;https://www.heureka.cz/direct/xml-export/shops/heureka-sekce.xml
CZ;3581;Rolety;Heureka.cz | Dílna, stavba, zahrada | Stavba | Dveře, okna | Okna a parapety | Rolety;6;https://www.heureka.cz/direct/xml-export/shops/heureka-sekce.xml
CZ;4881;Sítě proti hmyzu;Heureka.cz | Dílna, stavba, zahrada | Stavba | Dveře, okna | Okna a parapety | Sítě proti hmyzu;6;https://www.heureka.cz/direct/xml-export/shops/heureka-sekce.xml
CZ;3580;Žaluzie;Heureka.cz | Dílna, stavba, zahrada | Stavba | Dveře, okna | Okna a parapety | Žaluzie;6;https://www.heureka.cz/direct/xml-export/shops/heureka-sekce.xml
CZ;3126;Domovní alarmy;Heureka.cz | Dílna, stavba, zahrada | Stavba | Elektromateriály | Domovní komunikace | Domovní alarmy;6;https://www.heureka.cz/direct/xml-export/shops/heureka-sekce.xml
CZ;5764;Domovní telefony a videotelefony;Heureka.cz | Dílna, stavba, zahrada | Stavba | Elektromateriály | Domovní komunikace | Domovní telefony a videotelefony;6;https://www.heureka.cz/direct/xml-export/shops/heureka-sekce.xml
CZ;2897;Domovní zvonky;Heureka.cz | Dílna, stavba, zahrada | Stavba | Elektromateriály | Domovní komunikace | Domovní zvonky;6;https://www.heureka.cz/direct/xml-export/shops/heureka-sekce.xml
CZ;4027;Centrální vysavače;Heureka.cz | Dílna, stavba, zahrada | Stavba | Elektromateriály | Elektroinstalační materiál | Centrální vysávání | Centrální vysavače;7;https://www.heureka.cz/direct/xml-export/shops/heureka-sekce.xml
CZ;4395;Instalační materiál pro centrální vysavače;Heureka.cz | Dílna, stavba, zahrada | Stavba | Elektromateriály | Elektroinstalační materiál | Centrální vysávání | Instalační materiál pro centrální vysavače;7;https://www.heureka.cz/direct/xml-export/shops/heureka-sekce.xml
CZ;4397;Příslušenství pro centrální vysavače;Heureka.cz | Dílna, stavba, zahrada | Stavba | Elektromateriály | Elektroinstalační materiál | Centrální vysávání | Příslušenství pro centrální vysavače;7;https://www.heureka.cz/direct/xml-export/shops/heureka-sekce.xml
CZ;3933;Elektroměry;Heureka.cz | Dílna, stavba, zahrada | Stavba | Elektromateriály | Elektroinstalační materiál | Jističe, pojistky, rozvaděče | Elektroměry;7;https://www.heureka.cz/direct/xml-export/shops/heureka-sekce.xml
CZ;2053;Jističe;Heureka.cz | Dílna, stavba, zahrada | Stavba | Elektromateriály | Elektroinstalační materiál | Jističe, pojistky, rozvaděče | Jističe;7;https://www.heureka.cz/direct/xml-export/shops/heureka-sekce.xml
CZ;3628;Pojistky;Heureka.cz | Dílna, stavba, zahrada | Stavba | Elektromateriály | Elektroinstalační materiál | Jističe, pojistky, rozvaděče | Pojistky;7;https://www.heureka.cz/direct/xml-export/shops/heureka-sekce.xml
CZ;3932;Proudové chrániče;Heureka.cz | Dílna, stavba, zahrada | Stavba | Elektromateriály | Elektroinstalační materiál | Jističe, pojistky, rozvaděče | Proudové chrániče;7;https://www.heureka.cz/direct/xml-export/shops/heureka-sekce.xml
CZ;3929;Rozvaděče;Heureka.cz | Dílna, stavba, zahrada | Stavba | Elektromateriály | Elektroinstalační materiál | Jističe, pojistky, rozvaděče | Rozvaděče;7;https://www.heureka.cz/direct/xml-export/shops/heureka-sekce.xml
CZ;6333;Stykače;Heureka.cz | Dílna, stavba, zahrada | Stavba | Elektromateriály | Elektroinstalační materiál | Jističe, pojistky, rozvaděče | Stykače;7;https://www.heureka.cz/direct/xml-export/shops/heureka-sekce.xml
CZ;3931;Kabely a vodiče;Heureka.cz | Dílna, stavba, zahrada | Stavba | Elektromateriály | Elektroinstalační materiál | Kabeláž | Kabely a vodiče;7;https://www.heureka.cz/direct/xml-export/shops/heureka-sekce.xml
CZ;3630;Nulovací můstky;Heureka.cz | Dílna, stavba, zahrada | Stavba | Elektromateriály | Elektroinstalační materiál | Kabeláž | Nulovací můstky;7;https://www.heureka.cz/direct/xml-export/shops/heureka-sekce.xml
CZ;3940;Svorkovnice;Heureka.cz | Dílna, stavba, zahrada | Stavba | Elektromateriály | Elektroinstalační materiál | Kabeláž | Svorkovnice;7;https://www.heureka.cz/direct/xml-export/shops/heureka-sekce.xml
CZ;3937;Pohybová čidla;Heureka.cz | Dílna, stavba, zahrada | Stavba | Elektromateriály | Elektroinstalační materiál | Zásuvky, vypínače, termostaty | Pohybová čidla;7;https://www.heureka.cz/direct/xml-export/shops/heureka-sekce.xml
CZ;3629;Stmívače;Heureka.cz | Dílna, stavba, zahrada | Stavba | Elektromateriály | Elektroinstalační materiál | Zásuvky, vypínače, termostaty | Stmívače;7;https://www.heureka.cz/direct/xml-export/shops/heureka-sekce.xml
CZ;3936;Termostaty;Heureka.cz | Dílna, stavba, zahrada | Stavba | Elektromateriály | Elektroinstalační materiál | Zásuvky, vypínače, termostaty | Termostaty;7;https://www.heureka.cz/direct/xml-export/shops/heureka-sekce.xml
CZ;3934;Vypínače;Heureka.cz | Dílna, stavba, zahrada | Stavba | Elektromateriály | Elektroinstalační materiál | Zásuvky, vypínače, termostaty | Vypínače;7;https://www.heureka.cz/direct/xml-export/shops/heureka-sekce.xml
CZ;3935;Zásuvky;Heureka.cz | Dílna, stavba, zahrada | Stavba | Elektromateriály | Elektroinstalační materiál | Zásuvky, vypínače, termostaty | Zásuvky;7;https://www.heureka.cz/direct/xml-export/shops/heureka-sekce.xml
CZ;5613;Časové spínače;Heureka.cz | Dílna, stavba, zahrada | Stavba | Elektromateriály | Elektroinstalační materiál | Zásuvky, vypínače, termostaty | Časové spínače;7;https://www.heureka.cz/direct/xml-export/shops/heureka-sekce.xml
CZ;3634;Fotovoltaické a solární panely;Heureka.cz | Dílna, stavba, zahrada | Stavba | Fotovoltaika | Fotovoltaické a solární panely;5;https://www.heureka.cz/direct/xml-export/shops/heureka-sekce.xml
CZ;3637;Solární a fotovoltaické komponenty;Heureka.cz | Dílna, stavba, zahrada | Stavba | Fotovoltaika | Solární a fotovoltaické komponenty;5;https://www.heureka.cz/direct/xml-export/shops/heureka-sekce.xml
CZ;3639;Solární měniče napětí;Heureka.cz | Dílna, stavba, zahrada | Stavba | Fotovoltaika | Solární měniče napětí;5;https://www.heureka.cz/direct/xml-export/shops/heureka-sekce.xml
CZ;6897;Solární regulátory;Heureka.cz | Dílna, stavba, zahrada | Stavba | Fotovoltaika | Solární regulátory;5;https://www.heureka.cz/direct/xml-export/shops/heureka-sekce.xml
CZ;6891;Solární sestavy;Heureka.cz | Dílna, stavba, zahrada | Stavba | Fotovoltaika | Solární sestavy;5;https://www.heureka.cz/direct/xml-export/shops/heureka-sekce.xml
CZ;4133;Garáže;Heureka.cz | Dílna, stavba, zahrada | Stavba | Garáže a vrata | Garáže;5;https://www.heureka.cz/direct/xml-export/shops/heureka-sekce.xml
CZ;3996;Geotextilie;Heureka.cz | Dílna, stavba, zahrada | Stavba | Odvodnění a drenáže | Geotextilie;5;https://www.heureka.cz/direct/xml-export/shops/heureka-sekce.xml
CZ;5888;Nádrže na vodu;Heureka.cz | Dílna, stavba, zahrada | Stavba | Odvodnění a drenáže | Nádrže na vodu;5;https://www.heureka.cz/direct/xml-export/shops/heureka-sekce.xml
CZ;4107;Okapové systémy;Heureka.cz | Dílna, stavba, zahrada | Stavba | Odvodnění a drenáže | Okapové systémy;5;https://www.heureka.cz/direct/xml-export/shops/heureka-sekce.xml
CZ;4108;Venkovní odvodňovací žlaby;Heureka.cz | Dílna, stavba, zahrada | Stavba | Odvodnění a drenáže | Venkovní odvodňovací žlaby;5;https://www.heureka.cz/direct/xml-export/shops/heureka-sekce.xml
CZ;3559;Brány a branky;Heureka.cz | Dílna, stavba, zahrada | Stavba | Ploty | Brány a branky;5;https://www.heureka.cz/direct/xml-export/shops/heureka-sekce.xml
CZ;3432;Pletiva a sítě;Heureka.cz | Dílna, stavba, zahrada | Stavba | Ploty | Pletiva a sítě;5;https://www.heureka.cz/direct/xml-export/shops/heureka-sekce.xml
CZ;3560;Příslušenství k plotu;Heureka.cz | Dílna, stavba, zahrada | Stavba | Ploty | Příslušenství k plotu;5;https://www.heureka.cz/direct/xml-export/shops/heureka-sekce.xml
CZ;3433;Sloupky a vzpěry;Heureka.cz | Dílna, stavba, zahrada | Stavba | Ploty | Sloupky a vzpěry;5;https://www.heureka.cz/direct/xml-export/shops/heureka-sekce.xml
CZ;2983;Obklady a dlažby;Heureka.cz | Dílna, stavba, zahrada | Stavba | Podlahy a obklady | Obklady a dlažby;5;https://www.heureka.cz/direct/xml-export/shops/heureka-sekce.xml
CZ;5200;Podlahové krycí mřížky;Heureka.cz | Dílna, stavba, zahrada | Stavba | Podlahy a obklady | Podlahové krycí mřížky;5;https://www.heureka.cz/direct/xml-export/shops/heureka-sekce.xml
CZ;4945;Podlahové lišty;Heureka.cz | Dílna, stavba, zahrada | Stavba | Podlahy a obklady | Podlahové lišty;5;https://www.heureka.cz/direct/xml-export/shops/heureka-sekce.xml
CZ;2822;Podlahy;Heureka.cz | Dílna, stavba, zahrada | Stavba | Podlahy a obklady | Podlahy;5;https://www.heureka.cz/direct/xml-export/shops/heureka-sekce.xml
CZ;2800;Venkovní dlažba;Heureka.cz | Dílna, stavba, zahrada | Stavba | Podlahy a obklady | Venkovní dlažba;5;https://www.heureka.cz/direct/xml-export/shops/heureka-sekce.xml
CZ;4367;Příslušenství k zábradlí;Heureka.cz | Dílna, stavba, zahrada | Stavba | Schody a zábradlí | Příslušenství k zábradlí;5;https://www.heureka.cz/direct/xml-export/shops/heureka-sekce.xml
CZ;3601;Půdní schody;Heureka.cz | Dílna, stavba, zahrada | Stavba | Schody a zábradlí | Půdní schody;5;https://www.heureka.cz/direct/xml-export/shops/heureka-sekce.xml
CZ;3596;Schodiště;Heureka.cz | Dílna, stavba, zahrada | Stavba | Schody a zábradlí | Schodiště;5;https://www.heureka.cz/direct/xml-export/shops/heureka-sekce.xml
CZ;3597;Zábradlí;Heureka.cz | Dílna, stavba, zahrada | Stavba | Schody a zábradlí | Zábradlí;5;https://www.heureka.cz/direct/xml-export/shops/heureka-sekce.xml
CZ;6038;OSB desky;Heureka.cz | Dílna, stavba, zahrada | Stavba | Stavební materiál | Dřevěné desky | OSB desky;6;https://www.heureka.cz/direct/xml-export/shops/heureka-sekce.xml
CZ;3588;Hydroizolace;Heureka.cz | Dílna, stavba, zahrada | Stavba | Stavební materiál | Stavební chemie | Hydroizolace;6;https://www.heureka.cz/direct/xml-export/shops/heureka-sekce.xml
CZ;3610;Montážní pěny;Heureka.cz | Dílna, stavba, zahrada | Stavba | Stavební materiál | Stavební chemie | Montážní pěny;6;https://www.heureka.cz/direct/xml-export/shops/heureka-sekce.xml
CZ;3583;Penetrace;Heureka.cz | Dílna, stavba, zahrada | Stavba | Stavební materiál | Stavební chemie | Penetrace;6;https://www.heureka.cz/direct/xml-export/shops/heureka-sekce.xml
CZ;8365;Pryskyřice;Heureka.cz | Dílna, stavba, zahrada | Stavba | Stavební materiál | Stavební chemie | Pryskyřice;6;https://www.heureka.cz/direct/xml-export/shops/heureka-sekce.xml
CZ;3943;Příměsi do stavebních hmot;Heureka.cz | Dílna, stavba, zahrada | Stavba | Stavební materiál | Stavební chemie | Příměsi do stavebních hmot;6;https://www.heureka.cz/direct/xml-export/shops/heureka-sekce.xml
CZ;3587;Sanace;Heureka.cz | Dílna, stavba, zahrada | Stavba | Stavební materiál | Stavební chemie | Sanace;6;https://www.heureka.cz/direct/xml-export/shops/heureka-sekce.xml
CZ;3646;Spárovací hmoty;Heureka.cz | Dílna, stavba, zahrada | Stavba | Stavební materiál | Stavební chemie | Spárovací hmoty;6;https://www.heureka.cz/direct/xml-export/shops/heureka-sekce.xml
CZ;3585;Sádry;Heureka.cz | Dílna, stavba, zahrada | Stavba | Stavební materiál | Stavební chemie | Sádry;6;https://www.heureka.cz/direct/xml-export/shops/heureka-sekce.xml
CZ;3586;Tekuté a chemické kotvy;Heureka.cz | Dílna, stavba, zahrada | Stavba | Stavební materiál | Stavební chemie | Tekuté a chemické kotvy;6;https://www.heureka.cz/direct/xml-export/shops/heureka-sekce.xml
CZ;3609;Tmely, silikony a lepidla;Heureka.cz | Dílna, stavba, zahrada | Stavba | Stavební materiál | Stavební chemie | Tmely, silikony a lepidla;6;https://www.heureka.cz/direct/xml-export/shops/heureka-sekce.xml
CZ;6604;Stavební pásky;Heureka.cz | Dílna, stavba, zahrada | Stavba | Stavební materiál | Stavební pásky;5;https://www.heureka.cz/direct/xml-export/shops/heureka-sekce.xml
CZ;8533;Sádrokartonové desky;Heureka.cz | Dílna, stavba, zahrada | Stavba | Stavební materiál | Sádrokartonové desky;5;https://www.heureka.cz/direct/xml-export/shops/heureka-sekce.xml
CZ;2392;Lešení;Heureka.cz | Dílna, stavba, zahrada | Stavba | Stavební technika a nářadí | Lešení;5;https://www.heureka.cz/direct/xml-export/shops/heureka-sekce.xml
CZ;6525;Detektory rozbití skla;Heureka.cz | Dílna, stavba, zahrada | Stavba | Stavební technika a nářadí | Měřidla a měřicí přístroje | Detektory, senzory | Detektory rozbití skla;7;https://www.heureka.cz/direct/xml-export/shops/heureka-sekce.xml
CZ;6526;Dveřní a okenní senzory;Heureka.cz | Dílna, stavba, zahrada | Stavba | Stavební technika a nářadí | Měřidla a měřicí přístroje | Detektory, senzory | Dveřní a okenní senzory;7;https://www.heureka.cz/direct/xml-export/shops/heureka-sekce.xml
CZ;3938;Požární hlásiče a plynové detektory;Heureka.cz | Dílna, stavba, zahrada | Stavba | Stavební technika a nářadí | Měřidla a měřicí přístroje | Detektory, senzory | Požární hlásiče a plynové detektory;7;https://www.heureka.cz/direct/xml-export/shops/heureka-sekce.xml
CZ;3067;Stavební detektory;Heureka.cz | Dílna, stavba, zahrada | Stavba | Stavební technika a nářadí | Měřidla a měřicí přístroje | Detektory, senzory | Stavební detektory;7;https://www.heureka.cz/direct/xml-export/shops/heureka-sekce.xml
CZ;6528;Vodní detektory a alarmy;Heureka.cz | Dílna, stavba, zahrada | Stavba | Stavební technika a nářadí | Měřidla a měřicí přístroje | Detektory, senzory | Vodní detektory a alarmy;7;https://www.heureka.cz/direct/xml-export/shops/heureka-sekce.xml
CZ;3069;Hloubkoměry;Heureka.cz | Dílna, stavba, zahrada | Stavba | Stavební technika a nářadí | Měřidla a měřicí přístroje | Hloubkoměry;6;https://www.heureka.cz/direct/xml-export/shops/heureka-sekce.xml
CZ;3762;Ampérmetry a voltmetry;Heureka.cz | Dílna, stavba, zahrada | Stavba | Stavební technika a nářadí | Měřidla a měřicí přístroje | Měření napětí | Ampérmetry a voltmetry;7;https://www.heureka.cz/direct/xml-export/shops/heureka-sekce.xml
CZ;3053;Měřicí lasery;Heureka.cz | Dílna, stavba, zahrada | Stavba | Stavební technika a nářadí | Měřidla a měřicí přístroje | Měření roviny | Měřicí lasery;7;https://www.heureka.cz/direct/xml-export/shops/heureka-sekce.xml
CZ;3607;Nivelační přístroje a latě;Heureka.cz | Dílna, stavba, zahrada | Stavba | Stavební technika a nářadí | Měřidla a měřicí přístroje | Měření roviny | Nivelační přístroje a latě;7;https://www.heureka.cz/direct/xml-export/shops/heureka-sekce.xml
CZ;2280;Vodováhy;Heureka.cz | Dílna, stavba, zahrada | Stavba | Stavební technika a nářadí | Měřidla a měřicí přístroje | Měření roviny | Vodováhy;7;https://www.heureka.cz/direct/xml-export/shops/heureka-sekce.xml
CZ;3605;Měřiče teploty a vlhkosti;Heureka.cz | Dílna, stavba, zahrada | Stavba | Stavební technika a nářadí | Měřidla a měřicí přístroje | Měření teploty a vlhkosti | Měřiče teploty a vlhkosti;7;https://www.heureka.cz/direct/xml-export/shops/heureka-sekce.xml
CZ;3064;Metry a pásma;Heureka.cz | Dílna, stavba, zahrada | Stavba | Stavební technika a nářadí | Měřidla a měřicí přístroje | Měření vzdálenosti | Metry a pásma;7;https://www.heureka.cz/direct/xml-export/shops/heureka-sekce.xml
CZ;3068;Měřicí úhloměry;Heureka.cz | Dílna, stavba, zahrada | Stavba | Stavební technika a nářadí | Měřidla a měřicí přístroje | Měření úhlů | Měřicí úhloměry;7;https://www.heureka.cz/direct/xml-export/shops/heureka-sekce.xml
CZ;3606;Úhelníky;Heureka.cz | Dílna, stavba, zahrada | Stavba | Stavební technika a nářadí | Měřidla a měřicí přístroje | Měření úhlů | Úhelníky;7;https://www.heureka.cz/direct/xml-export/shops/heureka-sekce.xml
CZ;3542;Hladičky betonu;Heureka.cz | Dílna, stavba, zahrada | Stavba | Stavební technika a nářadí | Stavební technika | Betonování | Hladičky betonu;7;https://www.heureka.cz/direct/xml-export/shops/heureka-sekce.xml
CZ;3115;Míchačky;Heureka.cz | Dílna, stavba, zahrada | Stavba | Stavební technika a nářadí | Stavební technika | Betonování | Míchačky;7;https://www.heureka.cz/direct/xml-export/shops/heureka-sekce.xml
CZ;3541;Ponorné vibrátory;Heureka.cz | Dílna, stavba, zahrada | Stavba | Stavební technika a nářadí | Stavební technika | Hutnění a vibrování | Ponorné vibrátory;7;https://www.heureka.cz/direct/xml-export/shops/heureka-sekce.xml
CZ;3547;Vibrační desky;Heureka.cz | Dílna, stavba, zahrada | Stavba | Stavební technika a nářadí | Stavební technika | Hutnění a vibrování | Vibrační desky;7;https://www.heureka.cz/direct/xml-export/shops/heureka-sekce.xml
CZ;3548;Vibrační pěchy;Heureka.cz | Dílna, stavba, zahrada | Stavba | Stavební technika a nářadí | Stavební technika | Hutnění a vibrování | Vibrační pěchy;7;https://www.heureka.cz/direct/xml-export/shops/heureka-sekce.xml
CZ;3539;Vibrační válce;Heureka.cz | Dílna, stavba, zahrada | Stavba | Stavební technika a nářadí | Stavební technika | Hutnění a vibrování | Vibrační válce;7;https://www.heureka.cz/direct/xml-export/shops/heureka-sekce.xml
CZ;8607;Minibagry a dumpery;Heureka.cz | Dílna, stavba, zahrada | Stavba | Stavební technika a nářadí | Stavební technika | Přeprava materiálu | Minibagry a dumpery;7;https://www.heureka.cz/direct/xml-export/shops/heureka-sekce.xml
CZ;3944;Paletové vozíky;Heureka.cz | Dílna, stavba, zahrada | Stavba | Stavební technika a nářadí | Stavební technika | Přeprava materiálu | Paletové vozíky;7;https://www.heureka.cz/direct/xml-export/shops/heureka-sekce.xml
CZ;6842;Stavební kolečka;Heureka.cz | Dílna, stavba, zahrada | Stavba | Stavební technika a nářadí | Stavební technika | Přeprava materiálu | Stavební kolečka;7;https://www.heureka.cz/direct/xml-export/shops/heureka-sekce.xml
CZ;4266;Stavební navijáky a kladkostroje;Heureka.cz | Dílna, stavba, zahrada | Stavba | Stavební technika a nářadí | Stavební technika | Přeprava materiálu | Stavební navijáky a kladkostroje;7;https://www.heureka.cz/direct/xml-export/shops/heureka-sekce.xml
CZ;2707;Řezačky obkladů;Heureka.cz | Dílna, stavba, zahrada | Stavba | Stavební technika a nářadí | Stavební technika | Řezání, sváření, vrtání | Řezačky obkladů;7;https://www.heureka.cz/direct/xml-export/shops/heureka-sekce.xml
CZ;6976;Řezačky podlah;Heureka.cz | Dílna, stavba, zahrada | Stavba | Stavební technika a nářadí | Stavební technika | Řezání, sváření, vrtání | Řezačky podlah;7;https://www.heureka.cz/direct/xml-export/shops/heureka-sekce.xml
CZ;6975;Řezačky polystyrenu;Heureka.cz | Dílna, stavba, zahrada | Stavba | Stavební technika a nářadí | Stavební technika | Řezání, sváření, vrtání | Řezačky polystyrenu;7;https://www.heureka.cz/direct/xml-export/shops/heureka-sekce.xml
CZ;6974;Řezačky trubek;Heureka.cz | Dílna, stavba, zahrada | Stavba | Stavební technika a nářadí | Stavební technika | Řezání, sváření, vrtání | Řezačky trubek;7;https://www.heureka.cz/direct/xml-export/shops/heureka-sekce.xml
CZ;3564;Hladítka;Heureka.cz | Dílna, stavba, zahrada | Stavba | Stavební technika a nářadí | Zednické nářadí | Hladítka;6;https://www.heureka.cz/direct/xml-export/shops/heureka-sekce.xml
CZ;3576;Sekáče;Heureka.cz | Dílna, stavba, zahrada | Stavba | Stavební technika a nářadí | Zednické nářadí | Sekáče;6;https://www.heureka.cz/direct/xml-export/shops/heureka-sekce.xml
CZ;3566;Spárovačky;Heureka.cz | Dílna, stavba, zahrada | Stavba | Stavební technika a nářadí | Zednické nářadí | Spárovačky;6;https://www.heureka.cz/direct/xml-export/shops/heureka-sekce.xml
CZ;3567;Zednické lžíce;Heureka.cz | Dílna, stavba, zahrada | Stavba | Stavební technika a nářadí | Zednické nářadí | Zednické lžíce;6;https://www.heureka.cz/direct/xml-export/shops/heureka-sekce.xml
CZ;3569;Zednické naběračky;Heureka.cz | Dílna, stavba, zahrada | Stavba | Stavební technika a nářadí | Zednické nářadí | Zednické naběračky;6;https://www.heureka.cz/direct/xml-export/shops/heureka-sekce.xml
CZ;3577;Zednické stěrky;Heureka.cz | Dílna, stavba, zahrada | Stavba | Stavební technika a nářadí | Zednické nářadí | Zednické stěrky;6;https://www.heureka.cz/direct/xml-export/shops/heureka-sekce.xml
CZ;3565;Škrabáky;Heureka.cz | Dílna, stavba, zahrada | Stavba | Stavební technika a nářadí | Zednické nářadí | Škrabáky;6;https://www.heureka.cz/direct/xml-export/shops/heureka-sekce.xml
CZ;3568;Špachtle;Heureka.cz | Dílna, stavba, zahrada | Stavba | Stavební technika a nářadí | Zednické nářadí | Špachtle;6;https://www.heureka.cz/direct/xml-export/shops/heureka-sekce.xml
CZ;2387;Žebříky a schůdky;Heureka.cz | Dílna, stavba, zahrada | Stavba | Stavební technika a nářadí | Žebříky a schůdky;5;https://www.heureka.cz/direct/xml-export/shops/heureka-sekce.xml
CZ;6617;Střešní fólie;Heureka.cz | Dílna, stavba, zahrada | Stavba | Střechy a komíny | Střešní fólie;5;https://www.heureka.cz/direct/xml-export/shops/heureka-sekce.xml
CZ;2791;Střešní krytiny;Heureka.cz | Dílna, stavba, zahrada | Stavba | Střechy a komíny | Střešní krytiny;5;https://www.heureka.cz/direct/xml-export/shops/heureka-sekce.xml
CZ;3608;Doplňky pro střešní okna;Heureka.cz | Dílna, stavba, zahrada | Stavba | Střechy a komíny | Střešní okna a doplňky | Doplňky pro střešní okna;6;https://www.heureka.cz/direct/xml-export/shops/heureka-sekce.xml
CZ;3600;Lemování pro střešní okna;Heureka.cz | Dílna, stavba, zahrada | Stavba | Střechy a komíny | Střešní okna a doplňky | Lemování pro střešní okna;6;https://www.heureka.cz/direct/xml-export/shops/heureka-sekce.xml
CZ;2799;Střešní okna;Heureka.cz | Dílna, stavba, zahrada | Stavba | Střechy a komíny | Střešní okna a doplňky | Střešní okna;6;https://www.heureka.cz/direct/xml-export/shops/heureka-sekce.xml
CZ;8288;Izolace potrubí;Heureka.cz | Dílna, stavba, zahrada | Stavba | Tepelné izolace | Izolační materiály | Izolace potrubí;6;https://www.heureka.cz/direct/xml-export/shops/heureka-sekce.xml
CZ;8285;Minerální vaty;Heureka.cz | Dílna, stavba, zahrada | Stavba | Tepelné izolace | Izolační materiály | Minerální vaty;6;https://www.heureka.cz/direct/xml-export/shops/heureka-sekce.xml
CZ;8287;Mirelony a izolace podlah;Heureka.cz | Dílna, stavba, zahrada | Stavba | Tepelné izolace | Izolační materiály | Mirelony a izolace podlah;6;https://www.heureka.cz/direct/xml-export/shops/heureka-sekce.xml
CZ;3611;Polystyreny;Heureka.cz | Dílna, stavba, zahrada | Stavba | Tepelné izolace | Izolační materiály | Polystyreny;6;https://www.heureka.cz/direct/xml-export/shops/heureka-sekce.xml
CZ;3612;Profily a lišty pro zateplení;Heureka.cz | Dílna, stavba, zahrada | Stavba | Tepelné izolace | Profily a lišty pro zateplení;5;https://www.heureka.cz/direct/xml-export/shops/heureka-sekce.xml
CZ;3652;Příslušenství pro zateplení;Heureka.cz | Dílna, stavba, zahrada | Stavba | Tepelné izolace | Příslušenství pro zateplení;5;https://www.heureka.cz/direct/xml-export/shops/heureka-sekce.xml
CZ;1823;Armatury;Heureka.cz | Dílna, stavba, zahrada | Stavba | Voda, plyn, topení | Armatury;5;https://www.heureka.cz/direct/xml-export/shops/heureka-sekce.xml
CZ;6483;Jímky a septiky;Heureka.cz | Dílna, stavba, zahrada | Stavba | Voda, plyn, topení | Kanalizace | Jímky a septiky;6;https://www.heureka.cz/direct/xml-export/shops/heureka-sekce.xml
CZ;3946;Kanalizační potrubí;Heureka.cz | Dílna, stavba, zahrada | Stavba | Voda, plyn, topení | Kanalizace | Kanalizační potrubí;6;https://www.heureka.cz/direct/xml-export/shops/heureka-sekce.xml
CZ;6460;Kanalizační šachty;Heureka.cz | Dílna, stavba, zahrada | Stavba | Voda, plyn, topení | Kanalizace | Kanalizační šachty;6;https://www.heureka.cz/direct/xml-export/shops/heureka-sekce.xml
CZ;6461;Odpadové mřížky a poklopy;Heureka.cz | Dílna, stavba, zahrada | Stavba | Voda, plyn, topení | Kanalizace | Odpadové mřížky a poklopy;6;https://www.heureka.cz/direct/xml-export/shops/heureka-sekce.xml
CZ;6505;Sprchové a podlahové žlaby;Heureka.cz | Dílna, stavba, zahrada | Stavba | Voda, plyn, topení | Kanalizace | Sprchové a podlahové žlaby;6;https://www.heureka.cz/direct/xml-export/shops/heureka-sekce.xml
CZ;6459;Čističky odpadních vod;Heureka.cz | Dílna, stavba, zahrada | Stavba | Voda, plyn, topení | Kanalizace | Čističky odpadních vod;6;https://www.heureka.cz/direct/xml-export/shops/heureka-sekce.xml
CZ;3945;Měření vody, plynu, topení;Heureka.cz | Dílna, stavba, zahrada | Stavba | Voda, plyn, topení | Měření vody, plynu, topení;5;https://www.heureka.cz/direct/xml-export/shops/heureka-sekce.xml
CZ;5919;Instalatérská pera;Heureka.cz | Dílna, stavba, zahrada | Stavba | Voda, plyn, topení | Potřeby pro instalatéry | Instalatérská pera;6;https://www.heureka.cz/direct/xml-export/shops/heureka-sekce.xml
CZ;3598;Instalatérské potřeby;Heureka.cz | Dílna, stavba, zahrada | Stavba | Voda, plyn, topení | Potřeby pro instalatéry | Instalatérské potřeby;6;https://www.heureka.cz/direct/xml-export/shops/heureka-sekce.xml
CZ;5918;Napouštěcí a vypouštěcí WC ventily;Heureka.cz | Dílna, stavba, zahrada | Stavba | Voda, plyn, topení | Potřeby pro instalatéry | Napouštěcí a vypouštěcí WC ventily;6;https://www.heureka.cz/direct/xml-export/shops/heureka-sekce.xml
CZ;3632;Tvarovky a trubky;Heureka.cz | Dílna, stavba, zahrada | Stavba | Voda, plyn, topení | Tvarovky a trubky;5;https://www.heureka.cz/direct/xml-export/shops/heureka-sekce.xml
CZ;6475;Vodoměrné šachty;Heureka.cz | Dílna, stavba, zahrada | Stavba | Voda, plyn, topení | Vodoměrné šachty;5;https://www.heureka.cz/direct/xml-export/shops/heureka-sekce.xml
CZ;8424;Rekuperační jednotky;Heureka.cz | Dílna, stavba, zahrada | Stavba | Vzduchotechnika | Rekuperační jednotky;5;https://www.heureka.cz/direct/xml-export/shops/heureka-sekce.xml
CZ;8410;Ventilace;Heureka.cz | Dílna, stavba, zahrada | Stavba | Vzduchotechnika | Ventilace;5;https://www.heureka.cz/direct/xml-export/shops/heureka-sekce.xml
CZ;8409;Vzduchotechnické potrubí;Heureka.cz | Dílna, stavba, zahrada | Stavba | Vzduchotechnika | Vzduchotechnické potrubí;5;https://www.heureka.cz/direct/xml-export/shops/heureka-sekce.xml
CZ;5197;Domovní čísla;Heureka.cz | Dílna, stavba, zahrada | Stavba | Železářství | Domovní čísla;5;https://www.heureka.cz/direct/xml-export/shops/heureka-sekce.xml
CZ;5194;Cylindrické vložky;Heureka.cz | Dílna, stavba, zahrada | Stavba | Železářství | Kování a zámky | Cylindrické vložky;6;https://www.heureka.cz/direct/xml-export/shops/heureka-sekce.xml
CZ;6217;Dveřní kování;Heureka.cz | Dílna, stavba, zahrada | Stavba | Železářství | Kování a zámky | Dveřní kování;6;https://www.heureka.cz/direct/xml-export/shops/heureka-sekce.xml
CZ;6218;Dveřní kukátka;Heureka.cz | Dílna, stavba, zahrada | Stavba | Železářství | Kování a zámky | Dveřní kukátka;6;https://www.heureka.cz/direct/xml-export/shops/heureka-sekce.xml
CZ;6219;Dveřní panty;Heureka.cz | Dílna, stavba, zahrada | Stavba | Železářství | Kování a zámky | Dveřní panty;6;https://www.heureka.cz/direct/xml-export/shops/heureka-sekce.xml
CZ;6220;Klepadla;Heureka.cz | Dílna, stavba, zahrada | Stavba | Železářství | Kování a zámky | Klepadla;6;https://www.heureka.cz/direct/xml-export/shops/heureka-sekce.xml
CZ;2808;Nábytkové kování;Heureka.cz | Dílna, stavba, zahrada | Stavba | Železářství | Kování a zámky | Nábytkové kování;6;https://www.heureka.cz/direct/xml-export/shops/heureka-sekce.xml
CZ;6221;Nábytkové úchytky;Heureka.cz | Dílna, stavba, zahrada | Stavba | Železářství | Kování a zámky | Nábytkové úchytky;6;https://www.heureka.cz/direct/xml-export/shops/heureka-sekce.xml
CZ;6201;Okenní a balkonové kliky;Heureka.cz | Dílna, stavba, zahrada | Stavba | Železářství | Kování a zámky | Okenní a balkonové kliky;6;https://www.heureka.cz/direct/xml-export/shops/heureka-sekce.xml
CZ;5210;Okenní kování;Heureka.cz | Dílna, stavba, zahrada | Stavba | Železářství | Kování a zámky | Okenní kování;6;https://www.heureka.cz/direct/xml-export/shops/heureka-sekce.xml
CZ;6222;Revizní dvířka;Heureka.cz | Dílna, stavba, zahrada | Stavba | Železářství | Kování a zámky | Revizní dvířka;6;https://www.heureka.cz/direct/xml-export/shops/heureka-sekce.xml
CZ;6223;Tesařské kování;Heureka.cz | Dílna, stavba, zahrada | Stavba | Železářství | Kování a zámky | Tesařské kování;6;https://www.heureka.cz/direct/xml-export/shops/heureka-sekce.xml
CZ;5920;Visací zámky;Heureka.cz | Dílna, stavba, zahrada | Stavba | Železářství | Kování a zámky | Visací zámky;6;https://www.heureka.cz/direct/xml-export/shops/heureka-sekce.xml
CZ;5214;Zadlabací zámky;Heureka.cz | Dílna, stavba, zahrada | Stavba | Železářství | Kování a zámky | Zadlabací zámky;6;https://www.heureka.cz/direct/xml-export/shops/heureka-sekce.xml
CZ;5218;Zavírače dveří;Heureka.cz | Dílna, stavba, zahrada | Stavba | Železářství | Kování a zámky | Zavírače dveří;6;https://www.heureka.cz/direct/xml-export/shops/heureka-sekce.xml
CZ;3766;Poštovní schránky;Heureka.cz | Dílna, stavba, zahrada | Stavba | Železářství | Poštovní schránky;5;https://www.heureka.cz/direct/xml-export/shops/heureka-sekce.xml
CZ;3320;Hmoždinky natloukací;Heureka.cz | Dílna, stavba, zahrada | Stavba | Železářství | Spojovací materiál | Hmoždinky | Hmoždinky natloukací;7;https://www.heureka.cz/direct/xml-export/shops/heureka-sekce.xml
CZ;3321;Hmoždinky talířové;Heureka.cz | Dílna, stavba, zahrada | Stavba | Železářství | Spojovací materiál | Hmoždinky | Hmoždinky talířové;7;https://www.heureka.cz/direct/xml-export/shops/heureka-sekce.xml
CZ;3317;Hřeby;Heureka.cz | Dílna, stavba, zahrada | Stavba | Železářství | Spojovací materiál | Hřeby;6;https://www.heureka.cz/direct/xml-export/shops/heureka-sekce.xml
CZ;3244;Hřebíky;Heureka.cz | Dílna, stavba, zahrada | Stavba | Železářství | Spojovací materiál | Hřebíky;6;https://www.heureka.cz/direct/xml-export/shops/heureka-sekce.xml
CZ;3307;Matice nábytkářské;Heureka.cz | Dílna, stavba, zahrada | Stavba | Železářství | Spojovací materiál | Matice | Matice nábytkářské;7;https://www.heureka.cz/direct/xml-export/shops/heureka-sekce.xml
CZ;3306;Matice přivařovací;Heureka.cz | Dílna, stavba, zahrada | Stavba | Železářství | Spojovací materiál | Matice | Matice přivařovací;7;https://www.heureka.cz/direct/xml-export/shops/heureka-sekce.xml
CZ;3311;Matice vtlačovací;Heureka.cz | Dílna, stavba, zahrada | Stavba | Železářství | Spojovací materiál | Matice | Matice vtlačovací;7;https://www.heureka.cz/direct/xml-export/shops/heureka-sekce.xml
CZ;3430;Matice závěsné;Heureka.cz | Dílna, stavba, zahrada | Stavba | Železářství | Spojovací materiál | Matice | Matice závěsné;7;https://www.heureka.cz/direct/xml-export/shops/heureka-sekce.xml
CZ;3429;Matice čtyřhranné;Heureka.cz | Dílna, stavba, zahrada | Stavba | Železářství | Spojovací materiál | Matice | Matice čtyřhranné;7;https://www.heureka.cz/direct/xml-export/shops/heureka-sekce.xml
CZ;3417;Matice šestihranné;Heureka.cz | Dílna, stavba, zahrada | Stavba | Železářství | Spojovací materiál | Matice | Matice šestihranné;7;https://www.heureka.cz/direct/xml-export/shops/heureka-sekce.xml
CZ;3416;Matice šestihranné nízké;Heureka.cz | Dílna, stavba, zahrada | Stavba | Železářství | Spojovací materiál | Matice | Matice šestihranné nízké;7;https://www.heureka.cz/direct/xml-export/shops/heureka-sekce.xml
CZ;3318;Nýty trhací;Heureka.cz | Dílna, stavba, zahrada | Stavba | Železářství | Spojovací materiál | Nýty trhací;6;https://www.heureka.cz/direct/xml-export/shops/heureka-sekce.xml
CZ;3288;Podložky distanční;Heureka.cz | Dílna, stavba, zahrada | Stavba | Železářství | Spojovací materiál | Podložky | Podložky distanční;7;https://www.heureka.cz/direct/xml-export/shops/heureka-sekce.xml
CZ;3280;Podložky napínací;Heureka.cz | Dílna, stavba, zahrada | Stavba | Železářství | Spojovací materiál | Podložky | Podložky napínací;7;https://www.heureka.cz/direct/xml-export/shops/heureka-sekce.xml
CZ;3293;Podložky ozubené;Heureka.cz | Dílna, stavba, zahrada | Stavba | Železářství | Spojovací materiál | Podložky | Podložky ozubené;7;https://www.heureka.cz/direct/xml-export/shops/heureka-sekce.xml
CZ;3289;Podložky pojistné;Heureka.cz | Dílna, stavba, zahrada | Stavba | Železářství | Spojovací materiál | Podložky | Podložky pojistné;7;https://www.heureka.cz/direct/xml-export/shops/heureka-sekce.xml
CZ;3277;Podložky pružné;Heureka.cz | Dílna, stavba, zahrada | Stavba | Železářství | Spojovací materiál | Podložky | Podložky pružné;7;https://www.heureka.cz/direct/xml-export/shops/heureka-sekce.xml
CZ;3302;Podložky s gumou;Heureka.cz | Dílna, stavba, zahrada | Stavba | Železářství | Spojovací materiál | Podložky | Podložky s gumou;7;https://www.heureka.cz/direct/xml-export/shops/heureka-sekce.xml
CZ;3283;Pojistné kroužky;Heureka.cz | Dílna, stavba, zahrada | Stavba | Železářství | Spojovací materiál | Podložky | Pojistné kroužky;7;https://www.heureka.cz/direct/xml-export/shops/heureka-sekce.xml
CZ;3316;Pružiny talířové;Heureka.cz | Dílna, stavba, zahrada | Stavba | Železářství | Spojovací materiál | Pružiny talířové;6;https://www.heureka.cz/direct/xml-export/shops/heureka-sekce.xml
CZ;6256;Průmyslové spony;Heureka.cz | Dílna, stavba, zahrada | Stavba | Železářství | Spojovací materiál | Průmyslové spony;6;https://www.heureka.cz/direct/xml-export/shops/heureka-sekce.xml
CZ;3322;Spony hadicové;Heureka.cz | Dílna, stavba, zahrada | Stavba | Železářství | Spojovací materiál | Spony hadicové;6;https://www.heureka.cz/direct/xml-export/shops/heureka-sekce.xml
CZ;3310;Vruty do dřeva;Heureka.cz | Dílna, stavba, zahrada | Stavba | Železářství | Spojovací materiál | Vruty | Vruty do dřeva;7;https://www.heureka.cz/direct/xml-export/shops/heureka-sekce.xml
CZ;3315;Vruty speciální;Heureka.cz | Dílna, stavba, zahrada | Stavba | Železářství | Spojovací materiál | Vruty | Vruty speciální;7;https://www.heureka.cz/direct/xml-export/shops/heureka-sekce.xml
CZ;3308;Vruty univerzální;Heureka.cz | Dílna, stavba, zahrada | Stavba | Železářství | Spojovací materiál | Vruty | Vruty univerzální;7;https://www.heureka.cz/direct/xml-export/shops/heureka-sekce.xml
CZ;3314;Vruty závitové;Heureka.cz | Dílna, stavba, zahrada | Stavba | Železářství | Spojovací materiál | Vruty | Vruty závitové;7;https://www.heureka.cz/direct/xml-export/shops/heureka-sekce.xml
CZ;3267;Závitové tyče;Heureka.cz | Dílna, stavba, zahrada | Stavba | Železářství | Spojovací materiál | Závitové tyče;6;https://www.heureka.cz/direct/xml-export/shops/heureka-sekce.xml
CZ;3319;Závlačky;Heureka.cz | Dílna, stavba, zahrada | Stavba | Železářství | Spojovací materiál | Závlačky;6;https://www.heureka.cz/direct/xml-export/shops/heureka-sekce.xml
CZ;3301;Závitotvářecí šrouby;Heureka.cz | Dílna, stavba, zahrada | Stavba | Železářství | Spojovací materiál | Šrouby | Závitotvářecí šrouby;7;https://www.heureka.cz/direct/xml-export/shops/heureka-sekce.xml
CZ;3300;Šrouby do plastu;Heureka.cz | Dílna, stavba, zahrada | Stavba | Železářství | Spojovací materiál | Šrouby | Šrouby do plastu;7;https://www.heureka.cz/direct/xml-export/shops/heureka-sekce.xml
CZ;3297;Šrouby do plechu Al;Heureka.cz | Dílna, stavba, zahrada | Stavba | Železářství | Spojovací materiál | Šrouby | Šrouby do plechu Al;7;https://www.heureka.cz/direct/xml-export/shops/heureka-sekce.xml
CZ;3299;Šrouby do plechu Al s vrtáčkem;Heureka.cz | Dílna, stavba, zahrada | Stavba | Železářství | Spojovací materiál | Šrouby | Šrouby do plechu Al s vrtáčkem;7;https://www.heureka.cz/direct/xml-export/shops/heureka-sekce.xml
CZ;3272;Šrouby křídlaté;Heureka.cz | Dílna, stavba, zahrada | Stavba | Železářství | Spojovací materiál | Šrouby | Šrouby křídlaté;7;https://www.heureka.cz/direct/xml-export/shops/heureka-sekce.xml
CZ;3295;Šrouby přivařovací;Heureka.cz | Dílna, stavba, zahrada | Stavba | Železářství | Spojovací materiál | Šrouby | Šrouby přivařovací;7;https://www.heureka.cz/direct/xml-export/shops/heureka-sekce.xml
CZ;3275;Šrouby s okem;Heureka.cz | Dílna, stavba, zahrada | Stavba | Železářství | Spojovací materiál | Šrouby | Šrouby s okem;7;https://www.heureka.cz/direct/xml-export/shops/heureka-sekce.xml
CZ;3276;Šrouby s podložkou;Heureka.cz | Dílna, stavba, zahrada | Stavba | Železářství | Spojovací materiál | Šrouby | Šrouby s podložkou;7;https://www.heureka.cz/direct/xml-export/shops/heureka-sekce.xml
CZ;3294;Šrouby s půlkulatou hlavou;Heureka.cz | Dílna, stavba, zahrada | Stavba | Železářství | Spojovací materiál | Šrouby | Šrouby s půlkulatou hlavou;7;https://www.heureka.cz/direct/xml-export/shops/heureka-sekce.xml
CZ;3270;Šrouby s rýhovanou hlavou;Heureka.cz | Dílna, stavba, zahrada | Stavba | Železářství | Spojovací materiál | Šrouby | Šrouby s rýhovanou hlavou;7;https://www.heureka.cz/direct/xml-export/shops/heureka-sekce.xml
CZ;3285;Šrouby s válcovou hlavou;Heureka.cz | Dílna, stavba, zahrada | Stavba | Železářství | Spojovací materiál | Šrouby | Šrouby s válcovou hlavou;7;https://www.heureka.cz/direct/xml-export/shops/heureka-sekce.xml
CZ;3292;Šrouby se zápustnou hlavou;Heureka.cz | Dílna, stavba, zahrada | Stavba | Železářství | Spojovací materiál | Šrouby | Šrouby se zápustnou hlavou;7;https://www.heureka.cz/direct/xml-export/shops/heureka-sekce.xml
CZ;3266;Šrouby se šestihrannou hlavou;Heureka.cz | Dílna, stavba, zahrada | Stavba | Železářství | Spojovací materiál | Šrouby | Šrouby se šestihrannou hlavou;7;https://www.heureka.cz/direct/xml-export/shops/heureka-sekce.xml
CZ;3290;Šrouby stavěcí (červík);Heureka.cz | Dílna, stavba, zahrada | Stavba | Železářství | Spojovací materiál | Šrouby | Šrouby stavěcí (červík);7;https://www.heureka.cz/direct/xml-export/shops/heureka-sekce.xml
CZ;3286;Šrouby vratové;Heureka.cz | Dílna, stavba, zahrada | Stavba | Železářství | Spojovací materiál | Šrouby | Šrouby vratové;7;https://www.heureka.cz/direct/xml-export/shops/heureka-sekce.xml
CZ;3291;Šrouby závrtné;Heureka.cz | Dílna, stavba, zahrada | Stavba | Železářství | Spojovací materiál | Šrouby | Šrouby závrtné;7;https://www.heureka.cz/direct/xml-export/shops/heureka-sekce.xml
CZ;3271;Šrouby závěsné;Heureka.cz | Dílna, stavba, zahrada | Stavba | Železářství | Spojovací materiál | Šrouby | Šrouby závěsné;7;https://www.heureka.cz/direct/xml-export/shops/heureka-sekce.xml
CZ;8284;Komínové kartáče a štětky;Heureka.cz | Dílna, stavba, zahrada | Topení a ohřev vody | Odvod spalin | Komínové kartáče a štětky;5;https://www.heureka.cz/direct/xml-export/shops/heureka-sekce.xml
CZ;4112;Komínové stříšky;Heureka.cz | Dílna, stavba, zahrada | Topení a ohřev vody | Odvod spalin | Komínové stříšky;5;https://www.heureka.cz/direct/xml-export/shops/heureka-sekce.xml
CZ;4109;Komíny;Heureka.cz | Dílna, stavba, zahrada | Topení a ohřev vody | Odvod spalin | Komíny;5;https://www.heureka.cz/direct/xml-export/shops/heureka-sekce.xml
CZ;7015;Kouřovody;Heureka.cz | Dílna, stavba, zahrada | Topení a ohřev vody | Odvod spalin | Kouřovody;5;https://www.heureka.cz/direct/xml-export/shops/heureka-sekce.xml
CZ;1564;Bojlery a ohřívače vody;Heureka.cz | Dílna, stavba, zahrada | Topení a ohřev vody | Ohřev vody | Bojlery a ohřívače vody;5;https://www.heureka.cz/direct/xml-export/shops/heureka-sekce.xml
CZ;5299;Paliva pro biokrby;Heureka.cz | Dílna, stavba, zahrada | Topení a ohřev vody | Podpalovače a tuhá paliva | Paliva pro biokrby;5;https://www.heureka.cz/direct/xml-export/shops/heureka-sekce.xml
CZ;6374;Podpalovače;Heureka.cz | Dílna, stavba, zahrada | Topení a ohřev vody | Podpalovače a tuhá paliva | Podpalovače;5;https://www.heureka.cz/direct/xml-export/shops/heureka-sekce.xml
CZ;4465;Tuhá paliva;Heureka.cz | Dílna, stavba, zahrada | Topení a ohřev vody | Podpalovače a tuhá paliva | Tuhá paliva;5;https://www.heureka.cz/direct/xml-export/shops/heureka-sekce.xml
CZ;2326;Kotle;Heureka.cz | Dílna, stavba, zahrada | Topení a ohřev vody | Topení | Kotle;5;https://www.heureka.cz/direct/xml-export/shops/heureka-sekce.xml
CZ;1032;Akumulační kamna;Heureka.cz | Dílna, stavba, zahrada | Topení a ohřev vody | Topení | Krby a kamna | Akumulační kamna;6;https://www.heureka.cz/direct/xml-export/shops/heureka-sekce.xml
CZ;5366;Koše na dřevo;Heureka.cz | Dílna, stavba, zahrada | Topení a ohřev vody | Topení | Krby a kamna | Koše na dřevo;6;https://www.heureka.cz/direct/xml-export/shops/heureka-sekce.xml
CZ;1724;Krbová kamna;Heureka.cz | Dílna, stavba, zahrada | Topení a ohřev vody | Topení | Krby a kamna | Krbová kamna;6;https://www.heureka.cz/direct/xml-export/shops/heureka-sekce.xml
CZ;6462;Krbové nářadí;Heureka.cz | Dílna, stavba, zahrada | Topení a ohřev vody | Topení | Krby a kamna | Krbové nářadí;6;https://www.heureka.cz/direct/xml-export/shops/heureka-sekce.xml
CZ;1725;Krbové vložky;Heureka.cz | Dílna, stavba, zahrada | Topení a ohřev vody | Topení | Krby a kamna | Krbové vložky;6;https://www.heureka.cz/direct/xml-export/shops/heureka-sekce.xml
CZ;2363;Krby;Heureka.cz | Dílna, stavba, zahrada | Topení a ohřev vody | Topení | Krby a kamna | Krby;6;https://www.heureka.cz/direct/xml-export/shops/heureka-sekce.xml
CZ;5438;Ventilátory pro krbová kamna;Heureka.cz | Dílna, stavba, zahrada | Topení a ohřev vody | Topení | Krby a kamna | Ventilátory pro krbová kamna;6;https://www.heureka.cz/direct/xml-export/shops/heureka-sekce.xml
CZ;2071;Podlahové topení;Heureka.cz | Dílna, stavba, zahrada | Topení a ohřev vody | Topení | Podlahové topení;5;https://www.heureka.cz/direct/xml-export/shops/heureka-sekce.xml
CZ;4253;Hlavice pro radiátory;Heureka.cz | Dílna, stavba, zahrada | Topení a ohřev vody | Topení | Radiátory a příslušenství | Hlavice pro radiátory;6;https://www.heureka.cz/direct/xml-export/shops/heureka-sekce.xml
CZ;1036;Olejové radiátory;Heureka.cz | Dílna, stavba, zahrada | Topení a ohřev vody | Topení | Radiátory a příslušenství | Olejové radiátory;6;https://www.heureka.cz/direct/xml-export/shops/heureka-sekce.xml
CZ;1960;Radiátory;Heureka.cz | Dílna, stavba, zahrada | Topení a ohřev vody | Topení | Radiátory a příslušenství | Radiátory;6;https://www.heureka.cz/direct/xml-export/shops/heureka-sekce.xml
CZ;2070;Topná tělesa;Heureka.cz | Dílna, stavba, zahrada | Topení a ohřev vody | Topení | Radiátory a příslušenství | Topná tělesa;6;https://www.heureka.cz/direct/xml-export/shops/heureka-sekce.xml
CZ;2642;Sporáky na tuhá paliva;Heureka.cz | Dílna, stavba, zahrada | Topení a ohřev vody | Topení | Sporáky na tuhá paliva;5;https://www.heureka.cz/direct/xml-export/shops/heureka-sekce.xml
CZ;3641;Tepelná čerpadla;Heureka.cz | Dílna, stavba, zahrada | Topení a ohřev vody | Topení | Tepelná čerpadla;5;https://www.heureka.cz/direct/xml-export/shops/heureka-sekce.xml
CZ;4918;Tlakové a expanzní nádoby;Heureka.cz | Dílna, stavba, zahrada | Topení a ohřev vody | Topení | Tlakové a expanzní nádoby;5;https://www.heureka.cz/direct/xml-export/shops/heureka-sekce.xml
CZ;4099;Vysavače na popel;Heureka.cz | Dílna, stavba, zahrada | Topení a ohřev vody | Topení | Vysavače na popel;5;https://www.heureka.cz/direct/xml-export/shops/heureka-sekce.xml
CZ;2365;Elektrická topidla;Heureka.cz | Dílna, stavba, zahrada | Topení a ohřev vody | Topidla | Elektrická topidla;5;https://www.heureka.cz/direct/xml-export/shops/heureka-sekce.xml
CZ;6376;Plynové konvektory;Heureka.cz | Dílna, stavba, zahrada | Topení a ohřev vody | Topidla | Plynové konvektory;5;https://www.heureka.cz/direct/xml-export/shops/heureka-sekce.xml
CZ;6377;Tepelné zářiče;Heureka.cz | Dílna, stavba, zahrada | Topení a ohřev vody | Topidla | Tepelné zářiče;5;https://www.heureka.cz/direct/xml-export/shops/heureka-sekce.xml
CZ;1037;Teplovzdušné ventilátory;Heureka.cz | Dílna, stavba, zahrada | Topení a ohřev vody | Topidla | Teplovzdušné ventilátory;5;https://www.heureka.cz/direct/xml-export/shops/heureka-sekce.xml
CZ;6378;Venkovní topidla;Heureka.cz | Dílna, stavba, zahrada | Topení a ohřev vody | Topidla | Venkovní topidla;5;https://www.heureka.cz/direct/xml-export/shops/heureka-sekce.xml
CZ;3998;Chrliče a fontánové trysky;Heureka.cz | Dílna, stavba, zahrada | Zahrada | Jezírka a doplňky | Chrliče a fontánové trysky;5;https://www.heureka.cz/direct/xml-export/shops/heureka-sekce.xml
CZ;3995;Fólie pro jezírka;Heureka.cz | Dílna, stavba, zahrada | Zahrada | Jezírka a doplňky | Fólie pro jezírka;5;https://www.heureka.cz/direct/xml-export/shops/heureka-sekce.xml
CZ;4001;Hubení vláknitých řas;Heureka.cz | Dílna, stavba, zahrada | Zahrada | Jezírka a doplňky | Hubení vláknitých řas;5;https://www.heureka.cz/direct/xml-export/shops/heureka-sekce.xml
CZ;3997;Jezírková čerpadla;Heureka.cz | Dílna, stavba, zahrada | Zahrada | Jezírka a doplňky | Jezírková čerpadla;5;https://www.heureka.cz/direct/xml-export/shops/heureka-sekce.xml
CZ;4870;Jezírkové dekorace;Heureka.cz | Dílna, stavba, zahrada | Zahrada | Jezírka a doplňky | Jezírkové dekorace;5;https://www.heureka.cz/direct/xml-export/shops/heureka-sekce.xml
CZ;4003;Osvětlení jezírka;Heureka.cz | Dílna, stavba, zahrada | Zahrada | Jezírka a doplňky | Osvětlení jezírka;5;https://www.heureka.cz/direct/xml-export/shops/heureka-sekce.xml
CZ;4871;Potůčky a vodopády;Heureka.cz | Dílna, stavba, zahrada | Zahrada | Jezírka a doplňky | Potůčky a vodopády;5;https://www.heureka.cz/direct/xml-export/shops/heureka-sekce.xml
CZ;3999;Jezírkové filtrace;Heureka.cz | Dílna, stavba, zahrada | Zahrada | Jezírka a doplňky | Péče o jezírka | Jezírkové filtrace;6;https://www.heureka.cz/direct/xml-export/shops/heureka-sekce.xml
CZ;4002;Skimmery pro jezírka;Heureka.cz | Dílna, stavba, zahrada | Zahrada | Jezírka a doplňky | Péče o jezírka | Skimmery pro jezírka;6;https://www.heureka.cz/direct/xml-export/shops/heureka-sekce.xml
CZ;4000;UV lampy k jezírku;Heureka.cz | Dílna, stavba, zahrada | Zahrada | Jezírka a doplňky | Péče o jezírka | UV lampy k jezírku;6;https://www.heureka.cz/direct/xml-export/shops/heureka-sekce.xml
CZ;4874;Vzduchování pro jezírka;Heureka.cz | Dílna, stavba, zahrada | Zahrada | Jezírka a doplňky | Péče o jezírka | Vzduchování pro jezírka;6;https://www.heureka.cz/direct/xml-export/shops/heureka-sekce.xml
CZ;4004;Údržba vody v jezírkách;Heureka.cz | Dílna, stavba, zahrada | Zahrada | Jezírka a doplňky | Péče o jezírka | Údržba vody v jezírkách;6;https://www.heureka.cz/direct/xml-export/shops/heureka-sekce.xml
CZ;4872;Tvarové rybníčky;Heureka.cz | Dílna, stavba, zahrada | Zahrada | Jezírka a doplňky | Tvarové rybníčky;5;https://www.heureka.cz/direct/xml-export/shops/heureka-sekce.xml
CZ;2518;Lapače a odpuzovače;Heureka.cz | Dílna, stavba, zahrada | Zahrada | Lapače a odpuzovače;4;https://www.heureka.cz/direct/xml-export/shops/heureka-sekce.xml
CZ;5455;Foliovníky;Heureka.cz | Dílna, stavba, zahrada | Zahrada | Péče o rostliny a pěstování rostlin | Foliovníky;5;https://www.heureka.cz/direct/xml-export/shops/heureka-sekce.xml
CZ;4961;Květináče a truhlíky;Heureka.cz | Dílna, stavba, zahrada | Zahrada | Péče o rostliny a pěstování rostlin | Květináče a truhlíky;5;https://www.heureka.cz/direct/xml-export/shops/heureka-sekce.xml
CZ;4960;Misky pod květináče a truhlíky;Heureka.cz | Dílna, stavba, zahrada | Zahrada | Péče o rostliny a pěstování rostlin | Misky pod květináče a truhlíky;5;https://www.heureka.cz/direct/xml-export/shops/heureka-sekce.xml
CZ;3920;Osiva a semínka;Heureka.cz | Dílna, stavba, zahrada | Zahrada | Péče o rostliny a pěstování rostlin | Osiva a semínka;5;https://www.heureka.cz/direct/xml-export/shops/heureka-sekce.xml
CZ;5456;Pařeniště;Heureka.cz | Dílna, stavba, zahrada | Zahrada | Péče o rostliny a pěstování rostlin | Pařeniště;5;https://www.heureka.cz/direct/xml-export/shops/heureka-sekce.xml
CZ;4979;Hnojiva;Heureka.cz | Dílna, stavba, zahrada | Zahrada | Péče o rostliny a pěstování rostlin | Péče o rostliny | Hnojiva;6;https://www.heureka.cz/direct/xml-export/shops/heureka-sekce.xml
CZ;5365;Mulčovací kůry;Heureka.cz | Dílna, stavba, zahrada | Zahrada | Péče o rostliny a pěstování rostlin | Péče o rostliny | Mulčovací kůry;6;https://www.heureka.cz/direct/xml-export/shops/heureka-sekce.xml
CZ;5240;Přípravky na ochranu rostlin;Heureka.cz | Dílna, stavba, zahrada | Zahrada | Péče o rostliny a pěstování rostlin | Péče o rostliny | Přípravky na ochranu rostlin;6;https://www.heureka.cz/direct/xml-export/shops/heureka-sekce.xml
CZ;5476;Pěstební boxy;Heureka.cz | Dílna, stavba, zahrada | Zahrada | Péče o rostliny a pěstování rostlin | Pěstební boxy;5;https://www.heureka.cz/direct/xml-export/shops/heureka-sekce.xml
CZ;3116;Příslušenství pro zahradní skleníky;Heureka.cz | Dílna, stavba, zahrada | Zahrada | Péče o rostliny a pěstování rostlin | Příslušenství pro zahradní skleníky;5;https://www.heureka.cz/direct/xml-export/shops/heureka-sekce.xml
CZ;1190;Zahradní skleníky;Heureka.cz | Dílna, stavba, zahrada | Zahrada | Péče o rostliny a pěstování rostlin | Zahradní skleníky;5;https://www.heureka.cz/direct/xml-export/shops/heureka-sekce.xml
CZ;6387;Zahradní substráty;Heureka.cz | Dílna, stavba, zahrada | Zahrada | Péče o rostliny a pěstování rostlin | Zahradní substráty;5;https://www.heureka.cz/direct/xml-export/shops/heureka-sekce.xml
CZ;6690;Základny pro skleníky;Heureka.cz | Dílna, stavba, zahrada | Zahrada | Péče o rostliny a pěstování rostlin | Základny pro skleníky;5;https://www.heureka.cz/direct/xml-export/shops/heureka-sekce.xml
CZ;2317;Infrasauny a sauny;Heureka.cz | Dílna, stavba, zahrada | Zahrada | Saunování | Infrasauny a sauny;5;https://www.heureka.cz/direct/xml-export/shops/heureka-sekce.xml
CZ;6481;Saunová kamna;Heureka.cz | Dílna, stavba, zahrada | Zahrada | Saunování | Saunová kamna;5;https://www.heureka.cz/direct/xml-export/shops/heureka-sekce.xml
CZ;8525;Saunová vědra a naběračky;Heureka.cz | Dílna, stavba, zahrada | Zahrada | Saunování | Saunová vědra a naběračky;5;https://www.heureka.cz/direct/xml-export/shops/heureka-sekce.xml
CZ;6482;Saunové kameny;Heureka.cz | Dílna, stavba, zahrada | Zahrada | Saunování | Saunové kameny;5;https://www.heureka.cz/direct/xml-export/shops/heureka-sekce.xml
CZ;6510;Klobouky a čepice do sauny;Heureka.cz | Dílna, stavba, zahrada | Zahrada | Saunování | Textil do sauny | Klobouky a čepice do sauny;6;https://www.heureka.cz/direct/xml-export/shops/heureka-sekce.xml
CZ;6511;Vonné esence do sauny;Heureka.cz | Dílna, stavba, zahrada | Zahrada | Saunování | Vonné esence do sauny;5;https://www.heureka.cz/direct/xml-export/shops/heureka-sekce.xml
CZ;6203;Grilovací nářadí;Heureka.cz | Dílna, stavba, zahrada | Zahrada | Zahradní grily, krby a udírny | Doplňky ke grilům | Grilovací nářadí;6;https://www.heureka.cz/direct/xml-export/shops/heureka-sekce.xml
CZ;8368;Grilovací rošty;Heureka.cz | Dílna, stavba, zahrada | Zahrada | Zahradní grily, krby a udírny | Doplňky ke grilům | Grilovací rošty;6;https://www.heureka.cz/direct/xml-export/shops/heureka-sekce.xml
CZ;6530;Komínové podpalovače;Heureka.cz | Dílna, stavba, zahrada | Zahrada | Zahradní grily, krby a udírny | Doplňky ke grilům | Komínové podpalovače;6;https://www.heureka.cz/direct/xml-export/shops/heureka-sekce.xml
CZ;6746;Obaly na gril;Heureka.cz | Dílna, stavba, zahrada | Zahrada | Zahradní grily, krby a udírny | Doplňky ke grilům | Obaly na gril;6;https://www.heureka.cz/direct/xml-export/shops/heureka-sekce.xml
CZ;5326;Přenosná ohniště;Heureka.cz | Dílna, stavba, zahrada | Zahrada | Zahradní grily, krby a udírny | Přenosná ohniště;5;https://www.heureka.cz/direct/xml-export/shops/heureka-sekce.xml
CZ;2826;Udírny;Heureka.cz | Dílna, stavba, zahrada | Zahrada | Zahradní grily, krby a udírny | Udírny;5;https://www.heureka.cz/direct/xml-export/shops/heureka-sekce.xml
CZ;2184;Zahradní grily;Heureka.cz | Dílna, stavba, zahrada | Zahrada | Zahradní grily, krby a udírny | Zahradní grily;5;https://www.heureka.cz/direct/xml-export/shops/heureka-sekce.xml
CZ;5523;Zahradní krby;Heureka.cz | Dílna, stavba, zahrada | Zahrada | Zahradní grily, krby a udírny | Zahradní krby;5;https://www.heureka.cz/direct/xml-export/shops/heureka-sekce.xml
CZ;5253;Dřevníky;Heureka.cz | Dílna, stavba, zahrada | Zahrada | Zahradní nábytek a další vybavení | Dřevníky;5;https://www.heureka.cz/direct/xml-export/shops/heureka-sekce.xml
CZ;5307;Hmyzí hotely;Heureka.cz | Dílna, stavba, zahrada | Zahrada | Zahradní nábytek a další vybavení | Hmyzí hotely;5;https://www.heureka.cz/direct/xml-export/shops/heureka-sekce.xml
CZ;1969;Kompostéry;Heureka.cz | Dílna, stavba, zahrada | Zahrada | Zahradní nábytek a další vybavení | Kompostéry;5;https://www.heureka.cz/direct/xml-export/shops/heureka-sekce.xml
CZ;2391;Popelnice;Heureka.cz | Dílna, stavba, zahrada | Zahrada | Zahradní nábytek a další vybavení | Popelnice;5;https://www.heureka.cz/direct/xml-export/shops/heureka-sekce.xml
CZ;5382;Posypové soli;Heureka.cz | Dílna, stavba, zahrada | Zahrada | Zahradní nábytek a další vybavení | Posypové soli;5;https://www.heureka.cz/direct/xml-export/shops/heureka-sekce.xml
CZ;6531;Přístřešky na popelnice;Heureka.cz | Dílna, stavba, zahrada | Zahrada | Zahradní nábytek a další vybavení | Přístřešky na popelnice;5;https://www.heureka.cz/direct/xml-export/shops/heureka-sekce.xml
CZ;6668;Umělé trávníky;Heureka.cz | Dílna, stavba, zahrada | Zahrada | Zahradní nábytek a další vybavení | Umělé trávníky;5;https://www.heureka.cz/direct/xml-export/shops/heureka-sekce.xml
CZ;5292;Zahradní krmítka a budky;Heureka.cz | Dílna, stavba, zahrada | Zahrada | Zahradní nábytek a další vybavení | Zahradní krmítka a budky;5;https://www.heureka.cz/direct/xml-export/shops/heureka-sekce.xml
CZ;2619;Zahradní lampy;Heureka.cz | Dílna, stavba, zahrada | Zahrada | Zahradní osvětlení | Zahradní lampy;5;https://www.heureka.cz/direct/xml-export/shops/heureka-sekce.xml
CZ;5375;Netkané textilie;Heureka.cz | Dílna, stavba, zahrada | Zahrada | Zahradní plachty, fólie a textilie | Netkané textilie;5;https://www.heureka.cz/direct/xml-export/shops/heureka-sekce.xml
CZ;5376;Plachty;Heureka.cz | Dílna, stavba, zahrada | Zahrada | Zahradní plachty, fólie a textilie | Plachty;5;https://www.heureka.cz/direct/xml-export/shops/heureka-sekce.xml
CZ;5403;Stínící textilie;Heureka.cz | Dílna, stavba, zahrada | Zahrada | Zahradní plachty, fólie a textilie | Stínící textilie;5;https://www.heureka.cz/direct/xml-export/shops/heureka-sekce.xml
CZ;1152;Kultivátory a rotavátory;Heureka.cz | Dílna, stavba, zahrada | Zahrada | Zahradní technika | Kultivátory a rotavátory;5;https://www.heureka.cz/direct/xml-export/shops/heureka-sekce.xml
CZ;1159;Křovinořezy a strunové sekačky;Heureka.cz | Dílna, stavba, zahrada | Zahrada | Zahradní technika | Křovinořezy a strunové sekačky;5;https://www.heureka.cz/direct/xml-export/shops/heureka-sekce.xml
CZ;4094;Kanystry;Heureka.cz | Dílna, stavba, zahrada | Zahrada | Zahradní technika | Příslušenství k zahradní technice | Kanystry;6;https://www.heureka.cz/direct/xml-export/shops/heureka-sekce.xml
CZ;2967;Příslušenství k vysokotlakým čističům;Heureka.cz | Dílna, stavba, zahrada | Zahrada | Zahradní technika | Příslušenství k zahradní technice | Příslušenství k vysokotlakým čističům;6;https://www.heureka.cz/direct/xml-export/shops/heureka-sekce.xml
CZ;2879;Příslušenství k zahradním traktorům;Heureka.cz | Dílna, stavba, zahrada | Zahrada | Zahradní technika | Příslušenství k zahradní technice | Příslušenství k zahradním traktorům;6;https://www.heureka.cz/direct/xml-export/shops/heureka-sekce.xml
CZ;1183;Příslušenství k čerpadlům;Heureka.cz | Dílna, stavba, zahrada | Zahrada | Zahradní technika | Příslušenství k zahradní technice | Příslušenství k čerpadlům;6;https://www.heureka.cz/direct/xml-export/shops/heureka-sekce.xml
CZ;6684;Strunové hlavy;Heureka.cz | Dílna, stavba, zahrada | Zahrada | Zahradní technika | Příslušenství k zahradní technice | Strunové hlavy;6;https://www.heureka.cz/direct/xml-export/shops/heureka-sekce.xml
CZ;4225;Půdní vrtáky;Heureka.cz | Dílna, stavba, zahrada | Zahrada | Zahradní technika | Půdní vrtáky;5;https://www.heureka.cz/direct/xml-export/shops/heureka-sekce.xml
CZ;8578;Robotické sekačky;Heureka.cz | Dílna, stavba, zahrada | Zahrada | Zahradní technika | Robotické sekačky;5;https://www.heureka.cz/direct/xml-export/shops/heureka-sekce.xml
CZ;1164;Rozmetadla a posypové vozíky;Heureka.cz | Dílna, stavba, zahrada | Zahrada | Zahradní technika | Rozmetadla a posypové vozíky;5;https://www.heureka.cz/direct/xml-export/shops/heureka-sekce.xml
CZ;1909;Sekačky;Heureka.cz | Dílna, stavba, zahrada | Zahrada | Zahradní technika | Sekačky;5;https://www.heureka.cz/direct/xml-export/shops/heureka-sekce.xml
CZ;1166;Sněhové frézy;Heureka.cz | Dílna, stavba, zahrada | Zahrada | Zahradní technika | Sněhové frézy;5;https://www.heureka.cz/direct/xml-export/shops/heureka-sekce.xml
CZ;1167;Vertikutátory;Heureka.cz | Dílna, stavba, zahrada | Zahrada | Zahradní technika | Vertikutátory;5;https://www.heureka.cz/direct/xml-export/shops/heureka-sekce.xml
CZ;1168;Vysavače listí;Heureka.cz | Dílna, stavba, zahrada | Zahrada | Zahradní technika | Vysavače listí;5;https://www.heureka.cz/direct/xml-export/shops/heureka-sekce.xml
CZ;1691;Vysokotlaké čističe;Heureka.cz | Dílna, stavba, zahrada | Zahrada | Zahradní technika | Vysokotlaké čističe;5;https://www.heureka.cz/direct/xml-export/shops/heureka-sekce.xml
CZ;1169;Zahradní drtiče větví;Heureka.cz | Dílna, stavba, zahrada | Zahrada | Zahradní technika | Zahradní drtiče větví;5;https://www.heureka.cz/direct/xml-export/shops/heureka-sekce.xml
CZ;1155;Zahradní traktory a ridery;Heureka.cz | Dílna, stavba, zahrada | Zahrada | Zahradní technika | Zahradní traktory a ridery;5;https://www.heureka.cz/direct/xml-export/shops/heureka-sekce.xml
CZ;1151;Čerpadla;Heureka.cz | Dílna, stavba, zahrada | Zahrada | Zahradní technika | Čerpadla;5;https://www.heureka.cz/direct/xml-export/shops/heureka-sekce.xml
CZ;1670;Řetězové dlabačky;Heureka.cz | Dílna, stavba, zahrada | Zahrada | Zahradní technika | Řetězové dlabačky;5;https://www.heureka.cz/direct/xml-export/shops/heureka-sekce.xml
CZ;1972;Štípače dříví;Heureka.cz | Dílna, stavba, zahrada | Zahrada | Zahradní technika | Štípače dříví;5;https://www.heureka.cz/direct/xml-export/shops/heureka-sekce.xml
CZ;8295;Hadicové spojky;Heureka.cz | Dílna, stavba, zahrada | Zahrada | Zavlažování | Hadicové spojky;5;https://www.heureka.cz/direct/xml-export/shops/heureka-sekce.xml
CZ;1163;Postřikovače;Heureka.cz | Dílna, stavba, zahrada | Zahrada | Zavlažování | Postřikovače;5;https://www.heureka.cz/direct/xml-export/shops/heureka-sekce.xml
CZ;5361;Sudy na vodu;Heureka.cz | Dílna, stavba, zahrada | Zahrada | Zavlažování | Sudy na vodu;5;https://www.heureka.cz/direct/xml-export/shops/heureka-sekce.xml
CZ;1180;Vozíky na hadice;Heureka.cz | Dílna, stavba, zahrada | Zahrada | Zavlažování | Vozíky na hadice;5;https://www.heureka.cz/direct/xml-export/shops/heureka-sekce.xml
CZ;1187;Zahradní hadice;Heureka.cz | Dílna, stavba, zahrada | Zahrada | Zavlažování | Zahradní hadice;5;https://www.heureka.cz/direct/xml-export/shops/heureka-sekce.xml
CZ;6193;Zahradní konve a konvičky;Heureka.cz | Dílna, stavba, zahrada | Zahrada | Zavlažování | Zahradní konve a konvičky;5;https://www.heureka.cz/direct/xml-export/shops/heureka-sekce.xml
CZ;6108;Zahradní pistole;Heureka.cz | Dílna, stavba, zahrada | Zahrada | Zavlažování | Zahradní pistole;5;https://www.heureka.cz/direct/xml-export/shops/heureka-sekce.xml
CZ;6344;Zavlažovací hodiny a automaty;Heureka.cz | Dílna, stavba, zahrada | Zahrada | Zavlažování | Zavlažovací hodiny a automaty;5;https://www.heureka.cz/direct/xml-export/shops/heureka-sekce.xml
CZ;1188;Zavlažovače;Heureka.cz | Dílna, stavba, zahrada | Zahrada | Zavlažování | Zavlažovače;5;https://www.heureka.cz/direct/xml-export/shops/heureka-sekce.xml
CZ;1209;Autosedačky;Heureka.cz | Dětské zboží | Cestování s dětmi | Autosedačky;4;https://www.heureka.cz/direct/xml-export/shops/heureka-sekce.xml
CZ;7030;Isofix základny a báze k autosedačkám;Heureka.cz | Dětské zboží | Cestování s dětmi | Doplňky k autosedačkám | Isofix základny a báze k autosedačkám;5;https://www.heureka.cz/direct/xml-export/shops/heureka-sekce.xml
CZ;7029;Pláštěnky a moskytiéry na autosedačku;Heureka.cz | Dětské zboží | Cestování s dětmi | Doplňky k autosedačkám | Pláštěnky a moskytiéry na autosedačku;5;https://www.heureka.cz/direct/xml-export/shops/heureka-sekce.xml
CZ;7031;Vložky a podložky do autosedaček;Heureka.cz | Dětské zboží | Cestování s dětmi | Doplňky k autosedačkám | Vložky a podložky do autosedaček;5;https://www.heureka.cz/direct/xml-export/shops/heureka-sekce.xml
CZ;7032;Zrcátka k autosedačkám;Heureka.cz | Dětské zboží | Cestování s dětmi | Doplňky k autosedačkám | Zrcátka k autosedačkám;5;https://www.heureka.cz/direct/xml-export/shops/heureka-sekce.xml
CZ;2384;Dětské batohy;Heureka.cz | Dětské zboží | Cestování s dětmi | Dětské batohy;4;https://www.heureka.cz/direct/xml-export/shops/heureka-sekce.xml
CZ;5000;Korby a sedačky ke kočárkům;Heureka.cz | Dětské zboží | Cestování s dětmi | Dětské kočárky a příslušenství | Korby a sedačky ke kočárkům;5;https://www.heureka.cz/direct/xml-export/shops/heureka-sekce.xml
CZ;1310;Kočárky;Heureka.cz | Dětské zboží | Cestování s dětmi | Dětské kočárky a příslušenství | Kočárky;5;https://www.heureka.cz/direct/xml-export/shops/heureka-sekce.xml
CZ;7023;Matrace do kočárků;Heureka.cz | Dětské zboží | Cestování s dětmi | Dětské kočárky a příslušenství | Matrace do kočárků;5;https://www.heureka.cz/direct/xml-export/shops/heureka-sekce.xml
CZ;5004;Nánožníky ke kočárkům;Heureka.cz | Dětské zboží | Cestování s dětmi | Dětské kočárky a příslušenství | Nánožníky ke kočárkům;5;https://www.heureka.cz/direct/xml-export/shops/heureka-sekce.xml
CZ;5001;Pláštěnky na kočárky;Heureka.cz | Dětské zboží | Cestování s dětmi | Dětské kočárky a příslušenství | Pláštěnky na kočárky;5;https://www.heureka.cz/direct/xml-export/shops/heureka-sekce.xml
CZ;5002;Podložky do kočárků;Heureka.cz | Dětské zboží | Cestování s dětmi | Dětské kočárky a příslušenství | Podložky do kočárků;5;https://www.heureka.cz/direct/xml-export/shops/heureka-sekce.xml
CZ;2354;Příslušenství ke kočárkům;Heureka.cz | Dětské zboží | Cestování s dětmi | Dětské kočárky a příslušenství | Příslušenství ke kočárkům;5;https://www.heureka.cz/direct/xml-export/shops/heureka-sekce.xml
CZ;5003;Rukávníky ke kočárkům;Heureka.cz | Dětské zboží | Cestování s dětmi | Dětské kočárky a příslušenství | Rukávníky ke kočárkům;5;https://www.heureka.cz/direct/xml-export/shops/heureka-sekce.xml
CZ;4999;Slunečníky a stříšky ke kočárkům;Heureka.cz | Dětské zboží | Cestování s dětmi | Dětské kočárky a příslušenství | Slunečníky a stříšky ke kočárkům;5;https://www.heureka.cz/direct/xml-export/shops/heureka-sekce.xml
CZ;4998;Tašky na kočárek;Heureka.cz | Dětské zboží | Cestování s dětmi | Dětské kočárky a příslušenství | Tašky na kočárek;5;https://www.heureka.cz/direct/xml-export/shops/heureka-sekce.xml
CZ;2377;Fusaky;Heureka.cz | Dětské zboží | Cestování s dětmi | Fusaky;4;https://www.heureka.cz/direct/xml-export/shops/heureka-sekce.xml
CZ;2427;Nosítka na děti;Heureka.cz | Dětské zboží | Cestování s dětmi | Nošení dětí | Nosítka na děti;5;https://www.heureka.cz/direct/xml-export/shops/heureka-sekce.xml
CZ;8345;Šátky na nošení dětí;Heureka.cz | Dětské zboží | Cestování s dětmi | Nošení dětí | Šátky na nošení dětí;5;https://www.heureka.cz/direct/xml-export/shops/heureka-sekce.xml
CZ;8315;Podsedáky do auta;Heureka.cz | Dětské zboží | Cestování s dětmi | Podsedáky do auta;4;https://www.heureka.cz/direct/xml-export/shops/heureka-sekce.xml
CZ;5970;Savičky;Heureka.cz | Dětské zboží | Dětská výživa a krmení | Doplňky pro kojenecké láhve | Savičky;5;https://www.heureka.cz/direct/xml-export/shops/heureka-sekce.xml
CZ;6624;Dětské dezerty a pudinky;Heureka.cz | Dětské zboží | Dětská výživa a krmení | Dětská výživa | Dětské dezerty a pudinky;5;https://www.heureka.cz/direct/xml-export/shops/heureka-sekce.xml
CZ;3085;Dětské kaše;Heureka.cz | Dětské zboží | Dětská výživa a krmení | Dětská výživa | Dětské kaše;5;https://www.heureka.cz/direct/xml-export/shops/heureka-sekce.xml
CZ;3087;Dětské čaje;Heureka.cz | Dětské zboží | Dětská výživa a krmení | Dětská výživa | Dětské nápoje | Dětské čaje;6;https://www.heureka.cz/direct/xml-export/shops/heureka-sekce.xml
CZ;3091;Dětské šťávy;Heureka.cz | Dětské zboží | Dětská výživa a krmení | Dětská výživa | Dětské nápoje | Dětské šťávy;6;https://www.heureka.cz/direct/xml-export/shops/heureka-sekce.xml
CZ;3093;Dětské snacky;Heureka.cz | Dětské zboží | Dětská výživa a krmení | Dětská výživa | Dětské snacky;5;https://www.heureka.cz/direct/xml-export/shops/heureka-sekce.xml
CZ;3090;Kojenecká mléka;Heureka.cz | Dětské zboží | Dětská výživa a krmení | Dětská výživa | Kojenecká mléka;5;https://www.heureka.cz/direct/xml-export/shops/heureka-sekce.xml
CZ;3089;Příkrmy a přesnídávky;Heureka.cz | Dětské zboží | Dětská výživa a krmení | Dětská výživa | Příkrmy a přesnídávky;5;https://www.heureka.cz/direct/xml-export/shops/heureka-sekce.xml
CZ;4441;Speciální kojenecká mléka;Heureka.cz | Dětské zboží | Dětská výživa a krmení | Dětská výživa | Speciální kojenecká mléka;5;https://www.heureka.cz/direct/xml-export/shops/heureka-sekce.xml
CZ;2425;Dětské bryndáky a slintáčky;Heureka.cz | Dětské zboží | Dětská výživa a krmení | Dětské bryndáky a slintáčky;4;https://www.heureka.cz/direct/xml-export/shops/heureka-sekce.xml
CZ;2716;Dětské láhve a učící hrnky;Heureka.cz | Dětské zboží | Dětská výživa a krmení | Dětské láhve na pití | Dětské láhve a učící hrnky;5;https://www.heureka.cz/direct/xml-export/shops/heureka-sekce.xml
CZ;2421;Kojenecké láhve;Heureka.cz | Dětské zboží | Dětská výživa a krmení | Kojenecké láhve;4;https://www.heureka.cz/direct/xml-export/shops/heureka-sekce.xml
CZ;6008;Ohřívače kojeneckých lahví;Heureka.cz | Dětské zboží | Dětská výživa a krmení | Ohřívače kojeneckých lahví;4;https://www.heureka.cz/direct/xml-export/shops/heureka-sekce.xml
CZ;2424;Sterilizátory kojeneckých potřeb;Heureka.cz | Dětské zboží | Dětská výživa a krmení | Sterilizátory kojeneckých potřeb;4;https://www.heureka.cz/direct/xml-export/shops/heureka-sekce.xml
CZ;2139;Dudlíky;Heureka.cz | Dětské zboží | Kojenecké potřeby | Dudlíky a doplňky | Dudlíky;5;https://www.heureka.cz/direct/xml-export/shops/heureka-sekce.xml
CZ;5968;Klipy na dudlíky;Heureka.cz | Dětské zboží | Kojenecké potřeby | Dudlíky a doplňky | Klipy na dudlíky;5;https://www.heureka.cz/direct/xml-export/shops/heureka-sekce.xml
CZ;5969;Krabičky na dudlíky;Heureka.cz | Dětské zboží | Kojenecké potřeby | Dudlíky a doplňky | Krabičky na dudlíky;5;https://www.heureka.cz/direct/xml-export/shops/heureka-sekce.xml
CZ;1750;Nočníky pro děti;Heureka.cz | Dětské zboží | Kojenecké potřeby | Nočníky pro děti;4;https://www.heureka.cz/direct/xml-export/shops/heureka-sekce.xml
CZ;2715;Odsávačky hlenů;Heureka.cz | Dětské zboží | Kojenecké potřeby | Odsávačky hlenů;4;https://www.heureka.cz/direct/xml-export/shops/heureka-sekce.xml
CZ;4808;Osušky pro miminka;Heureka.cz | Dětské zboží | Koupání dětí | Dětské osušky | Osušky pro miminka;5;https://www.heureka.cz/direct/xml-export/shops/heureka-sekce.xml
CZ;3027;Teploměry do vody pro miminka;Heureka.cz | Dětské zboží | Koupání dětí | Teploměry do vody pro miminka;4;https://www.heureka.cz/direct/xml-export/shops/heureka-sekce.xml
CZ;2428;Vaničky a kyblíky;Heureka.cz | Dětské zboží | Koupání dětí | Vaničky a kyblíky;4;https://www.heureka.cz/direct/xml-export/shops/heureka-sekce.xml
CZ;5567;Kojicí korále;Heureka.cz | Dětské zboží | Pro matku | Kojení | Kojicí korále;5;https://www.heureka.cz/direct/xml-export/shops/heureka-sekce.xml
CZ;2703;Odsávačky mateřského mléka;Heureka.cz | Dětské zboží | Pro matku | Kojení | Odsávačky mateřského mléka;5;https://www.heureka.cz/direct/xml-export/shops/heureka-sekce.xml
CZ;2635;Těhotenské a kojící polštáře;Heureka.cz | Dětské zboží | Pro matku | Kojení | Těhotenské a kojící polštáře;5;https://www.heureka.cz/direct/xml-export/shops/heureka-sekce.xml
CZ;2434;Vložky do podprsenky;Heureka.cz | Dětské zboží | Pro matku | Kojení | Vložky do podprsenky;5;https://www.heureka.cz/direct/xml-export/shops/heureka-sekce.xml
CZ;2319;Dětské pleny;Heureka.cz | Dětské zboží | Přebalování | Dětské pleny;4;https://www.heureka.cz/direct/xml-export/shops/heureka-sekce.xml
CZ;4809;Hygienické podložky na přebalovaní;Heureka.cz | Dětské zboží | Přebalování | Hygienické podložky na přebalovaní;4;https://www.heureka.cz/direct/xml-export/shops/heureka-sekce.xml
CZ;3743;Koše na pleny;Heureka.cz | Dětské zboží | Přebalování | Koše na pleny;4;https://www.heureka.cz/direct/xml-export/shops/heureka-sekce.xml
CZ;5389;Plenkové dorty;Heureka.cz | Dětské zboží | Přebalování | Plenkové dorty;4;https://www.heureka.cz/direct/xml-export/shops/heureka-sekce.xml
CZ;2138;Přebalovací podložky;Heureka.cz | Dětské zboží | Přebalování | Přebalovací podložky;4;https://www.heureka.cz/direct/xml-export/shops/heureka-sekce.xml
CZ;8446;Sáčky do koše na pleny;Heureka.cz | Dětské zboží | Přebalování | Sáčky do koše na pleny;4;https://www.heureka.cz/direct/xml-export/shops/heureka-sekce.xml
CZ;2338;Dětské chůvičky;Heureka.cz | Dětské zboží | Vybavení dětského pokoje | Dětské chůvičky a monitory dechu | Dětské chůvičky;5;https://www.heureka.cz/direct/xml-export/shops/heureka-sekce.xml
CZ;8581;Monitory dechu;Heureka.cz | Dětské zboží | Vybavení dětského pokoje | Dětské chůvičky a monitory dechu | Monitory dechu;5;https://www.heureka.cz/direct/xml-export/shops/heureka-sekce.xml
CZ;8584;Sety chůviček a monitorů dechu;Heureka.cz | Dětské zboží | Vybavení dětského pokoje | Dětské chůvičky a monitory dechu | Sety chůviček a monitorů dechu;5;https://www.heureka.cz/direct/xml-export/shops/heureka-sekce.xml
CZ;4807;Dětské deky;Heureka.cz | Dětské zboží | Vybavení dětského pokoje | Dětské deky;4;https://www.heureka.cz/direct/xml-export/shops/heureka-sekce.xml
CZ;2814;Dětské kapsáře;Heureka.cz | Dětské zboží | Vybavení dětského pokoje | Dětské kapsáře;4;https://www.heureka.cz/direct/xml-export/shops/heureka-sekce.xml
CZ;2443;Zavinovačky;Heureka.cz | Dětské zboží | Vybavení dětského pokoje | Dětské spací pytle a zavinovačky | Zavinovačky;5;https://www.heureka.cz/direct/xml-export/shops/heureka-sekce.xml
CZ;2376;Hrací podložky;Heureka.cz | Dětské zboží | Vybavení dětského pokoje | Hrací deky, podložky a hrazdičky | Hrací podložky;5;https://www.heureka.cz/direct/xml-export/shops/heureka-sekce.xml
CZ;5916;Kolotoče nad postýlku;Heureka.cz | Dětské zboží | Vybavení dětského pokoje | Kolotoče nad postýlku;4;https://www.heureka.cz/direct/xml-export/shops/heureka-sekce.xml
CZ;3163;Lehátka pro miminka;Heureka.cz | Dětské zboží | Vybavení dětského pokoje | Lehátka pro miminka;4;https://www.heureka.cz/direct/xml-export/shops/heureka-sekce.xml
CZ;5315;Pěnové puzzle;Heureka.cz | Dětské zboží | Vybavení dětského pokoje | Pěnové puzzle;4;https://www.heureka.cz/direct/xml-export/shops/heureka-sekce.xml
CZ;2972;Baterie nabíjecí;Heureka.cz | Elektronika | Baterie a nabíjení | Baterie | Baterie nabíjecí;5;https://www.heureka.cz/direct/xml-export/shops/heureka-sekce.xml
CZ;2513;Baterie primární;Heureka.cz | Elektronika | Baterie a nabíjení | Baterie | Baterie primární;5;https://www.heureka.cz/direct/xml-export/shops/heureka-sekce.xml
CZ;8521;LiFePO4 baterie;Heureka.cz | Elektronika | Baterie a nabíjení | Baterie | LiFePO4 baterie;5;https://www.heureka.cz/direct/xml-export/shops/heureka-sekce.xml
CZ;2973;Olověné baterie;Heureka.cz | Elektronika | Baterie a nabíjení | Baterie | Olověné baterie;5;https://www.heureka.cz/direct/xml-export/shops/heureka-sekce.xml
CZ;5925;Cestovní adaptéry;Heureka.cz | Elektronika | Baterie a nabíjení | Cestovní adaptéry;4;https://www.heureka.cz/direct/xml-export/shops/heureka-sekce.xml
CZ;2256;Klasické nabíječky;Heureka.cz | Elektronika | Baterie a nabíjení | Nabíječky | Klasické nabíječky;5;https://www.heureka.cz/direct/xml-export/shops/heureka-sekce.xml
CZ;5062;Solární nabíječky;Heureka.cz | Elektronika | Baterie a nabíjení | Nabíječky | Solární nabíječky;5;https://www.heureka.cz/direct/xml-export/shops/heureka-sekce.xml
CZ;4835;Powerbanky;Heureka.cz | Elektronika | Baterie a nabíjení | Powerbanky;4;https://www.heureka.cz/direct/xml-export/shops/heureka-sekce.xml
CZ;5828;Centrální jednotky;Heureka.cz | Elektronika | Chytrá domácnost | Centrální jednotky;4;https://www.heureka.cz/direct/xml-export/shops/heureka-sekce.xml
CZ;6241;Startovací balíčky chytrého osvětlení;Heureka.cz | Elektronika | Chytrá domácnost | Chytré osvětlení | Startovací balíčky chytrého osvětlení;5;https://www.heureka.cz/direct/xml-export/shops/heureka-sekce.xml
CZ;5859;Hlasoví asistenti;Heureka.cz | Elektronika | Chytrá domácnost | Hlasoví asistenti;4;https://www.heureka.cz/direct/xml-export/shops/heureka-sekce.xml
CZ;882;Meteostanice;Heureka.cz | Elektronika | Chytrá domácnost | Meteostanice;4;https://www.heureka.cz/direct/xml-export/shops/heureka-sekce.xml
CZ;5860;Ovladače a spínače pro chytrou domácnost;Heureka.cz | Elektronika | Chytrá domácnost | Ovladače a spínače pro chytrou domácnost;4;https://www.heureka.cz/direct/xml-export/shops/heureka-sekce.xml
CZ;5880;Programovatelné stavebnice;Heureka.cz | Elektronika | Chytrá domácnost | Programovatelné stavebnice;4;https://www.heureka.cz/direct/xml-export/shops/heureka-sekce.xml
CZ;3774;Příslušenství k meteostanicím;Heureka.cz | Elektronika | Chytrá domácnost | Příslušenství k meteostanicím;4;https://www.heureka.cz/direct/xml-export/shops/heureka-sekce.xml
CZ;5827;Startovací sady;Heureka.cz | Elektronika | Chytrá domácnost | Startovací sady;4;https://www.heureka.cz/direct/xml-export/shops/heureka-sekce.xml
CZ;4939;Chytré brýle;Heureka.cz | Elektronika | Chytrá domácnost | Wearables | Chytré brýle;5;https://www.heureka.cz/direct/xml-export/shops/heureka-sekce.xml
CZ;6240;Chytré lokátory;Heureka.cz | Elektronika | Chytrá domácnost | Wearables | Chytré lokátory;5;https://www.heureka.cz/direct/xml-export/shops/heureka-sekce.xml
CZ;7432;Chytré prsteny;Heureka.cz | Elektronika | Chytrá domácnost | Wearables | Chytré prsteny;5;https://www.heureka.cz/direct/xml-export/shops/heureka-sekce.xml
CZ;4922;iHealth;Heureka.cz | Elektronika | Chytrá domácnost | Wearables | iHealth;5;https://www.heureka.cz/direct/xml-export/shops/heureka-sekce.xml
CZ;6527;Pohybové detektory a senzory;Heureka.cz | Elektronika | Chytrá domácnost | Zabezpečení chytré domácnosti | Pohybové detektory a senzory;5;https://www.heureka.cz/direct/xml-export/shops/heureka-sekce.xml
CZ;5879;Zásuvky pro chytrou domácnost;Heureka.cz | Elektronika | Chytrá domácnost | Zásuvky pro chytrou domácnost;4;https://www.heureka.cz/direct/xml-export/shops/heureka-sekce.xml
CZ;3335;Foto pozadí a foto stoly;Heureka.cz | Elektronika | Foto, kamery, optika | Ateliérové vybavení | Foto pozadí a foto stoly;5;https://www.heureka.cz/direct/xml-export/shops/heureka-sekce.xml
CZ;5952;Fotodeštníky;Heureka.cz | Elektronika | Foto, kamery, optika | Ateliérové vybavení | Fotodeštníky;5;https://www.heureka.cz/direct/xml-export/shops/heureka-sekce.xml
CZ;864;Fotodoplňky;Heureka.cz | Elektronika | Foto, kamery, optika | Ateliérové vybavení | Fotodoplňky;5;https://www.heureka.cz/direct/xml-export/shops/heureka-sekce.xml
CZ;6103;Fotostany;Heureka.cz | Elektronika | Foto, kamery, optika | Ateliérové vybavení | Fotostany;5;https://www.heureka.cz/direct/xml-export/shops/heureka-sekce.xml
CZ;3334;Odrazné desky;Heureka.cz | Elektronika | Foto, kamery, optika | Ateliérové vybavení | Odrazné desky;5;https://www.heureka.cz/direct/xml-export/shops/heureka-sekce.xml
CZ;5961;Softboxy;Heureka.cz | Elektronika | Foto, kamery, optika | Ateliérové vybavení | Softboxy;5;https://www.heureka.cz/direct/xml-export/shops/heureka-sekce.xml
CZ;4240;Stativy na studiová světla;Heureka.cz | Elektronika | Foto, kamery, optika | Ateliérové vybavení | Stativy na studiová světla;5;https://www.heureka.cz/direct/xml-export/shops/heureka-sekce.xml
CZ;3437;Stojany a držáky k fotopozadí;Heureka.cz | Elektronika | Foto, kamery, optika | Ateliérové vybavení | Stojany a držáky k fotopozadí;5;https://www.heureka.cz/direct/xml-export/shops/heureka-sekce.xml
CZ;4238;Studiová světla;Heureka.cz | Elektronika | Foto, kamery, optika | Ateliérové vybavení | Studiová světla;5;https://www.heureka.cz/direct/xml-export/shops/heureka-sekce.xml
CZ;4239;Studiové blesky;Heureka.cz | Elektronika | Foto, kamery, optika | Ateliérové vybavení | Studiové blesky;5;https://www.heureka.cz/direct/xml-export/shops/heureka-sekce.xml
CZ;780;Dalekohledy;Heureka.cz | Elektronika | Foto, kamery, optika | Dalekohledy, mikroskopy | Dalekohledy;5;https://www.heureka.cz/direct/xml-export/shops/heureka-sekce.xml
CZ;2165;Mikroskopy;Heureka.cz | Elektronika | Foto, kamery, optika | Dalekohledy, mikroskopy | Mikroskopy;5;https://www.heureka.cz/direct/xml-export/shops/heureka-sekce.xml
CZ;679;Okuláry;Heureka.cz | Elektronika | Foto, kamery, optika | Dalekohledy, mikroskopy | Okuláry;5;https://www.heureka.cz/direct/xml-export/shops/heureka-sekce.xml
CZ;5065;Drony;Heureka.cz | Elektronika | Foto, kamery, optika | Drony a příslušenství | Drony;5;https://www.heureka.cz/direct/xml-export/shops/heureka-sekce.xml
CZ;5081;Příslušenství k dronům;Heureka.cz | Elektronika | Foto, kamery, optika | Drony a příslušenství | Příslušenství k dronům;5;https://www.heureka.cz/direct/xml-export/shops/heureka-sekce.xml
CZ;665;Digitální fotoaparáty;Heureka.cz | Elektronika | Foto, kamery, optika | Foto a kamery | Digitální fotoaparáty;5;https://www.heureka.cz/direct/xml-export/shops/heureka-sekce.xml
CZ;702;Digitální kamery;Heureka.cz | Elektronika | Foto, kamery, optika | Foto a kamery | Digitální kamery;5;https://www.heureka.cz/direct/xml-export/shops/heureka-sekce.xml
CZ;5058;Fotopasti;Heureka.cz | Elektronika | Foto, kamery, optika | Foto a kamery | Fotopasti;5;https://www.heureka.cz/direct/xml-export/shops/heureka-sekce.xml
CZ;666;Klasické fotoaparáty;Heureka.cz | Elektronika | Foto, kamery, optika | Foto a kamery | Klasické fotoaparáty;5;https://www.heureka.cz/direct/xml-export/shops/heureka-sekce.xml
CZ;5924;Noční vidění;Heureka.cz | Elektronika | Foto, kamery, optika | Foto a kamery | Noční vidění;5;https://www.heureka.cz/direct/xml-export/shops/heureka-sekce.xml
CZ;6021;Sportovní kamery;Heureka.cz | Elektronika | Foto, kamery, optika | Foto a kamery | Sportovní kamery;5;https://www.heureka.cz/direct/xml-export/shops/heureka-sekce.xml
CZ;5967;Termokamery;Heureka.cz | Elektronika | Foto, kamery, optika | Foto a kamery | Termokamery;5;https://www.heureka.cz/direct/xml-export/shops/heureka-sekce.xml
CZ;7311;Fotochemie;Heureka.cz | Elektronika | Foto, kamery, optika | Fotokomory | Vybavení fotokomory | Fotochemie;6;https://www.heureka.cz/direct/xml-export/shops/heureka-sekce.xml
CZ;7314;Laboratorní vybavení;Heureka.cz | Elektronika | Foto, kamery, optika | Fotokomory | Vybavení fotokomory | Laboratorní vybavení;6;https://www.heureka.cz/direct/xml-export/shops/heureka-sekce.xml
CZ;7315;Prosvětlovací pulty;Heureka.cz | Elektronika | Foto, kamery, optika | Fotokomory | Vybavení fotokomory | Prosvětlovací pulty;6;https://www.heureka.cz/direct/xml-export/shops/heureka-sekce.xml
CZ;7321;Světla do fotokomory;Heureka.cz | Elektronika | Foto, kamery, optika | Fotokomory | Vybavení fotokomory | Světla do fotokomory;6;https://www.heureka.cz/direct/xml-export/shops/heureka-sekce.xml
CZ;7320;Zvětšovací přístroje a doplňky;Heureka.cz | Elektronika | Foto, kamery, optika | Fotokomory | Vybavení fotokomory | Zvětšovací přístroje a doplňky;6;https://www.heureka.cz/direct/xml-export/shops/heureka-sekce.xml
CZ;2135;Bateriové gripy;Heureka.cz | Elektronika | Foto, kamery, optika | Příslušenství k fotoaparátům | Baterie a nabíječky pro foto a video | Bateriové gripy;6;https://www.heureka.cz/direct/xml-export/shops/heureka-sekce.xml
CZ;876;Foto - Video baterie;Heureka.cz | Elektronika | Foto, kamery, optika | Příslušenství k fotoaparátům | Baterie a nabíječky pro foto a video | Foto - Video baterie;6;https://www.heureka.cz/direct/xml-export/shops/heureka-sekce.xml
CZ;672;Foto - Video nabíječky;Heureka.cz | Elektronika | Foto, kamery, optika | Příslušenství k fotoaparátům | Baterie a nabíječky pro foto a video | Foto - Video nabíječky;6;https://www.heureka.cz/direct/xml-export/shops/heureka-sekce.xml
CZ;669;Blesky k fotoaparátům;Heureka.cz | Elektronika | Foto, kamery, optika | Příslušenství k fotoaparátům | Blesky a příslušenství | Blesky k fotoaparátům;6;https://www.heureka.cz/direct/xml-export/shops/heureka-sekce.xml
CZ;2870;Příslušenství k bleskům;Heureka.cz | Elektronika | Foto, kamery, optika | Příslušenství k fotoaparátům | Blesky a příslušenství | Příslušenství k bleskům;6;https://www.heureka.cz/direct/xml-export/shops/heureka-sekce.xml
CZ;673;Brašny a pouzdra pro fotoaparáty;Heureka.cz | Elektronika | Foto, kamery, optika | Příslušenství k fotoaparátům | Brašny, pouzdra, batohy | Brašny a pouzdra pro fotoaparáty;6;https://www.heureka.cz/direct/xml-export/shops/heureka-sekce.xml
CZ;678;Dálkové ovládání k fotoaparátům;Heureka.cz | Elektronika | Foto, kamery, optika | Příslušenství k fotoaparátům | Dálkové spouště a kabely | Dálkové ovládání k fotoaparátům;6;https://www.heureka.cz/direct/xml-export/shops/heureka-sekce.xml
CZ;676;Kabely k fotoaparátům;Heureka.cz | Elektronika | Foto, kamery, optika | Příslušenství k fotoaparátům | Dálkové spouště a kabely | Kabely k fotoaparátům;6;https://www.heureka.cz/direct/xml-export/shops/heureka-sekce.xml
CZ;2132;Expozimetry;Heureka.cz | Elektronika | Foto, kamery, optika | Příslušenství k fotoaparátům | Expozimetry;5;https://www.heureka.cz/direct/xml-export/shops/heureka-sekce.xml
CZ;5029;Kinofilmy;Heureka.cz | Elektronika | Foto, kamery, optika | Příslušenství k fotoaparátům | Kinofilmy;5;https://www.heureka.cz/direct/xml-export/shops/heureka-sekce.xml
CZ;865;Filtry k objektivům;Heureka.cz | Elektronika | Foto, kamery, optika | Příslušenství k fotoaparátům | Objektivy a doplňky | Filtry k objektivům;6;https://www.heureka.cz/direct/xml-export/shops/heureka-sekce.xml
CZ;832;Krytky k objektivům;Heureka.cz | Elektronika | Foto, kamery, optika | Příslušenství k fotoaparátům | Objektivy a doplňky | Krytky k objektivům;6;https://www.heureka.cz/direct/xml-export/shops/heureka-sekce.xml
CZ;866;Objektivy;Heureka.cz | Elektronika | Foto, kamery, optika | Příslušenství k fotoaparátům | Objektivy a doplňky | Objektivy;6;https://www.heureka.cz/direct/xml-export/shops/heureka-sekce.xml
CZ;867;Pouzdra na objektivy;Heureka.cz | Elektronika | Foto, kamery, optika | Příslušenství k fotoaparátům | Objektivy a doplňky | Pouzdra na objektivy;6;https://www.heureka.cz/direct/xml-export/shops/heureka-sekce.xml
CZ;674;Předsádky a redukce;Heureka.cz | Elektronika | Foto, kamery, optika | Příslušenství k fotoaparátům | Objektivy a doplňky | Předsádky a redukce;6;https://www.heureka.cz/direct/xml-export/shops/heureka-sekce.xml
CZ;677;Sluneční clony;Heureka.cz | Elektronika | Foto, kamery, optika | Příslušenství k fotoaparátům | Objektivy a doplňky | Sluneční clony;6;https://www.heureka.cz/direct/xml-export/shops/heureka-sekce.xml
CZ;675;Telekonvertory;Heureka.cz | Elektronika | Foto, kamery, optika | Příslušenství k fotoaparátům | Objektivy a doplňky | Telekonvertory;6;https://www.heureka.cz/direct/xml-export/shops/heureka-sekce.xml
CZ;4244;Ochranné fólie pro fotoaparáty;Heureka.cz | Elektronika | Foto, kamery, optika | Příslušenství k fotoaparátům | Ochranné fólie pro fotoaparáty;5;https://www.heureka.cz/direct/xml-export/shops/heureka-sekce.xml
CZ;909;Digitální fotorámečky;Heureka.cz | Elektronika | Foto, kamery, optika | Příslušenství k fotoaparátům | Rámečky, alba, fotopapíry | Digitální fotorámečky;6;https://www.heureka.cz/direct/xml-export/shops/heureka-sekce.xml
CZ;4680;Fotoalba;Heureka.cz | Elektronika | Foto, kamery, optika | Příslušenství k fotoaparátům | Rámečky, alba, fotopapíry | Fotoalba;6;https://www.heureka.cz/direct/xml-export/shops/heureka-sekce.xml
CZ;2632;Fotopapíry;Heureka.cz | Elektronika | Foto, kamery, optika | Příslušenství k fotoaparátům | Rámečky, alba, fotopapíry | Fotopapíry;6;https://www.heureka.cz/direct/xml-export/shops/heureka-sekce.xml
CZ;3256;Klasické fotorámečky;Heureka.cz | Elektronika | Foto, kamery, optika | Příslušenství k fotoaparátům | Rámečky, alba, fotopapíry | Klasické fotorámečky;6;https://www.heureka.cz/direct/xml-export/shops/heureka-sekce.xml
CZ;861;Brašny a popruhy na stativy;Heureka.cz | Elektronika | Foto, kamery, optika | Příslušenství k fotoaparátům | Stativy a příslušenství | Brašny a popruhy na stativy;6;https://www.heureka.cz/direct/xml-export/shops/heureka-sekce.xml
CZ;4246;Rychloupínací destičky;Heureka.cz | Elektronika | Foto, kamery, optika | Příslušenství k fotoaparátům | Stativy a příslušenství | Rychloupínací destičky;6;https://www.heureka.cz/direct/xml-export/shops/heureka-sekce.xml
CZ;5783;Stabilizátory a gimbaly;Heureka.cz | Elektronika | Foto, kamery, optika | Příslušenství k fotoaparátům | Stativy a příslušenství | Stabilizátory a gimbaly;6;https://www.heureka.cz/direct/xml-export/shops/heureka-sekce.xml
CZ;856;Stativové hlavy;Heureka.cz | Elektronika | Foto, kamery, optika | Příslušenství k fotoaparátům | Stativy a příslušenství | Stativové hlavy;6;https://www.heureka.cz/direct/xml-export/shops/heureka-sekce.xml
CZ;855;Stativy;Heureka.cz | Elektronika | Foto, kamery, optika | Příslušenství k fotoaparátům | Stativy a příslušenství | Stativy;6;https://www.heureka.cz/direct/xml-export/shops/heureka-sekce.xml
CZ;4237;Čištění pro fotoaparáty;Heureka.cz | Elektronika | Foto, kamery, optika | Příslušenství k fotoaparátům | Čištění pro fotoaparáty;5;https://www.heureka.cz/direct/xml-export/shops/heureka-sekce.xml
CZ;6759;Baterie ke kamerám;Heureka.cz | Elektronika | Foto, kamery, optika | Příslušenství ke kamerám | Baterie ke kamerám;5;https://www.heureka.cz/direct/xml-export/shops/heureka-sekce.xml
CZ;787;Brašny a pouzdra pro videokamery;Heureka.cz | Elektronika | Foto, kamery, optika | Příslušenství ke kamerám | Brašny a pouzdra pro videokamery;5;https://www.heureka.cz/direct/xml-export/shops/heureka-sekce.xml
CZ;6756;Displeje ke kamerám;Heureka.cz | Elektronika | Foto, kamery, optika | Příslušenství ke kamerám | Displeje ke kamerám;5;https://www.heureka.cz/direct/xml-export/shops/heureka-sekce.xml
CZ;6752;Držáky ke kamerám;Heureka.cz | Elektronika | Foto, kamery, optika | Příslušenství ke kamerám | Držáky ke kamerám;5;https://www.heureka.cz/direct/xml-export/shops/heureka-sekce.xml
CZ;6754;Dálkové ovladače ke kamerám;Heureka.cz | Elektronika | Foto, kamery, optika | Příslušenství ke kamerám | Dálkové ovladače ke kamerám;5;https://www.heureka.cz/direct/xml-export/shops/heureka-sekce.xml
CZ;6755;Filtry ke kamerám;Heureka.cz | Elektronika | Foto, kamery, optika | Příslušenství ke kamerám | Filtry ke kamerám;5;https://www.heureka.cz/direct/xml-export/shops/heureka-sekce.xml
CZ;6758;Nabíječky ke sportovním kamerám;Heureka.cz | Elektronika | Foto, kamery, optika | Příslušenství ke kamerám | Nabíječky ke sportovním kamerám;5;https://www.heureka.cz/direct/xml-export/shops/heureka-sekce.xml
CZ;6753;Obaly a kryty pro kamery;Heureka.cz | Elektronika | Foto, kamery, optika | Příslušenství ke kamerám | Obaly a kryty pro kamery;5;https://www.heureka.cz/direct/xml-export/shops/heureka-sekce.xml
CZ;6757;Ostatní příslušenství ke kamerám;Heureka.cz | Elektronika | Foto, kamery, optika | Příslušenství ke kamerám | Ostatní příslušenství ke kamerám;5;https://www.heureka.cz/direct/xml-export/shops/heureka-sekce.xml
CZ;4800;Chytré hodinky;Heureka.cz | Elektronika | Mobily, tablety, nositelná elektronika | Chytré hodinky;4;https://www.heureka.cz/direct/xml-export/shops/heureka-sekce.xml
CZ;4897;Chytré náramky;Heureka.cz | Elektronika | Mobily, tablety, nositelná elektronika | Chytré náramky;4;https://www.heureka.cz/direct/xml-export/shops/heureka-sekce.xml
CZ;3238;Baterie pro bezdrátové telefony;Heureka.cz | Elektronika | Mobily, tablety, nositelná elektronika | Klasické a bezdrátové telefony | Baterie pro bezdrátové telefony;5;https://www.heureka.cz/direct/xml-export/shops/heureka-sekce.xml
CZ;733;Bezdrátové telefony;Heureka.cz | Elektronika | Mobily, tablety, nositelná elektronika | Klasické a bezdrátové telefony | Bezdrátové telefony;5;https://www.heureka.cz/direct/xml-export/shops/heureka-sekce.xml
CZ;732;Klasické telefony;Heureka.cz | Elektronika | Mobily, tablety, nositelná elektronika | Klasické a bezdrátové telefony | Klasické telefony;5;https://www.heureka.cz/direct/xml-export/shops/heureka-sekce.xml
CZ;734;VoIP telefony;Heureka.cz | Elektronika | Mobily, tablety, nositelná elektronika | Klasické a bezdrátové telefony | VoIP telefony;5;https://www.heureka.cz/direct/xml-export/shops/heureka-sekce.xml
CZ;731;Mobilní telefony;Heureka.cz | Elektronika | Mobily, tablety, nositelná elektronika | Mobilní telefony;4;https://www.heureka.cz/direct/xml-export/shops/heureka-sekce.xml
CZ;743;Adaptéry a redukce k mobilům;Heureka.cz | Elektronika | Mobily, tablety, nositelná elektronika | Příslušenství k mobilům | Adaptéry a redukce k mobilům;5;https://www.heureka.cz/direct/xml-export/shops/heureka-sekce.xml
CZ;739;Baterie pro mobilní telefony;Heureka.cz | Elektronika | Mobily, tablety, nositelná elektronika | Příslušenství k mobilům | Baterie a nabíječky pro mobily | Baterie pro mobilní telefony;6;https://www.heureka.cz/direct/xml-export/shops/heureka-sekce.xml
CZ;5417;Bezdrátové nabíječky;Heureka.cz | Elektronika | Mobily, tablety, nositelná elektronika | Příslušenství k mobilům | Baterie a nabíječky pro mobily | Bezdrátové nabíječky;6;https://www.heureka.cz/direct/xml-export/shops/heureka-sekce.xml
CZ;738;Nabíječky pro mobilní telefony;Heureka.cz | Elektronika | Mobily, tablety, nositelná elektronika | Příslušenství k mobilům | Baterie a nabíječky pro mobily | Nabíječky pro mobilní telefony;6;https://www.heureka.cz/direct/xml-export/shops/heureka-sekce.xml
CZ;6104;Držáky do auta;Heureka.cz | Elektronika | Mobily, tablety, nositelná elektronika | Příslušenství k mobilům | Držáky a stativy | Držáky do auta;6;https://www.heureka.cz/direct/xml-export/shops/heureka-sekce.xml
CZ;742;Držáky na mobily;Heureka.cz | Elektronika | Mobily, tablety, nositelná elektronika | Příslušenství k mobilům | Držáky a stativy | Držáky na mobily;6;https://www.heureka.cz/direct/xml-export/shops/heureka-sekce.xml
CZ;5781;Držáky na selfie;Heureka.cz | Elektronika | Mobily, tablety, nositelná elektronika | Příslušenství k mobilům | Držáky a stativy | Držáky na selfie;6;https://www.heureka.cz/direct/xml-export/shops/heureka-sekce.xml
CZ;6429;Kruhová selfie světla;Heureka.cz | Elektronika | Mobily, tablety, nositelná elektronika | Příslušenství k mobilům | Držáky a stativy | Kruhová selfie světla;6;https://www.heureka.cz/direct/xml-export/shops/heureka-sekce.xml
CZ;744;Antény k mobilním telefonům;Heureka.cz | Elektronika | Mobily, tablety, nositelná elektronika | Příslušenství k mobilům | Náhradní díly pro mobilní telefony | Antény k mobilním telefonům;6;https://www.heureka.cz/direct/xml-export/shops/heureka-sekce.xml
CZ;892;Klávesnice k mobilním telefonům;Heureka.cz | Elektronika | Mobily, tablety, nositelná elektronika | Příslušenství k mobilům | Náhradní díly pro mobilní telefony | Klávesnice k mobilním telefonům;6;https://www.heureka.cz/direct/xml-export/shops/heureka-sekce.xml
CZ;4992;LCD displeje k mobilním telefonům;Heureka.cz | Elektronika | Mobily, tablety, nositelná elektronika | Příslušenství k mobilům | Náhradní díly pro mobilní telefony | LCD displeje k mobilním telefonům;6;https://www.heureka.cz/direct/xml-export/shops/heureka-sekce.xml
CZ;4252;Náhradní flex kabely pro mobilní telefony;Heureka.cz | Elektronika | Mobily, tablety, nositelná elektronika | Příslušenství k mobilům | Náhradní díly pro mobilní telefony | Náhradní flex kabely pro mobilní telefony;6;https://www.heureka.cz/direct/xml-export/shops/heureka-sekce.xml
CZ;740;Náhradní kryty na mobilní telefony;Heureka.cz | Elektronika | Mobily, tablety, nositelná elektronika | Příslušenství k mobilům | Náhradní díly pro mobilní telefony | Náhradní kryty na mobilní telefony;6;https://www.heureka.cz/direct/xml-export/shops/heureka-sekce.xml
CZ;4249;Náhradní mikrofony pro mobilní telefony;Heureka.cz | Elektronika | Mobily, tablety, nositelná elektronika | Příslušenství k mobilům | Náhradní díly pro mobilní telefony | Náhradní mikrofony pro mobilní telefony;6;https://www.heureka.cz/direct/xml-export/shops/heureka-sekce.xml
CZ;4248;Náhradní reproduktory pro mobilní telefony;Heureka.cz | Elektronika | Mobily, tablety, nositelná elektronika | Příslušenství k mobilům | Náhradní díly pro mobilní telefony | Náhradní reproduktory pro mobilní telefony;6;https://www.heureka.cz/direct/xml-export/shops/heureka-sekce.xml
CZ;4219;Nanopodložky;Heureka.cz | Elektronika | Mobily, tablety, nositelná elektronika | Příslušenství k mobilům | Pouzdra, skla, fólie | Nanopodložky;6;https://www.heureka.cz/direct/xml-export/shops/heureka-sekce.xml
CZ;4993;Ochranné fólie pro mobilní telefony;Heureka.cz | Elektronika | Mobily, tablety, nositelná elektronika | Příslušenství k mobilům | Pouzdra, skla, fólie | Ochranné fólie pro mobilní telefony;6;https://www.heureka.cz/direct/xml-export/shops/heureka-sekce.xml
CZ;8307;Pouzdra a kryty na mobilní telefony Apple;Heureka.cz | Elektronika | Mobily, tablety, nositelná elektronika | Příslušenství k mobilům | Pouzdra, skla, fólie | Pouzdra a kryty na mobilní telefony | Pouzdra a kryty na mobilní telefony Apple;7;https://www.heureka.cz/direct/xml-export/shops/heureka-sekce.xml
CZ;8309;Pouzdra a kryty na mobilní telefony Honor;Heureka.cz | Elektronika | Mobily, tablety, nositelná elektronika | Příslušenství k mobilům | Pouzdra, skla, fólie | Pouzdra a kryty na mobilní telefony | Pouzdra a kryty na mobilní telefony Honor;7;https://www.heureka.cz/direct/xml-export/shops/heureka-sekce.xml
CZ;8308;Pouzdra a kryty na mobilní telefony Huawei;Heureka.cz | Elektronika | Mobily, tablety, nositelná elektronika | Příslušenství k mobilům | Pouzdra, skla, fólie | Pouzdra a kryty na mobilní telefony | Pouzdra a kryty na mobilní telefony Huawei;7;https://www.heureka.cz/direct/xml-export/shops/heureka-sekce.xml
CZ;8310;Pouzdra a kryty na mobilní telefony Motorola;Heureka.cz | Elektronika | Mobily, tablety, nositelná elektronika | Příslušenství k mobilům | Pouzdra, skla, fólie | Pouzdra a kryty na mobilní telefony | Pouzdra a kryty na mobilní telefony Motorola;7;https://www.heureka.cz/direct/xml-export/shops/heureka-sekce.xml
CZ;8311;Pouzdra a kryty na mobilní telefony Nokia;Heureka.cz | Elektronika | Mobily, tablety, nositelná elektronika | Příslušenství k mobilům | Pouzdra, skla, fólie | Pouzdra a kryty na mobilní telefony | Pouzdra a kryty na mobilní telefony Nokia;7;https://www.heureka.cz/direct/xml-export/shops/heureka-sekce.xml
CZ;8312;Pouzdra a kryty na mobilní telefony Realme;Heureka.cz | Elektronika | Mobily, tablety, nositelná elektronika | Příslušenství k mobilům | Pouzdra, skla, fólie | Pouzdra a kryty na mobilní telefony | Pouzdra a kryty na mobilní telefony Realme;7;https://www.heureka.cz/direct/xml-export/shops/heureka-sekce.xml
CZ;8305;Pouzdra a kryty na mobilní telefony Samsung;Heureka.cz | Elektronika | Mobily, tablety, nositelná elektronika | Příslušenství k mobilům | Pouzdra, skla, fólie | Pouzdra a kryty na mobilní telefony | Pouzdra a kryty na mobilní telefony Samsung;7;https://www.heureka.cz/direct/xml-export/shops/heureka-sekce.xml
CZ;8313;Pouzdra a kryty na mobilní telefony Sony;Heureka.cz | Elektronika | Mobily, tablety, nositelná elektronika | Příslušenství k mobilům | Pouzdra, skla, fólie | Pouzdra a kryty na mobilní telefony | Pouzdra a kryty na mobilní telefony Sony;7;https://www.heureka.cz/direct/xml-export/shops/heureka-sekce.xml
CZ;8306;Pouzdra a kryty na mobilní telefony Xiaomi;Heureka.cz | Elektronika | Mobily, tablety, nositelná elektronika | Příslušenství k mobilům | Pouzdra, skla, fólie | Pouzdra a kryty na mobilní telefony | Pouzdra a kryty na mobilní telefony Xiaomi;7;https://www.heureka.cz/direct/xml-export/shops/heureka-sekce.xml
CZ;741;Pouzdra a kryty na mobilní telefony dalších značek;Heureka.cz | Elektronika | Mobily, tablety, nositelná elektronika | Příslušenství k mobilům | Pouzdra, skla, fólie | Pouzdra a kryty na mobilní telefony | Pouzdra a kryty na mobilní telefony dalších značek;7;https://www.heureka.cz/direct/xml-export/shops/heureka-sekce.xml
CZ;4994;Tvrzená skla pro mobilní telefony;Heureka.cz | Elektronika | Mobily, tablety, nositelná elektronika | Příslušenství k mobilům | Pouzdra, skla, fólie | Tvrzená skla pro mobilní telefony;6;https://www.heureka.cz/direct/xml-export/shops/heureka-sekce.xml
CZ;3236;Přívěsky na mobil;Heureka.cz | Elektronika | Mobily, tablety, nositelná elektronika | Příslušenství k mobilům | Přívěsky na mobil;5;https://www.heureka.cz/direct/xml-export/shops/heureka-sekce.xml
CZ;3234;Sim karty a kupony;Heureka.cz | Elektronika | Mobily, tablety, nositelná elektronika | Příslušenství k mobilům | Sim karty a kupony;5;https://www.heureka.cz/direct/xml-export/shops/heureka-sekce.xml
CZ;737;Handsfree;Heureka.cz | Elektronika | Mobily, tablety, nositelná elektronika | Příslušenství k mobilům | Sluchátka, reproduktory, handsfree | Handsfree;6;https://www.heureka.cz/direct/xml-export/shops/heureka-sekce.xml
CZ;5746;Stylusy;Heureka.cz | Elektronika | Mobily, tablety, nositelná elektronika | Příslušenství k mobilům | Stylusy;5;https://www.heureka.cz/direct/xml-export/shops/heureka-sekce.xml
CZ;6854;Dobíjecí kabely pro chytré hodinky;Heureka.cz | Elektronika | Mobily, tablety, nositelná elektronika | Příslušenství k nositelné elektronice | Příslušenství k chytrým hodinkám | Dobíjecí kabely pro chytré hodinky;6;https://www.heureka.cz/direct/xml-export/shops/heureka-sekce.xml
CZ;6855;Držáky k chytrým hodinkám;Heureka.cz | Elektronika | Mobily, tablety, nositelná elektronika | Příslušenství k nositelné elektronice | Příslušenství k chytrým hodinkám | Držáky k chytrým hodinkám;6;https://www.heureka.cz/direct/xml-export/shops/heureka-sekce.xml
CZ;6853;Obaly a kryty k chytrým hodinkám;Heureka.cz | Elektronika | Mobily, tablety, nositelná elektronika | Příslušenství k nositelné elektronice | Příslušenství k chytrým hodinkám | Obaly a kryty k chytrým hodinkám;6;https://www.heureka.cz/direct/xml-export/shops/heureka-sekce.xml
CZ;6852;Ochranná skla a fólie pro chytré hodinky;Heureka.cz | Elektronika | Mobily, tablety, nositelná elektronika | Příslušenství k nositelné elektronice | Příslušenství k chytrým hodinkám | Ochranná skla a fólie pro chytré hodinky;6;https://www.heureka.cz/direct/xml-export/shops/heureka-sekce.xml
CZ;6851;Řemínky k chytrým hodinkám;Heureka.cz | Elektronika | Mobily, tablety, nositelná elektronika | Příslušenství k nositelné elektronice | Příslušenství k chytrým hodinkám | Řemínky k chytrým hodinkám;6;https://www.heureka.cz/direct/xml-export/shops/heureka-sekce.xml
CZ;6859;Dobíjecí kabely pro chytré náramky;Heureka.cz | Elektronika | Mobily, tablety, nositelná elektronika | Příslušenství k nositelné elektronice | Příslušenství k chytrým náramkům | Dobíjecí kabely pro chytré náramky;6;https://www.heureka.cz/direct/xml-export/shops/heureka-sekce.xml
CZ;6857;Ochranná skla a fólie pro chytré náramky;Heureka.cz | Elektronika | Mobily, tablety, nositelná elektronika | Příslušenství k nositelné elektronice | Příslušenství k chytrým náramkům | Ochranná skla a fólie pro chytré náramky;6;https://www.heureka.cz/direct/xml-export/shops/heureka-sekce.xml
CZ;6856;Řemínky k chytrým náramkům;Heureka.cz | Elektronika | Mobily, tablety, nositelná elektronika | Příslušenství k nositelné elektronice | Příslušenství k chytrým náramkům | Řemínky k chytrým náramkům;6;https://www.heureka.cz/direct/xml-export/shops/heureka-sekce.xml
CZ;8534;Příslušenství k chytrým prstenům;Heureka.cz | Elektronika | Mobily, tablety, nositelná elektronika | Příslušenství k nositelné elektronice | Příslušenství k chytrým prstenům;5;https://www.heureka.cz/direct/xml-export/shops/heureka-sekce.xml
CZ;6322;Ochranné fólie pro tablety;Heureka.cz | Elektronika | Mobily, tablety, nositelná elektronika | Tablety a čtečky | Příslušenství k tabletům | Ochranné fólie pro tablety;6;https://www.heureka.cz/direct/xml-export/shops/heureka-sekce.xml
CZ;3149;Pouzdra na tablety;Heureka.cz | Elektronika | Mobily, tablety, nositelná elektronika | Tablety a čtečky | Příslušenství k tabletům | Pouzdra na tablety;6;https://www.heureka.cz/direct/xml-export/shops/heureka-sekce.xml
CZ;6323;Ochranné fólie pro čtečky knih;Heureka.cz | Elektronika | Mobily, tablety, nositelná elektronika | Tablety a čtečky | Příslušenství ke čtečkám knih | Ochranné fólie pro čtečky knih;6;https://www.heureka.cz/direct/xml-export/shops/heureka-sekce.xml
CZ;6261;Pouzdra na čtečky knih;Heureka.cz | Elektronika | Mobily, tablety, nositelná elektronika | Tablety a čtečky | Příslušenství ke čtečkám knih | Pouzdra na čtečky knih;6;https://www.heureka.cz/direct/xml-export/shops/heureka-sekce.xml
CZ;3021;Tablety;Heureka.cz | Elektronika | Mobily, tablety, nositelná elektronika | Tablety a čtečky | Tablety;5;https://www.heureka.cz/direct/xml-export/shops/heureka-sekce.xml
CZ;2839;Čtečky knih;Heureka.cz | Elektronika | Mobily, tablety, nositelná elektronika | Tablety a čtečky | Čtečky knih;5;https://www.heureka.cz/direct/xml-export/shops/heureka-sekce.xml
CZ;3237;Baterie pro vysílačky;Heureka.cz | Elektronika | Mobily, tablety, nositelná elektronika | Vysílačky, příslušenství | Baterie pro vysílačky;5;https://www.heureka.cz/direct/xml-export/shops/heureka-sekce.xml
CZ;735;Vysílačky a radiostanice;Heureka.cz | Elektronika | Mobily, tablety, nositelná elektronika | Vysílačky, příslušenství | Vysílačky a radiostanice;5;https://www.heureka.cz/direct/xml-export/shops/heureka-sekce.xml
CZ;752;Grafické tablety;Heureka.cz | Elektronika | Počítače a notebooky | Grafické tablety;4;https://www.heureka.cz/direct/xml-export/shops/heureka-sekce.xml
CZ;763;Klávesnice;Heureka.cz | Elektronika | Počítače a notebooky | Klávesnice a myši | Klávesnice;5;https://www.heureka.cz/direct/xml-export/shops/heureka-sekce.xml
CZ;8415;Mechanické spínače;Heureka.cz | Elektronika | Počítače a notebooky | Klávesnice a myši | Mechanické spínače;5;https://www.heureka.cz/direct/xml-export/shops/heureka-sekce.xml
CZ;765;Myši;Heureka.cz | Elektronika | Počítače a notebooky | Klávesnice a myši | Myši;5;https://www.heureka.cz/direct/xml-export/shops/heureka-sekce.xml
CZ;8416;Náhradní klávesy;Heureka.cz | Elektronika | Počítače a notebooky | Klávesnice a myši | Náhradní klávesy;5;https://www.heureka.cz/direct/xml-export/shops/heureka-sekce.xml
CZ;8577;Podložky pod myš;Heureka.cz | Elektronika | Počítače a notebooky | Klávesnice a myši | Podložky pod myš;5;https://www.heureka.cz/direct/xml-export/shops/heureka-sekce.xml
CZ;764;Sety klávesnic a myší;Heureka.cz | Elektronika | Počítače a notebooky | Klávesnice a myši | Sety klávesnic a myší;5;https://www.heureka.cz/direct/xml-export/shops/heureka-sekce.xml
CZ;816;Monitory;Heureka.cz | Elektronika | Počítače a notebooky | Monitory;4;https://www.heureka.cz/direct/xml-export/shops/heureka-sekce.xml
CZ;750;Notebooky;Heureka.cz | Elektronika | Počítače a notebooky | Notebooky;4;https://www.heureka.cz/direct/xml-export/shops/heureka-sekce.xml
CZ;779;Chladiče;Heureka.cz | Elektronika | Počítače a notebooky | Počítačové komponenty | Chladiče;5;https://www.heureka.cz/direct/xml-export/shops/heureka-sekce.xml
CZ;931;Externí výměnné boxy;Heureka.cz | Elektronika | Počítače a notebooky | Počítačové komponenty | Externí výměnné boxy;5;https://www.heureka.cz/direct/xml-export/shops/heureka-sekce.xml
CZ;771;Grafické karty;Heureka.cz | Elektronika | Počítače a notebooky | Počítačové komponenty | Grafické karty;5;https://www.heureka.cz/direct/xml-export/shops/heureka-sekce.xml
CZ;6303;Interní rámečky;Heureka.cz | Elektronika | Počítače a notebooky | Počítačové komponenty | Interní rámečky;5;https://www.heureka.cz/direct/xml-export/shops/heureka-sekce.xml
CZ;773;Mechaniky;Heureka.cz | Elektronika | Počítače a notebooky | Počítačové komponenty | Mechaniky;5;https://www.heureka.cz/direct/xml-export/shops/heureka-sekce.xml
CZ;775;PC skříně;Heureka.cz | Elektronika | Počítače a notebooky | Počítačové komponenty | PC skříně;5;https://www.heureka.cz/direct/xml-export/shops/heureka-sekce.xml
CZ;768;Paměti;Heureka.cz | Elektronika | Počítače a notebooky | Počítačové komponenty | Paměti;5;https://www.heureka.cz/direct/xml-export/shops/heureka-sekce.xml
CZ;5946;Pevné disky externí;Heureka.cz | Elektronika | Počítače a notebooky | Počítačové komponenty | Pevné disky externí;5;https://www.heureka.cz/direct/xml-export/shops/heureka-sekce.xml
CZ;772;Pevné disky interní;Heureka.cz | Elektronika | Počítače a notebooky | Počítačové komponenty | Pevné disky interní;5;https://www.heureka.cz/direct/xml-export/shops/heureka-sekce.xml
CZ;767;Procesory;Heureka.cz | Elektronika | Počítače a notebooky | Počítačové komponenty | Procesory;5;https://www.heureka.cz/direct/xml-export/shops/heureka-sekce.xml
CZ;2167;Střihové karty;Heureka.cz | Elektronika | Počítače a notebooky | Počítačové komponenty | Rozšiřující karty do počítače | Střihové karty;6;https://www.heureka.cz/direct/xml-export/shops/heureka-sekce.xml
CZ;913;Síťové karty;Heureka.cz | Elektronika | Počítače a notebooky | Počítačové komponenty | Rozšiřující karty do počítače | Síťové karty;6;https://www.heureka.cz/direct/xml-export/shops/heureka-sekce.xml
CZ;848;TV tunery;Heureka.cz | Elektronika | Počítače a notebooky | Počítačové komponenty | Rozšiřující karty do počítače | TV tunery;6;https://www.heureka.cz/direct/xml-export/shops/heureka-sekce.xml
CZ;908;Zvukové karty;Heureka.cz | Elektronika | Počítače a notebooky | Počítačové komponenty | Rozšiřující karty do počítače | Zvukové karty;6;https://www.heureka.cz/direct/xml-export/shops/heureka-sekce.xml
CZ;770;Řadiče;Heureka.cz | Elektronika | Počítače a notebooky | Počítačové komponenty | Rozšiřující karty do počítače | Řadiče;6;https://www.heureka.cz/direct/xml-export/shops/heureka-sekce.xml
CZ;7028;Ventilátory do PC;Heureka.cz | Elektronika | Počítače a notebooky | Počítačové komponenty | Ventilátory do PC;5;https://www.heureka.cz/direct/xml-export/shops/heureka-sekce.xml
CZ;776;Zdroje;Heureka.cz | Elektronika | Počítače a notebooky | Počítačové komponenty | Zdroje;5;https://www.heureka.cz/direct/xml-export/shops/heureka-sekce.xml
CZ;769;Základní desky;Heureka.cz | Elektronika | Počítače a notebooky | Počítačové komponenty | Základní desky;5;https://www.heureka.cz/direct/xml-export/shops/heureka-sekce.xml
CZ;2033;Překladače;Heureka.cz | Elektronika | Počítače a notebooky | Překladače;4;https://www.heureka.cz/direct/xml-export/shops/heureka-sekce.xml
CZ;4206;AC adaptéry;Heureka.cz | Elektronika | Počítače a notebooky | Příslušenství k notebookům | AC adaptéry;5;https://www.heureka.cz/direct/xml-export/shops/heureka-sekce.xml
CZ;4207;Baterie k notebookům;Heureka.cz | Elektronika | Počítače a notebooky | Příslušenství k notebookům | Baterie k notebookům;5;https://www.heureka.cz/direct/xml-export/shops/heureka-sekce.xml
CZ;821;Brašny a batohy pro notebooky;Heureka.cz | Elektronika | Počítače a notebooky | Příslušenství k notebookům | Brašny a batohy pro notebooky;5;https://www.heureka.cz/direct/xml-export/shops/heureka-sekce.xml
CZ;4144;Displeje pro notebooky;Heureka.cz | Elektronika | Počítače a notebooky | Příslušenství k notebookům | Displeje pro notebooky;5;https://www.heureka.cz/direct/xml-export/shops/heureka-sekce.xml
CZ;5349;Dokovací stanice a replikátory portů;Heureka.cz | Elektronika | Počítače a notebooky | Příslušenství k notebookům | Dokovací stanice a replikátory portů;5;https://www.heureka.cz/direct/xml-export/shops/heureka-sekce.xml
CZ;4679;Náhradní klávesnice pro notebooky;Heureka.cz | Elektronika | Počítače a notebooky | Příslušenství k notebookům | Náhradní klávesnice pro notebooky;5;https://www.heureka.cz/direct/xml-export/shops/heureka-sekce.xml
CZ;8609;Náhradní ventilátory pro notebooky;Heureka.cz | Elektronika | Počítače a notebooky | Příslušenství k notebookům | Náhradní ventilátory pro notebooky;5;https://www.heureka.cz/direct/xml-export/shops/heureka-sekce.xml
CZ;3231;Podložky a stojany k notebookům;Heureka.cz | Elektronika | Počítače a notebooky | Příslušenství k notebookům | Podložky a stojany k notebookům;5;https://www.heureka.cz/direct/xml-export/shops/heureka-sekce.xml
CZ;3188;Samolepky na notebooky;Heureka.cz | Elektronika | Počítače a notebooky | Příslušenství k notebookům | Samolepky na notebooky;5;https://www.heureka.cz/direct/xml-export/shops/heureka-sekce.xml
CZ;5743;Hardwarové peněženky a trezory;Heureka.cz | Elektronika | Počítače a notebooky | Příslušenství k počítačům | Hardwarové peněženky a trezory;5;https://www.heureka.cz/direct/xml-export/shops/heureka-sekce.xml
CZ;2769;Audio - video kabely;Heureka.cz | Elektronika | Počítače a notebooky | Příslušenství k počítačům | Kabely a konektory | Audio - video kabely;6;https://www.heureka.cz/direct/xml-export/shops/heureka-sekce.xml
CZ;2780;Datové přepínače;Heureka.cz | Elektronika | Počítače a notebooky | Příslušenství k počítačům | Kabely a konektory | Datové přepínače;6;https://www.heureka.cz/direct/xml-export/shops/heureka-sekce.xml
CZ;2774;FireWire kabely;Heureka.cz | Elektronika | Počítače a notebooky | Příslušenství k počítačům | Kabely a konektory | FireWire kabely;6;https://www.heureka.cz/direct/xml-export/shops/heureka-sekce.xml
CZ;2776;Interní kabely do PC;Heureka.cz | Elektronika | Počítače a notebooky | Příslušenství k počítačům | Kabely a konektory | Interní kabely do PC;6;https://www.heureka.cz/direct/xml-export/shops/heureka-sekce.xml
CZ;2770;KVM kabely;Heureka.cz | Elektronika | Počítače a notebooky | Příslušenství k počítačům | Kabely a konektory | KVM kabely;6;https://www.heureka.cz/direct/xml-export/shops/heureka-sekce.xml
CZ;2771;Napájecí kabely;Heureka.cz | Elektronika | Počítače a notebooky | Příslušenství k počítačům | Kabely a konektory | Napájecí kabely;6;https://www.heureka.cz/direct/xml-export/shops/heureka-sekce.xml
CZ;2786;Paralelní, sériové kabely;Heureka.cz | Elektronika | Počítače a notebooky | Příslušenství k počítačům | Kabely a konektory | Paralelní, sériové kabely;6;https://www.heureka.cz/direct/xml-export/shops/heureka-sekce.xml
CZ;2772;Síťové kabely;Heureka.cz | Elektronika | Počítače a notebooky | Příslušenství k počítačům | Kabely a konektory | Síťové kabely;6;https://www.heureka.cz/direct/xml-export/shops/heureka-sekce.xml
CZ;3655;USB huby;Heureka.cz | Elektronika | Počítače a notebooky | Příslušenství k počítačům | Kabely a konektory | USB huby;6;https://www.heureka.cz/direct/xml-export/shops/heureka-sekce.xml
CZ;1487;USB kabely;Heureka.cz | Elektronika | Počítače a notebooky | Příslušenství k počítačům | Kabely a konektory | USB kabely;6;https://www.heureka.cz/direct/xml-export/shops/heureka-sekce.xml
CZ;2773;VGA, DVI, HDMI kabely;Heureka.cz | Elektronika | Počítače a notebooky | Příslušenství k počítačům | Kabely a konektory | VGA, DVI, HDMI kabely;6;https://www.heureka.cz/direct/xml-export/shops/heureka-sekce.xml
CZ;2038;Média pro vypalování;Heureka.cz | Elektronika | Počítače a notebooky | Příslušenství k počítačům | Média pro vypalování;5;https://www.heureka.cz/direct/xml-export/shops/heureka-sekce.xml
CZ;5371;Organizéry kabelů;Heureka.cz | Elektronika | Počítače a notebooky | Příslušenství k počítačům | Organizéry kabelů;5;https://www.heureka.cz/direct/xml-export/shops/heureka-sekce.xml
CZ;822;Paměťové karty;Heureka.cz | Elektronika | Počítače a notebooky | Příslušenství k počítačům | Paměťové karty;5;https://www.heureka.cz/direct/xml-export/shops/heureka-sekce.xml
CZ;5773;Počítačové brýle;Heureka.cz | Elektronika | Počítače a notebooky | Příslušenství k počítačům | Počítačové brýle;5;https://www.heureka.cz/direct/xml-export/shops/heureka-sekce.xml
CZ;5898;Počítačové mikrofony;Heureka.cz | Elektronika | Počítače a notebooky | Příslušenství k počítačům | Počítačové mikrofony;5;https://www.heureka.cz/direct/xml-export/shops/heureka-sekce.xml
CZ;5300;Privátní a antireflexní filtry;Heureka.cz | Elektronika | Počítače a notebooky | Příslušenství k počítačům | Privátní a antireflexní filtry;5;https://www.heureka.cz/direct/xml-export/shops/heureka-sekce.xml
CZ;3082;Příslušenství k chlazení;Heureka.cz | Elektronika | Počítače a notebooky | Příslušenství k počítačům | Příslušenství k chlazení;5;https://www.heureka.cz/direct/xml-export/shops/heureka-sekce.xml
CZ;6421;Teplovodivé pasty a pásky;Heureka.cz | Elektronika | Počítače a notebooky | Příslušenství k počítačům | Teplovodivé pasty a pásky;5;https://www.heureka.cz/direct/xml-export/shops/heureka-sekce.xml
CZ;834;USB flash disky;Heureka.cz | Elektronika | Počítače a notebooky | Příslušenství k počítačům | USB flash disky;5;https://www.heureka.cz/direct/xml-export/shops/heureka-sekce.xml
CZ;766;Webkamery;Heureka.cz | Elektronika | Počítače a notebooky | Příslušenství k počítačům | Webkamery;5;https://www.heureka.cz/direct/xml-export/shops/heureka-sekce.xml
CZ;877;Čtečky paměťových karet;Heureka.cz | Elektronika | Počítače a notebooky | Příslušenství k počítačům | Čtečky paměťových karet;5;https://www.heureka.cz/direct/xml-export/shops/heureka-sekce.xml
CZ;825;Antiviry;Heureka.cz | Elektronika | Počítače a notebooky | Software | Antiviry;5;https://www.heureka.cz/direct/xml-export/shops/heureka-sekce.xml
CZ;5015;CAD software;Heureka.cz | Elektronika | Počítače a notebooky | Software | CAD software;5;https://www.heureka.cz/direct/xml-export/shops/heureka-sekce.xml
CZ;781;Grafika a design;Heureka.cz | Elektronika | Počítače a notebooky | Software | Grafika a design;5;https://www.heureka.cz/direct/xml-export/shops/heureka-sekce.xml
CZ;782;Kancelářské aplikace;Heureka.cz | Elektronika | Počítače a notebooky | Software | Kancelářské aplikace;5;https://www.heureka.cz/direct/xml-export/shops/heureka-sekce.xml
CZ;783;Operační systémy;Heureka.cz | Elektronika | Počítače a notebooky | Software | Operační systémy;5;https://www.heureka.cz/direct/xml-export/shops/heureka-sekce.xml
CZ;5013;Optimalizace a ladění;Heureka.cz | Elektronika | Počítače a notebooky | Software | Optimalizace a ladění;5;https://www.heureka.cz/direct/xml-export/shops/heureka-sekce.xml
CZ;6312;Programy pro úpravu fotografií;Heureka.cz | Elektronika | Počítače a notebooky | Software | Programy pro úpravu fotografií;5;https://www.heureka.cz/direct/xml-export/shops/heureka-sekce.xml
CZ;6313;Programy pro úpravu hudby;Heureka.cz | Elektronika | Počítače a notebooky | Software | Programy pro úpravu hudby;5;https://www.heureka.cz/direct/xml-export/shops/heureka-sekce.xml
CZ;906;Programy pro úpravu videa;Heureka.cz | Elektronika | Počítače a notebooky | Software | Programy pro úpravu videa;5;https://www.heureka.cz/direct/xml-export/shops/heureka-sekce.xml
CZ;5056;Práce se soubory;Heureka.cz | Elektronika | Počítače a notebooky | Software | Práce se soubory;5;https://www.heureka.cz/direct/xml-export/shops/heureka-sekce.xml
CZ;4217;Rozšířené záruky;Heureka.cz | Elektronika | Počítače a notebooky | Software | Rozšířené záruky;5;https://www.heureka.cz/direct/xml-export/shops/heureka-sekce.xml
CZ;917;Serverové aplikace;Heureka.cz | Elektronika | Počítače a notebooky | Software | Serverové aplikace;5;https://www.heureka.cz/direct/xml-export/shops/heureka-sekce.xml
CZ;907;Vypalovací software;Heureka.cz | Elektronika | Počítače a notebooky | Software | Vypalovací software;5;https://www.heureka.cz/direct/xml-export/shops/heureka-sekce.xml
CZ;916;Výukové aplikace;Heureka.cz | Elektronika | Počítače a notebooky | Software | Výukové aplikace;5;https://www.heureka.cz/direct/xml-export/shops/heureka-sekce.xml
CZ;2073;Účetní a ekonomický software;Heureka.cz | Elektronika | Počítače a notebooky | Software | Účetní a ekonomický software;5;https://www.heureka.cz/direct/xml-export/shops/heureka-sekce.xml
CZ;748;Stolní počítače;Heureka.cz | Elektronika | Počítače a notebooky | Stolní počítače;4;https://www.heureka.cz/direct/xml-export/shops/heureka-sekce.xml
CZ;1789;Access pointy a routery;Heureka.cz | Elektronika | Počítače a notebooky | Síťové prvky | Access pointy a routery;5;https://www.heureka.cz/direct/xml-export/shops/heureka-sekce.xml
CZ;1899;IP kamery;Heureka.cz | Elektronika | Počítače a notebooky | Síťové prvky | IP kamery;5;https://www.heureka.cz/direct/xml-export/shops/heureka-sekce.xml
CZ;2123;KVM přepínače;Heureka.cz | Elektronika | Počítače a notebooky | Síťové prvky | KVM přepínače;5;https://www.heureka.cz/direct/xml-export/shops/heureka-sekce.xml
CZ;774;Modemy;Heureka.cz | Elektronika | Počítače a notebooky | Síťové prvky | Modemy;5;https://www.heureka.cz/direct/xml-export/shops/heureka-sekce.xml
CZ;2315;Patch panely;Heureka.cz | Elektronika | Počítače a notebooky | Síťové prvky | Patch panely;5;https://www.heureka.cz/direct/xml-export/shops/heureka-sekce.xml
CZ;6601;Powerline adaptéry;Heureka.cz | Elektronika | Počítače a notebooky | Síťové prvky | Powerline adaptéry;5;https://www.heureka.cz/direct/xml-export/shops/heureka-sekce.xml
CZ;2121;Print servery;Heureka.cz | Elektronika | Počítače a notebooky | Síťové prvky | Print servery;5;https://www.heureka.cz/direct/xml-export/shops/heureka-sekce.xml
CZ;5405;Rekordéry DVR/NVR;Heureka.cz | Elektronika | Počítače a notebooky | Síťové prvky | Rekordéry DVR/NVR;5;https://www.heureka.cz/direct/xml-export/shops/heureka-sekce.xml
CZ;1907;Disková pole;Heureka.cz | Elektronika | Počítače a notebooky | Síťové prvky | Servery a příslušenství | Disková pole;6;https://www.heureka.cz/direct/xml-export/shops/heureka-sekce.xml
CZ;2314;Rackové skříně;Heureka.cz | Elektronika | Počítače a notebooky | Síťové prvky | Servery a příslušenství | Rackové skříně;6;https://www.heureka.cz/direct/xml-export/shops/heureka-sekce.xml
CZ;1834;Servery;Heureka.cz | Elektronika | Počítače a notebooky | Síťové prvky | Servery a příslušenství | Servery;6;https://www.heureka.cz/direct/xml-export/shops/heureka-sekce.xml
CZ;1942;Switche;Heureka.cz | Elektronika | Počítače a notebooky | Síťové prvky | Switche;5;https://www.heureka.cz/direct/xml-export/shops/heureka-sekce.xml
CZ;1923;WiFi antény;Heureka.cz | Elektronika | Počítače a notebooky | Síťové prvky | WiFi antény;5;https://www.heureka.cz/direct/xml-export/shops/heureka-sekce.xml
CZ;6602;WiFi zesilovače;Heureka.cz | Elektronika | Počítače a notebooky | Síťové prvky | WiFi zesilovače;5;https://www.heureka.cz/direct/xml-export/shops/heureka-sekce.xml
CZ;5191;3D pera;Heureka.cz | Elektronika | Počítače a notebooky | Tiskárny a příslušenství | 3D pera;5;https://www.heureka.cz/direct/xml-export/shops/heureka-sekce.xml
CZ;5689;3D skenery;Heureka.cz | Elektronika | Počítače a notebooky | Tiskárny a příslušenství | 3D skenery;5;https://www.heureka.cz/direct/xml-export/shops/heureka-sekce.xml
CZ;5632;3D tiskárny;Heureka.cz | Elektronika | Počítače a notebooky | Tiskárny a příslušenství | 3D tiskárny;5;https://www.heureka.cz/direct/xml-export/shops/heureka-sekce.xml
CZ;8450;Gravírovací stroje;Heureka.cz | Elektronika | Počítače a notebooky | Tiskárny a příslušenství | Gravírovací stroje;5;https://www.heureka.cz/direct/xml-export/shops/heureka-sekce.xml
CZ;761;Multifunkční tiskárny;Heureka.cz | Elektronika | Počítače a notebooky | Tiskárny a příslušenství | Multifunkční tiskárny;5;https://www.heureka.cz/direct/xml-export/shops/heureka-sekce.xml
CZ;3134;Inkousty a refillkity;Heureka.cz | Elektronika | Počítače a notebooky | Tiskárny a příslušenství | Náplně a barvy do tiskáren | Inkousty a refillkity;6;https://www.heureka.cz/direct/xml-export/shops/heureka-sekce.xml
CZ;4106;Náplně a tonery - kompatibilní;Heureka.cz | Elektronika | Počítače a notebooky | Tiskárny a příslušenství | Náplně a barvy do tiskáren | Náplně a tonery - kompatibilní;6;https://www.heureka.cz/direct/xml-export/shops/heureka-sekce.xml
CZ;796;Náplně a tonery - originální;Heureka.cz | Elektronika | Počítače a notebooky | Tiskárny a příslušenství | Náplně a barvy do tiskáren | Náplně a tonery - originální;6;https://www.heureka.cz/direct/xml-export/shops/heureka-sekce.xml
CZ;4012;Náplně a tonery - renovované;Heureka.cz | Elektronika | Počítače a notebooky | Tiskárny a příslušenství | Náplně a barvy do tiskáren | Náplně a tonery - renovované;6;https://www.heureka.cz/direct/xml-export/shops/heureka-sekce.xml
CZ;6216;Tiskové struny;Heureka.cz | Elektronika | Počítače a notebooky | Tiskárny a příslušenství | Náplně a barvy do tiskáren | Tiskové struny;6;https://www.heureka.cz/direct/xml-export/shops/heureka-sekce.xml
CZ;7053;Vývojnice;Heureka.cz | Elektronika | Počítače a notebooky | Tiskárny a příslušenství | Náplně a barvy do tiskáren | Vývojnice;6;https://www.heureka.cz/direct/xml-export/shops/heureka-sekce.xml
CZ;8373;Zobrazovací válce;Heureka.cz | Elektronika | Počítače a notebooky | Tiskárny a příslušenství | Náplně a barvy do tiskáren | Zobrazovací válce;6;https://www.heureka.cz/direct/xml-export/shops/heureka-sekce.xml
CZ;8286;Odpadní nádobky;Heureka.cz | Elektronika | Počítače a notebooky | Tiskárny a příslušenství | Odpadní nádobky;5;https://www.heureka.cz/direct/xml-export/shops/heureka-sekce.xml
CZ;1898;Plotry;Heureka.cz | Elektronika | Počítače a notebooky | Tiskárny a příslušenství | Plotry;5;https://www.heureka.cz/direct/xml-export/shops/heureka-sekce.xml
CZ;5614;Resiny;Heureka.cz | Elektronika | Počítače a notebooky | Tiskárny a příslušenství | Resiny;5;https://www.heureka.cz/direct/xml-export/shops/heureka-sekce.xml
CZ;760;Skenery;Heureka.cz | Elektronika | Počítače a notebooky | Tiskárny a příslušenství | Skenery;5;https://www.heureka.cz/direct/xml-export/shops/heureka-sekce.xml
CZ;795;Tiskárny;Heureka.cz | Elektronika | Počítače a notebooky | Tiskárny a příslušenství | Tiskárny;5;https://www.heureka.cz/direct/xml-export/shops/heureka-sekce.xml
CZ;3253;Zapékací jednotky;Heureka.cz | Elektronika | Počítače a notebooky | Tiskárny a příslušenství | Zapékací jednotky;5;https://www.heureka.cz/direct/xml-export/shops/heureka-sekce.xml
CZ;2283;Přepěťové ochrany;Heureka.cz | Elektronika | Počítače a notebooky | Záložní zdroje | Přepěťové ochrany;5;https://www.heureka.cz/direct/xml-export/shops/heureka-sekce.xml
CZ;1906;UPS;Heureka.cz | Elektronika | Počítače a notebooky | Záložní zdroje | UPS;5;https://www.heureka.cz/direct/xml-export/shops/heureka-sekce.xml
CZ;6012;CD přehrávače pro DJ;Heureka.cz | Elektronika | TV, audio, video | DJ technika | CD přehrávače pro DJ;5;https://www.heureka.cz/direct/xml-export/shops/heureka-sekce.xml
CZ;3112;DJ kontrolery;Heureka.cz | Elektronika | TV, audio, video | DJ technika | DJ kontrolery;5;https://www.heureka.cz/direct/xml-export/shops/heureka-sekce.xml
CZ;2034;Mixážní pulty;Heureka.cz | Elektronika | TV, audio, video | DJ technika | Mixážní pulty;5;https://www.heureka.cz/direct/xml-export/shops/heureka-sekce.xml
CZ;804;AV přijímače;Heureka.cz | Elektronika | TV, audio, video | Hi-Fi komponenty | AV přijímače;5;https://www.heureka.cz/direct/xml-export/shops/heureka-sekce.xml
CZ;1940;CD přehrávače;Heureka.cz | Elektronika | TV, audio, video | Hi-Fi komponenty | CD přehrávače;5;https://www.heureka.cz/direct/xml-export/shops/heureka-sekce.xml
CZ;801;Gramofony;Heureka.cz | Elektronika | TV, audio, video | Hi-Fi komponenty | Gramofony;5;https://www.heureka.cz/direct/xml-export/shops/heureka-sekce.xml
CZ;2115;Subwoofery;Heureka.cz | Elektronika | TV, audio, video | Hi-Fi komponenty | Subwoofery;5;https://www.heureka.cz/direct/xml-export/shops/heureka-sekce.xml
CZ;1944;Síťové přehrávače;Heureka.cz | Elektronika | TV, audio, video | Hi-Fi komponenty | Síťové přehrávače;5;https://www.heureka.cz/direct/xml-export/shops/heureka-sekce.xml
CZ;803;Tunery;Heureka.cz | Elektronika | TV, audio, video | Hi-Fi komponenty | Tunery;5;https://www.heureka.cz/direct/xml-export/shops/heureka-sekce.xml
CZ;805;Zesilovače;Heureka.cz | Elektronika | TV, audio, video | Hi-Fi komponenty | Zesilovače;5;https://www.heureka.cz/direct/xml-export/shops/heureka-sekce.xml
CZ;712;Hi-Fi systémy;Heureka.cz | Elektronika | TV, audio, video | Hi-Fi systémy;4;https://www.heureka.cz/direct/xml-export/shops/heureka-sekce.xml
CZ;710;Mikrofony;Heureka.cz | Elektronika | TV, audio, video | Mikrofony;4;https://www.heureka.cz/direct/xml-export/shops/heureka-sekce.xml
CZ;699;Projektory;Heureka.cz | Elektronika | TV, audio, video | Projekční technika | Projektory;5;https://www.heureka.cz/direct/xml-export/shops/heureka-sekce.xml
CZ;698;Projekční plátna;Heureka.cz | Elektronika | TV, audio, video | Projekční technika | Projekční plátna;5;https://www.heureka.cz/direct/xml-export/shops/heureka-sekce.xml
CZ;3255;Držáky k projektorům;Heureka.cz | Elektronika | TV, audio, video | Projekční technika | Příslušenství k projektorům | Držáky k projektorům;6;https://www.heureka.cz/direct/xml-export/shops/heureka-sekce.xml
CZ;837;Lampy pro projektory;Heureka.cz | Elektronika | TV, audio, video | Projekční technika | Příslušenství k projektorům | Lampy pro projektory;6;https://www.heureka.cz/direct/xml-export/shops/heureka-sekce.xml
CZ;5897;Laserová ukazovátka a prezentéry;Heureka.cz | Elektronika | TV, audio, video | Projekční technika | Příslušenství k projektorům | Laserová ukazovátka a prezentéry;6;https://www.heureka.cz/direct/xml-export/shops/heureka-sekce.xml
CZ;713;Diktafony;Heureka.cz | Elektronika | TV, audio, video | Přenosné audio | Diktafony;5;https://www.heureka.cz/direct/xml-export/shops/heureka-sekce.xml
CZ;717;Discmany;Heureka.cz | Elektronika | TV, audio, video | Přenosné audio | Discmany;5;https://www.heureka.cz/direct/xml-export/shops/heureka-sekce.xml
CZ;715;MP3 a MP4 přehrávače;Heureka.cz | Elektronika | TV, audio, video | Přenosné audio | MP3 a MP4 přehrávače;5;https://www.heureka.cz/direct/xml-export/shops/heureka-sekce.xml
CZ;5966;Radiobudíky;Heureka.cz | Elektronika | TV, audio, video | Přenosné audio | Radiobudíky;5;https://www.heureka.cz/direct/xml-export/shops/heureka-sekce.xml
CZ;707;Radiomagnetofony;Heureka.cz | Elektronika | TV, audio, video | Přenosné audio | Radiomagnetofony;5;https://www.heureka.cz/direct/xml-export/shops/heureka-sekce.xml
CZ;706;Radiopřijímače;Heureka.cz | Elektronika | TV, audio, video | Přenosné audio | Radiopřijímače;5;https://www.heureka.cz/direct/xml-export/shops/heureka-sekce.xml
CZ;3199;Pouzdra k MP3;Heureka.cz | Elektronika | TV, audio, video | Příslušenství k TV, audio-video | Audio příslušenství | Pouzdra k MP3;6;https://www.heureka.cz/direct/xml-export/shops/heureka-sekce.xml
CZ;8545;Náušníky a špunty pro sluchátka;Heureka.cz | Elektronika | TV, audio, video | Příslušenství k TV, audio-video | Audio příslušenství | Příslušenství ke sluchátkům | Náušníky a špunty pro sluchátka;7;https://www.heureka.cz/direct/xml-export/shops/heureka-sekce.xml
CZ;5569;Pouzdra na sluchátka;Heureka.cz | Elektronika | TV, audio, video | Příslušenství k TV, audio-video | Audio příslušenství | Příslušenství ke sluchátkům | Pouzdra na sluchátka;7;https://www.heureka.cz/direct/xml-export/shops/heureka-sekce.xml
CZ;6458;Stojany na sluchátka;Heureka.cz | Elektronika | TV, audio, video | Příslušenství k TV, audio-video | Audio příslušenství | Příslušenství ke sluchátkům | Stojany na sluchátka;7;https://www.heureka.cz/direct/xml-export/shops/heureka-sekce.xml
CZ;6958;Fingerlifty pro gramofony;Heureka.cz | Elektronika | TV, audio, video | Příslušenství k TV, audio-video | Audio příslušenství | Příslušenství pro gramofony | Fingerlifty pro gramofony;7;https://www.heureka.cz/direct/xml-export/shops/heureka-sekce.xml
CZ;6954;Headshelly pro gramofony;Heureka.cz | Elektronika | TV, audio, video | Příslušenství k TV, audio-video | Audio příslušenství | Příslušenství pro gramofony | Headshelly pro gramofony;7;https://www.heureka.cz/direct/xml-export/shops/heureka-sekce.xml
CZ;6953;Hroty a jehly pro gramofony;Heureka.cz | Elektronika | TV, audio, video | Příslušenství k TV, audio-video | Audio příslušenství | Příslušenství pro gramofony | Hroty a jehly pro gramofony;7;https://www.heureka.cz/direct/xml-export/shops/heureka-sekce.xml
CZ;6957;Pouzdra a obaly pro gramofony;Heureka.cz | Elektronika | TV, audio, video | Příslušenství k TV, audio-video | Audio příslušenství | Příslušenství pro gramofony | Pouzdra a obaly pro gramofony;7;https://www.heureka.cz/direct/xml-export/shops/heureka-sekce.xml
CZ;6952;Přenosky pro gramofony;Heureka.cz | Elektronika | TV, audio, video | Příslušenství k TV, audio-video | Audio příslušenství | Příslušenství pro gramofony | Přenosky pro gramofony;7;https://www.heureka.cz/direct/xml-export/shops/heureka-sekce.xml
CZ;6956;Slipmaty pro gramofony;Heureka.cz | Elektronika | TV, audio, video | Příslušenství k TV, audio-video | Audio příslušenství | Příslušenství pro gramofony | Slipmaty pro gramofony;7;https://www.heureka.cz/direct/xml-export/shops/heureka-sekce.xml
CZ;6959;Středové redukce pro gramofony;Heureka.cz | Elektronika | TV, audio, video | Příslušenství k TV, audio-video | Audio příslušenství | Příslušenství pro gramofony | Středové redukce pro gramofony;7;https://www.heureka.cz/direct/xml-export/shops/heureka-sekce.xml
CZ;6955;Čištění pro gramofony;Heureka.cz | Elektronika | TV, audio, video | Příslušenství k TV, audio-video | Audio příslušenství | Příslušenství pro gramofony | Čištění pro gramofony;7;https://www.heureka.cz/direct/xml-export/shops/heureka-sekce.xml
CZ;2874;3D brýle;Heureka.cz | Elektronika | TV, audio, video | Příslušenství k TV, audio-video | Příslušenství k TV | 3D brýle;6;https://www.heureka.cz/direct/xml-export/shops/heureka-sekce.xml
CZ;694;Satelitní antény;Heureka.cz | Elektronika | TV, audio, video | Příslušenství k TV, audio-video | Příslušenství k TV | Antény | Satelitní antény;7;https://www.heureka.cz/direct/xml-export/shops/heureka-sekce.xml
CZ;4981;Televizní antény DVB-T a DVB-T2;Heureka.cz | Elektronika | TV, audio, video | Příslušenství k TV, audio-video | Příslušenství k TV | Antény | Televizní antény DVB-T a DVB-T2;7;https://www.heureka.cz/direct/xml-export/shops/heureka-sekce.xml
CZ;3817;Anténní držáky a stožáry;Heureka.cz | Elektronika | TV, audio, video | Příslušenství k TV, audio-video | Příslušenství k TV | Držáky a stolky | Anténní držáky a stožáry;7;https://www.heureka.cz/direct/xml-export/shops/heureka-sekce.xml
CZ;5241;Držáky a stojany na TV a monitory;Heureka.cz | Elektronika | TV, audio, video | Příslušenství k TV, audio-video | Příslušenství k TV | Držáky a stolky | Držáky a stojany na TV a monitory;7;https://www.heureka.cz/direct/xml-export/shops/heureka-sekce.xml
CZ;869;Dálkové ovladače;Heureka.cz | Elektronika | TV, audio, video | Příslušenství k TV, audio-video | Příslušenství k TV | Dálkové ovladače;6;https://www.heureka.cz/direct/xml-export/shops/heureka-sekce.xml
CZ;2838;Prodlužovací kabely;Heureka.cz | Elektronika | TV, audio, video | Příslušenství k TV, audio-video | Příslušenství k TV | Prodlužovací kabely;6;https://www.heureka.cz/direct/xml-export/shops/heureka-sekce.xml
CZ;5948;Bluetooth reproduktory;Heureka.cz | Elektronika | TV, audio, video | Reproduktory, soundbary | Bluetooth reproduktory;5;https://www.heureka.cz/direct/xml-export/shops/heureka-sekce.xml
CZ;811;Stojany a držáky na reproduktory;Heureka.cz | Elektronika | TV, audio, video | Reproduktory, soundbary | Příslušenství k reproduktorům | Stojany a držáky na reproduktory;6;https://www.heureka.cz/direct/xml-export/shops/heureka-sekce.xml
CZ;705;Reprosoustavy a reproduktory;Heureka.cz | Elektronika | TV, audio, video | Reproduktory, soundbary | Reprosoustavy a reproduktory;5;https://www.heureka.cz/direct/xml-export/shops/heureka-sekce.xml
CZ;5949;Sloupové reproduktory;Heureka.cz | Elektronika | TV, audio, video | Reproduktory, soundbary | Sloupové reproduktory;5;https://www.heureka.cz/direct/xml-export/shops/heureka-sekce.xml
CZ;5090;Soundbary;Heureka.cz | Elektronika | TV, audio, video | Reproduktory, soundbary | Soundbary;5;https://www.heureka.cz/direct/xml-export/shops/heureka-sekce.xml
CZ;3249;Bluetooth audio adaptéry;Heureka.cz | Elektronika | TV, audio, video | Satelitní a digitální technika | Bluetooth audio adaptéry;5;https://www.heureka.cz/direct/xml-export/shops/heureka-sekce.xml
CZ;3195;Dekódovací moduly;Heureka.cz | Elektronika | TV, audio, video | Satelitní a digitální technika | Dekódovací moduly;5;https://www.heureka.cz/direct/xml-export/shops/heureka-sekce.xml
CZ;3193;Diseqc přepínače;Heureka.cz | Elektronika | TV, audio, video | Satelitní a digitální technika | Diseqc přepínače;5;https://www.heureka.cz/direct/xml-export/shops/heureka-sekce.xml
CZ;692;LNB konvertory;Heureka.cz | Elektronika | TV, audio, video | Satelitní a digitální technika | LNB konvertory;5;https://www.heureka.cz/direct/xml-export/shops/heureka-sekce.xml
CZ;903;Satelitní karty;Heureka.cz | Elektronika | TV, audio, video | Satelitní a digitální technika | Satelitní karty;5;https://www.heureka.cz/direct/xml-export/shops/heureka-sekce.xml
CZ;691;Satelitní komplety;Heureka.cz | Elektronika | TV, audio, video | Satelitní a digitální technika | Satelitní komplety;5;https://www.heureka.cz/direct/xml-export/shops/heureka-sekce.xml
CZ;2189;Satelitní přijímače;Heureka.cz | Elektronika | TV, audio, video | Satelitní a digitální technika | Satelitní přijímače;5;https://www.heureka.cz/direct/xml-export/shops/heureka-sekce.xml
CZ;799;Set-top boxy;Heureka.cz | Elektronika | TV, audio, video | Satelitní a digitální technika | Set-top boxy;5;https://www.heureka.cz/direct/xml-export/shops/heureka-sekce.xml
CZ;6314;Zesilovače a rozbočovače;Heureka.cz | Elektronika | TV, audio, video | Satelitní a digitální technika | Zesilovače a rozbočovače;5;https://www.heureka.cz/direct/xml-export/shops/heureka-sekce.xml
CZ;709;Sluchátka;Heureka.cz | Elektronika | TV, audio, video | Sluchátka;4;https://www.heureka.cz/direct/xml-export/shops/heureka-sekce.xml
CZ;2873;Televize;Heureka.cz | Elektronika | TV, audio, video | Televize;4;https://www.heureka.cz/direct/xml-export/shops/heureka-sekce.xml
CZ;6023;Blu-ray přehrávače a rekordéry;Heureka.cz | Elektronika | TV, audio, video | Videopřehrávače a rekordéry | Blu-ray přehrávače a rekordéry;5;https://www.heureka.cz/direct/xml-export/shops/heureka-sekce.xml
CZ;6022;DVD přehrávače a rekordéry;Heureka.cz | Elektronika | TV, audio, video | Videopřehrávače a rekordéry | DVD přehrávače a rekordéry;5;https://www.heureka.cz/direct/xml-export/shops/heureka-sekce.xml
CZ;936;Domácí kina;Heureka.cz | Elektronika | TV, audio, video | Videopřehrávače a rekordéry | Domácí kina;5;https://www.heureka.cz/direct/xml-export/shops/heureka-sekce.xml
CZ;719;Multimediální centra;Heureka.cz | Elektronika | TV, audio, video | Videopřehrávače a rekordéry | Multimediální centra;5;https://www.heureka.cz/direct/xml-export/shops/heureka-sekce.xml
CZ;745;Přenosné DVD a Blu-Ray přehrávače;Heureka.cz | Elektronika | TV, audio, video | Videopřehrávače a rekordéry | Přenosné DVD a Blu-Ray přehrávače;5;https://www.heureka.cz/direct/xml-export/shops/heureka-sekce.xml
CZ;2057;Anální hračky, kolíky, kuličky;Heureka.cz | Erotické pomůcky | Anální hračky | Anální hračky, kolíky, kuličky;4;https://www.heureka.cz/direct/xml-export/shops/heureka-sekce.xml
CZ;4130;Elektro sex;Heureka.cz | Erotické pomůcky | BDSM a fetiš | Elektro sex;4;https://www.heureka.cz/direct/xml-export/shops/heureka-sekce.xml
CZ;2176;Klinik erotické pomůcky;Heureka.cz | Erotické pomůcky | BDSM a fetiš | Klinik erotické pomůcky;4;https://www.heureka.cz/direct/xml-export/shops/heureka-sekce.xml
CZ;2065;SM, BDSM, fetiš;Heureka.cz | Erotické pomůcky | BDSM a fetiš | SM, BDSM, fetiš;4;https://www.heureka.cz/direct/xml-export/shops/heureka-sekce.xml
CZ;1626;Afrodiziaka;Heureka.cz | Erotické pomůcky | Erotická kosmetika a kondomy | Afrodiziaka;4;https://www.heureka.cz/direct/xml-export/shops/heureka-sekce.xml
CZ;4128;Erotická kosmetika;Heureka.cz | Erotické pomůcky | Erotická kosmetika a kondomy | Erotická kosmetika;4;https://www.heureka.cz/direct/xml-export/shops/heureka-sekce.xml
CZ;2059;Feromony;Heureka.cz | Erotické pomůcky | Erotická kosmetika a kondomy | Feromony;4;https://www.heureka.cz/direct/xml-export/shops/heureka-sekce.xml
CZ;1624;Kondomy, prezervativy;Heureka.cz | Erotické pomůcky | Erotická kosmetika a kondomy | Kondomy, prezervativy;4;https://www.heureka.cz/direct/xml-export/shops/heureka-sekce.xml
CZ;1625;Lubrikační gely;Heureka.cz | Erotické pomůcky | Erotická kosmetika a kondomy | Lubrikační gely;4;https://www.heureka.cz/direct/xml-export/shops/heureka-sekce.xml
CZ;2177;Čistící prostředky na erotické pomůcky;Heureka.cz | Erotické pomůcky | Erotická kosmetika a kondomy | Čistící prostředky na erotické pomůcky;4;https://www.heureka.cz/direct/xml-export/shops/heureka-sekce.xml
CZ;2056;Erotické a porno filmy;Heureka.cz | Erotické pomůcky | Erotická literatura a filmy | Erotické a porno filmy;4;https://www.heureka.cz/direct/xml-export/shops/heureka-sekce.xml
CZ;5771;Erotické kalendáře;Heureka.cz | Erotické pomůcky | Erotická literatura a filmy | Erotické kalendáře;4;https://www.heureka.cz/direct/xml-export/shops/heureka-sekce.xml
CZ;2266;Erotické gadgety;Heureka.cz | Erotické pomůcky | Erotické hry a hračky | Erotické gadgety;4;https://www.heureka.cz/direct/xml-export/shops/heureka-sekce.xml
CZ;8344;Erotické hry na PC;Heureka.cz | Erotické pomůcky | Erotické hry a hračky | Erotické hry na PC;4;https://www.heureka.cz/direct/xml-export/shops/heureka-sekce.xml
CZ;2178;Erotické pochoutky;Heureka.cz | Erotické pomůcky | Erotické hry a hračky | Erotické pochoutky;4;https://www.heureka.cz/direct/xml-export/shops/heureka-sekce.xml
CZ;2173;Erotické žertovné předměty;Heureka.cz | Erotické pomůcky | Erotické hry a hračky | Erotické žertovné předměty;4;https://www.heureka.cz/direct/xml-export/shops/heureka-sekce.xml
CZ;4390;Bodystocking;Heureka.cz | Erotické pomůcky | Erotické oblečení, prádlo a doplňky | Dámské erotické prádlo | Bodystocking;5;https://www.heureka.cz/direct/xml-export/shops/heureka-sekce.xml
CZ;4391;Doplňky dámského erotického prádla;Heureka.cz | Erotické pomůcky | Erotické oblečení, prádlo a doplňky | Dámské erotické prádlo | Doplňky dámského erotického prádla;5;https://www.heureka.cz/direct/xml-export/shops/heureka-sekce.xml
CZ;4383;Dámská erotická body;Heureka.cz | Erotické pomůcky | Erotické oblečení, prádlo a doplňky | Dámské erotické prádlo | Dámská erotická body;5;https://www.heureka.cz/direct/xml-export/shops/heureka-sekce.xml
CZ;4379;Dámské erotické kalhotky a tanga;Heureka.cz | Erotické pomůcky | Erotické oblečení, prádlo a doplňky | Dámské erotické prádlo | Dámské erotické kalhotky a tanga;5;https://www.heureka.cz/direct/xml-export/shops/heureka-sekce.xml
CZ;4381;Dámské erotické korzety;Heureka.cz | Erotické pomůcky | Erotické oblečení, prádlo a doplňky | Dámské erotické prádlo | Dámské erotické korzety;5;https://www.heureka.cz/direct/xml-export/shops/heureka-sekce.xml
CZ;4387;Dámské erotické košilky;Heureka.cz | Erotické pomůcky | Erotické oblečení, prádlo a doplňky | Dámské erotické prádlo | Dámské erotické košilky;5;https://www.heureka.cz/direct/xml-export/shops/heureka-sekce.xml
CZ;4384;Dámské erotické plavky;Heureka.cz | Erotické pomůcky | Erotické oblečení, prádlo a doplňky | Dámské erotické prádlo | Dámské erotické plavky;5;https://www.heureka.cz/direct/xml-export/shops/heureka-sekce.xml
CZ;4380;Dámské erotické podprsenky;Heureka.cz | Erotické pomůcky | Erotické oblečení, prádlo a doplňky | Dámské erotické prádlo | Dámské erotické podprsenky;5;https://www.heureka.cz/direct/xml-export/shops/heureka-sekce.xml
CZ;4389;Dámské erotické podvazky a podvazkové pásy;Heureka.cz | Erotické pomůcky | Erotické oblečení, prádlo a doplňky | Dámské erotické prádlo | Dámské erotické podvazky a podvazkové pásy;5;https://www.heureka.cz/direct/xml-export/shops/heureka-sekce.xml
CZ;4388;Dámské erotické punčochy;Heureka.cz | Erotické pomůcky | Erotické oblečení, prádlo a doplňky | Dámské erotické prádlo | Dámské erotické punčochy;5;https://www.heureka.cz/direct/xml-export/shops/heureka-sekce.xml
CZ;4386;Dámské erotické soupravy;Heureka.cz | Erotické pomůcky | Erotické oblečení, prádlo a doplňky | Dámské erotické prádlo | Dámské erotické soupravy;5;https://www.heureka.cz/direct/xml-export/shops/heureka-sekce.xml
CZ;4385;Dámské erotické šaty;Heureka.cz | Erotické pomůcky | Erotické oblečení, prádlo a doplňky | Dámské erotické prádlo | Dámské erotické šaty;5;https://www.heureka.cz/direct/xml-export/shops/heureka-sekce.xml
CZ;4378;Dámské erotické župany;Heureka.cz | Erotické pomůcky | Erotické oblečení, prádlo a doplňky | Dámské erotické prádlo | Dámské erotické župany;5;https://www.heureka.cz/direct/xml-export/shops/heureka-sekce.xml
CZ;4382;Dámské sexy kostýmy;Heureka.cz | Erotické pomůcky | Erotické oblečení, prádlo a doplňky | Dámské erotické prádlo | Dámské sexy kostýmy;5;https://www.heureka.cz/direct/xml-export/shops/heureka-sekce.xml
CZ;2064;Erotické šperky;Heureka.cz | Erotické pomůcky | Erotické oblečení, prádlo a doplňky | Erotické šperky;4;https://www.heureka.cz/direct/xml-export/shops/heureka-sekce.xml
CZ;2062;Pánské erotické prádlo;Heureka.cz | Erotické pomůcky | Erotické oblečení, prádlo a doplňky | Pánské erotické prádlo;4;https://www.heureka.cz/direct/xml-export/shops/heureka-sekce.xml
CZ;1622;Nafukovací panny a páni;Heureka.cz | Erotické pomůcky | Erotické pomůcky pro muže | Nafukovací panny a páni;4;https://www.heureka.cz/direct/xml-export/shops/heureka-sekce.xml
CZ;2175;Návleky, nástavce a kroužky na penis;Heureka.cz | Erotické pomůcky | Erotické pomůcky pro muže | Návleky, nástavce a kroužky na penis;4;https://www.heureka.cz/direct/xml-export/shops/heureka-sekce.xml
CZ;6504;Realistické panny a páni;Heureka.cz | Erotické pomůcky | Erotické pomůcky pro muže | Realistické panny a páni;4;https://www.heureka.cz/direct/xml-export/shops/heureka-sekce.xml
CZ;2063;Umělé vaginy, orály, anály, masturbátory;Heureka.cz | Erotické pomůcky | Erotické pomůcky pro muže | Umělé vaginy, orály, anály, masturbátory;4;https://www.heureka.cz/direct/xml-export/shops/heureka-sekce.xml
CZ;2066;Venušiny kuličky a vibrační vajíčka;Heureka.cz | Erotické pomůcky | Erotické pomůcky pro ženy | Venušiny kuličky a vibrační vajíčka;4;https://www.heureka.cz/direct/xml-export/shops/heureka-sekce.xml
CZ;3911;Erotický nábytek;Heureka.cz | Erotické pomůcky | Erotický nábytek a doplňky | Erotický nábytek;4;https://www.heureka.cz/direct/xml-export/shops/heureka-sekce.xml
CZ;2174;Sady erotických pomůcek;Heureka.cz | Erotické pomůcky | Sady erotických pomůcek;3;https://www.heureka.cz/direct/xml-export/shops/heureka-sekce.xml
CZ;2172;Vakuové pumpy;Heureka.cz | Erotické pomůcky | Vakuové pumpy;3;https://www.heureka.cz/direct/xml-export/shops/heureka-sekce.xml
CZ;5565;Dilda;Heureka.cz | Erotické pomůcky | Vibrátory a dilda | Dilda;4;https://www.heureka.cz/direct/xml-export/shops/heureka-sekce.xml
CZ;5564;Penisy;Heureka.cz | Erotické pomůcky | Vibrátory a dilda | Penisy;4;https://www.heureka.cz/direct/xml-export/shops/heureka-sekce.xml
CZ;1623;Vibrátory;Heureka.cz | Erotické pomůcky | Vibrátory a dilda | Vibrátory;4;https://www.heureka.cz/direct/xml-export/shops/heureka-sekce.xml
CZ;6836;Čističe kůže;Heureka.cz | Erotické pomůcky | Čističe kůže;3;https://www.heureka.cz/direct/xml-export/shops/heureka-sekce.xml
CZ;1054;Filmy;Heureka.cz | Filmy, knihy, hry | Filmy;3;https://www.heureka.cz/direct/xml-export/shops/heureka-sekce.xml
CZ;1470;Kalendáře;Heureka.cz | Filmy, knihy, hry | Kalendáře;3;https://www.heureka.cz/direct/xml-export/shops/heureka-sekce.xml
CZ;2641;Mapy a průvodci;Heureka.cz | Filmy, knihy, hry | Mapy, průvodci a nástěnné mapy | Mapy a průvodci;4;https://www.heureka.cz/direct/xml-export/shops/heureka-sekce.xml
CZ;4410;Nástěnné mapy;Heureka.cz | Filmy, knihy, hry | Mapy, průvodci a nástěnné mapy | Nástěnné mapy;4;https://www.heureka.cz/direct/xml-export/shops/heureka-sekce.xml
CZ;2640;Audioknihy;Heureka.cz | Filmy, knihy, hry | Poslech | Audioknihy;4;https://www.heureka.cz/direct/xml-export/shops/heureka-sekce.xml
CZ;1347;Hudba;Heureka.cz | Filmy, knihy, hry | Poslech | Hudební nosiče | Hudba;5;https://www.heureka.cz/direct/xml-export/shops/heureka-sekce.xml
CZ;5470;3D puzzle;Heureka.cz | Filmy, knihy, hry | Společenské hry a zábava | 3D puzzle;4;https://www.heureka.cz/direct/xml-export/shops/heureka-sekce.xml
CZ;1733;Hlavolamy;Heureka.cz | Filmy, knihy, hry | Společenské hry a zábava | Logické a vědomostní hry | Hlavolamy;5;https://www.heureka.cz/direct/xml-export/shops/heureka-sekce.xml
CZ;3036;Ostatní společenské hry;Heureka.cz | Filmy, knihy, hry | Společenské hry a zábava | Ostatní společenské hry;4;https://www.heureka.cz/direct/xml-export/shops/heureka-sekce.xml
CZ;1456;Stolní fotbálky;Heureka.cz | Filmy, knihy, hry | Společenské hry a zábava | Pohybové a sportovní hry | Stolní fotbálky;5;https://www.heureka.cz/direct/xml-export/shops/heureka-sekce.xml
CZ;1457;Stolní hokeje;Heureka.cz | Filmy, knihy, hry | Společenské hry a zábava | Pohybové a sportovní hry | Stolní hokeje;5;https://www.heureka.cz/direct/xml-export/shops/heureka-sekce.xml
CZ;2623;Karty na poker;Heureka.cz | Filmy, knihy, hry | Společenské hry a zábava | Poker | Karty na poker;5;https://www.heureka.cz/direct/xml-export/shops/heureka-sekce.xml
CZ;2624;Poker sady;Heureka.cz | Filmy, knihy, hry | Společenské hry a zábava | Poker | Poker sady;5;https://www.heureka.cz/direct/xml-export/shops/heureka-sekce.xml
CZ;2627;Příslušenství k pokeru;Heureka.cz | Filmy, knihy, hry | Společenské hry a zábava | Poker | Příslušenství k pokeru;5;https://www.heureka.cz/direct/xml-export/shops/heureka-sekce.xml
CZ;2625;Stoly na poker;Heureka.cz | Filmy, knihy, hry | Společenské hry a zábava | Poker | Stoly na poker;5;https://www.heureka.cz/direct/xml-export/shops/heureka-sekce.xml
CZ;2626;Žetony na poker;Heureka.cz | Filmy, knihy, hry | Společenské hry a zábava | Poker | Žetony na poker;5;https://www.heureka.cz/direct/xml-export/shops/heureka-sekce.xml
CZ;1303;Puzzle;Heureka.cz | Filmy, knihy, hry | Společenské hry a zábava | Puzzle;4;https://www.heureka.cz/direct/xml-export/shops/heureka-sekce.xml
CZ;5819;Příslušenství k puzzle;Heureka.cz | Filmy, knihy, hry | Společenské hry a zábava | Příslušenství k puzzle;4;https://www.heureka.cz/direct/xml-export/shops/heureka-sekce.xml
CZ;2351;Příslušenství ke společenským hrám;Heureka.cz | Filmy, knihy, hry | Společenské hry a zábava | Příslušenství ke společenským hrám;4;https://www.heureka.cz/direct/xml-export/shops/heureka-sekce.xml
CZ;1476;Cestovní hry;Heureka.cz | Filmy, knihy, hry | Společenské hry a zábava | Stolní hry | Cestovní hry;5;https://www.heureka.cz/direct/xml-export/shops/heureka-sekce.xml
CZ;1475;Deskové hry;Heureka.cz | Filmy, knihy, hry | Společenské hry a zábava | Stolní hry | Deskové hry;5;https://www.heureka.cz/direct/xml-export/shops/heureka-sekce.xml
CZ;1305;Karetní hry;Heureka.cz | Filmy, knihy, hry | Společenské hry a zábava | Stolní hry | Karetní hry;5;https://www.heureka.cz/direct/xml-export/shops/heureka-sekce.xml
CZ;2183;Šachové figurky a šachovnice;Heureka.cz | Filmy, knihy, hry | Společenské hry a zábava | Šachy, šachové figurky a šachovnice | Šachové figurky a šachovnice;5;https://www.heureka.cz/direct/xml-export/shops/heureka-sekce.xml
CZ;2151;Šachy;Heureka.cz | Filmy, knihy, hry | Společenské hry a zábava | Šachy, šachové figurky a šachovnice | Šachy;5;https://www.heureka.cz/direct/xml-export/shops/heureka-sekce.xml
CZ;8492;Cizojazyčné knihy;Heureka.cz | Filmy, knihy, hry | Četba | Cizojazyčné knihy;4;https://www.heureka.cz/direct/xml-export/shops/heureka-sekce.xml
CZ;4170;Lampičky na knihy;Heureka.cz | Filmy, knihy, hry | Četba | Doplňky ke knihám a čtečkám | Lampičky na knihy;5;https://www.heureka.cz/direct/xml-export/shops/heureka-sekce.xml
CZ;4169;Obaly na knihy;Heureka.cz | Filmy, knihy, hry | Četba | Doplňky ke knihám a čtečkám | Obaly na knihy;5;https://www.heureka.cz/direct/xml-export/shops/heureka-sekce.xml
CZ;3654;Záložky do knih;Heureka.cz | Filmy, knihy, hry | Četba | Doplňky ke knihám a čtečkám | Záložky do knih;5;https://www.heureka.cz/direct/xml-export/shops/heureka-sekce.xml
CZ;3006;E-book elektronické knihy;Heureka.cz | Filmy, knihy, hry | Četba | E-book elektronické knihy;4;https://www.heureka.cz/direct/xml-export/shops/heureka-sekce.xml
CZ;1469;Knihy;Heureka.cz | Filmy, knihy, hry | Četba | Knihy;4;https://www.heureka.cz/direct/xml-export/shops/heureka-sekce.xml
CZ;3097;Komiksy a manga;Heureka.cz | Filmy, knihy, hry | Četba | Komiksy a manga;4;https://www.heureka.cz/direct/xml-export/shops/heureka-sekce.xml
CZ;3038;Učebnice;Heureka.cz | Filmy, knihy, hry | Četba | Učebnice;4;https://www.heureka.cz/direct/xml-export/shops/heureka-sekce.xml
CZ;835;Herní konzole;Heureka.cz | Gaming | Herní konzole;3;https://www.heureka.cz/direct/xml-export/shops/heureka-sekce.xml
CZ;6546;Díly pro stavbu kokpitu;Heureka.cz | Gaming | Herní příslušenství | Díly pro stavbu kokpitu;4;https://www.heureka.cz/direct/xml-export/shops/heureka-sekce.xml
CZ;812;Gamepady;Heureka.cz | Gaming | Herní příslušenství | Herní ovladače | Gamepady;5;https://www.heureka.cz/direct/xml-export/shops/heureka-sekce.xml
CZ;813;Joysticky;Heureka.cz | Gaming | Herní příslušenství | Herní ovladače | Joysticky;5;https://www.heureka.cz/direct/xml-export/shops/heureka-sekce.xml
CZ;814;Volanty;Heureka.cz | Gaming | Herní příslušenství | Herní ovladače | Volanty;5;https://www.heureka.cz/direct/xml-export/shops/heureka-sekce.xml
CZ;6545;Herní sedačky a kokpity;Heureka.cz | Gaming | Herní příslušenství | Herní sedačky a kokpity;4;https://www.heureka.cz/direct/xml-export/shops/heureka-sekce.xml
CZ;6542;Dokovací stanice pro gamepady a konzole;Heureka.cz | Gaming | Herní příslušenství | Příslušenství k herním konzolím | Dokovací stanice pro gamepady a konzole;5;https://www.heureka.cz/direct/xml-export/shops/heureka-sekce.xml
CZ;6544;Obaly a kryty pro herní konzole a gamepady;Heureka.cz | Gaming | Herní příslušenství | Příslušenství k herním konzolím | Obaly a kryty pro herní konzole a gamepady;5;https://www.heureka.cz/direct/xml-export/shops/heureka-sekce.xml
CZ;912;Ostatní příslušenství k herním konzolím;Heureka.cz | Gaming | Herní příslušenství | Příslušenství k herním konzolím | Ostatní příslušenství k herním konzolím;5;https://www.heureka.cz/direct/xml-export/shops/heureka-sekce.xml
CZ;3039;Taneční podložky;Heureka.cz | Gaming | Herní příslušenství | Taneční podložky;4;https://www.heureka.cz/direct/xml-export/shops/heureka-sekce.xml
CZ;5749;Herní kupony;Heureka.cz | Gaming | Hry na PC a konzole | Herní kupony;4;https://www.heureka.cz/direct/xml-export/shops/heureka-sekce.xml
CZ;3166;Hry na Nintendo 3DS;Heureka.cz | Gaming | Hry na PC a konzole | Hry na Nintendo | Hry na Nintendo 3DS;5;https://www.heureka.cz/direct/xml-export/shops/heureka-sekce.xml
CZ;2472;Hry na Nintendo DS;Heureka.cz | Gaming | Hry na PC a konzole | Hry na Nintendo | Hry na Nintendo DS;5;https://www.heureka.cz/direct/xml-export/shops/heureka-sekce.xml
CZ;5301;Hry na Nintendo Switch;Heureka.cz | Gaming | Hry na PC a konzole | Hry na Nintendo | Hry na Nintendo Switch;5;https://www.heureka.cz/direct/xml-export/shops/heureka-sekce.xml
CZ;8548;Hry na Nintendo Switch 2;Heureka.cz | Gaming | Hry na PC a konzole | Hry na Nintendo | Hry na Nintendo Switch 2;5;https://www.heureka.cz/direct/xml-export/shops/heureka-sekce.xml
CZ;2473;Hry na Nintendo Wii;Heureka.cz | Gaming | Hry na PC a konzole | Hry na Nintendo | Hry na Nintendo Wii;5;https://www.heureka.cz/direct/xml-export/shops/heureka-sekce.xml
CZ;3165;Hry na Nintendo WiiU;Heureka.cz | Gaming | Hry na PC a konzole | Hry na Nintendo | Hry na Nintendo WiiU;5;https://www.heureka.cz/direct/xml-export/shops/heureka-sekce.xml
CZ;824;Hry na PC;Heureka.cz | Gaming | Hry na PC a konzole | Hry na PC;4;https://www.heureka.cz/direct/xml-export/shops/heureka-sekce.xml
CZ;3164;Hry na PS Vita;Heureka.cz | Gaming | Hry na PC a konzole | Hry na PlayStation | Hry na PS Vita;5;https://www.heureka.cz/direct/xml-export/shops/heureka-sekce.xml
CZ;2470;Hry na PS2;Heureka.cz | Gaming | Hry na PC a konzole | Hry na PlayStation | Hry na PS2;5;https://www.heureka.cz/direct/xml-export/shops/heureka-sekce.xml
CZ;2471;Hry na PS3;Heureka.cz | Gaming | Hry na PC a konzole | Hry na PlayStation | Hry na PS3;5;https://www.heureka.cz/direct/xml-export/shops/heureka-sekce.xml
CZ;4373;Hry na PS4;Heureka.cz | Gaming | Hry na PC a konzole | Hry na PlayStation | Hry na PS4;5;https://www.heureka.cz/direct/xml-export/shops/heureka-sekce.xml
CZ;5753;Hry na PS5;Heureka.cz | Gaming | Hry na PC a konzole | Hry na PlayStation | Hry na PS5;5;https://www.heureka.cz/direct/xml-export/shops/heureka-sekce.xml
CZ;2469;Hry na PSP;Heureka.cz | Gaming | Hry na PC a konzole | Hry na PlayStation | Hry na PSP;5;https://www.heureka.cz/direct/xml-export/shops/heureka-sekce.xml
CZ;2468;Hry na Xbox 360;Heureka.cz | Gaming | Hry na PC a konzole | Hry na Xbox | Hry na Xbox 360;5;https://www.heureka.cz/direct/xml-export/shops/heureka-sekce.xml
CZ;4401;Hry na Xbox One;Heureka.cz | Gaming | Hry na PC a konzole | Hry na Xbox | Hry na Xbox One;5;https://www.heureka.cz/direct/xml-export/shops/heureka-sekce.xml
CZ;6635;Hry na Xbox Series X/S;Heureka.cz | Gaming | Hry na PC a konzole | Hry na Xbox | Hry na Xbox Series X/S;5;https://www.heureka.cz/direct/xml-export/shops/heureka-sekce.xml
CZ;2474;Hry na ostatní konzole;Heureka.cz | Gaming | Hry na PC a konzole | Hry na ostatní konzole;4;https://www.heureka.cz/direct/xml-export/shops/heureka-sekce.xml
CZ;5155;VR brýle;Heureka.cz | Gaming | Virtuální realita | VR brýle;4;https://www.heureka.cz/direct/xml-export/shops/heureka-sekce.xml
CZ;4075;Kazety na šití;Heureka.cz | Hobby | Galanterie a metráž | Kazety na šití;4;https://www.heureka.cz/direct/xml-export/shops/heureka-sekce.xml
CZ;4085;Jehelníčky;Heureka.cz | Hobby | Galanterie a metráž | Krejčovské potřeby | Jehelníčky;5;https://www.heureka.cz/direct/xml-export/shops/heureka-sekce.xml
CZ;4088;Krejčovská lepidla;Heureka.cz | Hobby | Galanterie a metráž | Krejčovské potřeby | Krejčovská lepidla;5;https://www.heureka.cz/direct/xml-export/shops/heureka-sekce.xml
CZ;4087;Krejčovské křídy a mýdla;Heureka.cz | Hobby | Galanterie a metráž | Krejčovské potřeby | Krejčovské křídy a mýdla;5;https://www.heureka.cz/direct/xml-export/shops/heureka-sekce.xml
CZ;4089;Krejčovské metry;Heureka.cz | Hobby | Galanterie a metráž | Krejčovské potřeby | Krejčovské metry;5;https://www.heureka.cz/direct/xml-export/shops/heureka-sekce.xml
CZ;4086;Krejčovské panny;Heureka.cz | Hobby | Galanterie a metráž | Krejčovské potřeby | Krejčovské panny;5;https://www.heureka.cz/direct/xml-export/shops/heureka-sekce.xml
CZ;4082;Krejčovské střihy;Heureka.cz | Hobby | Galanterie a metráž | Krejčovské střihy;4;https://www.heureka.cz/direct/xml-export/shops/heureka-sekce.xml
CZ;3411;Metráž;Heureka.cz | Hobby | Galanterie a metráž | Metráž;4;https://www.heureka.cz/direct/xml-export/shops/heureka-sekce.xml
CZ;4071;Gumy a pruženky;Heureka.cz | Hobby | Galanterie a metráž | Textilní galanterie | Měkká galanterie | Gumy a pruženky;6;https://www.heureka.cz/direct/xml-export/shops/heureka-sekce.xml
CZ;4098;Krajky a madeiry;Heureka.cz | Hobby | Galanterie a metráž | Textilní galanterie | Měkká galanterie | Krajky a madeiry;6;https://www.heureka.cz/direct/xml-export/shops/heureka-sekce.xml
CZ;3409;Nitě;Heureka.cz | Hobby | Galanterie a metráž | Textilní galanterie | Měkká galanterie | Nitě;6;https://www.heureka.cz/direct/xml-export/shops/heureka-sekce.xml
CZ;3257;Nášivky;Heureka.cz | Hobby | Galanterie a metráž | Textilní galanterie | Měkká galanterie | Nášivky;6;https://www.heureka.cz/direct/xml-export/shops/heureka-sekce.xml
CZ;4067;Prýmky, stuhy, mašle, lemovky;Heureka.cz | Hobby | Galanterie a metráž | Textilní galanterie | Měkká galanterie | Prýmky, stuhy, mašle, lemovky;6;https://www.heureka.cz/direct/xml-export/shops/heureka-sekce.xml
CZ;3407;Příze;Heureka.cz | Hobby | Galanterie a metráž | Textilní galanterie | Měkká galanterie | Příze;6;https://www.heureka.cz/direct/xml-export/shops/heureka-sekce.xml
CZ;4068;Šňůry a provázky;Heureka.cz | Hobby | Galanterie a metráž | Textilní galanterie | Měkká galanterie | Šňůry a provázky;6;https://www.heureka.cz/direct/xml-export/shops/heureka-sekce.xml
CZ;4121;Kostice;Heureka.cz | Hobby | Galanterie a metráž | Textilní galanterie | Podprsenkové a plavkové polotovary | Kostice;6;https://www.heureka.cz/direct/xml-export/shops/heureka-sekce.xml
CZ;4122;Podprsenková ramínka;Heureka.cz | Hobby | Galanterie a metráž | Textilní galanterie | Podprsenkové a plavkové polotovary | Podprsenková ramínka;6;https://www.heureka.cz/direct/xml-export/shops/heureka-sekce.xml
CZ;3412;Knoflíky;Heureka.cz | Hobby | Galanterie a metráž | Textilní galanterie | Tvrdá galanterie | Knoflíky;6;https://www.heureka.cz/direct/xml-export/shops/heureka-sekce.xml
CZ;4079;Patenty a nýty;Heureka.cz | Hobby | Galanterie a metráž | Textilní galanterie | Tvrdá galanterie | Patenty a nýty;6;https://www.heureka.cz/direct/xml-export/shops/heureka-sekce.xml
CZ;4063;Pletací háčky;Heureka.cz | Hobby | Galanterie a metráž | Textilní galanterie | Tvrdá galanterie | Pletací jehlice a háčky | Pletací háčky;7;https://www.heureka.cz/direct/xml-export/shops/heureka-sekce.xml
CZ;4064;Pletací jehlice;Heureka.cz | Hobby | Galanterie a metráž | Textilní galanterie | Tvrdá galanterie | Pletací jehlice a háčky | Pletací jehlice;7;https://www.heureka.cz/direct/xml-export/shops/heureka-sekce.xml
CZ;4069;Spony a ostatní;Heureka.cz | Hobby | Galanterie a metráž | Textilní galanterie | Tvrdá galanterie | Spony a ostatní;6;https://www.heureka.cz/direct/xml-export/shops/heureka-sekce.xml
CZ;3410;Zipy;Heureka.cz | Hobby | Galanterie a metráž | Textilní galanterie | Tvrdá galanterie | Zipy;6;https://www.heureka.cz/direct/xml-export/shops/heureka-sekce.xml
CZ;3389;Šicí jehly;Heureka.cz | Hobby | Galanterie a metráž | Textilní galanterie | Tvrdá galanterie | Šicí jehly a špendlíky | Šicí jehly;7;https://www.heureka.cz/direct/xml-export/shops/heureka-sekce.xml
CZ;4065;Špendlíky a zavírací špendlíky;Heureka.cz | Hobby | Galanterie a metráž | Textilní galanterie | Tvrdá galanterie | Šicí jehly a špendlíky | Špendlíky a zavírací špendlíky;7;https://www.heureka.cz/direct/xml-export/shops/heureka-sekce.xml
CZ;4080;Šlové součásti;Heureka.cz | Hobby | Galanterie a metráž | Textilní galanterie | Tvrdá galanterie | Šlové součásti;6;https://www.heureka.cz/direct/xml-export/shops/heureka-sekce.xml
CZ;4118;Záclonovky;Heureka.cz | Hobby | Galanterie a metráž | Textilní galanterie | Záclonová galanterie | Záclonovky;6;https://www.heureka.cz/direct/xml-export/shops/heureka-sekce.xml
CZ;4115;Výplňový materiál;Heureka.cz | Hobby | Galanterie a metráž | Výplňový materiál;4;https://www.heureka.cz/direct/xml-export/shops/heureka-sekce.xml
CZ;6669;Noty a zpěvníky;Heureka.cz | Hobby | Hudebniny | Hudební nosiče a noty | Noty a zpěvníky;5;https://www.heureka.cz/direct/xml-export/shops/heureka-sekce.xml
CZ;2968;Stojany na noty;Heureka.cz | Hobby | Hudebniny | Hudební nosiče a noty | Stojany na noty;5;https://www.heureka.cz/direct/xml-export/shops/heureka-sekce.xml
CZ;1532;Akustické bicí soupravy;Heureka.cz | Hobby | Hudebniny | Hudební nástroje | Bicí nástroje | Bicí soupravy | Akustické bicí soupravy;7;https://www.heureka.cz/direct/xml-export/shops/heureka-sekce.xml
CZ;6606;Elektronické bicí soupravy;Heureka.cz | Hobby | Hudebniny | Hudební nástroje | Bicí nástroje | Bicí soupravy | Elektronické bicí soupravy;7;https://www.heureka.cz/direct/xml-export/shops/heureka-sekce.xml
CZ;1534;Blány na bicí;Heureka.cz | Hobby | Hudebniny | Hudební nástroje | Bicí nástroje | Blány na bicí;6;https://www.heureka.cz/direct/xml-export/shops/heureka-sekce.xml
CZ;6691;Bubenické stoličky;Heureka.cz | Hobby | Hudebniny | Hudební nástroje | Bicí nástroje | Bubenické stoličky;6;https://www.heureka.cz/direct/xml-export/shops/heureka-sekce.xml
CZ;1533;Jednotlivé bubny;Heureka.cz | Hobby | Hudebniny | Hudební nástroje | Bicí nástroje | Jednotlivé bubny;6;https://www.heureka.cz/direct/xml-export/shops/heureka-sekce.xml
CZ;8430;Bubenické metličky;Heureka.cz | Hobby | Hudebniny | Hudební nástroje | Bicí nástroje | Paličky a metličky | Bubenické metličky;7;https://www.heureka.cz/direct/xml-export/shops/heureka-sekce.xml
CZ;1535;Bubenické paličky;Heureka.cz | Hobby | Hudebniny | Hudební nástroje | Bicí nástroje | Paličky a metličky | Bubenické paličky;7;https://www.heureka.cz/direct/xml-export/shops/heureka-sekce.xml
CZ;6616;Pedály pro bubny;Heureka.cz | Hobby | Hudebniny | Hudební nástroje | Bicí nástroje | Pedály pro bubny;6;https://www.heureka.cz/direct/xml-export/shops/heureka-sekce.xml
CZ;8327;Cajony;Heureka.cz | Hobby | Hudebniny | Hudební nástroje | Bicí nástroje | Perkuse | Cajony;7;https://www.heureka.cz/direct/xml-export/shops/heureka-sekce.xml
CZ;1531;Ostatní perkuse;Heureka.cz | Hobby | Hudebniny | Hudební nástroje | Bicí nástroje | Perkuse | Ostatní perkuse;7;https://www.heureka.cz/direct/xml-export/shops/heureka-sekce.xml
CZ;8346;Tamburíny;Heureka.cz | Hobby | Hudebniny | Hudební nástroje | Bicí nástroje | Perkuse | Tamburíny;7;https://www.heureka.cz/direct/xml-export/shops/heureka-sekce.xml
CZ;2015;Příslušenství pro bicí;Heureka.cz | Hobby | Hudebniny | Hudební nástroje | Bicí nástroje | Příslušenství pro bicí;6;https://www.heureka.cz/direct/xml-export/shops/heureka-sekce.xml
CZ;6813;Rampy pro bicí soupravy;Heureka.cz | Hobby | Hudebniny | Hudební nástroje | Bicí nástroje | Rampy pro bicí soupravy;6;https://www.heureka.cz/direct/xml-export/shops/heureka-sekce.xml
CZ;6908;Stojany k bicím;Heureka.cz | Hobby | Hudebniny | Hudební nástroje | Bicí nástroje | Stojany k bicím;6;https://www.heureka.cz/direct/xml-export/shops/heureka-sekce.xml
CZ;1530;Činely;Heureka.cz | Hobby | Hudebniny | Hudební nástroje | Bicí nástroje | Činely;6;https://www.heureka.cz/direct/xml-export/shops/heureka-sekce.xml
CZ;2919;Panovy flétny;Heureka.cz | Hobby | Hudebniny | Hudební nástroje | Dechové nástroje | Flétny | Panovy flétny;7;https://www.heureka.cz/direct/xml-export/shops/heureka-sekce.xml
CZ;1993;Příčné flétny;Heureka.cz | Hobby | Hudebniny | Hudební nástroje | Dechové nástroje | Flétny | Příčné flétny;7;https://www.heureka.cz/direct/xml-export/shops/heureka-sekce.xml
CZ;1550;Zobcové flétny;Heureka.cz | Hobby | Hudebniny | Hudební nástroje | Dechové nástroje | Flétny | Zobcové flétny;7;https://www.heureka.cz/direct/xml-export/shops/heureka-sekce.xml
CZ;1551;Foukací harmoniky;Heureka.cz | Hobby | Hudebniny | Hudební nástroje | Dechové nástroje | Foukací harmoniky;6;https://www.heureka.cz/direct/xml-export/shops/heureka-sekce.xml
CZ;1548;Fagoty;Heureka.cz | Hobby | Hudebniny | Hudební nástroje | Dechové nástroje | Hoboje a fagoty | Fagoty;7;https://www.heureka.cz/direct/xml-export/shops/heureka-sekce.xml
CZ;1544;Hoboje;Heureka.cz | Hobby | Hudebniny | Hudební nástroje | Dechové nástroje | Hoboje a fagoty | Hoboje;7;https://www.heureka.cz/direct/xml-export/shops/heureka-sekce.xml
CZ;1543;Klarinety;Heureka.cz | Hobby | Hudebniny | Hudební nástroje | Dechové nástroje | Klarinety;6;https://www.heureka.cz/direct/xml-export/shops/heureka-sekce.xml
CZ;1546;Lesní rohy;Heureka.cz | Hobby | Hudebniny | Hudební nástroje | Dechové nástroje | Lesní rohy;6;https://www.heureka.cz/direct/xml-export/shops/heureka-sekce.xml
CZ;1542;Pozouny;Heureka.cz | Hobby | Hudebniny | Hudební nástroje | Dechové nástroje | Pozouny;6;https://www.heureka.cz/direct/xml-export/shops/heureka-sekce.xml
CZ;2017;Příslušenství pro dechové nástroje;Heureka.cz | Hobby | Hudebniny | Hudební nástroje | Dechové nástroje | Příslušenství pro dechové nástroje;6;https://www.heureka.cz/direct/xml-export/shops/heureka-sekce.xml
CZ;1541;Saxofony;Heureka.cz | Hobby | Hudebniny | Hudební nástroje | Dechové nástroje | Saxofony;6;https://www.heureka.cz/direct/xml-export/shops/heureka-sekce.xml
CZ;1540;Tenory;Heureka.cz | Hobby | Hudebniny | Hudební nástroje | Dechové nástroje | Tenory;6;https://www.heureka.cz/direct/xml-export/shops/heureka-sekce.xml
CZ;3080;Kornety;Heureka.cz | Hobby | Hudebniny | Hudební nástroje | Dechové nástroje | Trubky, kornety a křídlovky | Kornety;7;https://www.heureka.cz/direct/xml-export/shops/heureka-sekce.xml
CZ;1545;Křídlovky;Heureka.cz | Hobby | Hudebniny | Hudební nástroje | Dechové nástroje | Trubky, kornety a křídlovky | Křídlovky;7;https://www.heureka.cz/direct/xml-export/shops/heureka-sekce.xml
CZ;1538;Trubky;Heureka.cz | Hobby | Hudebniny | Hudební nástroje | Dechové nástroje | Trubky, kornety a křídlovky | Trubky;7;https://www.heureka.cz/direct/xml-export/shops/heureka-sekce.xml
CZ;1537;Tuby;Heureka.cz | Hobby | Hudebniny | Hudební nástroje | Dechové nástroje | Tuby;6;https://www.heureka.cz/direct/xml-export/shops/heureka-sekce.xml
CZ;1992;Akordeony;Heureka.cz | Hobby | Hudebniny | Hudební nástroje | Klávesové nástroje | Akordeony;6;https://www.heureka.cz/direct/xml-export/shops/heureka-sekce.xml
CZ;2032;Digitální piana;Heureka.cz | Hobby | Hudebniny | Hudební nástroje | Klávesové nástroje | Digitální piana;6;https://www.heureka.cz/direct/xml-export/shops/heureka-sekce.xml
CZ;1995;Keyboardy;Heureka.cz | Hobby | Hudebniny | Hudební nástroje | Klávesové nástroje | Keyboardy;6;https://www.heureka.cz/direct/xml-export/shops/heureka-sekce.xml
CZ;6642;Klávesové stojany;Heureka.cz | Hobby | Hudebniny | Hudební nástroje | Klávesové nástroje | Klávesové stojany;6;https://www.heureka.cz/direct/xml-export/shops/heureka-sekce.xml
CZ;1996;Midi klávesy;Heureka.cz | Hobby | Hudebniny | Hudební nástroje | Klávesové nástroje | Midi klávesy;6;https://www.heureka.cz/direct/xml-export/shops/heureka-sekce.xml
CZ;1997;Piana;Heureka.cz | Hobby | Hudebniny | Hudební nástroje | Klávesové nástroje | Piana;6;https://www.heureka.cz/direct/xml-export/shops/heureka-sekce.xml
CZ;2016;Příslušenství pro klávesové nástroje;Heureka.cz | Hobby | Hudebniny | Hudební nástroje | Klávesové nástroje | Příslušenství pro klávesové nástroje;6;https://www.heureka.cz/direct/xml-export/shops/heureka-sekce.xml
CZ;1998;Samplery;Heureka.cz | Hobby | Hudebniny | Hudební nástroje | Klávesové nástroje | Samplery;6;https://www.heureka.cz/direct/xml-export/shops/heureka-sekce.xml
CZ;1999;Syntezátory;Heureka.cz | Hobby | Hudebniny | Hudební nástroje | Klávesové nástroje | Syntezátory;6;https://www.heureka.cz/direct/xml-export/shops/heureka-sekce.xml
CZ;2000;Varhany;Heureka.cz | Hobby | Hudebniny | Hudební nástroje | Klávesové nástroje | Varhany;6;https://www.heureka.cz/direct/xml-export/shops/heureka-sekce.xml
CZ;2187;Komba;Heureka.cz | Hobby | Hudebniny | Hudební nástroje | Komba;5;https://www.heureka.cz/direct/xml-export/shops/heureka-sekce.xml
CZ;1553;Akustické housle;Heureka.cz | Hobby | Hudebniny | Hudební nástroje | Smyčcové nástroje | Akustické housle;6;https://www.heureka.cz/direct/xml-export/shops/heureka-sekce.xml
CZ;6215;Elektrické housle;Heureka.cz | Hobby | Hudebniny | Hudební nástroje | Smyčcové nástroje | Elektrické housle;6;https://www.heureka.cz/direct/xml-export/shops/heureka-sekce.xml
CZ;1554;Kalafuny;Heureka.cz | Hobby | Hudebniny | Hudební nástroje | Smyčcové nástroje | Kalafuny;6;https://www.heureka.cz/direct/xml-export/shops/heureka-sekce.xml
CZ;2020;Kontrabasy;Heureka.cz | Hobby | Hudebniny | Hudební nástroje | Smyčcové nástroje | Kontrabasy;6;https://www.heureka.cz/direct/xml-export/shops/heureka-sekce.xml
CZ;2021;Pouzdra na smyčcové nástroje;Heureka.cz | Hobby | Hudebniny | Hudební nástroje | Smyčcové nástroje | Pouzdra na smyčcové nástroje;6;https://www.heureka.cz/direct/xml-export/shops/heureka-sekce.xml
CZ;2022;Smyčce;Heureka.cz | Hobby | Hudebniny | Hudební nástroje | Smyčcové nástroje | Smyčce;6;https://www.heureka.cz/direct/xml-export/shops/heureka-sekce.xml
CZ;2019;Violoncella;Heureka.cz | Hobby | Hudebniny | Hudební nástroje | Smyčcové nástroje | Violoncella;6;https://www.heureka.cz/direct/xml-export/shops/heureka-sekce.xml
CZ;1555;Violy;Heureka.cz | Hobby | Hudebniny | Hudební nástroje | Smyčcové nástroje | Violy;6;https://www.heureka.cz/direct/xml-export/shops/heureka-sekce.xml
CZ;3145;Banja;Heureka.cz | Hobby | Hudebniny | Hudební nástroje | Strunné nástroje | Banja;6;https://www.heureka.cz/direct/xml-export/shops/heureka-sekce.xml
CZ;2186;Kapodastry;Heureka.cz | Hobby | Hudebniny | Hudební nástroje | Strunné nástroje | Kapodastry;6;https://www.heureka.cz/direct/xml-export/shops/heureka-sekce.xml
CZ;2002;Akustické kytary;Heureka.cz | Hobby | Hudebniny | Hudební nástroje | Strunné nástroje | Kytary | Akustické kytary;7;https://www.heureka.cz/direct/xml-export/shops/heureka-sekce.xml
CZ;2003;Baskytary;Heureka.cz | Hobby | Hudebniny | Hudební nástroje | Strunné nástroje | Kytary | Baskytary;7;https://www.heureka.cz/direct/xml-export/shops/heureka-sekce.xml
CZ;2004;Elektrické kytary;Heureka.cz | Hobby | Hudebniny | Hudební nástroje | Strunné nástroje | Kytary | Elektrické kytary;7;https://www.heureka.cz/direct/xml-export/shops/heureka-sekce.xml
CZ;2005;Elektroakustické kytary;Heureka.cz | Hobby | Hudebniny | Hudební nástroje | Strunné nástroje | Kytary | Elektroakustické kytary;7;https://www.heureka.cz/direct/xml-export/shops/heureka-sekce.xml
CZ;2006;Klasické kytary;Heureka.cz | Hobby | Hudebniny | Hudební nástroje | Strunné nástroje | Kytary | Klasické kytary;7;https://www.heureka.cz/direct/xml-export/shops/heureka-sekce.xml
CZ;8541;Rezofonické kytary;Heureka.cz | Hobby | Hudebniny | Hudební nástroje | Strunné nástroje | Kytary | Rezofonické kytary;7;https://www.heureka.cz/direct/xml-export/shops/heureka-sekce.xml
CZ;2185;Mandolíny;Heureka.cz | Hobby | Hudebniny | Hudební nástroje | Strunné nástroje | Mandolíny;6;https://www.heureka.cz/direct/xml-export/shops/heureka-sekce.xml
CZ;2007;Příslušenství ke kytarám;Heureka.cz | Hobby | Hudebniny | Hudební nástroje | Strunné nástroje | Příslušenství ke kytarám;6;https://www.heureka.cz/direct/xml-export/shops/heureka-sekce.xml
CZ;2179;Struny;Heureka.cz | Hobby | Hudebniny | Hudební nástroje | Strunné nástroje | Struny;6;https://www.heureka.cz/direct/xml-export/shops/heureka-sekce.xml
CZ;5239;Trsátka;Heureka.cz | Hobby | Hudebniny | Hudební nástroje | Strunné nástroje | Trsátka;6;https://www.heureka.cz/direct/xml-export/shops/heureka-sekce.xml
CZ;4982;Ukulele;Heureka.cz | Hobby | Hudebniny | Hudební nástroje | Strunné nástroje | Ukulele;6;https://www.heureka.cz/direct/xml-export/shops/heureka-sekce.xml
CZ;2013;Ladičky;Heureka.cz | Hobby | Hudebniny | Ladičky;4;https://www.heureka.cz/direct/xml-export/shops/heureka-sekce.xml
CZ;2014;Metronomy;Heureka.cz | Hobby | Hudebniny | Metronomy;4;https://www.heureka.cz/direct/xml-export/shops/heureka-sekce.xml
CZ;6777;Kytarové efekty;Heureka.cz | Hobby | Hudebniny | Zvuková technika | Kytarové efekty;5;https://www.heureka.cz/direct/xml-export/shops/heureka-sekce.xml
CZ;5343;Megafony;Heureka.cz | Hobby | Hudebniny | Zvuková technika | Megafony;5;https://www.heureka.cz/direct/xml-export/shops/heureka-sekce.xml
CZ;5450;Stojany na mikrofony;Heureka.cz | Hobby | Hudebniny | Zvuková technika | Stojany na mikrofony;5;https://www.heureka.cz/direct/xml-export/shops/heureka-sekce.xml
CZ;2010;Aparatury pro klávesové nástroje;Heureka.cz | Hobby | Hudebniny | Zvuková technika | Zvukové aparatury a příslušenství | Aparatury pro klávesové nástroje;6;https://www.heureka.cz/direct/xml-export/shops/heureka-sekce.xml
CZ;2011;Aparatury pro kytary;Heureka.cz | Hobby | Hudebniny | Zvuková technika | Zvukové aparatury a příslušenství | Aparatury pro kytary;6;https://www.heureka.cz/direct/xml-export/shops/heureka-sekce.xml
CZ;2012;Aparatury pro univerzální použití;Heureka.cz | Hobby | Hudebniny | Zvuková technika | Zvukové aparatury a příslušenství | Aparatury pro univerzální použití;6;https://www.heureka.cz/direct/xml-export/shops/heureka-sekce.xml
CZ;5552;Etue a kazety na mince;Heureka.cz | Hobby | Investiční kovy | Etue a kazety na mince;4;https://www.heureka.cz/direct/xml-export/shops/heureka-sekce.xml
CZ;3824;Investiční platina;Heureka.cz | Hobby | Investiční kovy | Investiční platina;4;https://www.heureka.cz/direct/xml-export/shops/heureka-sekce.xml
CZ;3823;Investiční stříbro;Heureka.cz | Hobby | Investiční kovy | Investiční stříbro;4;https://www.heureka.cz/direct/xml-export/shops/heureka-sekce.xml
CZ;3822;Investiční zlato;Heureka.cz | Hobby | Investiční kovy | Investiční zlato;4;https://www.heureka.cz/direct/xml-export/shops/heureka-sekce.xml
CZ;5346;Báze pro míchání e-liquidů;Heureka.cz | Hobby | Kuřácké potřeby | Elektronické cigarety | E-cigarety | Báze pro míchání e-liquidů;6;https://www.heureka.cz/direct/xml-export/shops/heureka-sekce.xml
CZ;2697;E-liquidy;Heureka.cz | Hobby | Kuřácké potřeby | Elektronické cigarety | E-cigarety | E-liquidy;6;https://www.heureka.cz/direct/xml-export/shops/heureka-sekce.xml
CZ;6835;Jednorázové e-cigarety;Heureka.cz | Hobby | Kuřácké potřeby | Elektronické cigarety | E-cigarety | Jednorázové e-cigarety;6;https://www.heureka.cz/direct/xml-export/shops/heureka-sekce.xml
CZ;4016;Atomizéry, clearomizéry, cartomizéry do e-cigaret;Heureka.cz | Hobby | Kuřácké potřeby | Elektronické cigarety | E-cigarety | Komponenty pro sestavení e-cigaret | Atomizéry, clearomizéry, cartomizéry do e-cigaret;7;https://www.heureka.cz/direct/xml-export/shops/heureka-sekce.xml
CZ;4014;Baterie do e-cigaret;Heureka.cz | Hobby | Kuřácké potřeby | Elektronické cigarety | E-cigarety | Komponenty pro sestavení e-cigaret | Baterie do e-cigaret;7;https://www.heureka.cz/direct/xml-export/shops/heureka-sekce.xml
CZ;4013;Cartridge do e-cigaret;Heureka.cz | Hobby | Kuřácké potřeby | Elektronické cigarety | E-cigarety | Komponenty pro sestavení e-cigaret | Cartridge do e-cigaret;7;https://www.heureka.cz/direct/xml-export/shops/heureka-sekce.xml
CZ;5070;Gripy a mody e-cigaret;Heureka.cz | Hobby | Kuřácké potřeby | Elektronické cigarety | E-cigarety | Komponenty pro sestavení e-cigaret | Gripy a mody e-cigaret;7;https://www.heureka.cz/direct/xml-export/shops/heureka-sekce.xml
CZ;5345;Žhavící hlavy do atomizérů;Heureka.cz | Hobby | Kuřácké potřeby | Elektronické cigarety | E-cigarety | Komponenty pro sestavení e-cigaret | Žhavící hlavy do atomizérů;7;https://www.heureka.cz/direct/xml-export/shops/heureka-sekce.xml
CZ;5347;Příchutě pro míchání e-liquidů;Heureka.cz | Hobby | Kuřácké potřeby | Elektronické cigarety | E-cigarety | Příchutě pro míchání e-liquidů;6;https://www.heureka.cz/direct/xml-export/shops/heureka-sekce.xml
CZ;4015;Příslušenství pro e-cigarety;Heureka.cz | Hobby | Kuřácké potřeby | Elektronické cigarety | E-cigarety | Příslušenství pro e-cigarety;6;https://www.heureka.cz/direct/xml-export/shops/heureka-sekce.xml
CZ;2442;Sety e-cigaret;Heureka.cz | Hobby | Kuřácké potřeby | Elektronické cigarety | E-cigarety | Sety e-cigaret;6;https://www.heureka.cz/direct/xml-export/shops/heureka-sekce.xml
CZ;8337;Beztabákové náplně do nahřívaných zařízení;Heureka.cz | Hobby | Kuřácké potřeby | Elektronické cigarety | Zahřívaný tabák a příslušenství | Náplně do nahřívaných zařízení | Beztabákové náplně do nahřívaných zařízení;7;https://www.heureka.cz/direct/xml-export/shops/heureka-sekce.xml
CZ;5529;Náplně pro zahřívaný tabák;Heureka.cz | Hobby | Kuřácké potřeby | Elektronické cigarety | Zahřívaný tabák a příslušenství | Náplně do nahřívaných zařízení | Náplně pro zahřívaný tabák;7;https://www.heureka.cz/direct/xml-export/shops/heureka-sekce.xml
CZ;5528;Příslušenství pro zahřívaný tabák;Heureka.cz | Hobby | Kuřácké potřeby | Elektronické cigarety | Zahřívaný tabák a příslušenství | Příslušenství pro zahřívaný tabák;6;https://www.heureka.cz/direct/xml-export/shops/heureka-sekce.xml
CZ;6002;Zařízení pro zahřívaný tabák;Heureka.cz | Hobby | Kuřácké potřeby | Elektronické cigarety | Zahřívaný tabák a příslušenství | Zařízení pro zahřívaný tabák;6;https://www.heureka.cz/direct/xml-export/shops/heureka-sekce.xml
CZ;4962;Elektronické dýmky;Heureka.cz | Hobby | Kuřácké potřeby | Elektronické dýmky;4;https://www.heureka.cz/direct/xml-export/shops/heureka-sekce.xml
CZ;2515;Cigarety;Heureka.cz | Hobby | Kuřácké potřeby | Tabákové výrobky a příslušenství | Cigarety a příslušenství | Cigarety;6;https://www.heureka.cz/direct/xml-export/shops/heureka-sekce.xml
CZ;5744;Plničky cigaret;Heureka.cz | Hobby | Kuřácké potřeby | Tabákové výrobky a příslušenství | Cigarety a příslušenství | Plničky cigaret;6;https://www.heureka.cz/direct/xml-export/shops/heureka-sekce.xml
CZ;5348;Pouzdra na cigarety;Heureka.cz | Hobby | Kuřácké potřeby | Tabákové výrobky a příslušenství | Cigarety a příslušenství | Pouzdra na cigarety;6;https://www.heureka.cz/direct/xml-export/shops/heureka-sekce.xml
CZ;6347;Příslušenství k cigaretám;Heureka.cz | Hobby | Kuřácké potřeby | Tabákové výrobky a příslušenství | Cigarety a příslušenství | Příslušenství k cigaretám;6;https://www.heureka.cz/direct/xml-export/shops/heureka-sekce.xml
CZ;2516;Doutníky;Heureka.cz | Hobby | Kuřácké potřeby | Tabákové výrobky a příslušenství | Doutníky a příslušenství | Doutníky;6;https://www.heureka.cz/direct/xml-export/shops/heureka-sekce.xml
CZ;3916;Dýmky;Heureka.cz | Hobby | Kuřácké potřeby | Tabákové výrobky a příslušenství | Dýmky a příslušenství | Dýmky;6;https://www.heureka.cz/direct/xml-export/shops/heureka-sekce.xml
CZ;3917;Tabák do dýmky;Heureka.cz | Hobby | Kuřácké potřeby | Tabákové výrobky a příslušenství | Dýmky a příslušenství | Tabák do dýmky;6;https://www.heureka.cz/direct/xml-export/shops/heureka-sekce.xml
CZ;6024;Nikotinové sáčky;Heureka.cz | Hobby | Kuřácké potřeby | Tabákové výrobky a příslušenství | Nikotinové sáčky;5;https://www.heureka.cz/direct/xml-export/shops/heureka-sekce.xml
CZ;3772;Popelníky;Heureka.cz | Hobby | Kuřácké potřeby | Tabákové výrobky a příslušenství | Popelníky;5;https://www.heureka.cz/direct/xml-export/shops/heureka-sekce.xml
CZ;4010;Pouzdra na tabák;Heureka.cz | Hobby | Kuřácké potřeby | Tabákové výrobky a příslušenství | Pouzdra na tabák;5;https://www.heureka.cz/direct/xml-export/shops/heureka-sekce.xml
CZ;2336;Zapalovače;Heureka.cz | Hobby | Kuřácké potřeby | Tabákové výrobky a příslušenství | Zapalovače;5;https://www.heureka.cz/direct/xml-export/shops/heureka-sekce.xml
CZ;1523;Gumy a těsnění k vodním dýmkám;Heureka.cz | Hobby | Kuřácké potřeby | Vodní dýmky a příslušenství | Gumy a těsnění k vodním dýmkám;5;https://www.heureka.cz/direct/xml-export/shops/heureka-sekce.xml
CZ;1520;Hadice k vodním dýmkám;Heureka.cz | Hobby | Kuřácké potřeby | Vodní dýmky a příslušenství | Hadice k vodním dýmkám;5;https://www.heureka.cz/direct/xml-export/shops/heureka-sekce.xml
CZ;1524;Korunky a tarbuše;Heureka.cz | Hobby | Kuřácké potřeby | Vodní dýmky a příslušenství | Korunky a tarbuše;5;https://www.heureka.cz/direct/xml-export/shops/heureka-sekce.xml
CZ;1521;Náustky k vodním dýmkám;Heureka.cz | Hobby | Kuřácké potřeby | Vodní dýmky a příslušenství | Náustky k vodním dýmkám;5;https://www.heureka.cz/direct/xml-export/shops/heureka-sekce.xml
CZ;1525;Ostatní příslušenství k vodním dýmkám;Heureka.cz | Hobby | Kuřácké potřeby | Vodní dýmky a příslušenství | Ostatní příslušenství k vodním dýmkám;5;https://www.heureka.cz/direct/xml-export/shops/heureka-sekce.xml
CZ;1517;Tabáky do vodní dýmky;Heureka.cz | Hobby | Kuřácké potřeby | Vodní dýmky a příslušenství | Tabáky do vodní dýmky;5;https://www.heureka.cz/direct/xml-export/shops/heureka-sekce.xml
CZ;1518;Uhlíky do vodní dýmky;Heureka.cz | Hobby | Kuřácké potřeby | Vodní dýmky a příslušenství | Uhlíky do vodní dýmky;5;https://www.heureka.cz/direct/xml-export/shops/heureka-sekce.xml
CZ;1516;Vodní dýmky;Heureka.cz | Hobby | Kuřácké potřeby | Vodní dýmky a příslušenství | Vodní dýmky;5;https://www.heureka.cz/direct/xml-export/shops/heureka-sekce.xml
CZ;1522;Vázy k vodním dýmkám;Heureka.cz | Hobby | Kuřácké potřeby | Vodní dýmky a příslušenství | Vázy k vodním dýmkám;5;https://www.heureka.cz/direct/xml-export/shops/heureka-sekce.xml
CZ;4821;Hobby detektory;Heureka.cz | Hobby | Pro kutily a zahrádkáře | Hobby detektory;4;https://www.heureka.cz/direct/xml-export/shops/heureka-sekce.xml
CZ;6015;Květy konopí;Heureka.cz | Hobby | Přírodní produkty | Konopné produkty | Květy konopí;5;https://www.heureka.cz/direct/xml-export/shops/heureka-sekce.xml
CZ;6014;Semena konopí;Heureka.cz | Hobby | Přírodní produkty | Konopné produkty | Semena konopí;5;https://www.heureka.cz/direct/xml-export/shops/heureka-sekce.xml
CZ;3719;Echoloty a sonary;Heureka.cz | Hobby | Rybářské potřeby | Echoloty a sonary;4;https://www.heureka.cz/direct/xml-export/shops/heureka-sekce.xml
CZ;3046;Olověné zátěže a broky;Heureka.cz | Hobby | Rybářské potřeby | Rybářská bižuterie | Olověné zátěže a broky;5;https://www.heureka.cz/direct/xml-export/shops/heureka-sekce.xml
CZ;3045;Rybářské háčky;Heureka.cz | Hobby | Rybářské potřeby | Rybářská bižuterie | Rybářské háčky;5;https://www.heureka.cz/direct/xml-export/shops/heureka-sekce.xml
CZ;3716;Rybářské karabinky a obratlíky;Heureka.cz | Hobby | Rybářské potřeby | Rybářská bižuterie | Rybářské karabinky a obratlíky;5;https://www.heureka.cz/direct/xml-export/shops/heureka-sekce.xml
CZ;3714;Rybářské zarážky;Heureka.cz | Hobby | Rybářské potřeby | Rybářská bižuterie | Rybářské zarážky;5;https://www.heureka.cz/direct/xml-export/shops/heureka-sekce.xml
CZ;2700;Navijáky;Heureka.cz | Hobby | Rybářské potřeby | Rybářské navijáky a příslušenství | Navijáky;5;https://www.heureka.cz/direct/xml-export/shops/heureka-sekce.xml
CZ;3712;Příslušenství k navijákům;Heureka.cz | Hobby | Rybářské potřeby | Rybářské navijáky a příslušenství | Příslušenství k navijákům;5;https://www.heureka.cz/direct/xml-export/shops/heureka-sekce.xml
CZ;8252;Aromata pro rybářské návnady;Heureka.cz | Hobby | Rybářské potřeby | Rybářské návnady, nástrahy a příslušenství | Aromata pro rybářské návnady;5;https://www.heureka.cz/direct/xml-export/shops/heureka-sekce.xml
CZ;3704;Návnady a nástrahy;Heureka.cz | Hobby | Rybářské potřeby | Rybářské návnady, nástrahy a příslušenství | Návnady a nástrahy;5;https://www.heureka.cz/direct/xml-export/shops/heureka-sekce.xml
CZ;1778;Pilkery;Heureka.cz | Hobby | Rybářské potřeby | Rybářské návnady, nástrahy a příslušenství | Pilkery;5;https://www.heureka.cz/direct/xml-export/shops/heureka-sekce.xml
CZ;3723;Rybářská krmítka;Heureka.cz | Hobby | Rybářské potřeby | Rybářské návnady, nástrahy a příslušenství | Rybářská krmítka;5;https://www.heureka.cz/direct/xml-export/shops/heureka-sekce.xml
CZ;3718;Rybářské vrhače návnad;Heureka.cz | Hobby | Rybářské potřeby | Rybářské návnady, nástrahy a příslušenství | Rybářské vrhače návnad;5;https://www.heureka.cz/direct/xml-export/shops/heureka-sekce.xml
CZ;3727;Výroba nástrah;Heureka.cz | Hobby | Rybářské potřeby | Rybářské návnady, nástrahy a příslušenství | Výroba nástrah;5;https://www.heureka.cz/direct/xml-export/shops/heureka-sekce.xml
CZ;8514;Zavážecí loďky;Heureka.cz | Hobby | Rybářské potřeby | Rybářské návnady, nástrahy a příslušenství | Zavážecí loďky;5;https://www.heureka.cz/direct/xml-export/shops/heureka-sekce.xml
CZ;5264;Rybářská obuv;Heureka.cz | Hobby | Rybářské potřeby | Rybářské oblečení | Rybářská obuv;5;https://www.heureka.cz/direct/xml-export/shops/heureka-sekce.xml
CZ;5260;Rybářská trička, svetry, mikiny;Heureka.cz | Hobby | Rybářské potřeby | Rybářské oblečení | Rybářská trička, svetry, mikiny;5;https://www.heureka.cz/direct/xml-export/shops/heureka-sekce.xml
CZ;5263;Rybářské bundy a vesty;Heureka.cz | Hobby | Rybářské potřeby | Rybářské oblečení | Rybářské bundy a vesty;5;https://www.heureka.cz/direct/xml-export/shops/heureka-sekce.xml
CZ;5265;Rybářské doplňky;Heureka.cz | Hobby | Rybářské potřeby | Rybářské oblečení | Rybářské doplňky;5;https://www.heureka.cz/direct/xml-export/shops/heureka-sekce.xml
CZ;5262;Rybářské kalhoty a kraťasy;Heureka.cz | Hobby | Rybářské potřeby | Rybářské oblečení | Rybářské kalhoty a kraťasy;5;https://www.heureka.cz/direct/xml-export/shops/heureka-sekce.xml
CZ;5259;Rybářské komplety;Heureka.cz | Hobby | Rybářské potřeby | Rybářské oblečení | Rybářské komplety;5;https://www.heureka.cz/direct/xml-export/shops/heureka-sekce.xml
CZ;5261;Rybářské kšiltovky, čepice, rukavice;Heureka.cz | Hobby | Rybářské potřeby | Rybářské oblečení | Rybářské kšiltovky, čepice, rukavice;5;https://www.heureka.cz/direct/xml-export/shops/heureka-sekce.xml
CZ;3799;Rybářské prsačky;Heureka.cz | Hobby | Rybářské potřeby | Rybářské oblečení | Rybářské prsačky;5;https://www.heureka.cz/direct/xml-export/shops/heureka-sekce.xml
CZ;3724;Pásky a koncovky na pruty;Heureka.cz | Hobby | Rybářské potřeby | Rybářské pruty a příslušenství | Pásky a koncovky na pruty;5;https://www.heureka.cz/direct/xml-export/shops/heureka-sekce.xml
CZ;3770;Příslušenství pro pruty;Heureka.cz | Hobby | Rybářské potřeby | Rybářské pruty a příslušenství | Příslušenství pro pruty;5;https://www.heureka.cz/direct/xml-export/shops/heureka-sekce.xml
CZ;6714;Rybářské obaly na pruty;Heureka.cz | Hobby | Rybářské potřeby | Rybářské pruty a příslušenství | Rybářské obaly na pruty;5;https://www.heureka.cz/direct/xml-export/shops/heureka-sekce.xml
CZ;2328;Rybářské pruty;Heureka.cz | Hobby | Rybářské potřeby | Rybářské pruty a příslušenství | Rybářské pruty;5;https://www.heureka.cz/direct/xml-export/shops/heureka-sekce.xml
CZ;3050;Stojany a vidlice na pruty;Heureka.cz | Hobby | Rybářské potřeby | Rybářské pruty a příslušenství | Stojany a vidlice na pruty;5;https://www.heureka.cz/direct/xml-export/shops/heureka-sekce.xml
CZ;3049;Rybářské signalizátory;Heureka.cz | Hobby | Rybářské potřeby | Rybářské signalizátory;4;https://www.heureka.cz/direct/xml-export/shops/heureka-sekce.xml
CZ;6964;Příslušenství pro vlasce a ocelová lanka;Heureka.cz | Hobby | Rybářské potřeby | Rybářské vlasce a lanka | Příslušenství pro vlasce a ocelová lanka;5;https://www.heureka.cz/direct/xml-export/shops/heureka-sekce.xml
CZ;3720;Rybářská lanka;Heureka.cz | Hobby | Rybářské potřeby | Rybářské vlasce a lanka | Rybářská lanka;5;https://www.heureka.cz/direct/xml-export/shops/heureka-sekce.xml
CZ;3044;Rybářské vlasce;Heureka.cz | Hobby | Rybářské potřeby | Rybářské vlasce a lanka | Rybářské vlasce;5;https://www.heureka.cz/direct/xml-export/shops/heureka-sekce.xml
CZ;3732;Chemická světla;Heureka.cz | Hobby | Rybářské potřeby | Rybářský camping | Chemická světla;5;https://www.heureka.cz/direct/xml-export/shops/heureka-sekce.xml
CZ;3717;Rybářská křesla a lehátka;Heureka.cz | Hobby | Rybářské potřeby | Rybářský camping | Rybářská křesla a lehátka;5;https://www.heureka.cz/direct/xml-export/shops/heureka-sekce.xml
CZ;4377;Rybářské bivaky a přístřešky;Heureka.cz | Hobby | Rybářské potřeby | Rybářský camping | Rybářské bivaky a přístřešky;5;https://www.heureka.cz/direct/xml-export/shops/heureka-sekce.xml
CZ;3715;Rybářské krabičky a boxy;Heureka.cz | Hobby | Rybářské potřeby | Rybářský camping | Rybářské krabičky a boxy;5;https://www.heureka.cz/direct/xml-export/shops/heureka-sekce.xml
CZ;3052;Rybářské obaly a batohy;Heureka.cz | Hobby | Rybářské potřeby | Rybářský camping | Rybářské obaly a batohy;5;https://www.heureka.cz/direct/xml-export/shops/heureka-sekce.xml
CZ;3063;Splávky;Heureka.cz | Hobby | Rybářské potřeby | Splávky;4;https://www.heureka.cz/direct/xml-export/shops/heureka-sekce.xml
CZ;3713;Peany a vyprošťovače;Heureka.cz | Hobby | Rybářské potřeby | Vylovení a péče o úlovek | Peany a vyprošťovače;5;https://www.heureka.cz/direct/xml-export/shops/heureka-sekce.xml
CZ;3047;Podběráky a vezírky;Heureka.cz | Hobby | Rybářské potřeby | Vylovení a péče o úlovek | Podběráky a vezírky;5;https://www.heureka.cz/direct/xml-export/shops/heureka-sekce.xml
CZ;3196;Podložky pod ryby;Heureka.cz | Hobby | Rybářské potřeby | Vylovení a péče o úlovek | Podložky pod ryby;5;https://www.heureka.cz/direct/xml-export/shops/heureka-sekce.xml
CZ;3745;Rybářské nože a dýky;Heureka.cz | Hobby | Rybářské potřeby | Vylovení a péče o úlovek | Rybářské nože a dýky;5;https://www.heureka.cz/direct/xml-export/shops/heureka-sekce.xml
CZ;3048;Rybářské saky a vážící tašky;Heureka.cz | Hobby | Rybářské potřeby | Vylovení a péče o úlovek | Rybářské saky a vážící tašky;5;https://www.heureka.cz/direct/xml-export/shops/heureka-sekce.xml
CZ;3742;Rybářské tašky na krmivo;Heureka.cz | Hobby | Rybářské potřeby | Vylovení a péče o úlovek | Rybářské tašky na krmivo;5;https://www.heureka.cz/direct/xml-export/shops/heureka-sekce.xml
CZ;1779;Rybářské vrtáky na led;Heureka.cz | Hobby | Rybářské potřeby | Vylovení a péče o úlovek | Rybářské vrtáky na led;5;https://www.heureka.cz/direct/xml-export/shops/heureka-sekce.xml
CZ;3722;Rybářské váhy;Heureka.cz | Hobby | Rybářské potřeby | Vylovení a péče o úlovek | Rybářské váhy;5;https://www.heureka.cz/direct/xml-export/shops/heureka-sekce.xml
CZ;6868;Odznáčky;Heureka.cz | Hobby | Sběratelství | Odznáčky;4;https://www.heureka.cz/direct/xml-export/shops/heureka-sekce.xml
CZ;3161;Sběratelské figurky;Heureka.cz | Hobby | Sběratelství | Sběratelské figurky;4;https://www.heureka.cz/direct/xml-export/shops/heureka-sekce.xml
CZ;5379;Sběratelské karty;Heureka.cz | Hobby | Sběratelství | Sběratelské karty;4;https://www.heureka.cz/direct/xml-export/shops/heureka-sekce.xml
CZ;1854;Sběratelské modely;Heureka.cz | Hobby | Sběratelství | Sběratelské modely;4;https://www.heureka.cz/direct/xml-export/shops/heureka-sekce.xml
CZ;1798;Diplomy;Heureka.cz | Hobby | Sportovní ocenění a vlajky | Diplomy;4;https://www.heureka.cz/direct/xml-export/shops/heureka-sekce.xml
CZ;1797;Emblémy;Heureka.cz | Hobby | Sportovní ocenění a vlajky | Emblémy;4;https://www.heureka.cz/direct/xml-export/shops/heureka-sekce.xml
CZ;2335;Kokardy;Heureka.cz | Hobby | Sportovní ocenění a vlajky | Kokardy;4;https://www.heureka.cz/direct/xml-export/shops/heureka-sekce.xml
CZ;1795;Poháry a trofeje;Heureka.cz | Hobby | Sportovní ocenění a vlajky | Poháry a trofeje;4;https://www.heureka.cz/direct/xml-export/shops/heureka-sekce.xml
CZ;2113;Sportovní medaile;Heureka.cz | Hobby | Sportovní ocenění a vlajky | Sportovní medaile;4;https://www.heureka.cz/direct/xml-export/shops/heureka-sekce.xml
CZ;3258;Vlajky;Heureka.cz | Hobby | Sportovní ocenění a vlajky | Vlajky;4;https://www.heureka.cz/direct/xml-export/shops/heureka-sekce.xml
CZ;5633;Věšáky na medaile;Heureka.cz | Hobby | Sportovní ocenění a vlajky | Věšáky na medaile;4;https://www.heureka.cz/direct/xml-export/shops/heureka-sekce.xml
CZ;4826;Dárkové tašky;Heureka.cz | Hobby | Zábava | Balení dárků a dárkové potřeby | Dárkové tašky;5;https://www.heureka.cz/direct/xml-export/shops/heureka-sekce.xml
CZ;2820;Dárkové koše;Heureka.cz | Hobby | Zábava | Originální dárky | Dárkové koše;5;https://www.heureka.cz/direct/xml-export/shops/heureka-sekce.xml
CZ;4226;Dárkové poukazy;Heureka.cz | Hobby | Zábava | Originální dárky | Dárkové poukazy;5;https://www.heureka.cz/direct/xml-export/shops/heureka-sekce.xml
CZ;2182;Zážitky;Heureka.cz | Hobby | Zábava | Originální dárky | Zážitky;5;https://www.heureka.cz/direct/xml-export/shops/heureka-sekce.xml
CZ;2728;Gadgets;Heureka.cz | Hobby | Zábava | Originální dárky | Žertovné předměty a Gadgets | Gadgets;6;https://www.heureka.cz/direct/xml-export/shops/heureka-sekce.xml
CZ;2710;Žertovné předměty;Heureka.cz | Hobby | Zábava | Originální dárky | Žertovné předměty a Gadgets | Žertovné předměty;6;https://www.heureka.cz/direct/xml-export/shops/heureka-sekce.xml
CZ;5277;Jednorázové nádobí;Heureka.cz | Hobby | Zábava | Párty a oslavy | Jednorázové nádobí;5;https://www.heureka.cz/direct/xml-export/shops/heureka-sekce.xml
CZ;3034;Karaoke;Heureka.cz | Hobby | Zábava | Párty a oslavy | Karaoke;5;https://www.heureka.cz/direct/xml-export/shops/heureka-sekce.xml
CZ;6595;Frkačky na oslavu;Heureka.cz | Hobby | Zábava | Párty a oslavy | Kostýmy a rekvizity | Frkačky na oslavu;6;https://www.heureka.cz/direct/xml-export/shops/heureka-sekce.xml
CZ;2868;Karnevalové kostýmy;Heureka.cz | Hobby | Zábava | Párty a oslavy | Kostýmy a rekvizity | Karnevalové kostýmy;6;https://www.heureka.cz/direct/xml-export/shops/heureka-sekce.xml
CZ;5290;Párty brýle;Heureka.cz | Hobby | Zábava | Párty a oslavy | Kostýmy a rekvizity | Párty brýle;6;https://www.heureka.cz/direct/xml-export/shops/heureka-sekce.xml
CZ;5275;Párty kloboučky;Heureka.cz | Hobby | Zábava | Párty a oslavy | Kostýmy a rekvizity | Párty kloboučky;6;https://www.heureka.cz/direct/xml-export/shops/heureka-sekce.xml
CZ;5283;Párty šerpy;Heureka.cz | Hobby | Zábava | Párty a oslavy | Kostýmy a rekvizity | Párty šerpy;6;https://www.heureka.cz/direct/xml-export/shops/heureka-sekce.xml
CZ;3071;Pyrotechnika;Heureka.cz | Hobby | Zábava | Párty a oslavy | Pyrotechnika;5;https://www.heureka.cz/direct/xml-export/shops/heureka-sekce.xml
CZ;5274;Balónky;Heureka.cz | Hobby | Zábava | Párty a oslavy | Párty dekorace | Balónky;6;https://www.heureka.cz/direct/xml-export/shops/heureka-sekce.xml
CZ;5280;Girlandy, rozety, vlajky;Heureka.cz | Hobby | Zábava | Párty a oslavy | Párty dekorace | Girlandy, rozety, vlajky;6;https://www.heureka.cz/direct/xml-export/shops/heureka-sekce.xml
CZ;5279;Konfety a serpentýny;Heureka.cz | Hobby | Zábava | Párty a oslavy | Párty dekorace | Konfety a serpentýny;6;https://www.heureka.cz/direct/xml-export/shops/heureka-sekce.xml
CZ;5276;Lampiony;Heureka.cz | Hobby | Zábava | Párty a oslavy | Párty dekorace | Lampiony;6;https://www.heureka.cz/direct/xml-export/shops/heureka-sekce.xml
CZ;6596;Svítící párty doplňky;Heureka.cz | Hobby | Zábava | Párty a oslavy | Párty dekorace | Svítící párty doplňky;6;https://www.heureka.cz/direct/xml-export/shops/heureka-sekce.xml
CZ;5281;Zrcadlové koule;Heureka.cz | Hobby | Zábava | Párty a oslavy | Párty dekorace | Zrcadlové koule;6;https://www.heureka.cz/direct/xml-export/shops/heureka-sekce.xml
CZ;5282;Párty pozvánky;Heureka.cz | Hobby | Zábava | Párty a oslavy | Párty pozvánky;5;https://www.heureka.cz/direct/xml-export/shops/heureka-sekce.xml
CZ;5211;Svatební knihy hostů;Heureka.cz | Hobby | Zábava | Svatební doplňky | Svatební oznámení a knihy hostů | Svatební knihy hostů;6;https://www.heureka.cz/direct/xml-export/shops/heureka-sekce.xml
CZ;5206;Svatební oznámení;Heureka.cz | Hobby | Zábava | Svatební doplňky | Svatební oznámení a knihy hostů | Svatební oznámení;6;https://www.heureka.cz/direct/xml-export/shops/heureka-sekce.xml
CZ;5212;Svatební vývazky;Heureka.cz | Hobby | Zábava | Svatební doplňky | Svatební vývazky;5;https://www.heureka.cz/direct/xml-export/shops/heureka-sekce.xml
CZ;5213;Svatební autodekorace;Heureka.cz | Hobby | Zábava | Svatební doplňky | Svatební výzdoba a dekorace | Svatební autodekorace;6;https://www.heureka.cz/direct/xml-export/shops/heureka-sekce.xml
CZ;5207;Svatební cukrovinky;Heureka.cz | Hobby | Zábava | Svatební doplňky | Svatební výzdoba a dekorace | Svatební cukrovinky;6;https://www.heureka.cz/direct/xml-export/shops/heureka-sekce.xml
CZ;5215;Svatební dekorace;Heureka.cz | Hobby | Zábava | Svatební doplňky | Svatební výzdoba a dekorace | Svatební dekorace;6;https://www.heureka.cz/direct/xml-export/shops/heureka-sekce.xml
CZ;5208;Svatební jmenovky;Heureka.cz | Hobby | Zábava | Svatební doplňky | Svatební výzdoba a dekorace | Svatební jmenovky;6;https://www.heureka.cz/direct/xml-export/shops/heureka-sekce.xml
CZ;2316;Chrastítka;Heureka.cz | Hračky | Chrastítka a kousátka | Chrastítka;4;https://www.heureka.cz/direct/xml-export/shops/heureka-sekce.xml
CZ;2423;Kousátka;Heureka.cz | Hračky | Chrastítka a kousátka | Kousátka;4;https://www.heureka.cz/direct/xml-export/shops/heureka-sekce.xml
CZ;1838;Auta, letadla, lodě;Heureka.cz | Hračky | Dětská auta a doprava | Auta, letadla, lodě;4;https://www.heureka.cz/direct/xml-export/shops/heureka-sekce.xml
CZ;1308;Auta na autodráhu;Heureka.cz | Hračky | Dětská auta a doprava | Autodráhy | Auta na autodráhu;5;https://www.heureka.cz/direct/xml-export/shops/heureka-sekce.xml
CZ;1307;Příslušenství k autodráhám;Heureka.cz | Hračky | Dětská auta a doprava | Autodráhy | Příslušenství k autodráhám;5;https://www.heureka.cz/direct/xml-export/shops/heureka-sekce.xml
CZ;1306;Sety autodráh;Heureka.cz | Hračky | Dětská auta a doprava | Autodráhy | Sety autodráh;5;https://www.heureka.cz/direct/xml-export/shops/heureka-sekce.xml
CZ;6250;Dálková ovládání k RC modelům;Heureka.cz | Hračky | Dětská auta a doprava | RC modely a příslušenství | Dálková ovládání k RC modelům;5;https://www.heureka.cz/direct/xml-export/shops/heureka-sekce.xml
CZ;6310;Kabely a konektory pro RC modely;Heureka.cz | Hračky | Dětská auta a doprava | RC modely a příslušenství | Kabely a konektory pro RC modely;5;https://www.heureka.cz/direct/xml-export/shops/heureka-sekce.xml
CZ;6309;Motory k RC modelům;Heureka.cz | Hračky | Dětská auta a doprava | RC modely a příslušenství | Motory k RC modelům;5;https://www.heureka.cz/direct/xml-export/shops/heureka-sekce.xml
CZ;6308;Nabíječky a baterie k RC modelům;Heureka.cz | Hračky | Dětská auta a doprava | RC modely a příslušenství | Nabíječky a baterie k RC modelům;5;https://www.heureka.cz/direct/xml-export/shops/heureka-sekce.xml
CZ;6307;Oleje a lepidla k RC modelům;Heureka.cz | Hračky | Dětská auta a doprava | RC modely a příslušenství | Oleje a lepidla k RC modelům;5;https://www.heureka.cz/direct/xml-export/shops/heureka-sekce.xml
CZ;2092;Příslušenství k RC modelům;Heureka.cz | Hračky | Dětská auta a doprava | RC modely a příslušenství | Příslušenství k RC modelům;5;https://www.heureka.cz/direct/xml-export/shops/heureka-sekce.xml
CZ;2318;RC modely;Heureka.cz | Hračky | Dětská auta a doprava | RC modely a příslušenství | RC modely;5;https://www.heureka.cz/direct/xml-export/shops/heureka-sekce.xml
CZ;2721;Dřevěné vláčky;Heureka.cz | Hračky | Dětská auta a doprava | Vláčky pro děti | Dřevěné vláčky;5;https://www.heureka.cz/direct/xml-export/shops/heureka-sekce.xml
CZ;1842;Koleje;Heureka.cz | Hračky | Dětská auta a doprava | Vláčky pro děti | Koleje;5;https://www.heureka.cz/direct/xml-export/shops/heureka-sekce.xml
CZ;3024;Kovové vláčky;Heureka.cz | Hračky | Dětská auta a doprava | Vláčky pro děti | Kovové vláčky;5;https://www.heureka.cz/direct/xml-export/shops/heureka-sekce.xml
CZ;2086;Budovy a baráčky;Heureka.cz | Hračky | Dětská auta a doprava | Vláčky pro děti | Modelové vláčky | Budovy a baráčky;6;https://www.heureka.cz/direct/xml-export/shops/heureka-sekce.xml
CZ;1843;Mašinky a vagóny;Heureka.cz | Hračky | Dětská auta a doprava | Vláčky pro děti | Modelové vláčky | Mašinky a vagóny;6;https://www.heureka.cz/direct/xml-export/shops/heureka-sekce.xml
CZ;2087;Stromečky a krajina;Heureka.cz | Hračky | Dětská auta a doprava | Vláčky pro děti | Modelové vláčky | Stromečky a krajina;6;https://www.heureka.cz/direct/xml-export/shops/heureka-sekce.xml
CZ;1844;Tunely a mosty;Heureka.cz | Hračky | Dětská auta a doprava | Vláčky pro děti | Modelové vláčky | Tunely a mosty;6;https://www.heureka.cz/direct/xml-export/shops/heureka-sekce.xml
CZ;3023;Plastové vláčky;Heureka.cz | Hračky | Dětská auta a doprava | Vláčky pro děti | Plastové vláčky;5;https://www.heureka.cz/direct/xml-export/shops/heureka-sekce.xml
CZ;2089;Příslušenství pro modely vláčků;Heureka.cz | Hračky | Dětská auta a doprava | Vláčky pro děti | Příslušenství pro modely vláčků;5;https://www.heureka.cz/direct/xml-export/shops/heureka-sekce.xml
CZ;2327;Dětská chodítka;Heureka.cz | Hračky | Dětská chodítka;3;https://www.heureka.cz/direct/xml-export/shops/heureka-sekce.xml
CZ;1848;Dětské zbraně;Heureka.cz | Hračky | Dětské zbraně a příslušenství | Dětské zbraně;4;https://www.heureka.cz/direct/xml-export/shops/heureka-sekce.xml
CZ;6196;Příslušenství pro dětské zbraně;Heureka.cz | Hračky | Dětské zbraně a příslušenství | Příslušenství pro dětské zbraně;4;https://www.heureka.cz/direct/xml-export/shops/heureka-sekce.xml
CZ;1478;Dřevěné hračky;Heureka.cz | Hračky | Dřevěné hračky;3;https://www.heureka.cz/direct/xml-export/shops/heureka-sekce.xml
CZ;1479;Figurky a zvířátka;Heureka.cz | Hračky | Figurky a zvířátka;3;https://www.heureka.cz/direct/xml-export/shops/heureka-sekce.xml
CZ;2141;Houpací koně;Heureka.cz | Hračky | Houpací koně;3;https://www.heureka.cz/direct/xml-export/shops/heureka-sekce.xml
CZ;3026;Bublifuky;Heureka.cz | Hračky | Hračky na zahradu | Bublifuky;4;https://www.heureka.cz/direct/xml-export/shops/heureka-sekce.xml
CZ;3014;Doplňky pro dětská hřiště;Heureka.cz | Hračky | Hračky na zahradu | Dětská hřiště a prolézačky | Doplňky pro dětská hřiště;5;https://www.heureka.cz/direct/xml-export/shops/heureka-sekce.xml
CZ;2733;Dětská hřiště;Heureka.cz | Hračky | Hračky na zahradu | Dětská hřiště a prolézačky | Dětská hřiště;5;https://www.heureka.cz/direct/xml-export/shops/heureka-sekce.xml
CZ;5931;Dětské tunely;Heureka.cz | Hračky | Hračky na zahradu | Dětská hřiště a prolézačky | Dětské tunely;5;https://www.heureka.cz/direct/xml-export/shops/heureka-sekce.xml
CZ;1483;Prolézačky;Heureka.cz | Hračky | Hračky na zahradu | Dětská hřiště a prolézačky | Prolézačky;5;https://www.heureka.cz/direct/xml-export/shops/heureka-sekce.xml
CZ;1482;Skluzavky;Heureka.cz | Hračky | Hračky na zahradu | Dětská hřiště a prolézačky | Skluzavky;5;https://www.heureka.cz/direct/xml-export/shops/heureka-sekce.xml
CZ;5921;Skákací hrady;Heureka.cz | Hračky | Hračky na zahradu | Dětská hřiště a prolézačky | Skákací hrady;5;https://www.heureka.cz/direct/xml-export/shops/heureka-sekce.xml
CZ;6381;Dětská balanční kola;Heureka.cz | Hračky | Hračky na zahradu | Dětská vozítka a příslušenství | Dětská balanční kola;5;https://www.heureka.cz/direct/xml-export/shops/heureka-sekce.xml
CZ;4806;Dětská benzínová vozítka;Heureka.cz | Hračky | Hračky na zahradu | Dětská vozítka a příslušenství | Dětská benzínová vozítka;5;https://www.heureka.cz/direct/xml-export/shops/heureka-sekce.xml
CZ;2431;Dětská elektrická vozítka;Heureka.cz | Hračky | Hračky na zahradu | Dětská vozítka a příslušenství | Dětská elektrická vozítka;5;https://www.heureka.cz/direct/xml-export/shops/heureka-sekce.xml
CZ;2366;Dětská odrážedla;Heureka.cz | Hračky | Hračky na zahradu | Dětská vozítka a příslušenství | Dětská odrážedla;5;https://www.heureka.cz/direct/xml-export/shops/heureka-sekce.xml
CZ;3124;Příslušenství pro vozítka;Heureka.cz | Hračky | Hračky na zahradu | Dětská vozítka a příslušenství | Příslušenství pro vozítka;5;https://www.heureka.cz/direct/xml-export/shops/heureka-sekce.xml
CZ;2332;Tříkolky;Heureka.cz | Hračky | Hračky na zahradu | Dětská vozítka a příslušenství | Tříkolky;5;https://www.heureka.cz/direct/xml-export/shops/heureka-sekce.xml
CZ;2386;Šlapadla;Heureka.cz | Hračky | Hračky na zahradu | Dětská vozítka a příslušenství | Šlapadla;5;https://www.heureka.cz/direct/xml-export/shops/heureka-sekce.xml
CZ;1481;Dětské houpačky a houpadla;Heureka.cz | Hračky | Hračky na zahradu | Dětské houpačky a houpadla;4;https://www.heureka.cz/direct/xml-export/shops/heureka-sekce.xml
CZ;8316;Dětské stany;Heureka.cz | Hračky | Hračky na zahradu | Dětské stany;4;https://www.heureka.cz/direct/xml-export/shops/heureka-sekce.xml
CZ;8317;Dětské zahradní nářadí;Heureka.cz | Hračky | Hračky na zahradu | Dětské zahradní nářadí;4;https://www.heureka.cz/direct/xml-export/shops/heureka-sekce.xml
CZ;3132;Hopsadla;Heureka.cz | Hračky | Hračky na zahradu | Hopsadla;4;https://www.heureka.cz/direct/xml-export/shops/heureka-sekce.xml
CZ;1485;Hrací domečky;Heureka.cz | Hračky | Hračky na zahradu | Hrací domečky;4;https://www.heureka.cz/direct/xml-export/shops/heureka-sekce.xml
CZ;5793;Hračky na písek;Heureka.cz | Hračky | Hračky na zahradu | Pískoviště a doplňky | Hračky na písek;5;https://www.heureka.cz/direct/xml-export/shops/heureka-sekce.xml
CZ;8623;Písek do pískoviště;Heureka.cz | Hračky | Hračky na zahradu | Pískoviště a doplňky | Písek do pískoviště;5;https://www.heureka.cz/direct/xml-export/shops/heureka-sekce.xml
CZ;1484;Pískoviště;Heureka.cz | Hračky | Hračky na zahradu | Pískoviště a doplňky | Pískoviště;5;https://www.heureka.cz/direct/xml-export/shops/heureka-sekce.xml
CZ;2639;Létací draci;Heureka.cz | Hračky | Hračky na zahradu | Venkovní sportovní hry | Létací draci;5;https://www.heureka.cz/direct/xml-export/shops/heureka-sekce.xml
CZ;1850;Míče a balónky;Heureka.cz | Hračky | Hračky na zahradu | Venkovní sportovní hry | Míče a balónky;5;https://www.heureka.cz/direct/xml-export/shops/heureka-sekce.xml
CZ;1477;Hračky do vody;Heureka.cz | Hračky | Hračky na zahradu | Vodní radovánky | Hračky do vody;5;https://www.heureka.cz/direct/xml-export/shops/heureka-sekce.xml
CZ;5945;Vodní pistole;Heureka.cz | Hračky | Hračky na zahradu | Vodní radovánky | Vodní pistole;5;https://www.heureka.cz/direct/xml-export/shops/heureka-sekce.xml
CZ;2685;Dětské boby a sáně;Heureka.cz | Hračky | Hračky na zahradu | Zimní radovánky | Dětské boby a sáně;5;https://www.heureka.cz/direct/xml-export/shops/heureka-sekce.xml
CZ;1853;Dětské hudební hračky a nástroje;Heureka.cz | Hračky | Hry na profese a napodobování | Dětské hudební hračky a nástroje;4;https://www.heureka.cz/direct/xml-export/shops/heureka-sekce.xml
CZ;2644;Dětské kostýmy;Heureka.cz | Hračky | Hry na profese a napodobování | Dětské kostýmy;4;https://www.heureka.cz/direct/xml-export/shops/heureka-sekce.xml
CZ;3016;Dětské kuchyňky;Heureka.cz | Hračky | Hry na profese a napodobování | Dětské kuchyňky a příslušenství | Dětské kuchyňky;5;https://www.heureka.cz/direct/xml-export/shops/heureka-sekce.xml
CZ;5892;Dětské spotřebiče;Heureka.cz | Hračky | Hry na profese a napodobování | Dětské kuchyňky a příslušenství | Dětské spotřebiče;5;https://www.heureka.cz/direct/xml-export/shops/heureka-sekce.xml
CZ;5893;Příslušenství k dětským kuchyňkám;Heureka.cz | Hračky | Hry na profese a napodobování | Dětské kuchyňky a příslušenství | Příslušenství k dětským kuchyňkám;5;https://www.heureka.cz/direct/xml-export/shops/heureka-sekce.xml
CZ;1849;Dětské nářadí;Heureka.cz | Hračky | Hry na profese a napodobování | Dětské nářadí;4;https://www.heureka.cz/direct/xml-export/shops/heureka-sekce.xml
CZ;3079;Dětské obchůdky;Heureka.cz | Hračky | Hry na profese a napodobování | Dětské obchůdky a příslušenství | Dětské obchůdky;5;https://www.heureka.cz/direct/xml-export/shops/heureka-sekce.xml
CZ;3141;Hry na profese;Heureka.cz | Hračky | Hry na profese a napodobování | Hry na profese;4;https://www.heureka.cz/direct/xml-export/shops/heureka-sekce.xml
CZ;3140;Hry na úklid a péči o domácnost;Heureka.cz | Hračky | Hry na profese a napodobování | Hry na úklid a péči o domácnost;4;https://www.heureka.cz/direct/xml-export/shops/heureka-sekce.xml
CZ;4008;Malá parádnice;Heureka.cz | Hračky | Hry na profese a napodobování | Malá parádnice;4;https://www.heureka.cz/direct/xml-export/shops/heureka-sekce.xml
CZ;3003;Igráčci;Heureka.cz | Hračky | Igráčci;3;https://www.heureka.cz/direct/xml-export/shops/heureka-sekce.xml
CZ;8510;ALBI Kouzelné čtení;Heureka.cz | Hračky | Interaktivní a robotické hračky | ALBI Kouzelné čtení;4;https://www.heureka.cz/direct/xml-export/shops/heureka-sekce.xml
CZ;8440;Dětské notebooky;Heureka.cz | Hračky | Interaktivní a robotické hračky | Elektronika pro děti | Dětské notebooky;5;https://www.heureka.cz/direct/xml-export/shops/heureka-sekce.xml
CZ;3018;Interaktivní hračky;Heureka.cz | Hračky | Interaktivní a robotické hračky | Interaktivní hračky;4;https://www.heureka.cz/direct/xml-export/shops/heureka-sekce.xml
CZ;6251;Interaktivní roboti;Heureka.cz | Hračky | Interaktivní a robotické hračky | Interaktivní roboti;4;https://www.heureka.cz/direct/xml-export/shops/heureka-sekce.xml
CZ;8447;Interaktivní stolky a kostky;Heureka.cz | Hračky | Interaktivní a robotické hračky | Interaktivní stolky a kostky;4;https://www.heureka.cz/direct/xml-export/shops/heureka-sekce.xml
CZ;3143;Živé a vzdělávací sady;Heureka.cz | Hračky | Interaktivní a robotické hračky | Živé a vzdělávací sady;4;https://www.heureka.cz/direct/xml-export/shops/heureka-sekce.xml
CZ;8524;Céčka;Heureka.cz | Hračky | Kreativní hračky a tvoření pro děti | Céčka;4;https://www.heureka.cz/direct/xml-export/shops/heureka-sekce.xml
CZ;4786;Dětské korálky;Heureka.cz | Hračky | Kreativní hračky a tvoření pro děti | Dětské korálky;4;https://www.heureka.cz/direct/xml-export/shops/heureka-sekce.xml
CZ;2989;Dětské vyšívání;Heureka.cz | Hračky | Kreativní hračky a tvoření pro děti | Dětské vyšívání;4;https://www.heureka.cz/direct/xml-export/shops/heureka-sekce.xml
CZ;4895;Loom bands;Heureka.cz | Hračky | Kreativní hračky a tvoření pro děti | Loom bands;4;https://www.heureka.cz/direct/xml-export/shops/heureka-sekce.xml
CZ;8366;Kinetické písky;Heureka.cz | Hračky | Kreativní hračky a tvoření pro děti | Modelovací hmoty | Kinetické písky;5;https://www.heureka.cz/direct/xml-export/shops/heureka-sekce.xml
CZ;2333;Modelíny;Heureka.cz | Hračky | Kreativní hračky a tvoření pro děti | Modelovací hmoty | Modelíny;5;https://www.heureka.cz/direct/xml-export/shops/heureka-sekce.xml
CZ;8540;Pomůcky pro výrobu slizu;Heureka.cz | Hračky | Kreativní hračky a tvoření pro děti | Modelovací hmoty | Slizy a jejich výroba | Pomůcky pro výrobu slizu;6;https://www.heureka.cz/direct/xml-export/shops/heureka-sekce.xml
CZ;8539;Sady na výrobu slizu;Heureka.cz | Hračky | Kreativní hračky a tvoření pro děti | Modelovací hmoty | Slizy a jejich výroba | Sady na výrobu slizu;6;https://www.heureka.cz/direct/xml-export/shops/heureka-sekce.xml
CZ;8538;Slizy;Heureka.cz | Hračky | Kreativní hračky a tvoření pro děti | Modelovací hmoty | Slizy a jejich výroba | Slizy;6;https://www.heureka.cz/direct/xml-export/shops/heureka-sekce.xml
CZ;5381;Pískování obrázků;Heureka.cz | Hračky | Kreativní hračky a tvoření pro děti | Pískování obrázků;4;https://www.heureka.cz/direct/xml-export/shops/heureka-sekce.xml
CZ;3150;Razítka pro děti;Heureka.cz | Hračky | Kreativní hračky a tvoření pro děti | Razítka pro děti;4;https://www.heureka.cz/direct/xml-export/shops/heureka-sekce.xml
CZ;2987;Škrábací obrázky;Heureka.cz | Hračky | Kreativní hračky a tvoření pro děti | Škrábací obrázky;4;https://www.heureka.cz/direct/xml-export/shops/heureka-sekce.xml
CZ;5829;Loutková divadla;Heureka.cz | Hračky | Loutky a loutková divadla | Loutková divadla;4;https://www.heureka.cz/direct/xml-export/shops/heureka-sekce.xml
CZ;1736;Loutky;Heureka.cz | Hračky | Loutky a loutková divadla | Loutky;4;https://www.heureka.cz/direct/xml-export/shops/heureka-sekce.xml
CZ;8557;Activity boardy;Heureka.cz | Hračky | Motorické a didaktické hračky | Activity boardy;4;https://www.heureka.cz/direct/xml-export/shops/heureka-sekce.xml
CZ;5313;Fidget spinnery;Heureka.cz | Hračky | Motorické a didaktické hračky | Fidget spinnery;4;https://www.heureka.cz/direct/xml-export/shops/heureka-sekce.xml
CZ;2701;Fingerboardy;Heureka.cz | Hračky | Motorické a didaktické hračky | Fingerboardy;4;https://www.heureka.cz/direct/xml-export/shops/heureka-sekce.xml
CZ;3873;Joja;Heureka.cz | Hračky | Motorické a didaktické hračky | Joja;4;https://www.heureka.cz/direct/xml-export/shops/heureka-sekce.xml
CZ;8555;Káči;Heureka.cz | Hračky | Motorické a didaktické hračky | Káči;4;https://www.heureka.cz/direct/xml-export/shops/heureka-sekce.xml
CZ;3769;Magnetky pro děti;Heureka.cz | Hračky | Motorické a didaktické hračky | Magnetky pro děti;4;https://www.heureka.cz/direct/xml-export/shops/heureka-sekce.xml
CZ;4810;Montessori smyslové pomůcky;Heureka.cz | Hračky | Motorické a didaktické hračky | Montessori smyslové pomůcky;4;https://www.heureka.cz/direct/xml-export/shops/heureka-sekce.xml
CZ;8556;Pop it;Heureka.cz | Hračky | Motorické a didaktické hračky | Pop it;4;https://www.heureka.cz/direct/xml-export/shops/heureka-sekce.xml
CZ;1731;Domečky pro panenky;Heureka.cz | Hračky | Panenky a doplňky pro panenky | Domečky pro panenky;4;https://www.heureka.cz/direct/xml-export/shops/heureka-sekce.xml
CZ;1732;Doplňky pro panenky;Heureka.cz | Hračky | Panenky a doplňky pro panenky | Doplňky pro panenky;4;https://www.heureka.cz/direct/xml-export/shops/heureka-sekce.xml
CZ;1729;Kočárky pro panenky;Heureka.cz | Hračky | Panenky a doplňky pro panenky | Kočárky pro panenky;4;https://www.heureka.cz/direct/xml-export/shops/heureka-sekce.xml
CZ;8546;Oblečení pro panenky;Heureka.cz | Hračky | Panenky a doplňky pro panenky | Oblečení pro panenky;4;https://www.heureka.cz/direct/xml-export/shops/heureka-sekce.xml
CZ;1480;Panenky;Heureka.cz | Hračky | Panenky a doplňky pro panenky | Panenky;4;https://www.heureka.cz/direct/xml-export/shops/heureka-sekce.xml
CZ;5782;Panenky Barbie;Heureka.cz | Hračky | Panenky a doplňky pro panenky | Panenky Barbie;4;https://www.heureka.cz/direct/xml-export/shops/heureka-sekce.xml
CZ;1730;Postýlky pro panenky;Heureka.cz | Hračky | Panenky a doplňky pro panenky | Postýlky pro panenky;4;https://www.heureka.cz/direct/xml-export/shops/heureka-sekce.xml
CZ;1845;Plechové hračky;Heureka.cz | Hračky | Plechové hračky;3;https://www.heureka.cz/direct/xml-export/shops/heureka-sekce.xml
CZ;3653;Hřejiví plyšáci;Heureka.cz | Hračky | Plyšové hračky | Hřejiví plyšáci;4;https://www.heureka.cz/direct/xml-export/shops/heureka-sekce.xml
CZ;1304;Plyšáci;Heureka.cz | Hračky | Plyšové hračky | Plyšáci;4;https://www.heureka.cz/direct/xml-export/shops/heureka-sekce.xml
CZ;2628;Plyšoví mikrobi;Heureka.cz | Hračky | Plyšoví mikrobi;3;https://www.heureka.cz/direct/xml-export/shops/heureka-sekce.xml
CZ;1852;Pro nejmenší;Heureka.cz | Hračky | Pro nejmenší;3;https://www.heureka.cz/direct/xml-export/shops/heureka-sekce.xml
CZ;3020;Elektronické stavebnice;Heureka.cz | Hračky | Stavebnice a kostky | Elektronické stavebnice;4;https://www.heureka.cz/direct/xml-export/shops/heureka-sekce.xml
CZ;5875;Kuličkové dráhy;Heureka.cz | Hračky | Stavebnice a kostky | Kuličkové dráhy;4;https://www.heureka.cz/direct/xml-export/shops/heureka-sekce.xml
CZ;6195;LEGO® doplňky;Heureka.cz | Hračky | Stavebnice a kostky | LEGO® doplňky;4;https://www.heureka.cz/direct/xml-export/shops/heureka-sekce.xml
CZ;2181;Ostatní stavebnice;Heureka.cz | Hračky | Stavebnice a kostky | Ostatní stavebnice;4;https://www.heureka.cz/direct/xml-export/shops/heureka-sekce.xml
CZ;5464;Stavebnice Ausini;Heureka.cz | Hračky | Stavebnice a kostky | Stavebnice Ausini;4;https://www.heureka.cz/direct/xml-export/shops/heureka-sekce.xml
CZ;5457;Stavebnice BanBao;Heureka.cz | Hračky | Stavebnice a kostky | Stavebnice BanBao;4;https://www.heureka.cz/direct/xml-export/shops/heureka-sekce.xml
CZ;1473;Stavebnice Cheva;Heureka.cz | Hračky | Stavebnice a kostky | Stavebnice Cheva;4;https://www.heureka.cz/direct/xml-export/shops/heureka-sekce.xml
CZ;5458;Stavebnice Cobi;Heureka.cz | Hračky | Stavebnice a kostky | Stavebnice Cobi;4;https://www.heureka.cz/direct/xml-export/shops/heureka-sekce.xml
CZ;5459;Stavebnice Dromader;Heureka.cz | Hračky | Stavebnice a kostky | Stavebnice Dromader;4;https://www.heureka.cz/direct/xml-export/shops/heureka-sekce.xml
CZ;5556;Stavebnice Edukie;Heureka.cz | Hračky | Stavebnice a kostky | Stavebnice Edukie;4;https://www.heureka.cz/direct/xml-export/shops/heureka-sekce.xml
CZ;5467;Stavebnice Eitech;Heureka.cz | Hračky | Stavebnice a kostky | Stavebnice Eitech;4;https://www.heureka.cz/direct/xml-export/shops/heureka-sekce.xml
CZ;5468;Stavebnice Enlighten Brick;Heureka.cz | Hračky | Stavebnice a kostky | Stavebnice Enlighten Brick;4;https://www.heureka.cz/direct/xml-export/shops/heureka-sekce.xml
CZ;2180;Stavebnice Geomag;Heureka.cz | Hračky | Stavebnice a kostky | Stavebnice Geomag;4;https://www.heureka.cz/direct/xml-export/shops/heureka-sekce.xml
CZ;5461;Stavebnice Grimm's;Heureka.cz | Hračky | Stavebnice a kostky | Stavebnice Grimm's;4;https://www.heureka.cz/direct/xml-export/shops/heureka-sekce.xml
CZ;5469;Stavebnice ICOM;Heureka.cz | Hračky | Stavebnice a kostky | Stavebnice ICOM;4;https://www.heureka.cz/direct/xml-export/shops/heureka-sekce.xml
CZ;1474;Stavebnice LEGO®;Heureka.cz | Hračky | Stavebnice a kostky | Stavebnice LEGO®;4;https://www.heureka.cz/direct/xml-export/shops/heureka-sekce.xml
CZ;5465;Stavebnice LaQ;Heureka.cz | Hračky | Stavebnice a kostky | Stavebnice LaQ;4;https://www.heureka.cz/direct/xml-export/shops/heureka-sekce.xml
CZ;5954;Stavebnice Light Stax;Heureka.cz | Hračky | Stavebnice a kostky | Stavebnice Light Stax;4;https://www.heureka.cz/direct/xml-export/shops/heureka-sekce.xml
CZ;1847;Stavebnice Lori;Heureka.cz | Hračky | Stavebnice a kostky | Stavebnice Lori;4;https://www.heureka.cz/direct/xml-export/shops/heureka-sekce.xml
CZ;5462;Stavebnice Magformers;Heureka.cz | Hračky | Stavebnice a kostky | Stavebnice Magformers;4;https://www.heureka.cz/direct/xml-export/shops/heureka-sekce.xml
CZ;3117;Stavebnice Meccano;Heureka.cz | Hračky | Stavebnice a kostky | Stavebnice Meccano;4;https://www.heureka.cz/direct/xml-export/shops/heureka-sekce.xml
CZ;2732;Stavebnice Megabloks;Heureka.cz | Hračky | Stavebnice a kostky | Stavebnice Megabloks;4;https://www.heureka.cz/direct/xml-export/shops/heureka-sekce.xml
CZ;1472;Stavebnice Merkur;Heureka.cz | Hračky | Stavebnice a kostky | Stavebnice Merkur;4;https://www.heureka.cz/direct/xml-export/shops/heureka-sekce.xml
CZ;2731;Stavebnice Playmobil;Heureka.cz | Hračky | Stavebnice a kostky | Stavebnice Playmobil;4;https://www.heureka.cz/direct/xml-export/shops/heureka-sekce.xml
CZ;5463;Stavebnice Quercetti;Heureka.cz | Hračky | Stavebnice a kostky | Stavebnice Quercetti;4;https://www.heureka.cz/direct/xml-export/shops/heureka-sekce.xml
CZ;2072;Stavebnice Seva;Heureka.cz | Hračky | Stavebnice a kostky | Stavebnice Seva;4;https://www.heureka.cz/direct/xml-export/shops/heureka-sekce.xml
CZ;5466;Stavebnice Sluban;Heureka.cz | Hračky | Stavebnice a kostky | Stavebnice Sluban;4;https://www.heureka.cz/direct/xml-export/shops/heureka-sekce.xml
CZ;2962;Stavebnice Supermag;Heureka.cz | Hračky | Stavebnice a kostky | Stavebnice Supermag;4;https://www.heureka.cz/direct/xml-export/shops/heureka-sekce.xml
CZ;5460;Stavebnice Écoiffier;Heureka.cz | Hračky | Stavebnice a kostky | Stavebnice Écoiffier;4;https://www.heureka.cz/direct/xml-export/shops/heureka-sekce.xml
CZ;1840;Vojáci;Heureka.cz | Hračky | Vojáci;3;https://www.heureka.cz/direct/xml-export/shops/heureka-sekce.xml
CZ;5877;Absinthy;Heureka.cz | Jídlo a nápoje | Alkoholické nápoje | Absinthy;4;https://www.heureka.cz/direct/xml-export/shops/heureka-sekce.xml
CZ;5876;Armaňaky;Heureka.cz | Jídlo a nápoje | Alkoholické nápoje | Armaňaky;4;https://www.heureka.cz/direct/xml-export/shops/heureka-sekce.xml
CZ;5874;Brandy;Heureka.cz | Jídlo a nápoje | Alkoholické nápoje | Brandy;4;https://www.heureka.cz/direct/xml-export/shops/heureka-sekce.xml
CZ;6006;Cidery;Heureka.cz | Jídlo a nápoje | Alkoholické nápoje | Cidery;4;https://www.heureka.cz/direct/xml-export/shops/heureka-sekce.xml
CZ;5863;Giny;Heureka.cz | Jídlo a nápoje | Alkoholické nápoje | Giny;4;https://www.heureka.cz/direct/xml-export/shops/heureka-sekce.xml
CZ;5872;Likéry;Heureka.cz | Jídlo a nápoje | Alkoholické nápoje | Likéry;4;https://www.heureka.cz/direct/xml-export/shops/heureka-sekce.xml
CZ;3966;Medoviny;Heureka.cz | Jídlo a nápoje | Alkoholické nápoje | Medoviny;4;https://www.heureka.cz/direct/xml-export/shops/heureka-sekce.xml
CZ;6009;Míchané nápoje;Heureka.cz | Jídlo a nápoje | Alkoholické nápoje | Míchané nápoje;4;https://www.heureka.cz/direct/xml-export/shops/heureka-sekce.xml
CZ;2163;Ostatní lihoviny;Heureka.cz | Jídlo a nápoje | Alkoholické nápoje | Ostatní lihoviny;4;https://www.heureka.cz/direct/xml-export/shops/heureka-sekce.xml
CZ;3804;Piva;Heureka.cz | Jídlo a nápoje | Alkoholické nápoje | Piva;4;https://www.heureka.cz/direct/xml-export/shops/heureka-sekce.xml
CZ;5866;Pálenky;Heureka.cz | Jídlo a nápoje | Alkoholické nápoje | Pálenky;4;https://www.heureka.cz/direct/xml-export/shops/heureka-sekce.xml
CZ;5840;Rumy;Heureka.cz | Jídlo a nápoje | Alkoholické nápoje | Rumy;4;https://www.heureka.cz/direct/xml-export/shops/heureka-sekce.xml
CZ;5873;Tequily;Heureka.cz | Jídlo a nápoje | Alkoholické nápoje | Tequily;4;https://www.heureka.cz/direct/xml-export/shops/heureka-sekce.xml
CZ;6005;Vermuty;Heureka.cz | Jídlo a nápoje | Alkoholické nápoje | Vermuty;4;https://www.heureka.cz/direct/xml-export/shops/heureka-sekce.xml
CZ;5870;Vodky;Heureka.cz | Jídlo a nápoje | Alkoholické nápoje | Vodky;4;https://www.heureka.cz/direct/xml-export/shops/heureka-sekce.xml
CZ;999;Vína;Heureka.cz | Jídlo a nápoje | Alkoholické nápoje | Vína;4;https://www.heureka.cz/direct/xml-export/shops/heureka-sekce.xml
CZ;5867;Whisky;Heureka.cz | Jídlo a nápoje | Alkoholické nápoje | Whisky;4;https://www.heureka.cz/direct/xml-export/shops/heureka-sekce.xml
CZ;6007;Šumivá vína;Heureka.cz | Jídlo a nápoje | Alkoholické nápoje | Šumivá vína;4;https://www.heureka.cz/direct/xml-export/shops/heureka-sekce.xml
CZ;3805;Energetické nápoje;Heureka.cz | Jídlo a nápoje | Instantní a energetické nápoje | Energetické nápoje;4;https://www.heureka.cz/direct/xml-export/shops/heureka-sekce.xml
CZ;3984;Horké čokolády a kakao;Heureka.cz | Jídlo a nápoje | Instantní a energetické nápoje | Horké čokolády a kakao;4;https://www.heureka.cz/direct/xml-export/shops/heureka-sekce.xml
CZ;5288;Instantní nápoje;Heureka.cz | Jídlo a nápoje | Instantní a energetické nápoje | Instantní nápoje;4;https://www.heureka.cz/direct/xml-export/shops/heureka-sekce.xml
CZ;6796;Instantní káva;Heureka.cz | Jídlo a nápoje | Káva a kávové kapsle | Káva | Instantní káva;5;https://www.heureka.cz/direct/xml-export/shops/heureka-sekce.xml
CZ;6797;Kávoviny a náhražky kávy;Heureka.cz | Jídlo a nápoje | Káva a kávové kapsle | Káva | Kávoviny a náhražky kávy;5;https://www.heureka.cz/direct/xml-export/shops/heureka-sekce.xml
CZ;6798;Ledová káva;Heureka.cz | Jídlo a nápoje | Káva a kávové kapsle | Káva | Ledová káva;5;https://www.heureka.cz/direct/xml-export/shops/heureka-sekce.xml
CZ;6794;Mletá káva;Heureka.cz | Jídlo a nápoje | Káva a kávové kapsle | Káva | Mletá káva;5;https://www.heureka.cz/direct/xml-export/shops/heureka-sekce.xml
CZ;6795;Zrnková káva;Heureka.cz | Jídlo a nápoje | Káva a kávové kapsle | Káva | Zrnková káva;5;https://www.heureka.cz/direct/xml-export/shops/heureka-sekce.xml
CZ;4011;Kávové kapsle;Heureka.cz | Jídlo a nápoje | Káva a kávové kapsle | Kávové kapsle;4;https://www.heureka.cz/direct/xml-export/shops/heureka-sekce.xml
CZ;3854;Jogurty;Heureka.cz | Jídlo a nápoje | Mléčné a chlazené potraviny | Jogurty;4;https://www.heureka.cz/direct/xml-export/shops/heureka-sekce.xml
CZ;6371;Kefíry;Heureka.cz | Jídlo a nápoje | Mléčné a chlazené potraviny | Kefíry;4;https://www.heureka.cz/direct/xml-export/shops/heureka-sekce.xml
CZ;3809;Mléka;Heureka.cz | Jídlo a nápoje | Mléčné a chlazené potraviny | Mléka;4;https://www.heureka.cz/direct/xml-export/shops/heureka-sekce.xml
CZ;4296;Mléčné, jogurtové a kysané nápoje;Heureka.cz | Jídlo a nápoje | Mléčné a chlazené potraviny | Mléčné, jogurtové a kysané nápoje;4;https://www.heureka.cz/direct/xml-export/shops/heureka-sekce.xml
CZ;5997;Smetany do kávy;Heureka.cz | Jídlo a nápoje | Mléčné a chlazené potraviny | Smetany do kávy;4;https://www.heureka.cz/direct/xml-export/shops/heureka-sekce.xml
CZ;5998;Smetany na vaření;Heureka.cz | Jídlo a nápoje | Mléčné a chlazené potraviny | Smetany na vaření;4;https://www.heureka.cz/direct/xml-export/shops/heureka-sekce.xml
CZ;3848;Sýry;Heureka.cz | Jídlo a nápoje | Mléčné a chlazené potraviny | Sýry;4;https://www.heureka.cz/direct/xml-export/shops/heureka-sekce.xml
CZ;6359;Tvarohy;Heureka.cz | Jídlo a nápoje | Mléčné a chlazené potraviny | Tvarohy;4;https://www.heureka.cz/direct/xml-export/shops/heureka-sekce.xml
CZ;4361;Mražená jídla;Heureka.cz | Jídlo a nápoje | Mražené potraviny | Mražená jídla;4;https://www.heureka.cz/direct/xml-export/shops/heureka-sekce.xml
CZ;4363;Mražená masa;Heureka.cz | Jídlo a nápoje | Mražené potraviny | Mražená masa;4;https://www.heureka.cz/direct/xml-export/shops/heureka-sekce.xml
CZ;4362;Mražené ovoce a zelenina;Heureka.cz | Jídlo a nápoje | Mražené potraviny | Mražené ovoce a zelenina;4;https://www.heureka.cz/direct/xml-export/shops/heureka-sekce.xml
CZ;6370;Mražené pizzy;Heureka.cz | Jídlo a nápoje | Mražené potraviny | Mražené pizzy;4;https://www.heureka.cz/direct/xml-export/shops/heureka-sekce.xml
CZ;6876;Mražené ryby a mořské plody;Heureka.cz | Jídlo a nápoje | Mražené potraviny | Mražené ryby a mořské plody;4;https://www.heureka.cz/direct/xml-export/shops/heureka-sekce.xml
CZ;4364;Zmrzliny;Heureka.cz | Jídlo a nápoje | Mražené potraviny | Zmrzliny;4;https://www.heureka.cz/direct/xml-export/shops/heureka-sekce.xml
CZ;3806;Džusy;Heureka.cz | Jídlo a nápoje | Nealkoholické nápoje | Džusy;4;https://www.heureka.cz/direct/xml-export/shops/heureka-sekce.xml
CZ;6442;Ledové čaje;Heureka.cz | Jídlo a nápoje | Nealkoholické nápoje | Ledové čaje;4;https://www.heureka.cz/direct/xml-export/shops/heureka-sekce.xml
CZ;3808;Limonády;Heureka.cz | Jídlo a nápoje | Nealkoholické nápoje | Limonády;4;https://www.heureka.cz/direct/xml-export/shops/heureka-sekce.xml
CZ;4989;Mošty;Heureka.cz | Jídlo a nápoje | Nealkoholické nápoje | Mošty;4;https://www.heureka.cz/direct/xml-export/shops/heureka-sekce.xml
CZ;3810;Vody;Heureka.cz | Jídlo a nápoje | Nealkoholické nápoje | Vody;4;https://www.heureka.cz/direct/xml-export/shops/heureka-sekce.xml
CZ;3807;Šťávy;Heureka.cz | Jídlo a nápoje | Nealkoholické nápoje | Šťávy;4;https://www.heureka.cz/direct/xml-export/shops/heureka-sekce.xml
CZ;5763;Ořechy a semínka;Heureka.cz | Jídlo a nápoje | Oříšky, sušené plody a semena | Ořechy a semínka;4;https://www.heureka.cz/direct/xml-export/shops/heureka-sekce.xml
CZ;4294;Sušené plody;Heureka.cz | Jídlo a nápoje | Oříšky, sušené plody a semena | Sušené plody;4;https://www.heureka.cz/direct/xml-export/shops/heureka-sekce.xml
CZ;4313;Běžné pečivo;Heureka.cz | Jídlo a nápoje | Pekárna a cukrárna | Pečivo | Běžné pečivo;5;https://www.heureka.cz/direct/xml-export/shops/heureka-sekce.xml
CZ;4312;Chléb;Heureka.cz | Jídlo a nápoje | Pekárna a cukrárna | Pečivo | Chléb;5;https://www.heureka.cz/direct/xml-export/shops/heureka-sekce.xml
CZ;4314;Sladké pečivo;Heureka.cz | Jídlo a nápoje | Pekárna a cukrárna | Pečivo | Sladké pečivo;5;https://www.heureka.cz/direct/xml-export/shops/heureka-sekce.xml
CZ;6881;Tortilly a pitta chleby;Heureka.cz | Jídlo a nápoje | Pekárna a cukrárna | Pečivo | Tortilly a pitta chleby;5;https://www.heureka.cz/direct/xml-export/shops/heureka-sekce.xml
CZ;4311;Trvanlivé pečivo;Heureka.cz | Jídlo a nápoje | Pekárna a cukrárna | Pečivo | Trvanlivé pečivo;5;https://www.heureka.cz/direct/xml-export/shops/heureka-sekce.xml
CZ;6885;Racio a Knäckebroty;Heureka.cz | Jídlo a nápoje | Pekárna a cukrárna | Racio a Knäckebroty;4;https://www.heureka.cz/direct/xml-export/shops/heureka-sekce.xml
CZ;4360;Bezlepkové potraviny;Heureka.cz | Jídlo a nápoje | Rostlinné alternativy | Bezlepkové potraviny;4;https://www.heureka.cz/direct/xml-export/shops/heureka-sekce.xml
CZ;5972;Rostlinná mléka a nápoje;Heureka.cz | Jídlo a nápoje | Rostlinné alternativy | Rostlinná mléka a nápoje;4;https://www.heureka.cz/direct/xml-export/shops/heureka-sekce.xml
CZ;6877;Rostlinné alternativy jogurtů;Heureka.cz | Jídlo a nápoje | Rostlinné alternativy | Rostlinné alternativy jogurtů;4;https://www.heureka.cz/direct/xml-export/shops/heureka-sekce.xml
CZ;5973;Rostlinné smetany;Heureka.cz | Jídlo a nápoje | Rostlinné alternativy | Rostlinné smetany;4;https://www.heureka.cz/direct/xml-export/shops/heureka-sekce.xml
CZ;4318;Bonboniéry;Heureka.cz | Jídlo a nápoje | Sladkosti | Bonboniéry;4;https://www.heureka.cz/direct/xml-export/shops/heureka-sekce.xml
CZ;4319;Bonbóny;Heureka.cz | Jídlo a nápoje | Sladkosti | Bonbóny;4;https://www.heureka.cz/direct/xml-export/shops/heureka-sekce.xml
CZ;6880;Dorty a zákusky;Heureka.cz | Jídlo a nápoje | Sladkosti | Dorty a zákusky;4;https://www.heureka.cz/direct/xml-export/shops/heureka-sekce.xml
CZ;2128;Müsli tyčinky;Heureka.cz | Jídlo a nápoje | Sladkosti | Müsli tyčinky;4;https://www.heureka.cz/direct/xml-export/shops/heureka-sekce.xml
CZ;4322;Oplatky;Heureka.cz | Jídlo a nápoje | Sladkosti | Oplatky;4;https://www.heureka.cz/direct/xml-export/shops/heureka-sekce.xml
CZ;6555;Perníky;Heureka.cz | Jídlo a nápoje | Sladkosti | Perníky;4;https://www.heureka.cz/direct/xml-export/shops/heureka-sekce.xml
CZ;6367;Piškoty;Heureka.cz | Jídlo a nápoje | Sladkosti | Piškoty;4;https://www.heureka.cz/direct/xml-export/shops/heureka-sekce.xml
CZ;4323;Sušenky;Heureka.cz | Jídlo a nápoje | Sladkosti | Sušenky;4;https://www.heureka.cz/direct/xml-export/shops/heureka-sekce.xml
CZ;6556;Trubičky;Heureka.cz | Jídlo a nápoje | Sladkosti | Trubičky;4;https://www.heureka.cz/direct/xml-export/shops/heureka-sekce.xml
CZ;6879;Čajové pečivo;Heureka.cz | Jídlo a nápoje | Sladkosti | Čajové pečivo;4;https://www.heureka.cz/direct/xml-export/shops/heureka-sekce.xml
CZ;6372;Čokoládové figurky;Heureka.cz | Jídlo a nápoje | Sladkosti | Čokoládové figurky;4;https://www.heureka.cz/direct/xml-export/shops/heureka-sekce.xml
CZ;4321;Čokoládové tyčinky;Heureka.cz | Jídlo a nápoje | Sladkosti | Čokoládové tyčinky;4;https://www.heureka.cz/direct/xml-export/shops/heureka-sekce.xml
CZ;4317;Čokolády;Heureka.cz | Jídlo a nápoje | Sladkosti | Čokolády;4;https://www.heureka.cz/direct/xml-export/shops/heureka-sekce.xml
CZ;4320;Žvýkačky;Heureka.cz | Jídlo a nápoje | Sladkosti | Žvýkačky;4;https://www.heureka.cz/direct/xml-export/shops/heureka-sekce.xml
CZ;4315;Cereálie a müsli;Heureka.cz | Jídlo a nápoje | Trvanlivé potraviny | Cereálie a müsli;4;https://www.heureka.cz/direct/xml-export/shops/heureka-sekce.xml
CZ;4889;Potahovací hmoty a marcipán;Heureka.cz | Jídlo a nápoje | Trvanlivé potraviny | Cukrářské suroviny | Potahovací hmoty a marcipán;5;https://www.heureka.cz/direct/xml-export/shops/heureka-sekce.xml
CZ;4891;Potravinářská aroma;Heureka.cz | Jídlo a nápoje | Trvanlivé potraviny | Cukrářské suroviny | Potravinářská aroma;5;https://www.heureka.cz/direct/xml-export/shops/heureka-sekce.xml
CZ;4890;Potravinářské barvy a barviva;Heureka.cz | Jídlo a nápoje | Trvanlivé potraviny | Cukrářské suroviny | Potravinářské barvy a barviva;5;https://www.heureka.cz/direct/xml-export/shops/heureka-sekce.xml
CZ;4329;Džemy a marmelády;Heureka.cz | Jídlo a nápoje | Trvanlivé potraviny | Džemy, medy, čokokrémy | Džemy a marmelády;5;https://www.heureka.cz/direct/xml-export/shops/heureka-sekce.xml
CZ;4330;Medy;Heureka.cz | Jídlo a nápoje | Trvanlivé potraviny | Džemy, medy, čokokrémy | Medy;5;https://www.heureka.cz/direct/xml-export/shops/heureka-sekce.xml
CZ;4331;Čokoládové a ořechové pomazánky;Heureka.cz | Jídlo a nápoje | Trvanlivé potraviny | Džemy, medy, čokokrémy | Čokoládové a ořechové pomazánky;5;https://www.heureka.cz/direct/xml-export/shops/heureka-sekce.xml
CZ;6368;Hotová jídla;Heureka.cz | Jídlo a nápoje | Trvanlivé potraviny | Hotová a instantní jídla | Hotová jídla;5;https://www.heureka.cz/direct/xml-export/shops/heureka-sekce.xml
CZ;6883;Hotová těsta;Heureka.cz | Jídlo a nápoje | Trvanlivé potraviny | Hotová a instantní jídla | Hotová těsta;5;https://www.heureka.cz/direct/xml-export/shops/heureka-sekce.xml
CZ;4336;Instantní jídla;Heureka.cz | Jídlo a nápoje | Trvanlivé potraviny | Hotová a instantní jídla | Instantní jídla a přílohy | Instantní jídla;6;https://www.heureka.cz/direct/xml-export/shops/heureka-sekce.xml
CZ;3846;Instantní polévky;Heureka.cz | Jídlo a nápoje | Trvanlivé potraviny | Hotová a instantní jídla | Instantní jídla a přílohy | Instantní polévky;6;https://www.heureka.cz/direct/xml-export/shops/heureka-sekce.xml
CZ;4350;Chlebové a pizza směsi;Heureka.cz | Jídlo a nápoje | Trvanlivé potraviny | Hotová a instantní jídla | Instantní jídla a přílohy | Instantní směsi na pečení | Chlebové a pizza směsi;7;https://www.heureka.cz/direct/xml-export/shops/heureka-sekce.xml
CZ;4339;Konzervovaná a nakládaná zelenina;Heureka.cz | Jídlo a nápoje | Trvanlivé potraviny | Konzervované potraviny | Konzervovaná a nakládaná zelenina;5;https://www.heureka.cz/direct/xml-export/shops/heureka-sekce.xml
CZ;4340;Konzervovaná masa;Heureka.cz | Jídlo a nápoje | Trvanlivé potraviny | Konzervované potraviny | Konzervovaná masa;5;https://www.heureka.cz/direct/xml-export/shops/heureka-sekce.xml
CZ;6878;Konzervované a nakládané houby;Heureka.cz | Jídlo a nápoje | Trvanlivé potraviny | Konzervované potraviny | Konzervované a nakládané houby;5;https://www.heureka.cz/direct/xml-export/shops/heureka-sekce.xml
CZ;4338;Konzervované ovoce;Heureka.cz | Jídlo a nápoje | Trvanlivé potraviny | Konzervované potraviny | Konzervované ovoce;5;https://www.heureka.cz/direct/xml-export/shops/heureka-sekce.xml
CZ;4341;Konzervované ryby;Heureka.cz | Jídlo a nápoje | Trvanlivé potraviny | Konzervované potraviny | Konzervované ryby;5;https://www.heureka.cz/direct/xml-export/shops/heureka-sekce.xml
CZ;3852;Paštiky;Heureka.cz | Jídlo a nápoje | Trvanlivé potraviny | Konzervované potraviny | Paštiky;5;https://www.heureka.cz/direct/xml-export/shops/heureka-sekce.xml
CZ;6369;Utopenci;Heureka.cz | Jídlo a nápoje | Trvanlivé potraviny | Konzervované potraviny | Utopenci;5;https://www.heureka.cz/direct/xml-export/shops/heureka-sekce.xml
CZ;4335;Bujóny;Heureka.cz | Jídlo a nápoje | Trvanlivé potraviny | Koření a ochucovadla | Bujóny;5;https://www.heureka.cz/direct/xml-export/shops/heureka-sekce.xml
CZ;1599;Cukr;Heureka.cz | Jídlo a nápoje | Trvanlivé potraviny | Koření a ochucovadla | Cukr;5;https://www.heureka.cz/direct/xml-export/shops/heureka-sekce.xml
CZ;3839;Dochucovadla;Heureka.cz | Jídlo a nápoje | Trvanlivé potraviny | Koření a ochucovadla | Dochucovadla;5;https://www.heureka.cz/direct/xml-export/shops/heureka-sekce.xml
CZ;1857;Jednodruhové koření;Heureka.cz | Jídlo a nápoje | Trvanlivé potraviny | Koření a ochucovadla | Koření | Jednodruhové koření;6;https://www.heureka.cz/direct/xml-export/shops/heureka-sekce.xml
CZ;6932;Kořenící směsi;Heureka.cz | Jídlo a nápoje | Trvanlivé potraviny | Koření a ochucovadla | Koření | Kořenící směsi;6;https://www.heureka.cz/direct/xml-export/shops/heureka-sekce.xml
CZ;4343;Kuchyňská sůl;Heureka.cz | Jídlo a nápoje | Trvanlivé potraviny | Koření a ochucovadla | Kuchyňská sůl;5;https://www.heureka.cz/direct/xml-export/shops/heureka-sekce.xml
CZ;6933;Marinády;Heureka.cz | Jídlo a nápoje | Trvanlivé potraviny | Koření a ochucovadla | Marinády;5;https://www.heureka.cz/direct/xml-export/shops/heureka-sekce.xml
CZ;3913;Octy;Heureka.cz | Jídlo a nápoje | Trvanlivé potraviny | Koření a ochucovadla | Octy;5;https://www.heureka.cz/direct/xml-export/shops/heureka-sekce.xml
CZ;3853;Sladidla;Heureka.cz | Jídlo a nápoje | Trvanlivé potraviny | Koření a ochucovadla | Sladidla;5;https://www.heureka.cz/direct/xml-export/shops/heureka-sekce.xml
CZ;6358;Dresingy;Heureka.cz | Jídlo a nápoje | Trvanlivé potraviny | Majonézy, tatarské omáčky a dresingy | Dresingy;5;https://www.heureka.cz/direct/xml-export/shops/heureka-sekce.xml
CZ;4306;Majonézy;Heureka.cz | Jídlo a nápoje | Trvanlivé potraviny | Majonézy, tatarské omáčky a dresingy | Majonézy;5;https://www.heureka.cz/direct/xml-export/shops/heureka-sekce.xml
CZ;6357;Tatarské omáčky;Heureka.cz | Jídlo a nápoje | Trvanlivé potraviny | Majonézy, tatarské omáčky a dresingy | Tatarské omáčky;5;https://www.heureka.cz/direct/xml-export/shops/heureka-sekce.xml
CZ;4354;Hořčice;Heureka.cz | Jídlo a nápoje | Trvanlivé potraviny | Omáčky, kečupy, hořčice | Hořčice;5;https://www.heureka.cz/direct/xml-export/shops/heureka-sekce.xml
CZ;4353;Kečupy a protlaky;Heureka.cz | Jídlo a nápoje | Trvanlivé potraviny | Omáčky, kečupy, hořčice | Kečupy a protlaky;5;https://www.heureka.cz/direct/xml-export/shops/heureka-sekce.xml
CZ;4355;Omáčky;Heureka.cz | Jídlo a nápoje | Trvanlivé potraviny | Omáčky, kečupy, hořčice | Omáčky;5;https://www.heureka.cz/direct/xml-export/shops/heureka-sekce.xml
CZ;4345;Kuchyňské oleje;Heureka.cz | Jídlo a nápoje | Trvanlivé potraviny | Přísady na vaření a pečení | Kuchyňské oleje;5;https://www.heureka.cz/direct/xml-export/shops/heureka-sekce.xml
CZ;2844;Kuchyňské oleje ve spreji;Heureka.cz | Jídlo a nápoje | Trvanlivé potraviny | Přísady na vaření a pečení | Kuchyňské oleje ve spreji;5;https://www.heureka.cz/direct/xml-export/shops/heureka-sekce.xml
CZ;3838;Mouky;Heureka.cz | Jídlo a nápoje | Trvanlivé potraviny | Přísady na vaření a pečení | Mouky;5;https://www.heureka.cz/direct/xml-export/shops/heureka-sekce.xml
CZ;4346;Pudingy;Heureka.cz | Jídlo a nápoje | Trvanlivé potraviny | Přísady na vaření a pečení | Pudingy;5;https://www.heureka.cz/direct/xml-export/shops/heureka-sekce.xml
CZ;4351;Přísady na pečení;Heureka.cz | Jídlo a nápoje | Trvanlivé potraviny | Přísady na vaření a pečení | Přísady na pečení;5;https://www.heureka.cz/direct/xml-export/shops/heureka-sekce.xml
CZ;4325;Chipsy;Heureka.cz | Jídlo a nápoje | Trvanlivé potraviny | Slané snacky | Chipsy;5;https://www.heureka.cz/direct/xml-export/shops/heureka-sekce.xml
CZ;4326;Krekry a snacky;Heureka.cz | Jídlo a nápoje | Trvanlivé potraviny | Slané snacky | Krekry a snacky;5;https://www.heureka.cz/direct/xml-export/shops/heureka-sekce.xml
CZ;4327;Popcorn;Heureka.cz | Jídlo a nápoje | Trvanlivé potraviny | Slané snacky | Popcorn;5;https://www.heureka.cz/direct/xml-export/shops/heureka-sekce.xml
CZ;6884;Strouhanky a obalovací směsi;Heureka.cz | Jídlo a nápoje | Trvanlivé potraviny | Strouhanky a obalovací směsi;4;https://www.heureka.cz/direct/xml-export/shops/heureka-sekce.xml
CZ;2520;Sušené maso;Heureka.cz | Jídlo a nápoje | Trvanlivé potraviny | Sušené maso;4;https://www.heureka.cz/direct/xml-export/shops/heureka-sekce.xml
CZ;3840;Luštěniny;Heureka.cz | Jídlo a nápoje | Trvanlivé potraviny | Těstoviny, rýže, luštěniny | Luštěniny;5;https://www.heureka.cz/direct/xml-export/shops/heureka-sekce.xml
CZ;4333;Obiloviny;Heureka.cz | Jídlo a nápoje | Trvanlivé potraviny | Těstoviny, rýže, luštěniny | Obiloviny;5;https://www.heureka.cz/direct/xml-export/shops/heureka-sekce.xml
CZ;3849;Rýže;Heureka.cz | Jídlo a nápoje | Trvanlivé potraviny | Těstoviny, rýže, luštěniny | Rýže;5;https://www.heureka.cz/direct/xml-export/shops/heureka-sekce.xml
CZ;3837;Těstoviny;Heureka.cz | Jídlo a nápoje | Trvanlivé potraviny | Těstoviny, rýže, luštěniny | Těstoviny;5;https://www.heureka.cz/direct/xml-export/shops/heureka-sekce.xml
CZ;3855;Bylinky;Heureka.cz | Jídlo a nápoje | Čaje a bylinky | Bylinky;4;https://www.heureka.cz/direct/xml-export/shops/heureka-sekce.xml
CZ;1593;Čaje;Heureka.cz | Jídlo a nápoje | Čaje a bylinky | Čaje;4;https://www.heureka.cz/direct/xml-export/shops/heureka-sekce.xml
CZ;4308;Maso, drůbež, ryby;Heureka.cz | Jídlo a nápoje | Čerstvé potraviny | Maso, drůbež, ryby;4;https://www.heureka.cz/direct/xml-export/shops/heureka-sekce.xml
CZ;4302;Margaríny;Heureka.cz | Jídlo a nápoje | Čerstvé potraviny | Másla, margaríny a pomazánky | Margaríny;5;https://www.heureka.cz/direct/xml-export/shops/heureka-sekce.xml
CZ;4301;Másla;Heureka.cz | Jídlo a nápoje | Čerstvé potraviny | Másla, margaríny a pomazánky | Másla;5;https://www.heureka.cz/direct/xml-export/shops/heureka-sekce.xml
CZ;4303;Pomazánková;Heureka.cz | Jídlo a nápoje | Čerstvé potraviny | Másla, margaríny a pomazánky | Pomazánková;5;https://www.heureka.cz/direct/xml-export/shops/heureka-sekce.xml
CZ;3890;Pomazánky;Heureka.cz | Jídlo a nápoje | Čerstvé potraviny | Másla, margaríny a pomazánky | Pomazánky;5;https://www.heureka.cz/direct/xml-export/shops/heureka-sekce.xml
CZ;6365;Aspiky;Heureka.cz | Jídlo a nápoje | Čerstvé potraviny | Uzeniny a lahůdky | Aspiky;5;https://www.heureka.cz/direct/xml-export/shops/heureka-sekce.xml
CZ;6363;Lahůdkové saláty;Heureka.cz | Jídlo a nápoje | Čerstvé potraviny | Uzeniny a lahůdky | Lahůdkové saláty;5;https://www.heureka.cz/direct/xml-export/shops/heureka-sekce.xml
CZ;6364;Nakládané sýry;Heureka.cz | Jídlo a nápoje | Čerstvé potraviny | Uzeniny a lahůdky | Nakládané sýry;5;https://www.heureka.cz/direct/xml-export/shops/heureka-sekce.xml
CZ;6362;Rybí speciality;Heureka.cz | Jídlo a nápoje | Čerstvé potraviny | Uzeniny a lahůdky | Rybí speciality;5;https://www.heureka.cz/direct/xml-export/shops/heureka-sekce.xml
CZ;6366;Tapas, předkrmy a speciality;Heureka.cz | Jídlo a nápoje | Čerstvé potraviny | Uzeniny a lahůdky | Tapas, předkrmy a speciality;5;https://www.heureka.cz/direct/xml-export/shops/heureka-sekce.xml
CZ;3914;Uzeniny;Heureka.cz | Jídlo a nápoje | Čerstvé potraviny | Uzeniny a lahůdky | Uzeniny;5;https://www.heureka.cz/direct/xml-export/shops/heureka-sekce.xml
CZ;8401;Docházkové systémy;Heureka.cz | Kancelář a papírnictví | Kancelářská technika a vybavení provozoven | Docházkové systémy;4;https://www.heureka.cz/direct/xml-export/shops/heureka-sekce.xml
CZ;826;Faxy;Heureka.cz | Kancelář a papírnictví | Kancelářská technika a vybavení provozoven | Faxy;4;https://www.heureka.cz/direct/xml-export/shops/heureka-sekce.xml
CZ;6913;Interaktivní displeje;Heureka.cz | Kancelář a papírnictví | Kancelářská technika a vybavení provozoven | Interaktivní displeje;4;https://www.heureka.cz/direct/xml-export/shops/heureka-sekce.xml
CZ;6914;Komerční panely;Heureka.cz | Kancelář a papírnictví | Kancelářská technika a vybavení provozoven | Komerční panely;4;https://www.heureka.cz/direct/xml-export/shops/heureka-sekce.xml
CZ;1893;Laminátory;Heureka.cz | Kancelář a papírnictví | Kancelářská technika a vybavení provozoven | Laminátory;4;https://www.heureka.cz/direct/xml-export/shops/heureka-sekce.xml
CZ;2082;Datové terminály;Heureka.cz | Kancelář a papírnictví | Kancelářská technika a vybavení provozoven | Pokladní systémy | Datové terminály;5;https://www.heureka.cz/direct/xml-export/shops/heureka-sekce.xml
CZ;2081;Elektronické registrační pokladny;Heureka.cz | Kancelář a papírnictví | Kancelářská technika a vybavení provozoven | Pokladní systémy | Elektronické registrační pokladny;5;https://www.heureka.cz/direct/xml-export/shops/heureka-sekce.xml
CZ;2080;Monitory pro pokladní systémy;Heureka.cz | Kancelář a papírnictví | Kancelářská technika a vybavení provozoven | Pokladní systémy | Monitory pro pokladní systémy;5;https://www.heureka.cz/direct/xml-export/shops/heureka-sekce.xml
CZ;2106;Pokladní terminály;Heureka.cz | Kancelář a papírnictví | Kancelářská technika a vybavení provozoven | Pokladní systémy | Pokladní terminály;5;https://www.heureka.cz/direct/xml-export/shops/heureka-sekce.xml
CZ;2075;Pokladní tiskárny;Heureka.cz | Kancelář a papírnictví | Kancelářská technika a vybavení provozoven | Pokladní systémy | Pokladní tiskárny;5;https://www.heureka.cz/direct/xml-export/shops/heureka-sekce.xml
CZ;2084;Pokladní zásuvky;Heureka.cz | Kancelář a papírnictví | Kancelářská technika a vybavení provozoven | Pokladní systémy | Pokladní zásuvky;5;https://www.heureka.cz/direct/xml-export/shops/heureka-sekce.xml
CZ;4020;Počítačky peněz;Heureka.cz | Kancelář a papírnictví | Kancelářská technika a vybavení provozoven | Pokladní systémy | Počítačky peněz;5;https://www.heureka.cz/direct/xml-export/shops/heureka-sekce.xml
CZ;3703;Termopapíry;Heureka.cz | Kancelář a papírnictví | Kancelářská technika a vybavení provozoven | Pokladní systémy | Termopapíry;5;https://www.heureka.cz/direct/xml-export/shops/heureka-sekce.xml
CZ;5372;Tiskárny plastových karet;Heureka.cz | Kancelář a papírnictví | Kancelářská technika a vybavení provozoven | Pokladní systémy | Tiskárny plastových karet;5;https://www.heureka.cz/direct/xml-export/shops/heureka-sekce.xml
CZ;2077;Zákaznické displeje;Heureka.cz | Kancelář a papírnictví | Kancelářská technika a vybavení provozoven | Pokladní systémy | Zákaznické displeje;5;https://www.heureka.cz/direct/xml-export/shops/heureka-sekce.xml
CZ;2076;Čtečky karet;Heureka.cz | Kancelář a papírnictví | Kancelářská technika a vybavení provozoven | Pokladní systémy | Čtečky karet;5;https://www.heureka.cz/direct/xml-export/shops/heureka-sekce.xml
CZ;2104;Čtečky čárových kódů;Heureka.cz | Kancelář a papírnictví | Kancelářská technika a vybavení provozoven | Pokladní systémy | Čtečky čárových kódů;5;https://www.heureka.cz/direct/xml-export/shops/heureka-sekce.xml
CZ;928;Psací stroje;Heureka.cz | Kancelář a papírnictví | Kancelářská technika a vybavení provozoven | Psací stroje;4;https://www.heureka.cz/direct/xml-export/shops/heureka-sekce.xml
CZ;3192;Barvící pásky;Heureka.cz | Kancelář a papírnictví | Kancelářská technika a vybavení provozoven | Příslušenství ke kancelářské technice | Barvící pásky;5;https://www.heureka.cz/direct/xml-export/shops/heureka-sekce.xml
CZ;3245;Faxové fólie;Heureka.cz | Kancelář a papírnictví | Kancelářská technika a vybavení provozoven | Příslušenství ke kancelářské technice | Faxové fólie;5;https://www.heureka.cz/direct/xml-export/shops/heureka-sekce.xml
CZ;5237;Laminovací fólie;Heureka.cz | Kancelář a papírnictví | Kancelářská technika a vybavení provozoven | Příslušenství ke kancelářské technice | Laminovací fólie;5;https://www.heureka.cz/direct/xml-export/shops/heureka-sekce.xml
CZ;2629;Vázací hřbety a kryty;Heureka.cz | Kancelář a papírnictví | Kancelářská technika a vybavení provozoven | Příslušenství ke kancelářské technice | Vázací hřbety a kryty;5;https://www.heureka.cz/direct/xml-export/shops/heureka-sekce.xml
CZ;1792;Skartovače;Heureka.cz | Kancelář a papírnictví | Kancelářská technika a vybavení provozoven | Skartovače;4;https://www.heureka.cz/direct/xml-export/shops/heureka-sekce.xml
CZ;1945;Tiskárny štítků;Heureka.cz | Kancelář a papírnictví | Kancelářská technika a vybavení provozoven | Tiskárny štítků;4;https://www.heureka.cz/direct/xml-export/shops/heureka-sekce.xml
CZ;1894;Vazače;Heureka.cz | Kancelář a papírnictví | Kancelářská technika a vybavení provozoven | Vazače;4;https://www.heureka.cz/direct/xml-export/shops/heureka-sekce.xml
CZ;1888;Řezačky na papír;Heureka.cz | Kancelář a papírnictví | Kancelářská technika a vybavení provozoven | Řezačky na papír;4;https://www.heureka.cz/direct/xml-export/shops/heureka-sekce.xml
CZ;927;Kalkulačky;Heureka.cz | Kancelář a papírnictví | Kancelářské potřeby | Kalkulačky;4;https://www.heureka.cz/direct/xml-export/shops/heureka-sekce.xml
CZ;6334;Kancelářské sponky a klipy;Heureka.cz | Kancelář a papírnictví | Kancelářské potřeby | Kancelářské sponky a klipy;4;https://www.heureka.cz/direct/xml-export/shops/heureka-sekce.xml
CZ;1884;Korekční prostředky;Heureka.cz | Kancelář a papírnictví | Kancelářské potřeby | Korekční a lepící prostředky | Korekční prostředky;5;https://www.heureka.cz/direct/xml-export/shops/heureka-sekce.xml
CZ;1883;Lepicí pásky;Heureka.cz | Kancelář a papírnictví | Kancelářské potřeby | Korekční a lepící prostředky | Lepicí pásky;5;https://www.heureka.cz/direct/xml-export/shops/heureka-sekce.xml
CZ;1885;Lepidla na papír;Heureka.cz | Kancelář a papírnictví | Kancelářské potřeby | Korekční a lepící prostředky | Lepidla na papír;5;https://www.heureka.cz/direct/xml-export/shops/heureka-sekce.xml
CZ;1890;Nůžky a otvírače obálek;Heureka.cz | Kancelář a papírnictví | Kancelářské potřeby | Nůžky a otvírače obálek;4;https://www.heureka.cz/direct/xml-export/shops/heureka-sekce.xml
CZ;1863;Archivační boxy a krabice;Heureka.cz | Kancelář a papírnictví | Kancelářské potřeby | Organizace a archivace dokumentů | Archivační boxy a krabice;5;https://www.heureka.cz/direct/xml-export/shops/heureka-sekce.xml
CZ;6466;Desky na dokumenty;Heureka.cz | Kancelář a papírnictví | Kancelářské potřeby | Organizace a archivace dokumentů | Desky na dokumenty;5;https://www.heureka.cz/direct/xml-export/shops/heureka-sekce.xml
CZ;8348;Desky s klipem a podložky;Heureka.cz | Kancelář a papírnictví | Kancelářské potřeby | Organizace a archivace dokumentů | Desky s klipem a podložky;5;https://www.heureka.cz/direct/xml-export/shops/heureka-sekce.xml
CZ;4159;Etikety;Heureka.cz | Kancelář a papírnictví | Kancelářské potřeby | Organizace a archivace dokumentů | Etikety;5;https://www.heureka.cz/direct/xml-export/shops/heureka-sekce.xml
CZ;8324;Euroobaly;Heureka.cz | Kancelář a papírnictví | Kancelářské potřeby | Organizace a archivace dokumentů | Euroobaly;5;https://www.heureka.cz/direct/xml-export/shops/heureka-sekce.xml
CZ;8330;Odkladače a zásuvky;Heureka.cz | Kancelář a papírnictví | Kancelářské potřeby | Organizace a archivace dokumentů | Odkladače a zásuvky;5;https://www.heureka.cz/direct/xml-export/shops/heureka-sekce.xml
CZ;1868;Vizitkáře;Heureka.cz | Kancelář a papírnictví | Kancelářské potřeby | Organizace a archivace dokumentů | Vizitkáře;5;https://www.heureka.cz/direct/xml-export/shops/heureka-sekce.xml
CZ;1860;Šanony a pořadače;Heureka.cz | Kancelář a papírnictví | Kancelářské potřeby | Organizace a archivace dokumentů | Šanony a pořadače;5;https://www.heureka.cz/direct/xml-export/shops/heureka-sekce.xml
CZ;2954;Diáře;Heureka.cz | Kancelář a papírnictví | Kancelářské potřeby | Poznámkové bloky a diáře | Diáře;5;https://www.heureka.cz/direct/xml-export/shops/heureka-sekce.xml
CZ;4958;Náplně do diářů;Heureka.cz | Kancelář a papírnictví | Kancelářské potřeby | Poznámkové bloky a diáře | Náplně do diářů;5;https://www.heureka.cz/direct/xml-export/shops/heureka-sekce.xml
CZ;5023;Poznámkové bloky;Heureka.cz | Kancelář a papírnictví | Kancelářské potřeby | Poznámkové bloky a diáře | Poznámkové bloky;5;https://www.heureka.cz/direct/xml-export/shops/heureka-sekce.xml
CZ;5395;Příslušenství pro razítka;Heureka.cz | Kancelář a papírnictví | Kancelářské potřeby | Razítka a příslušenství | Příslušenství pro razítka;5;https://www.heureka.cz/direct/xml-export/shops/heureka-sekce.xml
CZ;1881;Razítka;Heureka.cz | Kancelář a papírnictví | Kancelářské potřeby | Razítka a příslušenství | Razítka;5;https://www.heureka.cz/direct/xml-export/shops/heureka-sekce.xml
CZ;8291;Razítkovací barvy;Heureka.cz | Kancelář a papírnictví | Kancelářské potřeby | Razítka a příslušenství | Razítkovací barvy;5;https://www.heureka.cz/direct/xml-export/shops/heureka-sekce.xml
CZ;8292;Razítkovací polštářky;Heureka.cz | Kancelář a papírnictví | Kancelářské potřeby | Razítka a příslušenství | Razítkovací polštářky;5;https://www.heureka.cz/direct/xml-export/shops/heureka-sekce.xml
CZ;1887;Děrovačky;Heureka.cz | Kancelář a papírnictví | Kancelářské potřeby | Sešívačky a děrovačky | Děrovačky;5;https://www.heureka.cz/direct/xml-export/shops/heureka-sekce.xml
CZ;1889;Náplně do sešívačky;Heureka.cz | Kancelář a papírnictví | Kancelářské potřeby | Sešívačky a děrovačky | Náplně do sešívačky;5;https://www.heureka.cz/direct/xml-export/shops/heureka-sekce.xml
CZ;8338;Rozešívačky;Heureka.cz | Kancelář a papírnictví | Kancelářské potřeby | Sešívačky a děrovačky | Rozešívačky;5;https://www.heureka.cz/direct/xml-export/shops/heureka-sekce.xml
CZ;1886;Sešívačky;Heureka.cz | Kancelář a papírnictví | Kancelářské potřeby | Sešívačky a děrovačky | Sešívačky;5;https://www.heureka.cz/direct/xml-export/shops/heureka-sekce.xml
CZ;2367;Flip-chart;Heureka.cz | Kancelář a papírnictví | Kancelářské potřeby | Vizuální komunikace | Flip-chart;5;https://www.heureka.cz/direct/xml-export/shops/heureka-sekce.xml
CZ;2933;Plakátové rámy;Heureka.cz | Kancelář a papírnictví | Kancelářské potřeby | Vizuální komunikace | Plakátové rámy;5;https://www.heureka.cz/direct/xml-export/shops/heureka-sekce.xml
CZ;2936;Reklamní vitríny;Heureka.cz | Kancelář a papírnictví | Kancelářské potřeby | Vizuální komunikace | Reklamní vitríny;5;https://www.heureka.cz/direct/xml-export/shops/heureka-sekce.xml
CZ;2935;Roll up bannery;Heureka.cz | Kancelář a papírnictví | Kancelářské potřeby | Vizuální komunikace | Roll up bannery;5;https://www.heureka.cz/direct/xml-export/shops/heureka-sekce.xml
CZ;2934;Stojany na plakáty a letáky;Heureka.cz | Kancelář a papírnictví | Kancelářské potřeby | Vizuální komunikace | Stojany na plakáty a letáky;5;https://www.heureka.cz/direct/xml-export/shops/heureka-sekce.xml
CZ;2937;Světelné rámy;Heureka.cz | Kancelář a papírnictví | Kancelářské potřeby | Vizuální komunikace | Světelné rámy;5;https://www.heureka.cz/direct/xml-export/shops/heureka-sekce.xml
CZ;2938;Tabule;Heureka.cz | Kancelář a papírnictví | Kancelářské potřeby | Vizuální komunikace | Tabule;5;https://www.heureka.cz/direct/xml-export/shops/heureka-sekce.xml
CZ;2747;Čtecí lupy;Heureka.cz | Kancelář a papírnictví | Kancelářské potřeby | Čtecí lupy;4;https://www.heureka.cz/direct/xml-export/shops/heureka-sekce.xml
CZ;6335;Špendlíky a připínáčky;Heureka.cz | Kancelář a papírnictví | Kancelářské potřeby | Špendlíky a připínáčky;4;https://www.heureka.cz/direct/xml-export/shops/heureka-sekce.xml
CZ;4681;Obálky;Heureka.cz | Kancelář a papírnictví | Papírnictví | Obálky;4;https://www.heureka.cz/direct/xml-export/shops/heureka-sekce.xml
CZ;3747;Fixy;Heureka.cz | Kancelář a papírnictví | Papírnictví | Psací potřeby a příslušenství | Fixy;5;https://www.heureka.cz/direct/xml-export/shops/heureka-sekce.xml
CZ;7012;Kaligrafické sady;Heureka.cz | Kancelář a papírnictví | Papírnictví | Psací potřeby a příslušenství | Kaligrafie | Kaligrafické sady;6;https://www.heureka.cz/direct/xml-export/shops/heureka-sekce.xml
CZ;6963;Pečetní vosky a pečetidla;Heureka.cz | Kancelář a papírnictví | Papírnictví | Psací potřeby a příslušenství | Kaligrafie | Pečetní vosky a pečetidla;6;https://www.heureka.cz/direct/xml-export/shops/heureka-sekce.xml
CZ;1880;Náplně do psacích potřeb;Heureka.cz | Kancelář a papírnictví | Papírnictví | Psací potřeby a příslušenství | Náplně do psacích potřeb;5;https://www.heureka.cz/direct/xml-export/shops/heureka-sekce.xml
CZ;1873;Pera a propisky;Heureka.cz | Kancelář a papírnictví | Papírnictví | Psací potřeby a příslušenství | Pera a propisky;5;https://www.heureka.cz/direct/xml-export/shops/heureka-sekce.xml
CZ;1875;Popisovače;Heureka.cz | Kancelář a papírnictví | Papírnictví | Psací potřeby a příslušenství | Popisovače;5;https://www.heureka.cz/direct/xml-export/shops/heureka-sekce.xml
CZ;1878;Pravítka;Heureka.cz | Kancelář a papírnictví | Papírnictví | Psací potřeby a příslušenství | Pravítka;5;https://www.heureka.cz/direct/xml-export/shops/heureka-sekce.xml
CZ;1988;Psací soupravy;Heureka.cz | Kancelář a papírnictví | Papírnictví | Psací potřeby a příslušenství | Psací soupravy;5;https://www.heureka.cz/direct/xml-export/shops/heureka-sekce.xml
CZ;1874;Tužky, mikrotužky a versatilky;Heureka.cz | Kancelář a papírnictví | Papírnictví | Psací potřeby a příslušenství | Tužky, mikrotužky a versatilky;5;https://www.heureka.cz/direct/xml-export/shops/heureka-sekce.xml
CZ;1876;Zvýrazňovače;Heureka.cz | Kancelář a papírnictví | Papírnictví | Psací potřeby a příslušenství | Zvýrazňovače;5;https://www.heureka.cz/direct/xml-export/shops/heureka-sekce.xml
CZ;5295;Pohlednice;Heureka.cz | Kancelář a papírnictví | Papírnictví | Přání a pohlednice | Pohlednice;5;https://www.heureka.cz/direct/xml-export/shops/heureka-sekce.xml
CZ;5296;Přání;Heureka.cz | Kancelář a papírnictví | Papírnictví | Přání a pohlednice | Přání;5;https://www.heureka.cz/direct/xml-export/shops/heureka-sekce.xml
CZ;5025;Tiskopisy;Heureka.cz | Kancelář a papírnictví | Papírnictví | Tiskopisy;4;https://www.heureka.cz/direct/xml-export/shops/heureka-sekce.xml
CZ;6867;Barvy na batikování;Heureka.cz | Kancelář a papírnictví | Papírnictví | Výtvarné a kreativní potřeby | Kreativní tvoření | Batikování | Barvy na batikování;7;https://www.heureka.cz/direct/xml-export/shops/heureka-sekce.xml
CZ;4768;Laky a lepidla na decoupage;Heureka.cz | Kancelář a papírnictví | Papírnictví | Výtvarné a kreativní potřeby | Kreativní tvoření | Decoupage | Laky a lepidla na decoupage;7;https://www.heureka.cz/direct/xml-export/shops/heureka-sekce.xml
CZ;4767;Ubrousky na decoupage;Heureka.cz | Kancelář a papírnictví | Papírnictví | Výtvarné a kreativní potřeby | Kreativní tvoření | Decoupage | Ubrousky na decoupage;7;https://www.heureka.cz/direct/xml-export/shops/heureka-sekce.xml
CZ;8289;Diamantové malování;Heureka.cz | Kancelář a papírnictví | Papírnictví | Výtvarné a kreativní potřeby | Kreativní tvoření | Diamantové malování;6;https://www.heureka.cz/direct/xml-export/shops/heureka-sekce.xml
CZ;8321;Enkaustické vosky;Heureka.cz | Kancelář a papírnictví | Papírnictví | Výtvarné a kreativní potřeby | Kreativní tvoření | Enkaustika | Enkaustické vosky;7;https://www.heureka.cz/direct/xml-export/shops/heureka-sekce.xml
CZ;8322;Ostatní pomůcky pro enkaustiku;Heureka.cz | Kancelář a papírnictví | Papírnictví | Výtvarné a kreativní potřeby | Kreativní tvoření | Enkaustika | Ostatní pomůcky pro enkaustiku;7;https://www.heureka.cz/direct/xml-export/shops/heureka-sekce.xml
CZ;4755;Keramické hmoty;Heureka.cz | Kancelář a papírnictví | Papírnictví | Výtvarné a kreativní potřeby | Kreativní tvoření | Keramika | Keramické hmoty;7;https://www.heureka.cz/direct/xml-export/shops/heureka-sekce.xml
CZ;4762;Šablony na textil a hedvábí;Heureka.cz | Kancelář a papírnictví | Papírnictví | Výtvarné a kreativní potřeby | Kreativní tvoření | Malování na textil a hedvábí | Šablony na textil a hedvábí;7;https://www.heureka.cz/direct/xml-export/shops/heureka-sekce.xml
CZ;8339;Polotovary k dotvoření;Heureka.cz | Kancelář a papírnictví | Papírnictví | Výtvarné a kreativní potřeby | Kreativní tvoření | Polotovary k dotvoření;6;https://www.heureka.cz/direct/xml-export/shops/heureka-sekce.xml
CZ;5071;Scrapbooking sety;Heureka.cz | Kancelář a papírnictví | Papírnictví | Výtvarné a kreativní potřeby | Kreativní tvoření | Scrapbooking | Scrapbooking sety;7;https://www.heureka.cz/direct/xml-export/shops/heureka-sekce.xml
CZ;7011;Vyřezávací a embosovací stroje;Heureka.cz | Kancelář a papírnictví | Papírnictví | Výtvarné a kreativní potřeby | Kreativní tvoření | Scrapbooking | Vyřezávací a embosovací stroje;7;https://www.heureka.cz/direct/xml-export/shops/heureka-sekce.xml
CZ;8329;Pigmenty do pryskyřice;Heureka.cz | Kancelář a papírnictví | Papírnictví | Výtvarné a kreativní potřeby | Kreativní tvoření | Tvoření z pryskyřice | Pigmenty do pryskyřice;7;https://www.heureka.cz/direct/xml-export/shops/heureka-sekce.xml
CZ;3768;Dětské samolepky;Heureka.cz | Kancelář a papírnictví | Papírnictví | Výtvarné a kreativní potřeby | Kreativní tvoření | Vystřihování a lepení | Dětské samolepky;7;https://www.heureka.cz/direct/xml-export/shops/heureka-sekce.xml
CZ;6025;Ozdobné děrovačky;Heureka.cz | Kancelář a papírnictví | Papírnictví | Výtvarné a kreativní potřeby | Kreativní tvoření | Vystřihování a lepení | Ozdobné děrovačky;7;https://www.heureka.cz/direct/xml-export/shops/heureka-sekce.xml
CZ;4026;Vystřihovánky a papírové modely;Heureka.cz | Kancelář a papírnictví | Papírnictví | Výtvarné a kreativní potřeby | Kreativní tvoření | Vystřihování a lepení | Vystřihovánky a papírové modely;7;https://www.heureka.cz/direct/xml-export/shops/heureka-sekce.xml
CZ;6951;Washi pásky;Heureka.cz | Kancelář a papírnictví | Papírnictví | Výtvarné a kreativní potřeby | Kreativní tvoření | Vystřihování a lepení | Washi pásky;7;https://www.heureka.cz/direct/xml-export/shops/heureka-sekce.xml
CZ;4713;Výtvarné a kreativní sady;Heureka.cz | Kancelář a papírnictví | Papírnictví | Výtvarné a kreativní potřeby | Kreativní tvoření | Výtvarné a kreativní sady;6;https://www.heureka.cz/direct/xml-export/shops/heureka-sekce.xml
CZ;4451;Barevné papíry;Heureka.cz | Kancelář a papírnictví | Papírnictví | Výtvarné a kreativní potřeby | Papíry na kreslení a kartony | Barevné papíry;6;https://www.heureka.cz/direct/xml-export/shops/heureka-sekce.xml
CZ;4712;Desky na výkresy;Heureka.cz | Kancelář a papírnictví | Papírnictví | Výtvarné a kreativní potřeby | Papíry na kreslení a kartony | Desky na výkresy;6;https://www.heureka.cz/direct/xml-export/shops/heureka-sekce.xml
CZ;5098;Krepové papíry;Heureka.cz | Kancelář a papírnictví | Papírnictví | Výtvarné a kreativní potřeby | Papíry na kreslení a kartony | Krepové papíry;6;https://www.heureka.cz/direct/xml-export/shops/heureka-sekce.xml
CZ;5097;Papírové čtvrtky;Heureka.cz | Kancelář a papírnictví | Papírnictví | Výtvarné a kreativní potřeby | Papíry na kreslení a kartony | Papírové čtvrtky;6;https://www.heureka.cz/direct/xml-export/shops/heureka-sekce.xml
CZ;847;Papíry do tiskáren;Heureka.cz | Kancelář a papírnictví | Papírnictví | Výtvarné a kreativní potřeby | Papíry na kreslení a kartony | Papíry do tiskáren;6;https://www.heureka.cz/direct/xml-export/shops/heureka-sekce.xml
CZ;4452;Skicáky a náčrtníky;Heureka.cz | Kancelář a papírnictví | Papírnictví | Výtvarné a kreativní potřeby | Papíry na kreslení a kartony | Skicáky a náčrtníky;6;https://www.heureka.cz/direct/xml-export/shops/heureka-sekce.xml
CZ;4695;Kreslící tabulky;Heureka.cz | Kancelář a papírnictví | Papírnictví | Výtvarné a kreativní potřeby | Potřeby na kreslení | Kreslící tabulky;6;https://www.heureka.cz/direct/xml-export/shops/heureka-sekce.xml
CZ;5917;Kreslící šablony;Heureka.cz | Kancelář a papírnictví | Papírnictví | Výtvarné a kreativní potřeby | Potřeby na kreslení | Kreslící šablony;6;https://www.heureka.cz/direct/xml-export/shops/heureka-sekce.xml
CZ;4706;Křídy a uhly;Heureka.cz | Kancelář a papírnictví | Papírnictví | Výtvarné a kreativní potřeby | Potřeby na kreslení | Křídy a uhly;6;https://www.heureka.cz/direct/xml-export/shops/heureka-sekce.xml
CZ;4694;Omalovánky;Heureka.cz | Kancelář a papírnictví | Papírnictví | Výtvarné a kreativní potřeby | Potřeby na kreslení | Omalovánky;6;https://www.heureka.cz/direct/xml-export/shops/heureka-sekce.xml
CZ;1877;Pastelky;Heureka.cz | Kancelář a papírnictví | Papírnictví | Výtvarné a kreativní potřeby | Potřeby na kreslení | Pastelky;6;https://www.heureka.cz/direct/xml-export/shops/heureka-sekce.xml
CZ;4699;Pastely;Heureka.cz | Kancelář a papírnictví | Papírnictví | Výtvarné a kreativní potřeby | Potřeby na kreslení | Pastely;6;https://www.heureka.cz/direct/xml-export/shops/heureka-sekce.xml
CZ;4707;Tuše a inkousty;Heureka.cz | Kancelář a papírnictví | Papírnictví | Výtvarné a kreativní potřeby | Potřeby na kreslení | Tuše a inkousty;6;https://www.heureka.cz/direct/xml-export/shops/heureka-sekce.xml
CZ;4700;Voskovky;Heureka.cz | Kancelář a papírnictví | Papírnictví | Výtvarné a kreativní potřeby | Potřeby na kreslení | Voskovky;6;https://www.heureka.cz/direct/xml-export/shops/heureka-sekce.xml
CZ;4763;Malířská plátna;Heureka.cz | Kancelář a papírnictví | Papírnictví | Výtvarné a kreativní potřeby | Potřeby na malování | Malování na plátno | Malířská plátna;7;https://www.heureka.cz/direct/xml-export/shops/heureka-sekce.xml
CZ;6000;Malířské stojany;Heureka.cz | Kancelář a papírnictví | Papírnictví | Výtvarné a kreativní potřeby | Potřeby na malování | Malování na plátno | Malířské stojany;7;https://www.heureka.cz/direct/xml-export/shops/heureka-sekce.xml
CZ;2986;Malování podle čísel;Heureka.cz | Kancelář a papírnictví | Papírnictví | Výtvarné a kreativní potřeby | Potřeby na malování | Malování podle čísel;6;https://www.heureka.cz/direct/xml-export/shops/heureka-sekce.xml
CZ;4715;Akrylové a olejové barvy;Heureka.cz | Kancelář a papírnictví | Papírnictví | Výtvarné a kreativní potřeby | Potřeby na malování | Umělecké barvy | Akrylové a olejové barvy;7;https://www.heureka.cz/direct/xml-export/shops/heureka-sekce.xml
CZ;4764;Akvarelové barvy;Heureka.cz | Kancelář a papírnictví | Papírnictví | Výtvarné a kreativní potřeby | Potřeby na malování | Umělecké barvy | Akvarelové barvy;7;https://www.heureka.cz/direct/xml-export/shops/heureka-sekce.xml
CZ;4765;Barvy a kontury na hedvábí;Heureka.cz | Kancelář a papírnictví | Papírnictví | Výtvarné a kreativní potřeby | Potřeby na malování | Umělecké barvy | Barvy a kontury na hedvábí;7;https://www.heureka.cz/direct/xml-export/shops/heureka-sekce.xml
CZ;2994;Barvy na sklo;Heureka.cz | Kancelář a papírnictví | Papírnictví | Výtvarné a kreativní potřeby | Potřeby na malování | Umělecké barvy | Barvy na sklo;7;https://www.heureka.cz/direct/xml-export/shops/heureka-sekce.xml
CZ;3746;Barvy na textil;Heureka.cz | Kancelář a papírnictví | Papírnictví | Výtvarné a kreativní potřeby | Potřeby na malování | Umělecké barvy | Barvy na textil;7;https://www.heureka.cz/direct/xml-export/shops/heureka-sekce.xml
CZ;2993;Barvy na tělo;Heureka.cz | Kancelář a papírnictví | Papírnictví | Výtvarné a kreativní potřeby | Potřeby na malování | Umělecké barvy | Barvy na tělo;7;https://www.heureka.cz/direct/xml-export/shops/heureka-sekce.xml
CZ;4756;Glazury a keramické barvy;Heureka.cz | Kancelář a papírnictví | Papírnictví | Výtvarné a kreativní potřeby | Potřeby na malování | Umělecké barvy | Glazury a keramické barvy;7;https://www.heureka.cz/direct/xml-export/shops/heureka-sekce.xml
CZ;2991;Temperové barvy;Heureka.cz | Kancelář a papírnictví | Papírnictví | Výtvarné a kreativní potřeby | Potřeby na malování | Umělecké barvy | Temperové barvy;7;https://www.heureka.cz/direct/xml-export/shops/heureka-sekce.xml
CZ;5982;Vodové barvy;Heureka.cz | Kancelář a papírnictví | Papírnictví | Výtvarné a kreativní potřeby | Potřeby na malování | Umělecké barvy | Vodové barvy;7;https://www.heureka.cz/direct/xml-export/shops/heureka-sekce.xml
CZ;5101;Štětce a palety;Heureka.cz | Kancelář a papírnictví | Papírnictví | Výtvarné a kreativní potřeby | Potřeby na malování | Štětce a palety;6;https://www.heureka.cz/direct/xml-export/shops/heureka-sekce.xml
CZ;5069;Korálkování;Heureka.cz | Kancelář a papírnictví | Papírnictví | Výtvarné a kreativní potřeby | Ruční práce | Korálkování;6;https://www.heureka.cz/direct/xml-export/shops/heureka-sekce.xml
CZ;4777;Látky na patchwork;Heureka.cz | Kancelář a papírnictví | Papírnictví | Výtvarné a kreativní potřeby | Ruční práce | Patchwork | Látky na patchwork;7;https://www.heureka.cz/direct/xml-export/shops/heureka-sekce.xml
CZ;4778;Ostatní pomůcky na patchwork;Heureka.cz | Kancelář a papírnictví | Papírnictví | Výtvarné a kreativní potřeby | Ruční práce | Patchwork | Ostatní pomůcky na patchwork;7;https://www.heureka.cz/direct/xml-export/shops/heureka-sekce.xml
CZ;4727;Pedig a proutí;Heureka.cz | Kancelář a papírnictví | Papírnictví | Výtvarné a kreativní potřeby | Ruční práce | Pletení z proutí | Pedig a proutí;7;https://www.heureka.cz/direct/xml-export/shops/heureka-sekce.xml
CZ;4743;Vyšívací předlohy;Heureka.cz | Kancelář a papírnictví | Papírnictví | Výtvarné a kreativní potřeby | Ruční práce | Vyšívání a pletení | Vyšívací předlohy;7;https://www.heureka.cz/direct/xml-export/shops/heureka-sekce.xml
CZ;4745;Vyšívací rámečky a kruhy;Heureka.cz | Kancelář a papírnictví | Papírnictví | Výtvarné a kreativní potřeby | Ruční práce | Vyšívání a pletení | Vyšívací rámečky a kruhy;7;https://www.heureka.cz/direct/xml-export/shops/heureka-sekce.xml
CZ;4102;Desky na abecedu a číslice;Heureka.cz | Kancelář a papírnictví | Školní potřeby | Desky na abecedu a číslice;4;https://www.heureka.cz/direct/xml-export/shops/heureka-sekce.xml
CZ;4105;Dětské kufříky;Heureka.cz | Kancelář a papírnictví | Školní potřeby | Dětské kufříky;4;https://www.heureka.cz/direct/xml-export/shops/heureka-sekce.xml
CZ;4101;Kornouty pro prvňáčky;Heureka.cz | Kancelář a papírnictví | Školní potřeby | Kornouty pro prvňáčky;4;https://www.heureka.cz/direct/xml-export/shops/heureka-sekce.xml
CZ;2946;Podložky na psací stůl;Heureka.cz | Kancelář a papírnictví | Školní potřeby | Podložky na psací stůl;4;https://www.heureka.cz/direct/xml-export/shops/heureka-sekce.xml
CZ;4448;Písmenka a číslice;Heureka.cz | Kancelář a papírnictví | Školní potřeby | Písmenka a číslice;4;https://www.heureka.cz/direct/xml-export/shops/heureka-sekce.xml
CZ;4456;Gumy a pryže;Heureka.cz | Kancelář a papírnictví | Školní potřeby | Rýsovací potřeby | Gumy a pryže;5;https://www.heureka.cz/direct/xml-export/shops/heureka-sekce.xml
CZ;4455;Kružítka;Heureka.cz | Kancelář a papírnictví | Školní potřeby | Rýsovací potřeby | Kružítka;5;https://www.heureka.cz/direct/xml-export/shops/heureka-sekce.xml
CZ;4453;Milimetrové papíry;Heureka.cz | Kancelář a papírnictví | Školní potřeby | Rýsovací potřeby | Milimetrové papíry;5;https://www.heureka.cz/direct/xml-export/shops/heureka-sekce.xml
CZ;5024;Ořezávátka;Heureka.cz | Kancelář a papírnictví | Školní potřeby | Rýsovací potřeby | Ořezávátka;5;https://www.heureka.cz/direct/xml-export/shops/heureka-sekce.xml
CZ;3032;Sady školních pomůcek;Heureka.cz | Kancelář a papírnictví | Školní potřeby | Sady školních pomůcek;4;https://www.heureka.cz/direct/xml-export/shops/heureka-sekce.xml
CZ;4460;Stojánky na čtení;Heureka.cz | Kancelář a papírnictví | Školní potřeby | Stojánky na čtení;4;https://www.heureka.cz/direct/xml-export/shops/heureka-sekce.xml
CZ;4714;Zástěry a ubrusy na tvoření;Heureka.cz | Kancelář a papírnictví | Školní potřeby | Zástěry a ubrusy na tvoření;4;https://www.heureka.cz/direct/xml-export/shops/heureka-sekce.xml
CZ;2382;Školní batohy;Heureka.cz | Kancelář a papírnictví | Školní potřeby | Školní batohy;4;https://www.heureka.cz/direct/xml-export/shops/heureka-sekce.xml
CZ;4445;Školní papírové hodiny;Heureka.cz | Kancelář a papírnictví | Školní potřeby | Školní papírové hodiny;4;https://www.heureka.cz/direct/xml-export/shops/heureka-sekce.xml
CZ;2381;Školní penály;Heureka.cz | Kancelář a papírnictví | Školní potřeby | Školní penály;4;https://www.heureka.cz/direct/xml-export/shops/heureka-sekce.xml
CZ;8278;Školní počítadla;Heureka.cz | Kancelář a papírnictví | Školní potřeby | Školní počítadla;4;https://www.heureka.cz/direct/xml-export/shops/heureka-sekce.xml
CZ;3015;Boxy na sešity;Heureka.cz | Kancelář a papírnictví | Školní potřeby | Školní sešity a doplňky | Boxy na sešity;5;https://www.heureka.cz/direct/xml-export/shops/heureka-sekce.xml
CZ;2945;Obaly na sešity;Heureka.cz | Kancelář a papírnictví | Školní potřeby | Školní sešity a doplňky | Obaly na sešity;5;https://www.heureka.cz/direct/xml-export/shops/heureka-sekce.xml
CZ;4103;Podložky do sešitů;Heureka.cz | Kancelář a papírnictví | Školní potřeby | Školní sešity a doplňky | Podložky do sešitů;5;https://www.heureka.cz/direct/xml-export/shops/heureka-sekce.xml
CZ;2944;Školní sešity;Heureka.cz | Kancelář a papírnictví | Školní potřeby | Školní sešity a doplňky | Školní sešity;5;https://www.heureka.cz/direct/xml-export/shops/heureka-sekce.xml
CZ;8467;Barvy na řasy a obočí;Heureka.cz | Kosmetika a parfémy | Dekorativní kosmetika | Oči a obočí | Barvy na řasy a obočí;5;https://www.heureka.cz/direct/xml-export/shops/heureka-sekce.xml
CZ;5624;Lepidla na umělé řasy;Heureka.cz | Kosmetika a parfémy | Dekorativní kosmetika | Oči a obočí | Lepidla na umělé řasy;5;https://www.heureka.cz/direct/xml-export/shops/heureka-sekce.xml
CZ;8476;Linky na obočí;Heureka.cz | Kosmetika a parfémy | Dekorativní kosmetika | Oči a obočí | Linky na obočí;5;https://www.heureka.cz/direct/xml-export/shops/heureka-sekce.xml
CZ;5959;Oční linky;Heureka.cz | Kosmetika a parfémy | Dekorativní kosmetika | Oči a obočí | Oční linky;5;https://www.heureka.cz/direct/xml-export/shops/heureka-sekce.xml
CZ;1647;Oční stíny;Heureka.cz | Kosmetika a parfémy | Dekorativní kosmetika | Oči a obočí | Oční stíny;5;https://www.heureka.cz/direct/xml-export/shops/heureka-sekce.xml
CZ;8508;Pudry na obočí;Heureka.cz | Kosmetika a parfémy | Dekorativní kosmetika | Oči a obočí | Pudry na obočí;5;https://www.heureka.cz/direct/xml-export/shops/heureka-sekce.xml
CZ;6922;Tužky na obočí;Heureka.cz | Kosmetika a parfémy | Dekorativní kosmetika | Oči a obočí | Tužky na obočí;5;https://www.heureka.cz/direct/xml-export/shops/heureka-sekce.xml
CZ;5957;Tužky na oči;Heureka.cz | Kosmetika a parfémy | Dekorativní kosmetika | Oči a obočí | Tužky na oči;5;https://www.heureka.cz/direct/xml-export/shops/heureka-sekce.xml
CZ;5620;Umělé řasy;Heureka.cz | Kosmetika a parfémy | Dekorativní kosmetika | Oči a obočí | Umělé řasy;5;https://www.heureka.cz/direct/xml-export/shops/heureka-sekce.xml
CZ;8522;Vosky na obočí;Heureka.cz | Kosmetika a parfémy | Dekorativní kosmetika | Oči a obočí | Vosky na obočí;5;https://www.heureka.cz/direct/xml-export/shops/heureka-sekce.xml
CZ;5956;Řasenky;Heureka.cz | Kosmetika a parfémy | Dekorativní kosmetika | Oči a obočí | Řasenky;5;https://www.heureka.cz/direct/xml-export/shops/heureka-sekce.xml
CZ;8506;Řasenky a gely na obočí;Heureka.cz | Kosmetika a parfémy | Dekorativní kosmetika | Oči a obočí | Řasenky a gely na obočí;5;https://www.heureka.cz/direct/xml-export/shops/heureka-sekce.xml
CZ;1651;Paletky dekorativní kosmetiky;Heureka.cz | Kosmetika a parfémy | Dekorativní kosmetika | Paletky dekorativní kosmetiky;4;https://www.heureka.cz/direct/xml-export/shops/heureka-sekce.xml
CZ;5883;Balzámy na rty;Heureka.cz | Kosmetika a parfémy | Dekorativní kosmetika | Rty | Balzámy na rty;5;https://www.heureka.cz/direct/xml-export/shops/heureka-sekce.xml
CZ;5884;Lesky na rty;Heureka.cz | Kosmetika a parfémy | Dekorativní kosmetika | Rty | Lesky na rty;5;https://www.heureka.cz/direct/xml-export/shops/heureka-sekce.xml
CZ;5886;Podkladové báze na rty;Heureka.cz | Kosmetika a parfémy | Dekorativní kosmetika | Rty | Podkladové báze na rty;5;https://www.heureka.cz/direct/xml-export/shops/heureka-sekce.xml
CZ;1648;Rtěnky;Heureka.cz | Kosmetika a parfémy | Dekorativní kosmetika | Rty | Rtěnky;5;https://www.heureka.cz/direct/xml-export/shops/heureka-sekce.xml
CZ;6980;Tinty na rty;Heureka.cz | Kosmetika a parfémy | Dekorativní kosmetika | Rty | Tinty na rty;5;https://www.heureka.cz/direct/xml-export/shops/heureka-sekce.xml
CZ;5885;Tužky na rty;Heureka.cz | Kosmetika a parfémy | Dekorativní kosmetika | Rty | Tužky na rty;5;https://www.heureka.cz/direct/xml-export/shops/heureka-sekce.xml
CZ;6865;Bronzery;Heureka.cz | Kosmetika a parfémy | Dekorativní kosmetika | Tvář | Bronzery;5;https://www.heureka.cz/direct/xml-export/shops/heureka-sekce.xml
CZ;6866;Fixace make-upu;Heureka.cz | Kosmetika a parfémy | Dekorativní kosmetika | Tvář | Fixace make-upu;5;https://www.heureka.cz/direct/xml-export/shops/heureka-sekce.xml
CZ;6427;Korektory na tvář;Heureka.cz | Kosmetika a parfémy | Dekorativní kosmetika | Tvář | Korektory na tvář;5;https://www.heureka.cz/direct/xml-export/shops/heureka-sekce.xml
CZ;6404;Make-upy;Heureka.cz | Kosmetika a parfémy | Dekorativní kosmetika | Tvář | Make-upy;5;https://www.heureka.cz/direct/xml-export/shops/heureka-sekce.xml
CZ;6426;Podkladové báze;Heureka.cz | Kosmetika a parfémy | Dekorativní kosmetika | Tvář | Podkladové báze;5;https://www.heureka.cz/direct/xml-export/shops/heureka-sekce.xml
CZ;6463;Pudry na tvář;Heureka.cz | Kosmetika a parfémy | Dekorativní kosmetika | Tvář | Pudry na tvář;5;https://www.heureka.cz/direct/xml-export/shops/heureka-sekce.xml
CZ;6917;Přípravky na konturování tváře;Heureka.cz | Kosmetika a parfémy | Dekorativní kosmetika | Tvář | Přípravky na konturování tváře;5;https://www.heureka.cz/direct/xml-export/shops/heureka-sekce.xml
CZ;6514;Rozjasňovače;Heureka.cz | Kosmetika a parfémy | Dekorativní kosmetika | Tvář | Rozjasňovače;5;https://www.heureka.cz/direct/xml-export/shops/heureka-sekce.xml
CZ;6464;Tvářenky;Heureka.cz | Kosmetika a parfémy | Dekorativní kosmetika | Tvář | Tvářenky;5;https://www.heureka.cz/direct/xml-export/shops/heureka-sekce.xml
CZ;1649;Tónovací krémy;Heureka.cz | Kosmetika a parfémy | Dekorativní kosmetika | Tvář | Tónovací krémy;5;https://www.heureka.cz/direct/xml-export/shops/heureka-sekce.xml
CZ;5988;Dětské krémy;Heureka.cz | Kosmetika a parfémy | Děti | Dětská kosmetika | Dětské krémy;5;https://www.heureka.cz/direct/xml-export/shops/heureka-sekce.xml
CZ;5987;Dětské masti;Heureka.cz | Kosmetika a parfémy | Děti | Dětská kosmetika | Dětské masti;5;https://www.heureka.cz/direct/xml-export/shops/heureka-sekce.xml
CZ;5989;Dětské oleje;Heureka.cz | Kosmetika a parfémy | Děti | Dětská kosmetika | Dětské oleje;5;https://www.heureka.cz/direct/xml-export/shops/heureka-sekce.xml
CZ;5990;Dětské pudry a zásypy;Heureka.cz | Kosmetika a parfémy | Děti | Dětská kosmetika | Dětské pudry a zásypy;5;https://www.heureka.cz/direct/xml-export/shops/heureka-sekce.xml
CZ;5985;Dětské pěny do koupele;Heureka.cz | Kosmetika a parfémy | Děti | Dětská kosmetika | Dětské pěny do koupele;5;https://www.heureka.cz/direct/xml-export/shops/heureka-sekce.xml
CZ;5986;Dětské sprchové gely;Heureka.cz | Kosmetika a parfémy | Děti | Dětská kosmetika | Dětské sprchové gely;5;https://www.heureka.cz/direct/xml-export/shops/heureka-sekce.xml
CZ;1799;Dětské šampony;Heureka.cz | Kosmetika a parfémy | Děti | Dětská kosmetika | Dětské šampony;5;https://www.heureka.cz/direct/xml-export/shops/heureka-sekce.xml
CZ;5991;Ostatní dětská kosmetika;Heureka.cz | Kosmetika a parfémy | Děti | Dětská kosmetika | Ostatní dětská kosmetika;5;https://www.heureka.cz/direct/xml-export/shops/heureka-sekce.xml
CZ;4140;Intimní mycí prostředky;Heureka.cz | Kosmetika a parfémy | Hygiena a hygienické potřeby | Intimní hygiena | Intimní mycí prostředky;5;https://www.heureka.cz/direct/xml-export/shops/heureka-sekce.xml
CZ;3076;Hygienické vložky;Heureka.cz | Kosmetika a parfémy | Hygiena a hygienické potřeby | Intimní hygiena | Menstruační pomůcky | Hygienické vložky;6;https://www.heureka.cz/direct/xml-export/shops/heureka-sekce.xml
CZ;5759;Menstruační kalhotky;Heureka.cz | Kosmetika a parfémy | Hygiena a hygienické potřeby | Intimní hygiena | Menstruační pomůcky | Menstruační kalhotky;6;https://www.heureka.cz/direct/xml-export/shops/heureka-sekce.xml
CZ;3077;Menstruační kalíšky;Heureka.cz | Kosmetika a parfémy | Hygiena a hygienické potřeby | Intimní hygiena | Menstruační pomůcky | Menstruační kalíšky;6;https://www.heureka.cz/direct/xml-export/shops/heureka-sekce.xml
CZ;2265;Menstruační tampony;Heureka.cz | Kosmetika a parfémy | Hygiena a hygienické potřeby | Intimní hygiena | Menstruační pomůcky | Menstruační tampony;6;https://www.heureka.cz/direct/xml-export/shops/heureka-sekce.xml
CZ;2320;Přípravky na inkontinenci;Heureka.cz | Kosmetika a parfémy | Hygiena a hygienické potřeby | Intimní hygiena | Přípravky na inkontinenci;5;https://www.heureka.cz/direct/xml-export/shops/heureka-sekce.xml
CZ;5246;Papírové kapesníky;Heureka.cz | Kosmetika a parfémy | Hygiena a hygienické potřeby | Kapesníky | Papírové kapesníky;5;https://www.heureka.cz/direct/xml-export/shops/heureka-sekce.xml
CZ;8550;Tekutá mýdla;Heureka.cz | Kosmetika a parfémy | Hygiena a hygienické potřeby | Mýdla | Tekutá mýdla;5;https://www.heureka.cz/direct/xml-export/shops/heureka-sekce.xml
CZ;8549;Tuhá mýdla;Heureka.cz | Kosmetika a parfémy | Hygiena a hygienické potřeby | Mýdla | Tuhá mýdla;5;https://www.heureka.cz/direct/xml-export/shops/heureka-sekce.xml
CZ;3057;Toaletní papíry;Heureka.cz | Kosmetika a parfémy | Hygiena a hygienické potřeby | Toaletní papíry;4;https://www.heureka.cz/direct/xml-export/shops/heureka-sekce.xml
CZ;3061;Vlhčené ubrousky;Heureka.cz | Kosmetika a parfémy | Hygiena a hygienické potřeby | Vlhčené ubrousky;4;https://www.heureka.cz/direct/xml-export/shops/heureka-sekce.xml
CZ;4483;Kosmetické kufříky;Heureka.cz | Kosmetika a parfémy | Kosmetické kufříky;3;https://www.heureka.cz/direct/xml-export/shops/heureka-sekce.xml
CZ;5905;Houbičky na make-up;Heureka.cz | Kosmetika a parfémy | Kosmetické pomůcky | Houbičky na make-up;4;https://www.heureka.cz/direct/xml-export/shops/heureka-sekce.xml
CZ;5909;Kadeřnické nůžky;Heureka.cz | Kosmetika a parfémy | Kosmetické pomůcky | Kadeřnické nůžky;4;https://www.heureka.cz/direct/xml-export/shops/heureka-sekce.xml
CZ;5906;Kleštičky na nehty;Heureka.cz | Kosmetika a parfémy | Kosmetické pomůcky | Kleštičky na nehty;4;https://www.heureka.cz/direct/xml-export/shops/heureka-sekce.xml
CZ;5908;Kleštičky na řasy;Heureka.cz | Kosmetika a parfémy | Kosmetické pomůcky | Kleštičky na řasy;4;https://www.heureka.cz/direct/xml-export/shops/heureka-sekce.xml
CZ;7013;Kosmetická zrcátka;Heureka.cz | Kosmetika a parfémy | Kosmetické pomůcky | Kosmetická zrcátka;4;https://www.heureka.cz/direct/xml-export/shops/heureka-sekce.xml
CZ;5902;Kosmetické nůžky;Heureka.cz | Kosmetika a parfémy | Kosmetické pomůcky | Kosmetické nůžky;4;https://www.heureka.cz/direct/xml-export/shops/heureka-sekce.xml
CZ;5901;Kosmetické pinzety;Heureka.cz | Kosmetika a parfémy | Kosmetické pomůcky | Kosmetické pinzety;4;https://www.heureka.cz/direct/xml-export/shops/heureka-sekce.xml
CZ;5903;Kosmetické tašky;Heureka.cz | Kosmetika a parfémy | Kosmetické pomůcky | Kosmetické tašky;4;https://www.heureka.cz/direct/xml-export/shops/heureka-sekce.xml
CZ;5900;Kosmetické štětce;Heureka.cz | Kosmetika a parfémy | Kosmetické pomůcky | Kosmetické štětce;4;https://www.heureka.cz/direct/xml-export/shops/heureka-sekce.xml
CZ;3368;Natáčky na vlasy;Heureka.cz | Kosmetika a parfémy | Kosmetické pomůcky | Natáčky na vlasy;4;https://www.heureka.cz/direct/xml-export/shops/heureka-sekce.xml
CZ;1650;Ostatní kosmetické pomůcky;Heureka.cz | Kosmetika a parfémy | Kosmetické pomůcky | Ostatní kosmetické pomůcky;4;https://www.heureka.cz/direct/xml-export/shops/heureka-sekce.xml
CZ;2729;Kosmetické sady;Heureka.cz | Kosmetika a parfémy | Kosmetické sady;3;https://www.heureka.cz/direct/xml-export/shops/heureka-sekce.xml
CZ;2636;Masážní přípravky;Heureka.cz | Kosmetika a parfémy | Masážní přípravky;3;https://www.heureka.cz/direct/xml-export/shops/heureka-sekce.xml
CZ;4480;Akrygely;Heureka.cz | Kosmetika a parfémy | Nehty | Akrygely;4;https://www.heureka.cz/direct/xml-export/shops/heureka-sekce.xml
CZ;4479;Akryly na nehty;Heureka.cz | Kosmetika a parfémy | Nehty | Akryly na nehty;4;https://www.heureka.cz/direct/xml-export/shops/heureka-sekce.xml
CZ;4495;Gel laky;Heureka.cz | Kosmetika a parfémy | Nehty | Gel laky;4;https://www.heureka.cz/direct/xml-export/shops/heureka-sekce.xml
CZ;4489;Laky na nehty;Heureka.cz | Kosmetika a parfémy | Nehty | Laky na nehty;4;https://www.heureka.cz/direct/xml-export/shops/heureka-sekce.xml
CZ;4477;Kuličky na nehty;Heureka.cz | Kosmetika a parfémy | Nehty | Nástroje a pomůcky pro modeláž nehtů | Kuličky na nehty;5;https://www.heureka.cz/direct/xml-export/shops/heureka-sekce.xml
CZ;4484;Lepidla na nehty;Heureka.cz | Kosmetika a parfémy | Nehty | Nástroje a pomůcky pro modeláž nehtů | Lepidla na nehty;5;https://www.heureka.cz/direct/xml-export/shops/heureka-sekce.xml
CZ;4494;Nehtové tipy;Heureka.cz | Kosmetika a parfémy | Nehty | Nástroje a pomůcky pro modeláž nehtů | Nehtové tipy;5;https://www.heureka.cz/direct/xml-export/shops/heureka-sekce.xml
CZ;4474;Pilníky a leštičky na modeláž nehtů;Heureka.cz | Kosmetika a parfémy | Nehty | Nástroje a pomůcky pro modeláž nehtů | Pilníky a leštičky na modeláž nehtů;5;https://www.heureka.cz/direct/xml-export/shops/heureka-sekce.xml
CZ;4470;Šablony na nehty;Heureka.cz | Kosmetika a parfémy | Nehty | Nástroje a pomůcky pro modeláž nehtů | Šablony na nehty;5;https://www.heureka.cz/direct/xml-export/shops/heureka-sekce.xml
CZ;4472;Štětce na nehty;Heureka.cz | Kosmetika a parfémy | Nehty | Nástroje a pomůcky pro modeláž nehtů | Štětce na nehty;5;https://www.heureka.cz/direct/xml-export/shops/heureka-sekce.xml
CZ;4471;P-shine;Heureka.cz | Kosmetika a parfémy | Nehty | P-shine;4;https://www.heureka.cz/direct/xml-export/shops/heureka-sekce.xml
CZ;4486;Pomocné tekutiny pro nehty;Heureka.cz | Kosmetika a parfémy | Nehty | Pomocné tekutiny pro nehty;4;https://www.heureka.cz/direct/xml-export/shops/heureka-sekce.xml
CZ;4488;Brusky na nehty;Heureka.cz | Kosmetika a parfémy | Nehty | Přístroje pro péči o nehty | Brusky na nehty;5;https://www.heureka.cz/direct/xml-export/shops/heureka-sekce.xml
CZ;5865;Lampy na nehty;Heureka.cz | Kosmetika a parfémy | Nehty | Přístroje pro péči o nehty | Lampy na nehty;5;https://www.heureka.cz/direct/xml-export/shops/heureka-sekce.xml
CZ;5832;UV lampy na nehty;Heureka.cz | Kosmetika a parfémy | Nehty | Přístroje pro péči o nehty | UV lampy na nehty;5;https://www.heureka.cz/direct/xml-export/shops/heureka-sekce.xml
CZ;4478;Razítka na nehty;Heureka.cz | Kosmetika a parfémy | Nehty | Razítka na nehty;4;https://www.heureka.cz/direct/xml-export/shops/heureka-sekce.xml
CZ;4493;Regenerace a výživa nehtů;Heureka.cz | Kosmetika a parfémy | Nehty | Regenerace a výživa nehtů;4;https://www.heureka.cz/direct/xml-export/shops/heureka-sekce.xml
CZ;4481;UV gely na nehty;Heureka.cz | Kosmetika a parfémy | Nehty | UV gely na nehty;4;https://www.heureka.cz/direct/xml-export/shops/heureka-sekce.xml
CZ;4476;Zdobení nehtů;Heureka.cz | Kosmetika a parfémy | Nehty | Zdobení nehtů;4;https://www.heureka.cz/direct/xml-export/shops/heureka-sekce.xml
CZ;1809;Opalovací přípravky;Heureka.cz | Kosmetika a parfémy | Opalování | Opalovací přípravky;4;https://www.heureka.cz/direct/xml-export/shops/heureka-sekce.xml
CZ;1811;Přípravky do solárií;Heureka.cz | Kosmetika a parfémy | Opalování | Přípravky do solárií;4;https://www.heureka.cz/direct/xml-export/shops/heureka-sekce.xml
CZ;1810;Přípravky po opalování;Heureka.cz | Kosmetika a parfémy | Opalování | Přípravky po opalování;4;https://www.heureka.cz/direct/xml-export/shops/heureka-sekce.xml
CZ;1641;Samoopalovací přípravky;Heureka.cz | Kosmetika a parfémy | Opalování | Samoopalovací přípravky;4;https://www.heureka.cz/direct/xml-export/shops/heureka-sekce.xml
CZ;1652;Parfémy;Heureka.cz | Kosmetika a parfémy | Parfémy;3;https://www.heureka.cz/direct/xml-export/shops/heureka-sekce.xml
CZ;5907;Břitvy;Heureka.cz | Kosmetika a parfémy | Pleť | Holení a péče o vousy | Holení | Břitvy;6;https://www.heureka.cz/direct/xml-export/shops/heureka-sekce.xml
CZ;6391;Holicí hlavice a planžety;Heureka.cz | Kosmetika a parfémy | Pleť | Holení a péče o vousy | Holení | Holicí hlavice a planžety;6;https://www.heureka.cz/direct/xml-export/shops/heureka-sekce.xml
CZ;2117;Pěny a gely na holení;Heureka.cz | Kosmetika a parfémy | Pleť | Holení a péče o vousy | Holení | Pěny a gely na holení;6;https://www.heureka.cz/direct/xml-export/shops/heureka-sekce.xml
CZ;6386;Ruční holicí strojky;Heureka.cz | Kosmetika a parfémy | Pleť | Holení a péče o vousy | Holení | Ruční holicí strojky;6;https://www.heureka.cz/direct/xml-export/shops/heureka-sekce.xml
CZ;5270;Balzámy a kondicionéry na vousy;Heureka.cz | Kosmetika a parfémy | Pleť | Holení a péče o vousy | Péče o vousy | Balzámy a kondicionéry na vousy;6;https://www.heureka.cz/direct/xml-export/shops/heureka-sekce.xml
CZ;5272;Hřebeny a kartáče na vousy;Heureka.cz | Kosmetika a parfémy | Pleť | Holení a péče o vousy | Péče o vousy | Hřebeny a kartáče na vousy;6;https://www.heureka.cz/direct/xml-export/shops/heureka-sekce.xml
CZ;5269;Mýdla na vousy;Heureka.cz | Kosmetika a parfémy | Pleť | Holení a péče o vousy | Péče o vousy | Mýdla na vousy;6;https://www.heureka.cz/direct/xml-export/shops/heureka-sekce.xml
CZ;8566;Nůžky na vousy;Heureka.cz | Kosmetika a parfémy | Pleť | Holení a péče o vousy | Péče o vousy | Nůžky na vousy;6;https://www.heureka.cz/direct/xml-export/shops/heureka-sekce.xml
CZ;5267;Oleje na vousy;Heureka.cz | Kosmetika a parfémy | Pleť | Holení a péče o vousy | Péče o vousy | Oleje na vousy;6;https://www.heureka.cz/direct/xml-export/shops/heureka-sekce.xml
CZ;5268;Vosky na vousy;Heureka.cz | Kosmetika a parfémy | Pleť | Holení a péče o vousy | Péče o vousy | Vosky na vousy;6;https://www.heureka.cz/direct/xml-export/shops/heureka-sekce.xml
CZ;5271;Šampony na vousy;Heureka.cz | Kosmetika a parfémy | Pleť | Holení a péče o vousy | Péče o vousy | Šampony na vousy;6;https://www.heureka.cz/direct/xml-export/shops/heureka-sekce.xml
CZ;2643;Balzámy po holení;Heureka.cz | Kosmetika a parfémy | Pleť | Holení a péče o vousy | Péče po holení | Balzámy po holení;6;https://www.heureka.cz/direct/xml-export/shops/heureka-sekce.xml
CZ;3642;Krémy a gely po holení;Heureka.cz | Kosmetika a parfémy | Pleť | Holení a péče o vousy | Péče po holení | Krémy a gely po holení;6;https://www.heureka.cz/direct/xml-export/shops/heureka-sekce.xml
CZ;2734;Vody po holení;Heureka.cz | Kosmetika a parfémy | Pleť | Holení a péče o vousy | Péče po holení | Vody po holení;6;https://www.heureka.cz/direct/xml-export/shops/heureka-sekce.xml
CZ;8567;Kartáčky a houbičky na čištění pleti;Heureka.cz | Kosmetika a parfémy | Pleť | Odličování a čištění pleti | Kartáčky a houbičky na čištění pleti;5;https://www.heureka.cz/direct/xml-export/shops/heureka-sekce.xml
CZ;5904;Odličovací tampóny;Heureka.cz | Kosmetika a parfémy | Pleť | Odličování a čištění pleti | Odličovací tampóny;5;https://www.heureka.cz/direct/xml-export/shops/heureka-sekce.xml
CZ;1763;Přípravky na čištění pleti;Heureka.cz | Kosmetika a parfémy | Pleť | Odličování a čištění pleti | Přípravky na čištění pleti;5;https://www.heureka.cz/direct/xml-export/shops/heureka-sekce.xml
CZ;5971;Přístroje na čištění pleti;Heureka.cz | Kosmetika a parfémy | Pleť | Odličování a čištění pleti | Přístroje na čištění pleti;5;https://www.heureka.cz/direct/xml-export/shops/heureka-sekce.xml
CZ;4199;Ochrana pleti v zimě;Heureka.cz | Kosmetika a parfémy | Pleť | Péče o pleť | Ochrana pleti v zimě;5;https://www.heureka.cz/direct/xml-export/shops/heureka-sekce.xml
CZ;1761;Oční krémy a gely;Heureka.cz | Kosmetika a parfémy | Pleť | Péče o pleť | Oční krémy a gely;5;https://www.heureka.cz/direct/xml-export/shops/heureka-sekce.xml
CZ;4142;Pleťová séra, emulze a koncentráty;Heureka.cz | Kosmetika a parfémy | Pleť | Péče o pleť | Pleťová séra, emulze a koncentráty;5;https://www.heureka.cz/direct/xml-export/shops/heureka-sekce.xml
CZ;1752;Pleťové krémy;Heureka.cz | Kosmetika a parfémy | Pleť | Péče o pleť | Pleťové krémy;5;https://www.heureka.cz/direct/xml-export/shops/heureka-sekce.xml
CZ;1754;Pleťové masky;Heureka.cz | Kosmetika a parfémy | Pleť | Péče o pleť | Pleťové masky;5;https://www.heureka.cz/direct/xml-export/shops/heureka-sekce.xml
CZ;1755;Pleťové oleje;Heureka.cz | Kosmetika a parfémy | Pleť | Péče o pleť | Pleťové oleje;5;https://www.heureka.cz/direct/xml-export/shops/heureka-sekce.xml
CZ;1758;Péče o rty a okolí;Heureka.cz | Kosmetika a parfémy | Pleť | Péče o pleť | Péče o rty a okolí;5;https://www.heureka.cz/direct/xml-export/shops/heureka-sekce.xml
CZ;1766;Přípravky na problematickou pleť;Heureka.cz | Kosmetika a parfémy | Pleť | Péče o pleť | Přípravky na problematickou pleť;5;https://www.heureka.cz/direct/xml-export/shops/heureka-sekce.xml
CZ;1765;Přípravky na stařecké skvrny;Heureka.cz | Kosmetika a parfémy | Pleť | Péče o pleť | Přípravky na stařecké skvrny;5;https://www.heureka.cz/direct/xml-export/shops/heureka-sekce.xml
CZ;1764;Speciální péče o pleť;Heureka.cz | Kosmetika a parfémy | Pleť | Péče o pleť | Speciální péče o pleť;5;https://www.heureka.cz/direct/xml-export/shops/heureka-sekce.xml
CZ;1759;Séra na řasy a obočí;Heureka.cz | Kosmetika a parfémy | Pleť | Péče o pleť | Séra na řasy a obočí;5;https://www.heureka.cz/direct/xml-export/shops/heureka-sekce.xml
CZ;1636;Deodoranty a antiperspiranty;Heureka.cz | Kosmetika a parfémy | Tělo | Deodoranty a antiperspiranty;4;https://www.heureka.cz/direct/xml-export/shops/heureka-sekce.xml
CZ;1816;Přípravky na depilaci;Heureka.cz | Kosmetika a parfémy | Tělo | Depilace a epilace | Přípravky na depilaci;5;https://www.heureka.cz/direct/xml-export/shops/heureka-sekce.xml
CZ;1817;Přípravky na epilaci;Heureka.cz | Kosmetika a parfémy | Tělo | Depilace a epilace | Přípravky na epilaci;5;https://www.heureka.cz/direct/xml-export/shops/heureka-sekce.xml
CZ;1818;Přípravky na omezení růstu chloupků;Heureka.cz | Kosmetika a parfémy | Tělo | Depilace a epilace | Přípravky na omezení růstu chloupků;5;https://www.heureka.cz/direct/xml-export/shops/heureka-sekce.xml
CZ;1819;Přípravky na ošetření pokožky po depilaci;Heureka.cz | Kosmetika a parfémy | Tělo | Depilace a epilace | Přípravky na ošetření pokožky po depilaci;5;https://www.heureka.cz/direct/xml-export/shops/heureka-sekce.xml
CZ;1639;Péče o dekolt a poprsí;Heureka.cz | Kosmetika a parfémy | Tělo | Péče o pokožku | Péče o dekolt a poprsí;5;https://www.heureka.cz/direct/xml-export/shops/heureka-sekce.xml
CZ;1760;Přípravky pro péči o krk a dekolt;Heureka.cz | Kosmetika a parfémy | Tělo | Péče o pokožku | Přípravky pro péči o krk a dekolt;5;https://www.heureka.cz/direct/xml-export/shops/heureka-sekce.xml
CZ;1638;Přípravky pro péči o nohy;Heureka.cz | Kosmetika a parfémy | Tělo | Péče o pokožku | Přípravky pro péči o nohy;5;https://www.heureka.cz/direct/xml-export/shops/heureka-sekce.xml
CZ;1640;Přípravky pro péči o ruce a nehty;Heureka.cz | Kosmetika a parfémy | Tělo | Péče o pokožku | Přípravky pro péči o ruce a nehty;5;https://www.heureka.cz/direct/xml-export/shops/heureka-sekce.xml
CZ;5518;Speciální péče o pokožku;Heureka.cz | Kosmetika a parfémy | Tělo | Péče o pokožku | Speciální péče o pokožku;5;https://www.heureka.cz/direct/xml-export/shops/heureka-sekce.xml
CZ;1642;Tělová mléka;Heureka.cz | Kosmetika a parfémy | Tělo | Péče o pokožku | Tělová mléka;5;https://www.heureka.cz/direct/xml-export/shops/heureka-sekce.xml
CZ;4825;Tělová másla;Heureka.cz | Kosmetika a parfémy | Tělo | Péče o pokožku | Tělová másla;5;https://www.heureka.cz/direct/xml-export/shops/heureka-sekce.xml
CZ;4137;Tělové balzámy;Heureka.cz | Kosmetika a parfémy | Tělo | Péče o pokožku | Tělové balzámy;5;https://www.heureka.cz/direct/xml-export/shops/heureka-sekce.xml
CZ;1821;Tělové krémy;Heureka.cz | Kosmetika a parfémy | Tělo | Péče o pokožku | Tělové krémy;5;https://www.heureka.cz/direct/xml-export/shops/heureka-sekce.xml
CZ;2825;Tělové oleje;Heureka.cz | Kosmetika a parfémy | Tělo | Péče o pokožku | Tělové oleje;5;https://www.heureka.cz/direct/xml-export/shops/heureka-sekce.xml
CZ;1822;Tělové peelingy;Heureka.cz | Kosmetika a parfémy | Tělo | Péče o pokožku | Tělové peelingy;5;https://www.heureka.cz/direct/xml-export/shops/heureka-sekce.xml
CZ;4143;Tělové spreje;Heureka.cz | Kosmetika a parfémy | Tělo | Péče o pokožku | Tělové spreje;5;https://www.heureka.cz/direct/xml-export/shops/heureka-sekce.xml
CZ;1643;Zeštíhlující přípravky;Heureka.cz | Kosmetika a parfémy | Tělo | Péče o pokožku | Zeštíhlující přípravky;5;https://www.heureka.cz/direct/xml-export/shops/heureka-sekce.xml
CZ;1644;Zpevňující přípravky;Heureka.cz | Kosmetika a parfémy | Tělo | Péče o pokožku | Zpevňující přípravky;5;https://www.heureka.cz/direct/xml-export/shops/heureka-sekce.xml
CZ;5910;Mycí houby a žínky;Heureka.cz | Kosmetika a parfémy | Tělo | Sprcha a koupel | Mycí houby a žínky;5;https://www.heureka.cz/direct/xml-export/shops/heureka-sekce.xml
CZ;1814;Přípravky do koupele;Heureka.cz | Kosmetika a parfémy | Tělo | Sprcha a koupel | Přípravky do koupele;5;https://www.heureka.cz/direct/xml-export/shops/heureka-sekce.xml
CZ;1645;Sprchové gely;Heureka.cz | Kosmetika a parfémy | Tělo | Sprcha a koupel | Sprchové gely;5;https://www.heureka.cz/direct/xml-export/shops/heureka-sekce.xml
CZ;1637;Přípravky na celulitidu a strie;Heureka.cz | Kosmetika a parfémy | Tělo | Strie a celulitida | Přípravky na celulitidu a strie;5;https://www.heureka.cz/direct/xml-export/shops/heureka-sekce.xml
CZ;5113;Ušní spreje a kapky;Heureka.cz | Kosmetika a parfémy | Uši | Ušní spreje a kapky;4;https://www.heureka.cz/direct/xml-export/shops/heureka-sekce.xml
CZ;5092;Ušní svíce;Heureka.cz | Kosmetika a parfémy | Uši | Ušní svíce;4;https://www.heureka.cz/direct/xml-export/shops/heureka-sekce.xml
CZ;5096;Vatové tyčinky;Heureka.cz | Kosmetika a parfémy | Uši | Vatové tyčinky;4;https://www.heureka.cz/direct/xml-export/shops/heureka-sekce.xml
CZ;5114;Špunty do uší;Heureka.cz | Kosmetika a parfémy | Uši | Špunty do uší;4;https://www.heureka.cz/direct/xml-export/shops/heureka-sekce.xml
CZ;1634;Barvy na vlasy;Heureka.cz | Kosmetika a parfémy | Vlasy | Barvení vlasů | Barvy na vlasy;5;https://www.heureka.cz/direct/xml-export/shops/heureka-sekce.xml
CZ;8496;Hřebeny na vlasy;Heureka.cz | Kosmetika a parfémy | Vlasy | Hřebeny a kartáče na vlasy | Hřebeny na vlasy;5;https://www.heureka.cz/direct/xml-export/shops/heureka-sekce.xml
CZ;8497;Kartáče na vlasy;Heureka.cz | Kosmetika a parfémy | Vlasy | Hřebeny a kartáče na vlasy | Kartáče na vlasy;5;https://www.heureka.cz/direct/xml-export/shops/heureka-sekce.xml
CZ;1633;Kondicionéry a balzámy na vlasy;Heureka.cz | Kosmetika a parfémy | Vlasy | Péče o vlasy | Kondicionéry a balzámy na vlasy;5;https://www.heureka.cz/direct/xml-export/shops/heureka-sekce.xml
CZ;8452;Masky na vlasy;Heureka.cz | Kosmetika a parfémy | Vlasy | Péče o vlasy | Masky na vlasy;5;https://www.heureka.cz/direct/xml-export/shops/heureka-sekce.xml
CZ;1632;Ochrana vlasů proti slunci;Heureka.cz | Kosmetika a parfémy | Vlasy | Péče o vlasy | Ochrana vlasů proti slunci;5;https://www.heureka.cz/direct/xml-export/shops/heureka-sekce.xml
CZ;1635;Přípravky proti lupům;Heureka.cz | Kosmetika a parfémy | Vlasy | Péče o vlasy | Přípravky proti lupům;5;https://www.heureka.cz/direct/xml-export/shops/heureka-sekce.xml
CZ;1630;Přípravky proti vypadávání vlasů;Heureka.cz | Kosmetika a parfémy | Vlasy | Péče o vlasy | Přípravky proti vypadávání vlasů;5;https://www.heureka.cz/direct/xml-export/shops/heureka-sekce.xml
CZ;8509;Přípravky proti vším a hnidám;Heureka.cz | Kosmetika a parfémy | Vlasy | Péče o vlasy | Přípravky proti vším a hnidám;5;https://www.heureka.cz/direct/xml-export/shops/heureka-sekce.xml
CZ;1629;Přípravky proti šedivění vlasů;Heureka.cz | Kosmetika a parfémy | Vlasy | Péče o vlasy | Přípravky proti šedivění vlasů;5;https://www.heureka.cz/direct/xml-export/shops/heureka-sekce.xml
CZ;1631;Vlasová regenerace;Heureka.cz | Kosmetika a parfémy | Vlasy | Péče o vlasy | Vlasová regenerace;5;https://www.heureka.cz/direct/xml-export/shops/heureka-sekce.xml
CZ;1627;Šampony;Heureka.cz | Kosmetika a parfémy | Vlasy | Péče o vlasy | Šampony;5;https://www.heureka.cz/direct/xml-export/shops/heureka-sekce.xml
CZ;1628;Stylingové přípravky;Heureka.cz | Kosmetika a parfémy | Vlasy | Stylingové přípravky;4;https://www.heureka.cz/direct/xml-export/shops/heureka-sekce.xml
CZ;7360;Tužidla na vlasy;Heureka.cz | Kosmetika a parfémy | Vlasy | Tužidla na vlasy;4;https://www.heureka.cz/direct/xml-export/shops/heureka-sekce.xml
CZ;2821;Manuální zubní kartáčky;Heureka.cz | Kosmetika a parfémy | Zuby | Manuální zubní kartáčky;4;https://www.heureka.cz/direct/xml-export/shops/heureka-sekce.xml
CZ;4860;Dentální párátka;Heureka.cz | Kosmetika a parfémy | Zuby | Mezizubní péče | Dentální párátka;5;https://www.heureka.cz/direct/xml-export/shops/heureka-sekce.xml
CZ;4859;Mezizubní kartáčky;Heureka.cz | Kosmetika a parfémy | Zuby | Mezizubní péče | Mezizubní kartáčky;5;https://www.heureka.cz/direct/xml-export/shops/heureka-sekce.xml
CZ;1804;Zubní nitě;Heureka.cz | Kosmetika a parfémy | Zuby | Mezizubní péče | Zubní nitě;5;https://www.heureka.cz/direct/xml-export/shops/heureka-sekce.xml
CZ;1808;Přípravky na bělení zubů;Heureka.cz | Kosmetika a parfémy | Zuby | Přípravky na bělení zubů;4;https://www.heureka.cz/direct/xml-export/shops/heureka-sekce.xml
CZ;4857;Přípravky pro péči o rovnátka;Heureka.cz | Kosmetika a parfémy | Zuby | Přípravky pro péči o rovnátka;4;https://www.heureka.cz/direct/xml-export/shops/heureka-sekce.xml
CZ;2766;Přípravky pro péči o umělý chrup;Heureka.cz | Kosmetika a parfémy | Zuby | Přípravky pro péči o umělý chrup;4;https://www.heureka.cz/direct/xml-export/shops/heureka-sekce.xml
CZ;1807;Přípravky proti paradentóze;Heureka.cz | Kosmetika a parfémy | Zuby | Přípravky proti paradentóze;4;https://www.heureka.cz/direct/xml-export/shops/heureka-sekce.xml
CZ;6597;Příslušenství k manuálním zubním kartáčkům;Heureka.cz | Kosmetika a parfémy | Zuby | Příslušenství k manuálním zubním kartáčkům;4;https://www.heureka.cz/direct/xml-export/shops/heureka-sekce.xml
CZ;1803;Zubní pasty;Heureka.cz | Kosmetika a parfémy | Zuby | Zubní pasty;4;https://www.heureka.cz/direct/xml-export/shops/heureka-sekce.xml
CZ;1805;Ústní spreje;Heureka.cz | Kosmetika a parfémy | Zuby | Ústní spreje;4;https://www.heureka.cz/direct/xml-export/shops/heureka-sekce.xml
CZ;1806;Ústní vody;Heureka.cz | Kosmetika a parfémy | Zuby | Ústní vody;4;https://www.heureka.cz/direct/xml-export/shops/heureka-sekce.xml
CZ;4856;Škrabky na jazyk;Heureka.cz | Kosmetika a parfémy | Zuby | Škrabky na jazyk;4;https://www.heureka.cz/direct/xml-export/shops/heureka-sekce.xml
CZ;3960;Dámská body;Heureka.cz | Oblečení, obuv a doplňky | Dámské oblečení | Dámská body;4;https://www.heureka.cz/direct/xml-export/shops/heureka-sekce.xml
CZ;2455;Dámská saka;Heureka.cz | Oblečení, obuv a doplňky | Dámské oblečení | Dámská saka a kostýmy | Dámská saka;5;https://www.heureka.cz/direct/xml-export/shops/heureka-sekce.xml
CZ;2456;Dámské kostýmy;Heureka.cz | Oblečení, obuv a doplňky | Dámské oblečení | Dámská saka a kostýmy | Dámské kostýmy;5;https://www.heureka.cz/direct/xml-export/shops/heureka-sekce.xml
CZ;7022;Dámská sportovní trička;Heureka.cz | Oblečení, obuv a doplňky | Dámské oblečení | Dámská trička a tílka | Dámská sportovní trička;5;https://www.heureka.cz/direct/xml-export/shops/heureka-sekce.xml
CZ;7994;Dámská sportovní tílka;Heureka.cz | Oblečení, obuv a doplňky | Dámské oblečení | Dámská trička a tílka | Dámská sportovní tílka;5;https://www.heureka.cz/direct/xml-export/shops/heureka-sekce.xml
CZ;2371;Dámská trička;Heureka.cz | Oblečení, obuv a doplňky | Dámské oblečení | Dámská trička a tílka | Dámská trička;5;https://www.heureka.cz/direct/xml-export/shops/heureka-sekce.xml
CZ;8343;Dámská trička s potiskem;Heureka.cz | Oblečení, obuv a doplňky | Dámské oblečení | Dámská trička a tílka | Dámská trička s potiskem;5;https://www.heureka.cz/direct/xml-export/shops/heureka-sekce.xml
CZ;2452;Dámská tílka;Heureka.cz | Oblečení, obuv a doplňky | Dámské oblečení | Dámská trička a tílka | Dámská tílka;5;https://www.heureka.cz/direct/xml-export/shops/heureka-sekce.xml
CZ;8426;Dámská tílka s potiskem;Heureka.cz | Oblečení, obuv a doplňky | Dámské oblečení | Dámská trička a tílka | Dámská tílka s potiskem;5;https://www.heureka.cz/direct/xml-export/shops/heureka-sekce.xml
CZ;2447;Dámské halenky;Heureka.cz | Oblečení, obuv a doplňky | Dámské oblečení | Dámské halenky a košile | Dámské halenky;5;https://www.heureka.cz/direct/xml-export/shops/heureka-sekce.xml
CZ;6800;Dámské košile;Heureka.cz | Oblečení, obuv a doplňky | Dámské oblečení | Dámské halenky a košile | Dámské košile;5;https://www.heureka.cz/direct/xml-export/shops/heureka-sekce.xml
CZ;6171;Dámské džíny;Heureka.cz | Oblečení, obuv a doplňky | Dámské oblečení | Dámské kalhoty | Dámské džíny;5;https://www.heureka.cz/direct/xml-export/shops/heureka-sekce.xml
CZ;2448;Dámské klasické kalhoty;Heureka.cz | Oblečení, obuv a doplňky | Dámské oblečení | Dámské kalhoty | Dámské klasické kalhoty;5;https://www.heureka.cz/direct/xml-export/shops/heureka-sekce.xml
CZ;6170;Dámské legíny;Heureka.cz | Oblečení, obuv a doplňky | Dámské oblečení | Dámské kalhoty | Dámské legíny;5;https://www.heureka.cz/direct/xml-export/shops/heureka-sekce.xml
CZ;6168;Dámské sportovní kalhoty;Heureka.cz | Oblečení, obuv a doplňky | Dámské oblečení | Dámské kalhoty | Dámské sportovní kalhoty;5;https://www.heureka.cz/direct/xml-export/shops/heureka-sekce.xml
CZ;6169;Dámské tepláky;Heureka.cz | Oblečení, obuv a doplňky | Dámské oblečení | Dámské kalhoty | Dámské tepláky;5;https://www.heureka.cz/direct/xml-export/shops/heureka-sekce.xml
CZ;2370;Dámské mikiny;Heureka.cz | Oblečení, obuv a doplňky | Dámské oblečení | Dámské mikiny a svetry | Dámské mikiny;5;https://www.heureka.cz/direct/xml-export/shops/heureka-sekce.xml
CZ;8438;Dámské mikiny s potiskem;Heureka.cz | Oblečení, obuv a doplňky | Dámské oblečení | Dámské mikiny a svetry | Dámské mikiny s potiskem;5;https://www.heureka.cz/direct/xml-export/shops/heureka-sekce.xml
CZ;2453;Dámské svetry a pulovry;Heureka.cz | Oblečení, obuv a doplňky | Dámské oblečení | Dámské mikiny a svetry | Dámské svetry a pulovry;5;https://www.heureka.cz/direct/xml-export/shops/heureka-sekce.xml
CZ;1582;Dámská pyžama;Heureka.cz | Oblečení, obuv a doplňky | Dámské oblečení | Dámské noční prádlo a župany | Dámská pyžama;5;https://www.heureka.cz/direct/xml-export/shops/heureka-sekce.xml
CZ;6687;Dámské noční košilky;Heureka.cz | Oblečení, obuv a doplňky | Dámské oblečení | Dámské noční prádlo a župany | Dámské noční košilky;5;https://www.heureka.cz/direct/xml-export/shops/heureka-sekce.xml
CZ;1583;Dámské župany;Heureka.cz | Oblečení, obuv a doplňky | Dámské oblečení | Dámské noční prádlo a župany | Dámské župany;5;https://www.heureka.cz/direct/xml-export/shops/heureka-sekce.xml
CZ;1581;Dámské plavky;Heureka.cz | Oblečení, obuv a doplňky | Dámské oblečení | Dámské plavky a tuniky | Dámské plavky;5;https://www.heureka.cz/direct/xml-export/shops/heureka-sekce.xml
CZ;6700;Plážové tuniky;Heureka.cz | Oblečení, obuv a doplňky | Dámské oblečení | Dámské plavky a tuniky | Plážové tuniky;5;https://www.heureka.cz/direct/xml-export/shops/heureka-sekce.xml
CZ;6305;Dámské overaly;Heureka.cz | Oblečení, obuv a doplňky | Dámské oblečení | Dámské soupravy a overaly | Dámské overaly;5;https://www.heureka.cz/direct/xml-export/shops/heureka-sekce.xml
CZ;2457;Dámské teplákové a sportovní soupravy;Heureka.cz | Oblečení, obuv a doplňky | Dámské oblečení | Dámské soupravy a overaly | Dámské teplákové a sportovní soupravy;5;https://www.heureka.cz/direct/xml-export/shops/heureka-sekce.xml
CZ;1592;Dámské ponožky;Heureka.cz | Oblečení, obuv a doplňky | Dámské oblečení | Dámské spodní prádlo | Dámské ponožky;5;https://www.heureka.cz/direct/xml-export/shops/heureka-sekce.xml
CZ;4409;Dámské spodky;Heureka.cz | Oblečení, obuv a doplňky | Dámské oblečení | Dámské spodní prádlo | Dámské spodky;5;https://www.heureka.cz/direct/xml-export/shops/heureka-sekce.xml
CZ;3961;Dámské spodní košilky;Heureka.cz | Oblečení, obuv a doplňky | Dámské oblečení | Dámské spodní prádlo | Dámské spodní košilky;5;https://www.heureka.cz/direct/xml-export/shops/heureka-sekce.xml
CZ;4138;Dámské stahovací prádlo;Heureka.cz | Oblečení, obuv a doplňky | Dámské oblečení | Dámské spodní prádlo | Dámské stahovací prádlo;5;https://www.heureka.cz/direct/xml-export/shops/heureka-sekce.xml
CZ;1578;Kalhotky;Heureka.cz | Oblečení, obuv a doplňky | Dámské oblečení | Dámské spodní prádlo | Kalhotky;5;https://www.heureka.cz/direct/xml-export/shops/heureka-sekce.xml
CZ;1584;Korzety a podvazkové pásy;Heureka.cz | Oblečení, obuv a doplňky | Dámské oblečení | Dámské spodní prádlo | Korzety a podvazkové pásy;5;https://www.heureka.cz/direct/xml-export/shops/heureka-sekce.xml
CZ;1579;Podprsenky;Heureka.cz | Oblečení, obuv a doplňky | Dámské oblečení | Dámské spodní prádlo | Podprsenky;5;https://www.heureka.cz/direct/xml-export/shops/heureka-sekce.xml
CZ;2364;Punčochy;Heureka.cz | Oblečení, obuv a doplňky | Dámské oblečení | Dámské spodní prádlo | Punčochy a punčocháče | Punčochy;6;https://www.heureka.cz/direct/xml-export/shops/heureka-sekce.xml
CZ;6702;Punčocháče;Heureka.cz | Oblečení, obuv a doplňky | Dámské oblečení | Dámské spodní prádlo | Punčochy a punčocháče | Punčocháče;6;https://www.heureka.cz/direct/xml-export/shops/heureka-sekce.xml
CZ;2966;Soupravy spodního prádla;Heureka.cz | Oblečení, obuv a doplňky | Dámské oblečení | Dámské spodní prádlo | Soupravy spodního prádla;5;https://www.heureka.cz/direct/xml-export/shops/heureka-sekce.xml
CZ;5486;Spodničky;Heureka.cz | Oblečení, obuv a doplňky | Dámské oblečení | Dámské spodní prádlo | Spodničky;5;https://www.heureka.cz/direct/xml-export/shops/heureka-sekce.xml
CZ;6819;Sportovní podprsenky;Heureka.cz | Oblečení, obuv a doplňky | Dámské oblečení | Dámské spodní prádlo | Sportovní podprsenky;5;https://www.heureka.cz/direct/xml-export/shops/heureka-sekce.xml
CZ;5889;Dámské bundy;Heureka.cz | Oblečení, obuv a doplňky | Dámské oblečení | Dámské svrchní oblečení | Dámské bundy;5;https://www.heureka.cz/direct/xml-export/shops/heureka-sekce.xml
CZ;5890;Dámské kabáty;Heureka.cz | Oblečení, obuv a doplňky | Dámské oblečení | Dámské svrchní oblečení | Dámské kabáty;5;https://www.heureka.cz/direct/xml-export/shops/heureka-sekce.xml
CZ;5891;Dámské sportovní bundy;Heureka.cz | Oblečení, obuv a doplňky | Dámské oblečení | Dámské svrchní oblečení | Dámské sportovní bundy;5;https://www.heureka.cz/direct/xml-export/shops/heureka-sekce.xml
CZ;2454;Dámské vesty;Heureka.cz | Oblečení, obuv a doplňky | Dámské oblečení | Dámské svrchní oblečení | Dámské vesty;5;https://www.heureka.cz/direct/xml-export/shops/heureka-sekce.xml
CZ;2450;Dámské sukně;Heureka.cz | Oblečení, obuv a doplňky | Dámské oblečení | Dámské šaty a sukně | Dámské sukně;5;https://www.heureka.cz/direct/xml-export/shops/heureka-sekce.xml
CZ;2451;Dámské šaty;Heureka.cz | Oblečení, obuv a doplňky | Dámské oblečení | Dámské šaty a sukně | Dámské šaty;5;https://www.heureka.cz/direct/xml-export/shops/heureka-sekce.xml
CZ;2827;Plesové šaty;Heureka.cz | Oblečení, obuv a doplňky | Dámské oblečení | Dámské šaty a sukně | Plesové šaty;5;https://www.heureka.cz/direct/xml-export/shops/heureka-sekce.xml
CZ;2891;Svatební šaty;Heureka.cz | Oblečení, obuv a doplňky | Dámské oblečení | Dámské šaty a sukně | Svatební šaty;5;https://www.heureka.cz/direct/xml-export/shops/heureka-sekce.xml
CZ;900;Dámské šortky;Heureka.cz | Oblečení, obuv a doplňky | Dámské oblečení | Dámské šortky;4;https://www.heureka.cz/direct/xml-export/shops/heureka-sekce.xml
CZ;5940;Těhotenská a kojící pyžama a košilky;Heureka.cz | Oblečení, obuv a doplňky | Dámské oblečení | Těhotenské a kojící oblečení | Těhotenská a kojící pyžama a košilky;5;https://www.heureka.cz/direct/xml-export/shops/heureka-sekce.xml
CZ;2337;Těhotenská a kojící trička;Heureka.cz | Oblečení, obuv a doplňky | Dámské oblečení | Těhotenské a kojící oblečení | Těhotenská a kojící trička;5;https://www.heureka.cz/direct/xml-export/shops/heureka-sekce.xml
CZ;5941;Těhotenské a kojící halenky;Heureka.cz | Oblečení, obuv a doplňky | Dámské oblečení | Těhotenské a kojící oblečení | Těhotenské a kojící halenky;5;https://www.heureka.cz/direct/xml-export/shops/heureka-sekce.xml
CZ;5937;Těhotenské a kojící mikiny a svetry;Heureka.cz | Oblečení, obuv a doplňky | Dámské oblečení | Těhotenské a kojící oblečení | Těhotenské a kojící mikiny a svetry;5;https://www.heureka.cz/direct/xml-export/shops/heureka-sekce.xml
CZ;5933;Těhotenské a kojící podprsenky;Heureka.cz | Oblečení, obuv a doplňky | Dámské oblečení | Těhotenské a kojící oblečení | Těhotenské a kojící podprsenky;5;https://www.heureka.cz/direct/xml-export/shops/heureka-sekce.xml
CZ;5934;Těhotenské a kojící šaty;Heureka.cz | Oblečení, obuv a doplňky | Dámské oblečení | Těhotenské a kojící oblečení | Těhotenské a kojící šaty;5;https://www.heureka.cz/direct/xml-export/shops/heureka-sekce.xml
CZ;5935;Těhotenské bundy a kabáty;Heureka.cz | Oblečení, obuv a doplňky | Dámské oblečení | Těhotenské a kojící oblečení | Těhotenské bundy a kabáty;5;https://www.heureka.cz/direct/xml-export/shops/heureka-sekce.xml
CZ;5938;Těhotenské kalhotky;Heureka.cz | Oblečení, obuv a doplňky | Dámské oblečení | Těhotenské a kojící oblečení | Těhotenské kalhotky;5;https://www.heureka.cz/direct/xml-export/shops/heureka-sekce.xml
CZ;5936;Těhotenské kalhoty;Heureka.cz | Oblečení, obuv a doplňky | Dámské oblečení | Těhotenské a kojící oblečení | Těhotenské kalhoty;5;https://www.heureka.cz/direct/xml-export/shops/heureka-sekce.xml
CZ;5942;Těhotenské plavky;Heureka.cz | Oblečení, obuv a doplňky | Dámské oblečení | Těhotenské a kojící oblečení | Těhotenské plavky;5;https://www.heureka.cz/direct/xml-export/shops/heureka-sekce.xml
CZ;5944;Těhotenské punčocháče;Heureka.cz | Oblečení, obuv a doplňky | Dámské oblečení | Těhotenské a kojící oblečení | Těhotenské punčocháče;5;https://www.heureka.cz/direct/xml-export/shops/heureka-sekce.xml
CZ;5939;Těhotenské pásy;Heureka.cz | Oblečení, obuv a doplňky | Dámské oblečení | Těhotenské a kojící oblečení | Těhotenské pásy;5;https://www.heureka.cz/direct/xml-export/shops/heureka-sekce.xml
CZ;5943;Těhotenské sukně;Heureka.cz | Oblečení, obuv a doplňky | Dámské oblečení | Těhotenské a kojící oblečení | Těhotenské sukně;5;https://www.heureka.cz/direct/xml-export/shops/heureka-sekce.xml
CZ;8453;Dětská sportovní trička;Heureka.cz | Oblečení, obuv a doplňky | Dětské oblečení | Dětská trička a tílka | Dětská sportovní trička;5;https://www.heureka.cz/direct/xml-export/shops/heureka-sekce.xml
CZ;8454;Dětská sportovní tílka;Heureka.cz | Oblečení, obuv a doplňky | Dětské oblečení | Dětská trička a tílka | Dětská sportovní tílka;5;https://www.heureka.cz/direct/xml-export/shops/heureka-sekce.xml
CZ;2630;Dětská trička;Heureka.cz | Oblečení, obuv a doplňky | Dětské oblečení | Dětská trička a tílka | Dětská trička;5;https://www.heureka.cz/direct/xml-export/shops/heureka-sekce.xml
CZ;8455;Dětská trička s potiskem;Heureka.cz | Oblečení, obuv a doplňky | Dětské oblečení | Dětská trička a tílka | Dětská trička s potiskem;5;https://www.heureka.cz/direct/xml-export/shops/heureka-sekce.xml
CZ;6818;Dětská tílka;Heureka.cz | Oblečení, obuv a doplňky | Dětské oblečení | Dětská trička a tílka | Dětská tílka;5;https://www.heureka.cz/direct/xml-export/shops/heureka-sekce.xml
CZ;8543;Dětské deštníky;Heureka.cz | Oblečení, obuv a doplňky | Dětské oblečení | Dětské doplňky | Dětské deštníky;5;https://www.heureka.cz/direct/xml-export/shops/heureka-sekce.xml
CZ;8568;Dětské kabelky a tašky;Heureka.cz | Oblečení, obuv a doplňky | Dětské oblečení | Dětské doplňky | Dětské kabelky a tašky;5;https://www.heureka.cz/direct/xml-export/shops/heureka-sekce.xml
CZ;8558;Dětské kukly;Heureka.cz | Oblečení, obuv a doplňky | Dětské oblečení | Dětské doplňky | Dětské kukly;5;https://www.heureka.cz/direct/xml-export/shops/heureka-sekce.xml
CZ;6911;Dětské kšiltovky;Heureka.cz | Oblečení, obuv a doplňky | Dětské oblečení | Dětské doplňky | Dětské kšiltovky;5;https://www.heureka.cz/direct/xml-export/shops/heureka-sekce.xml
CZ;8536;Dětské ledvinky;Heureka.cz | Oblečení, obuv a doplňky | Dětské oblečení | Dětské doplňky | Dětské ledvinky;5;https://www.heureka.cz/direct/xml-export/shops/heureka-sekce.xml
CZ;6910;Dětské nákrčníky;Heureka.cz | Oblečení, obuv a doplňky | Dětské oblečení | Dětské doplňky | Dětské nákrčníky;5;https://www.heureka.cz/direct/xml-export/shops/heureka-sekce.xml
CZ;8520;Dětské peněženky;Heureka.cz | Oblečení, obuv a doplňky | Dětské oblečení | Dětské doplňky | Dětské peněženky;5;https://www.heureka.cz/direct/xml-export/shops/heureka-sekce.xml
CZ;3152;Dětské rukavice;Heureka.cz | Oblečení, obuv a doplňky | Dětské oblečení | Dětské doplňky | Dětské rukavice;5;https://www.heureka.cz/direct/xml-export/shops/heureka-sekce.xml
CZ;5287;Dětské čelenky;Heureka.cz | Oblečení, obuv a doplňky | Dětské oblečení | Dětské doplňky | Dětské čelenky;5;https://www.heureka.cz/direct/xml-export/shops/heureka-sekce.xml
CZ;3151;Dětské čepice;Heureka.cz | Oblečení, obuv a doplňky | Dětské oblečení | Dětské doplňky | Dětské čepice;5;https://www.heureka.cz/direct/xml-export/shops/heureka-sekce.xml
CZ;3154;Dětské šály;Heureka.cz | Oblečení, obuv a doplňky | Dětské oblečení | Dětské doplňky | Dětské šály;5;https://www.heureka.cz/direct/xml-export/shops/heureka-sekce.xml
CZ;4198;Dětské šátky;Heureka.cz | Oblečení, obuv a doplňky | Dětské oblečení | Dětské doplňky | Dětské šátky;5;https://www.heureka.cz/direct/xml-export/shops/heureka-sekce.xml
CZ;8485;Dětské džíny;Heureka.cz | Oblečení, obuv a doplňky | Dětské oblečení | Dětské kalhoty | Dětské džíny;5;https://www.heureka.cz/direct/xml-export/shops/heureka-sekce.xml
CZ;1570;Dětské klasické kalhoty;Heureka.cz | Oblečení, obuv a doplňky | Dětské oblečení | Dětské kalhoty | Dětské klasické kalhoty;5;https://www.heureka.cz/direct/xml-export/shops/heureka-sekce.xml
CZ;8487;Dětské legíny;Heureka.cz | Oblečení, obuv a doplňky | Dětské oblečení | Dětské kalhoty | Dětské legíny;5;https://www.heureka.cz/direct/xml-export/shops/heureka-sekce.xml
CZ;8489;Dětské sportovní kalhoty;Heureka.cz | Oblečení, obuv a doplňky | Dětské oblečení | Dětské kalhoty | Dětské sportovní kalhoty;5;https://www.heureka.cz/direct/xml-export/shops/heureka-sekce.xml
CZ;8486;Dětské tepláky;Heureka.cz | Oblečení, obuv a doplňky | Dětské oblečení | Dětské kalhoty | Dětské tepláky;5;https://www.heureka.cz/direct/xml-export/shops/heureka-sekce.xml
CZ;6817;Dětské košile;Heureka.cz | Oblečení, obuv a doplňky | Dětské oblečení | Dětské košile;4;https://www.heureka.cz/direct/xml-export/shops/heureka-sekce.xml
CZ;1970;Dětské kraťasy a šortky;Heureka.cz | Oblečení, obuv a doplňky | Dětské oblečení | Dětské kraťasy a šortky;4;https://www.heureka.cz/direct/xml-export/shops/heureka-sekce.xml
CZ;1569;Dětské mikiny;Heureka.cz | Oblečení, obuv a doplňky | Dětské oblečení | Dětské mikiny a svetry | Dětské mikiny;5;https://www.heureka.cz/direct/xml-export/shops/heureka-sekce.xml
CZ;6685;Dětské svetry;Heureka.cz | Oblečení, obuv a doplňky | Dětské oblečení | Dětské mikiny a svetry | Dětské svetry;5;https://www.heureka.cz/direct/xml-export/shops/heureka-sekce.xml
CZ;1575;Dětská pyžama;Heureka.cz | Oblečení, obuv a doplňky | Dětské oblečení | Dětské noční prádlo a župany | Dětská pyžama;5;https://www.heureka.cz/direct/xml-export/shops/heureka-sekce.xml
CZ;8479;Dětské noční košilky;Heureka.cz | Oblečení, obuv a doplňky | Dětské oblečení | Dětské noční prádlo a župany | Dětské noční košilky;5;https://www.heureka.cz/direct/xml-export/shops/heureka-sekce.xml
CZ;2413;Dětské župany;Heureka.cz | Oblečení, obuv a doplňky | Dětské oblečení | Dětské noční prádlo a župany | Dětské župany;5;https://www.heureka.cz/direct/xml-export/shops/heureka-sekce.xml
CZ;6894;Dětské overaly;Heureka.cz | Oblečení, obuv a doplňky | Dětské oblečení | Dětské overaly;4;https://www.heureka.cz/direct/xml-export/shops/heureka-sekce.xml
CZ;2479;Dětské plavky;Heureka.cz | Oblečení, obuv a doplňky | Dětské oblečení | Dětské plavky;4;https://www.heureka.cz/direct/xml-export/shops/heureka-sekce.xml
CZ;1576;Dětské ponožky;Heureka.cz | Oblečení, obuv a doplňky | Dětské oblečení | Dětské ponožky a punčocháče | Dětské ponožky;5;https://www.heureka.cz/direct/xml-export/shops/heureka-sekce.xml
CZ;4172;Dětské punčocháče;Heureka.cz | Oblečení, obuv a doplňky | Dětské oblečení | Dětské ponožky a punčocháče | Dětské punčocháče;5;https://www.heureka.cz/direct/xml-export/shops/heureka-sekce.xml
CZ;3153;Dětské spodní prádlo;Heureka.cz | Oblečení, obuv a doplňky | Dětské oblečení | Dětské spodní prádlo;4;https://www.heureka.cz/direct/xml-export/shops/heureka-sekce.xml
CZ;6896;Dětské společenské obleky a saka;Heureka.cz | Oblečení, obuv a doplňky | Dětské oblečení | Dětské společenské obleky a saka;4;https://www.heureka.cz/direct/xml-export/shops/heureka-sekce.xml
CZ;3771;Dětské bundy;Heureka.cz | Oblečení, obuv a doplňky | Dětské oblečení | Dětské svrchní oblečení | Dětské bundy;5;https://www.heureka.cz/direct/xml-export/shops/heureka-sekce.xml
CZ;6864;Dětské kabáty;Heureka.cz | Oblečení, obuv a doplňky | Dětské oblečení | Dětské svrchní oblečení | Dětské kabáty;5;https://www.heureka.cz/direct/xml-export/shops/heureka-sekce.xml
CZ;1573;Dětské kombinézy;Heureka.cz | Oblečení, obuv a doplňky | Dětské oblečení | Dětské svrchní oblečení | Dětské kombinézy;5;https://www.heureka.cz/direct/xml-export/shops/heureka-sekce.xml
CZ;6863;Dětské sportovní bundy;Heureka.cz | Oblečení, obuv a doplňky | Dětské oblečení | Dětské svrchní oblečení | Dětské sportovní bundy;5;https://www.heureka.cz/direct/xml-export/shops/heureka-sekce.xml
CZ;6895;Dětské vesty;Heureka.cz | Oblečení, obuv a doplňky | Dětské oblečení | Dětské svrchní oblečení | Dětské vesty;5;https://www.heureka.cz/direct/xml-export/shops/heureka-sekce.xml
CZ;1574;Dětské teplákové a sportovní soupravy;Heureka.cz | Oblečení, obuv a doplňky | Dětské oblečení | Dětské teplákové a sportovní soupravy;4;https://www.heureka.cz/direct/xml-export/shops/heureka-sekce.xml
CZ;8482;Dětské sukně;Heureka.cz | Oblečení, obuv a doplňky | Dětské oblečení | Dětské šaty a sukně | Dětské sukně;5;https://www.heureka.cz/direct/xml-export/shops/heureka-sekce.xml
CZ;1571;Dětské šaty;Heureka.cz | Oblečení, obuv a doplňky | Dětské oblečení | Dětské šaty a sukně | Dětské šaty;5;https://www.heureka.cz/direct/xml-export/shops/heureka-sekce.xml
CZ;1572;Kojenecká body;Heureka.cz | Oblečení, obuv a doplňky | Dětské oblečení | Kojenecké oblečení | Kojenecká body;5;https://www.heureka.cz/direct/xml-export/shops/heureka-sekce.xml
CZ;3734;Kojenecká trička a košilky;Heureka.cz | Oblečení, obuv a doplňky | Dětské oblečení | Kojenecké oblečení | Kojenecká trička a košilky;5;https://www.heureka.cz/direct/xml-export/shops/heureka-sekce.xml
CZ;4972;Kojenecké dupačky;Heureka.cz | Oblečení, obuv a doplňky | Dětské oblečení | Kojenecké oblečení | Kojenecké dupačky;5;https://www.heureka.cz/direct/xml-export/shops/heureka-sekce.xml
CZ;3731;Kojenecké kabátky, bundy a vesty;Heureka.cz | Oblečení, obuv a doplňky | Dětské oblečení | Kojenecké oblečení | Kojenecké kabátky, bundy a vesty;5;https://www.heureka.cz/direct/xml-export/shops/heureka-sekce.xml
CZ;3751;Kojenecké kalhoty a šortky;Heureka.cz | Oblečení, obuv a doplňky | Dětské oblečení | Kojenecké oblečení | Kojenecké kalhoty a šortky;5;https://www.heureka.cz/direct/xml-export/shops/heureka-sekce.xml
CZ;3733;Kojenecké kombinézy;Heureka.cz | Oblečení, obuv a doplňky | Dětské oblečení | Kojenecké oblečení | Kojenecké kombinézy;5;https://www.heureka.cz/direct/xml-export/shops/heureka-sekce.xml
CZ;3735;Kojenecké mikiny a svetry;Heureka.cz | Oblečení, obuv a doplňky | Dětské oblečení | Kojenecké oblečení | Kojenecké mikiny a svetry;5;https://www.heureka.cz/direct/xml-export/shops/heureka-sekce.xml
CZ;4971;Kojenecké overaly;Heureka.cz | Oblečení, obuv a doplňky | Dětské oblečení | Kojenecké oblečení | Kojenecké overaly;5;https://www.heureka.cz/direct/xml-export/shops/heureka-sekce.xml
CZ;3752;Kojenecké plavky;Heureka.cz | Oblečení, obuv a doplňky | Dětské oblečení | Kojenecké oblečení | Kojenecké plavky;5;https://www.heureka.cz/direct/xml-export/shops/heureka-sekce.xml
CZ;3736;Kojenecké ponožky a punčocháčky;Heureka.cz | Oblečení, obuv a doplňky | Dětské oblečení | Kojenecké oblečení | Kojenecké ponožky a punčocháčky;5;https://www.heureka.cz/direct/xml-export/shops/heureka-sekce.xml
CZ;3739;Kojenecké rukavice;Heureka.cz | Oblečení, obuv a doplňky | Dětské oblečení | Kojenecké oblečení | Kojenecké rukavice;5;https://www.heureka.cz/direct/xml-export/shops/heureka-sekce.xml
CZ;3740;Kojenecké soupravy;Heureka.cz | Oblečení, obuv a doplňky | Dětské oblečení | Kojenecké oblečení | Kojenecké soupravy;5;https://www.heureka.cz/direct/xml-export/shops/heureka-sekce.xml
CZ;5830;Kojenecké čepice;Heureka.cz | Oblečení, obuv a doplňky | Dětské oblečení | Kojenecké oblečení | Kojenecké čepice;5;https://www.heureka.cz/direct/xml-export/shops/heureka-sekce.xml
CZ;3741;Kojenecké šatičky a sukně;Heureka.cz | Oblečení, obuv a doplňky | Dětské oblečení | Kojenecké oblečení | Kojenecké šatičky a sukně;5;https://www.heureka.cz/direct/xml-export/shops/heureka-sekce.xml
CZ;5831;Kojenecké šály;Heureka.cz | Oblečení, obuv a doplňky | Dětské oblečení | Kojenecké oblečení | Kojenecké šály;5;https://www.heureka.cz/direct/xml-export/shops/heureka-sekce.xml
CZ;3738;Kojenecké župany a pyžama;Heureka.cz | Oblečení, obuv a doplňky | Dětské oblečení | Kojenecké oblečení | Kojenecké župany a pyžama;5;https://www.heureka.cz/direct/xml-export/shops/heureka-sekce.xml
CZ;5976;Aktovky;Heureka.cz | Oblečení, obuv a doplňky | Módní doplňky | Batohy, tašky a kabelky | Aktovky;5;https://www.heureka.cz/direct/xml-export/shops/heureka-sekce.xml
CZ;997;Batohy;Heureka.cz | Oblečení, obuv a doplňky | Módní doplňky | Batohy, tašky a kabelky | Batohy;5;https://www.heureka.cz/direct/xml-export/shops/heureka-sekce.xml
CZ;3051;Háčky na kabelku;Heureka.cz | Oblečení, obuv a doplňky | Módní doplňky | Batohy, tašky a kabelky | Doplňky ke kabelkám | Háčky na kabelku;6;https://www.heureka.cz/direct/xml-export/shops/heureka-sekce.xml
CZ;5418;Organizéry do kabelky;Heureka.cz | Oblečení, obuv a doplňky | Módní doplňky | Batohy, tašky a kabelky | Doplňky ke kabelkám | Organizéry do kabelky;6;https://www.heureka.cz/direct/xml-export/shops/heureka-sekce.xml
CZ;1468;Kabelky;Heureka.cz | Oblečení, obuv a doplňky | Módní doplňky | Batohy, tašky a kabelky | Kabelky;5;https://www.heureka.cz/direct/xml-export/shops/heureka-sekce.xml
CZ;2169;Ledvinky;Heureka.cz | Oblečení, obuv a doplňky | Módní doplňky | Batohy, tašky a kabelky | Ledvinky;5;https://www.heureka.cz/direct/xml-export/shops/heureka-sekce.xml
CZ;5977;Sportovní tašky;Heureka.cz | Oblečení, obuv a doplňky | Módní doplňky | Batohy, tašky a kabelky | Sportovní tašky;5;https://www.heureka.cz/direct/xml-export/shops/heureka-sekce.xml
CZ;2383;Tašky;Heureka.cz | Oblečení, obuv a doplňky | Módní doplňky | Batohy, tašky a kabelky | Tašky;5;https://www.heureka.cz/direct/xml-export/shops/heureka-sekce.xml
CZ;3133;Vaky na záda;Heureka.cz | Oblečení, obuv a doplňky | Módní doplňky | Batohy, tašky a kabelky | Vaky na záda;5;https://www.heureka.cz/direct/xml-export/shops/heureka-sekce.xml
CZ;4466;Cestovní kufry;Heureka.cz | Oblečení, obuv a doplňky | Módní doplňky | Cestovní zavazadla a příslušenství | Cestovní kufry;5;https://www.heureka.cz/direct/xml-export/shops/heureka-sekce.xml
CZ;6626;Cestovní tašky a batohy;Heureka.cz | Oblečení, obuv a doplňky | Módní doplňky | Cestovní zavazadla a příslušenství | Cestovní tašky a batohy;5;https://www.heureka.cz/direct/xml-export/shops/heureka-sekce.xml
CZ;6627;Jmenovky na zavazadla;Heureka.cz | Oblečení, obuv a doplňky | Módní doplňky | Cestovní zavazadla a příslušenství | Jmenovky na zavazadla;5;https://www.heureka.cz/direct/xml-export/shops/heureka-sekce.xml
CZ;6632;Obaly na kufry;Heureka.cz | Oblečení, obuv a doplňky | Módní doplňky | Cestovní zavazadla a příslušenství | Obaly na kufry;5;https://www.heureka.cz/direct/xml-export/shops/heureka-sekce.xml
CZ;6628;Popruhy na zavazadla;Heureka.cz | Oblečení, obuv a doplňky | Módní doplňky | Cestovní zavazadla a příslušenství | Popruhy na zavazadla;5;https://www.heureka.cz/direct/xml-export/shops/heureka-sekce.xml
CZ;6629;Váhy na zavazadla;Heureka.cz | Oblečení, obuv a doplňky | Módní doplňky | Cestovní zavazadla a příslušenství | Váhy na zavazadla;5;https://www.heureka.cz/direct/xml-export/shops/heureka-sekce.xml
CZ;2763;Deštníky;Heureka.cz | Oblečení, obuv a doplňky | Módní doplňky | Deštníky;4;https://www.heureka.cz/direct/xml-export/shops/heureka-sekce.xml
CZ;3367;Gumičky do vlasů;Heureka.cz | Oblečení, obuv a doplňky | Módní doplňky | Doplňky do vlasů | Gumičky do vlasů;5;https://www.heureka.cz/direct/xml-export/shops/heureka-sekce.xml
CZ;5035;Paruky;Heureka.cz | Oblečení, obuv a doplňky | Módní doplňky | Doplňky do vlasů | Paruky;5;https://www.heureka.cz/direct/xml-export/shops/heureka-sekce.xml
CZ;3405;Příčesky do vlasů;Heureka.cz | Oblečení, obuv a doplňky | Módní doplňky | Doplňky do vlasů | Příčesky do vlasů;5;https://www.heureka.cz/direct/xml-export/shops/heureka-sekce.xml
CZ;3366;Skřipce do vlasů;Heureka.cz | Oblečení, obuv a doplňky | Módní doplňky | Doplňky do vlasů | Skřipce do vlasů;5;https://www.heureka.cz/direct/xml-export/shops/heureka-sekce.xml
CZ;3369;Spony do vlasů;Heureka.cz | Oblečení, obuv a doplňky | Módní doplňky | Doplňky do vlasů | Spony do vlasů;5;https://www.heureka.cz/direct/xml-export/shops/heureka-sekce.xml
CZ;5216;Svatební závoje;Heureka.cz | Oblečení, obuv a doplňky | Módní doplňky | Doplňky do vlasů | Svatební závoje;5;https://www.heureka.cz/direct/xml-export/shops/heureka-sekce.xml
CZ;5020;Tape in vlasy;Heureka.cz | Oblečení, obuv a doplňky | Módní doplňky | Doplňky do vlasů | Tape in vlasy;5;https://www.heureka.cz/direct/xml-export/shops/heureka-sekce.xml
CZ;3159;Čelenky;Heureka.cz | Oblečení, obuv a doplňky | Módní doplňky | Doplňky do vlasů | Čelenky;5;https://www.heureka.cz/direct/xml-export/shops/heureka-sekce.xml
CZ;3922;Čelenky do vlasů;Heureka.cz | Oblečení, obuv a doplňky | Módní doplňky | Doplňky do vlasů | Čelenky do vlasů;5;https://www.heureka.cz/direct/xml-export/shops/heureka-sekce.xml
CZ;976;Hodinky;Heureka.cz | Oblečení, obuv a doplňky | Módní doplňky | Hodinky a šperky | Hodinky a příslušenství | Hodinky;6;https://www.heureka.cz/direct/xml-export/shops/heureka-sekce.xml
CZ;6960;Kazety a stojany na hodinky;Heureka.cz | Oblečení, obuv a doplňky | Módní doplňky | Hodinky a šperky | Hodinky a příslušenství | Kazety a stojany na hodinky;6;https://www.heureka.cz/direct/xml-export/shops/heureka-sekce.xml
CZ;6704;Natahovače hodinek;Heureka.cz | Oblečení, obuv a doplňky | Módní doplňky | Hodinky a šperky | Hodinky a příslušenství | Natahovače hodinek;6;https://www.heureka.cz/direct/xml-export/shops/heureka-sekce.xml
CZ;2258;Řemínky k hodinkám;Heureka.cz | Oblečení, obuv a doplňky | Módní doplňky | Hodinky a šperky | Hodinky a příslušenství | Řemínky k hodinkám;6;https://www.heureka.cz/direct/xml-export/shops/heureka-sekce.xml
CZ;2054;Brože;Heureka.cz | Oblečení, obuv a doplňky | Módní doplňky | Hodinky a šperky | Šperky | Brože;6;https://www.heureka.cz/direct/xml-export/shops/heureka-sekce.xml
CZ;2634;Dárkové krabičky na šperky;Heureka.cz | Oblečení, obuv a doplňky | Módní doplňky | Hodinky a šperky | Šperky | Dárkové krabičky na šperky;6;https://www.heureka.cz/direct/xml-export/shops/heureka-sekce.xml
CZ;2411;Korunky;Heureka.cz | Oblečení, obuv a doplňky | Módní doplňky | Hodinky a šperky | Šperky | Korunky;6;https://www.heureka.cz/direct/xml-export/shops/heureka-sekce.xml
CZ;2409;Korále;Heureka.cz | Oblečení, obuv a doplňky | Módní doplňky | Hodinky a šperky | Šperky | Korále;6;https://www.heureka.cz/direct/xml-export/shops/heureka-sekce.xml
CZ;1257;Náhrdelníky;Heureka.cz | Oblečení, obuv a doplňky | Módní doplňky | Hodinky a šperky | Šperky | Náhrdelníky;6;https://www.heureka.cz/direct/xml-export/shops/heureka-sekce.xml
CZ;1258;Náramky;Heureka.cz | Oblečení, obuv a doplňky | Módní doplňky | Hodinky a šperky | Šperky | Náramky;6;https://www.heureka.cz/direct/xml-export/shops/heureka-sekce.xml
CZ;1260;Náušnice;Heureka.cz | Oblečení, obuv a doplňky | Módní doplňky | Hodinky a šperky | Šperky | Náušnice;6;https://www.heureka.cz/direct/xml-export/shops/heureka-sekce.xml
CZ;1514;Piercing;Heureka.cz | Oblečení, obuv a doplňky | Módní doplňky | Hodinky a šperky | Šperky | Piercing;6;https://www.heureka.cz/direct/xml-export/shops/heureka-sekce.xml
CZ;1259;Prsteny;Heureka.cz | Oblečení, obuv a doplňky | Módní doplňky | Hodinky a šperky | Šperky | Prsteny;6;https://www.heureka.cz/direct/xml-export/shops/heureka-sekce.xml
CZ;1512;Přívěsky;Heureka.cz | Oblečení, obuv a doplňky | Módní doplňky | Hodinky a šperky | Šperky | Přívěsky;6;https://www.heureka.cz/direct/xml-export/shops/heureka-sekce.xml
CZ;2412;Soupravy šperků a bižuterie;Heureka.cz | Oblečení, obuv a doplňky | Módní doplňky | Hodinky a šperky | Šperky | Soupravy šperků a bižuterie;6;https://www.heureka.cz/direct/xml-export/shops/heureka-sekce.xml
CZ;1746;Řetízky;Heureka.cz | Oblečení, obuv a doplňky | Módní doplňky | Hodinky a šperky | Šperky | Řetízky;6;https://www.heureka.cz/direct/xml-export/shops/heureka-sekce.xml
CZ;6340;Řetízky na nohu;Heureka.cz | Oblečení, obuv a doplňky | Módní doplňky | Hodinky a šperky | Šperky | Řetízky na nohu;6;https://www.heureka.cz/direct/xml-export/shops/heureka-sekce.xml
CZ;2498;Šperkovnice;Heureka.cz | Oblečení, obuv a doplňky | Módní doplňky | Hodinky a šperky | Šperky | Šperkovnice;6;https://www.heureka.cz/direct/xml-export/shops/heureka-sekce.xml
CZ;6331;Kukly;Heureka.cz | Oblečení, obuv a doplňky | Módní doplňky | Kukly;4;https://www.heureka.cz/direct/xml-export/shops/heureka-sekce.xml
CZ;5790;Látkové kapesníky;Heureka.cz | Oblečení, obuv a doplňky | Módní doplňky | Látkové kapesníky;4;https://www.heureka.cz/direct/xml-export/shops/heureka-sekce.xml
CZ;5225;Obaly na oděv a obuv;Heureka.cz | Oblečení, obuv a doplňky | Módní doplňky | Obaly na oděv a obuv;4;https://www.heureka.cz/direct/xml-export/shops/heureka-sekce.xml
CZ;1256;Peněženky;Heureka.cz | Oblečení, obuv a doplňky | Módní doplňky | Peněženky a spony na peníze | Peněženky;5;https://www.heureka.cz/direct/xml-export/shops/heureka-sekce.xml
CZ;5252;Pouzdra na doklady a karty;Heureka.cz | Oblečení, obuv a doplňky | Módní doplňky | Peněženky a spony na peníze | Pouzdra na doklady a karty;5;https://www.heureka.cz/direct/xml-export/shops/heureka-sekce.xml
CZ;4893;Spony na peníze;Heureka.cz | Oblečení, obuv a doplňky | Módní doplňky | Peněženky a spony na peníze | Spony na peníze;5;https://www.heureka.cz/direct/xml-export/shops/heureka-sekce.xml
CZ;2464;Klobouky;Heureka.cz | Oblečení, obuv a doplňky | Módní doplňky | Pokrývky hlavy | Klobouky;5;https://www.heureka.cz/direct/xml-export/shops/heureka-sekce.xml
CZ;2416;Kšiltovky;Heureka.cz | Oblečení, obuv a doplňky | Módní doplňky | Pokrývky hlavy | Kšiltovky;5;https://www.heureka.cz/direct/xml-export/shops/heureka-sekce.xml
CZ;2465;Zimní čepice;Heureka.cz | Oblečení, obuv a doplňky | Módní doplňky | Pokrývky hlavy | Zimní čepice;5;https://www.heureka.cz/direct/xml-export/shops/heureka-sekce.xml
CZ;1589;Kravaty;Heureka.cz | Oblečení, obuv a doplňky | Módní doplňky | Pánské doplňky | Kravaty;5;https://www.heureka.cz/direct/xml-export/shops/heureka-sekce.xml
CZ;2713;Manžetové knoflíčky;Heureka.cz | Oblečení, obuv a doplňky | Módní doplňky | Pánské doplňky | Manžetové knoflíčky;5;https://www.heureka.cz/direct/xml-export/shops/heureka-sekce.xml
CZ;6301;Motýlky;Heureka.cz | Oblečení, obuv a doplňky | Módní doplňky | Pánské doplňky | Motýlky;5;https://www.heureka.cz/direct/xml-export/shops/heureka-sekce.xml
CZ;6304;Spony na kravatu;Heureka.cz | Oblečení, obuv a doplňky | Módní doplňky | Pánské doplňky | Spony na kravatu;5;https://www.heureka.cz/direct/xml-export/shops/heureka-sekce.xml
CZ;6762;Kšandy;Heureka.cz | Oblečení, obuv a doplňky | Módní doplňky | Pásky a kšandy | Kšandy;5;https://www.heureka.cz/direct/xml-export/shops/heureka-sekce.xml
CZ;2466;Pásky;Heureka.cz | Oblečení, obuv a doplňky | Módní doplňky | Pásky a kšandy | Pásky;5;https://www.heureka.cz/direct/xml-export/shops/heureka-sekce.xml
CZ;2408;Klíčenky;Heureka.cz | Oblečení, obuv a doplňky | Módní doplňky | Přívěsky na klíče a klíčenky | Klíčenky;5;https://www.heureka.cz/direct/xml-export/shops/heureka-sekce.xml
CZ;3070;Přívěsky na klíče;Heureka.cz | Oblečení, obuv a doplňky | Módní doplňky | Přívěsky na klíče a klíčenky | Přívěsky na klíče;5;https://www.heureka.cz/direct/xml-export/shops/heureka-sekce.xml
CZ;3096;Pouzdra na brýle;Heureka.cz | Oblečení, obuv a doplňky | Módní doplňky | Sluneční brýle a pouzdra na brýle | Pouzdra na brýle;5;https://www.heureka.cz/direct/xml-export/shops/heureka-sekce.xml
CZ;2711;Sluneční brýle;Heureka.cz | Oblečení, obuv a doplňky | Módní doplňky | Sluneční brýle a pouzdra na brýle | Sluneční brýle;5;https://www.heureka.cz/direct/xml-export/shops/heureka-sekce.xml
CZ;4885;Společenské rukavice;Heureka.cz | Oblečení, obuv a doplňky | Módní doplňky | Společenské rukavice;4;https://www.heureka.cz/direct/xml-export/shops/heureka-sekce.xml
CZ;3157;Zimní rukavice;Heureka.cz | Oblečení, obuv a doplňky | Módní doplňky | Zimní rukavice;4;https://www.heureka.cz/direct/xml-export/shops/heureka-sekce.xml
CZ;6508;Nákrčníky;Heureka.cz | Oblečení, obuv a doplňky | Módní doplňky | Šátky, šály a nákrčníky | Nákrčníky;5;https://www.heureka.cz/direct/xml-export/shops/heureka-sekce.xml
CZ;3155;Šály;Heureka.cz | Oblečení, obuv a doplňky | Módní doplňky | Šátky, šály a nákrčníky | Šály;5;https://www.heureka.cz/direct/xml-export/shops/heureka-sekce.xml
CZ;3156;Šátky;Heureka.cz | Oblečení, obuv a doplňky | Módní doplňky | Šátky, šály a nákrčníky | Šátky;5;https://www.heureka.cz/direct/xml-export/shops/heureka-sekce.xml
CZ;4834;Napínáky na obuv;Heureka.cz | Oblečení, obuv a doplňky | Obuv | Doplňky k obuvi | Napínáky na obuv;5;https://www.heureka.cz/direct/xml-export/shops/heureka-sekce.xml
CZ;4832;Obouvací lžíce;Heureka.cz | Oblečení, obuv a doplňky | Obuv | Doplňky k obuvi | Obouvací lžíce;5;https://www.heureka.cz/direct/xml-export/shops/heureka-sekce.xml
CZ;6994;Tkaničky;Heureka.cz | Oblečení, obuv a doplňky | Obuv | Doplňky k obuvi | Tkaničky;5;https://www.heureka.cz/direct/xml-export/shops/heureka-sekce.xml
CZ;4830;Vložky do bot;Heureka.cz | Oblečení, obuv a doplňky | Obuv | Doplňky k obuvi | Vložky do bot;5;https://www.heureka.cz/direct/xml-export/shops/heureka-sekce.xml
CZ;4831;Údržba a čištění obuvi;Heureka.cz | Oblečení, obuv a doplňky | Obuv | Doplňky k obuvi | Údržba a čištění obuvi;5;https://www.heureka.cz/direct/xml-export/shops/heureka-sekce.xml
CZ;6152;Dámské baleríny;Heureka.cz | Oblečení, obuv a doplňky | Obuv | Dámské boty | Dámské baleríny;5;https://www.heureka.cz/direct/xml-export/shops/heureka-sekce.xml
CZ;6272;Dámské basketbalové boty;Heureka.cz | Oblečení, obuv a doplňky | Obuv | Dámské boty | Dámské basketbalové boty;5;https://www.heureka.cz/direct/xml-export/shops/heureka-sekce.xml
CZ;6281;Dámské bačkory a domácí obuv;Heureka.cz | Oblečení, obuv a doplňky | Obuv | Dámské boty | Dámské bačkory a domácí obuv;5;https://www.heureka.cz/direct/xml-export/shops/heureka-sekce.xml
CZ;6273;Dámské běžecké boty;Heureka.cz | Oblečení, obuv a doplňky | Obuv | Dámské boty | Dámské běžecké boty;5;https://www.heureka.cz/direct/xml-export/shops/heureka-sekce.xml
CZ;6282;Dámské espadrilky;Heureka.cz | Oblečení, obuv a doplňky | Obuv | Dámské boty | Dámské espadrilky;5;https://www.heureka.cz/direct/xml-export/shops/heureka-sekce.xml
CZ;6592;Dámské fitness boty;Heureka.cz | Oblečení, obuv a doplňky | Obuv | Dámské boty | Dámské fitness boty;5;https://www.heureka.cz/direct/xml-export/shops/heureka-sekce.xml
CZ;6156;Dámské holínky;Heureka.cz | Oblečení, obuv a doplňky | Obuv | Dámské boty | Dámské holínky;5;https://www.heureka.cz/direct/xml-export/shops/heureka-sekce.xml
CZ;6279;Dámské kotníkové boty;Heureka.cz | Oblečení, obuv a doplňky | Obuv | Dámské boty | Dámské kotníkové boty;5;https://www.heureka.cz/direct/xml-export/shops/heureka-sekce.xml
CZ;6153;Dámské kozačky;Heureka.cz | Oblečení, obuv a doplňky | Obuv | Dámské boty | Dámské kozačky;5;https://www.heureka.cz/direct/xml-export/shops/heureka-sekce.xml
CZ;6149;Dámské lodičky;Heureka.cz | Oblečení, obuv a doplňky | Obuv | Dámské boty | Dámské lodičky;5;https://www.heureka.cz/direct/xml-export/shops/heureka-sekce.xml
CZ;6283;Dámské mokasíny;Heureka.cz | Oblečení, obuv a doplňky | Obuv | Dámské boty | Dámské mokasíny;5;https://www.heureka.cz/direct/xml-export/shops/heureka-sekce.xml
CZ;6148;Dámské polobotky;Heureka.cz | Oblečení, obuv a doplňky | Obuv | Dámské boty | Dámské polobotky;5;https://www.heureka.cz/direct/xml-export/shops/heureka-sekce.xml
CZ;6155;Dámské sandály;Heureka.cz | Oblečení, obuv a doplňky | Obuv | Dámské boty | Dámské sandály;5;https://www.heureka.cz/direct/xml-export/shops/heureka-sekce.xml
CZ;6284;Dámské sněhule;Heureka.cz | Oblečení, obuv a doplňky | Obuv | Dámské boty | Dámské sněhule;5;https://www.heureka.cz/direct/xml-export/shops/heureka-sekce.xml
CZ;6278;Dámské tenisky;Heureka.cz | Oblečení, obuv a doplňky | Obuv | Dámské boty | Dámské tenisky;5;https://www.heureka.cz/direct/xml-export/shops/heureka-sekce.xml
CZ;6277;Dámské trekové boty;Heureka.cz | Oblečení, obuv a doplňky | Obuv | Dámské boty | Dámské trekové boty;5;https://www.heureka.cz/direct/xml-export/shops/heureka-sekce.xml
CZ;6280;Dámské žabky a pantofle;Heureka.cz | Oblečení, obuv a doplňky | Obuv | Dámské boty | Dámské žabky a pantofle;5;https://www.heureka.cz/direct/xml-export/shops/heureka-sekce.xml
CZ;6288;Dětské baleríny a espadrilky;Heureka.cz | Oblečení, obuv a doplňky | Obuv | Dětské boty | Dětské baleríny a espadrilky;5;https://www.heureka.cz/direct/xml-export/shops/heureka-sekce.xml
CZ;6270;Dětské basketbalové boty;Heureka.cz | Oblečení, obuv a doplňky | Obuv | Dětské boty | Dětské basketbalové boty;5;https://www.heureka.cz/direct/xml-export/shops/heureka-sekce.xml
CZ;6286;Dětské bačkory a domácí obuv;Heureka.cz | Oblečení, obuv a doplňky | Obuv | Dětské boty | Dětské bačkory a domácí obuv;5;https://www.heureka.cz/direct/xml-export/shops/heureka-sekce.xml
CZ;6275;Dětské běžecké boty;Heureka.cz | Oblečení, obuv a doplňky | Obuv | Dětské boty | Dětské běžecké boty;5;https://www.heureka.cz/direct/xml-export/shops/heureka-sekce.xml
CZ;3737;Dětské capáčky;Heureka.cz | Oblečení, obuv a doplňky | Obuv | Dětské boty | Dětské capáčky;5;https://www.heureka.cz/direct/xml-export/shops/heureka-sekce.xml
CZ;6589;Dětské fitness boty;Heureka.cz | Oblečení, obuv a doplňky | Obuv | Dětské boty | Dětské fitness boty;5;https://www.heureka.cz/direct/xml-export/shops/heureka-sekce.xml
CZ;6165;Dětské holínky;Heureka.cz | Oblečení, obuv a doplňky | Obuv | Dětské boty | Dětské holínky;5;https://www.heureka.cz/direct/xml-export/shops/heureka-sekce.xml
CZ;6163;Dětské kotníkové boty;Heureka.cz | Oblečení, obuv a doplňky | Obuv | Dětské boty | Dětské kotníkové boty;5;https://www.heureka.cz/direct/xml-export/shops/heureka-sekce.xml
CZ;6164;Dětské kozačky;Heureka.cz | Oblečení, obuv a doplňky | Obuv | Dětské boty | Dětské kozačky;5;https://www.heureka.cz/direct/xml-export/shops/heureka-sekce.xml
CZ;6398;Dětské polobotky a mokasíny;Heureka.cz | Oblečení, obuv a doplňky | Obuv | Dětské boty | Dětské polobotky a mokasíny;5;https://www.heureka.cz/direct/xml-export/shops/heureka-sekce.xml
CZ;6612;Dětské ponožkoboty;Heureka.cz | Oblečení, obuv a doplňky | Obuv | Dětské boty | Dětské ponožkoboty;5;https://www.heureka.cz/direct/xml-export/shops/heureka-sekce.xml
CZ;6287;Dětské sandály;Heureka.cz | Oblečení, obuv a doplňky | Obuv | Dětské boty | Dětské sandály;5;https://www.heureka.cz/direct/xml-export/shops/heureka-sekce.xml
CZ;6162;Dětské sněhule;Heureka.cz | Oblečení, obuv a doplňky | Obuv | Dětské boty | Dětské sněhule;5;https://www.heureka.cz/direct/xml-export/shops/heureka-sekce.xml
CZ;1990;Dětské tenisky;Heureka.cz | Oblečení, obuv a doplňky | Obuv | Dětské boty | Dětské tenisky;5;https://www.heureka.cz/direct/xml-export/shops/heureka-sekce.xml
CZ;6294;Dětské trekové boty;Heureka.cz | Oblečení, obuv a doplňky | Obuv | Dětské boty | Dětské trekové boty;5;https://www.heureka.cz/direct/xml-export/shops/heureka-sekce.xml
CZ;6285;Dětské žabky a pantofle;Heureka.cz | Oblečení, obuv a doplňky | Obuv | Dětské boty | Dětské žabky a pantofle;5;https://www.heureka.cz/direct/xml-export/shops/heureka-sekce.xml
CZ;6611;Ponožkoboty;Heureka.cz | Oblečení, obuv a doplňky | Obuv | Pánské boty | Ponožkoboty;5;https://www.heureka.cz/direct/xml-export/shops/heureka-sekce.xml
CZ;6271;Pánské basketbalové boty;Heureka.cz | Oblečení, obuv a doplňky | Obuv | Pánské boty | Pánské basketbalové boty;5;https://www.heureka.cz/direct/xml-export/shops/heureka-sekce.xml
CZ;6159;Pánské bačkory a domácí obuv;Heureka.cz | Oblečení, obuv a doplňky | Obuv | Pánské boty | Pánské bačkory a domácí obuv;5;https://www.heureka.cz/direct/xml-export/shops/heureka-sekce.xml
CZ;6274;Pánské běžecké boty;Heureka.cz | Oblečení, obuv a doplňky | Obuv | Pánské boty | Pánské běžecké boty;5;https://www.heureka.cz/direct/xml-export/shops/heureka-sekce.xml
CZ;6291;Pánské espadrilky;Heureka.cz | Oblečení, obuv a doplňky | Obuv | Pánské boty | Pánské espadrilky;5;https://www.heureka.cz/direct/xml-export/shops/heureka-sekce.xml
CZ;6588;Pánské fitness boty;Heureka.cz | Oblečení, obuv a doplňky | Obuv | Pánské boty | Pánské fitness boty;5;https://www.heureka.cz/direct/xml-export/shops/heureka-sekce.xml
CZ;6160;Pánské holínky a sněhule;Heureka.cz | Oblečení, obuv a doplňky | Obuv | Pánské boty | Pánské holínky a sněhule;5;https://www.heureka.cz/direct/xml-export/shops/heureka-sekce.xml
CZ;6158;Pánské kotníkové boty;Heureka.cz | Oblečení, obuv a doplňky | Obuv | Pánské boty | Pánské kotníkové boty;5;https://www.heureka.cz/direct/xml-export/shops/heureka-sekce.xml
CZ;6292;Pánské mokasíny;Heureka.cz | Oblečení, obuv a doplňky | Obuv | Pánské boty | Pánské mokasíny;5;https://www.heureka.cz/direct/xml-export/shops/heureka-sekce.xml
CZ;6151;Pánské polobotky;Heureka.cz | Oblečení, obuv a doplňky | Obuv | Pánské boty | Pánské polobotky;5;https://www.heureka.cz/direct/xml-export/shops/heureka-sekce.xml
CZ;6290;Pánské sandály;Heureka.cz | Oblečení, obuv a doplňky | Obuv | Pánské boty | Pánské sandály;5;https://www.heureka.cz/direct/xml-export/shops/heureka-sekce.xml
CZ;1590;Pánské tenisky;Heureka.cz | Oblečení, obuv a doplňky | Obuv | Pánské boty | Pánské tenisky;5;https://www.heureka.cz/direct/xml-export/shops/heureka-sekce.xml
CZ;6293;Pánské trekové boty;Heureka.cz | Oblečení, obuv a doplňky | Obuv | Pánské boty | Pánské trekové boty;5;https://www.heureka.cz/direct/xml-export/shops/heureka-sekce.xml
CZ;6289;Pánské žabky a pantofle;Heureka.cz | Oblečení, obuv a doplňky | Obuv | Pánské boty | Pánské žabky a pantofle;5;https://www.heureka.cz/direct/xml-export/shops/heureka-sekce.xml
CZ;7026;Pánská sportovní trička;Heureka.cz | Oblečení, obuv a doplňky | Pánské oblečení | Pánská trička a tílka | Pánská sportovní trička;5;https://www.heureka.cz/direct/xml-export/shops/heureka-sekce.xml
CZ;8340;Pánská sportovní tílka;Heureka.cz | Oblečení, obuv a doplňky | Pánské oblečení | Pánská trička a tílka | Pánská sportovní tílka;5;https://www.heureka.cz/direct/xml-export/shops/heureka-sekce.xml
CZ;2372;Pánská trička;Heureka.cz | Oblečení, obuv a doplňky | Pánské oblečení | Pánská trička a tílka | Pánská trička;5;https://www.heureka.cz/direct/xml-export/shops/heureka-sekce.xml
CZ;8460;Pánská trička s potiskem;Heureka.cz | Oblečení, obuv a doplňky | Pánské oblečení | Pánská trička a tílka | Pánská trička s potiskem;5;https://www.heureka.cz/direct/xml-export/shops/heureka-sekce.xml
CZ;6680;Pánská tílka;Heureka.cz | Oblečení, obuv a doplňky | Pánské oblečení | Pánská trička a tílka | Pánská tílka;5;https://www.heureka.cz/direct/xml-export/shops/heureka-sekce.xml
CZ;6143;Pánské džíny;Heureka.cz | Oblečení, obuv a doplňky | Pánské oblečení | Pánské kalhoty | Pánské džíny;5;https://www.heureka.cz/direct/xml-export/shops/heureka-sekce.xml
CZ;2341;Pánské klasické kalhoty;Heureka.cz | Oblečení, obuv a doplňky | Pánské oblečení | Pánské kalhoty | Pánské klasické kalhoty;5;https://www.heureka.cz/direct/xml-export/shops/heureka-sekce.xml
CZ;6144;Pánské legíny;Heureka.cz | Oblečení, obuv a doplňky | Pánské oblečení | Pánské kalhoty | Pánské legíny;5;https://www.heureka.cz/direct/xml-export/shops/heureka-sekce.xml
CZ;6146;Pánské sportovní kalhoty;Heureka.cz | Oblečení, obuv a doplňky | Pánské oblečení | Pánské kalhoty | Pánské sportovní kalhoty;5;https://www.heureka.cz/direct/xml-export/shops/heureka-sekce.xml
CZ;6145;Pánské tepláky;Heureka.cz | Oblečení, obuv a doplňky | Pánské oblečení | Pánské kalhoty | Pánské tepláky;5;https://www.heureka.cz/direct/xml-export/shops/heureka-sekce.xml
CZ;1588;Pánské košile;Heureka.cz | Oblečení, obuv a doplňky | Pánské oblečení | Pánské košile;4;https://www.heureka.cz/direct/xml-export/shops/heureka-sekce.xml
CZ;840;Pánské kraťasy a šortky;Heureka.cz | Oblečení, obuv a doplňky | Pánské oblečení | Pánské kraťasy a šortky;4;https://www.heureka.cz/direct/xml-export/shops/heureka-sekce.xml
CZ;1591;Pánské mikiny;Heureka.cz | Oblečení, obuv a doplňky | Pánské oblečení | Pánské mikiny a svetry | Pánské mikiny;5;https://www.heureka.cz/direct/xml-export/shops/heureka-sekce.xml
CZ;8478;Pánské mikiny s potiskem;Heureka.cz | Oblečení, obuv a doplňky | Pánské oblečení | Pánské mikiny a svetry | Pánské mikiny s potiskem;5;https://www.heureka.cz/direct/xml-export/shops/heureka-sekce.xml
CZ;2269;Pánské svetry;Heureka.cz | Oblečení, obuv a doplňky | Pánské oblečení | Pánské mikiny a svetry | Pánské svetry;5;https://www.heureka.cz/direct/xml-export/shops/heureka-sekce.xml
CZ;2462;Pánská pyžama;Heureka.cz | Oblečení, obuv a doplňky | Pánské oblečení | Pánské noční prádlo a župany | Pánská pyžama;5;https://www.heureka.cz/direct/xml-export/shops/heureka-sekce.xml
CZ;874;Pánské župany;Heureka.cz | Oblečení, obuv a doplňky | Pánské oblečení | Pánské noční prádlo a župany | Pánské župany;5;https://www.heureka.cz/direct/xml-export/shops/heureka-sekce.xml
CZ;2373;Pánská saka;Heureka.cz | Oblečení, obuv a doplňky | Pánské oblečení | Pánské obleky a saka | Pánská saka;5;https://www.heureka.cz/direct/xml-export/shops/heureka-sekce.xml
CZ;2459;Pánské obleky;Heureka.cz | Oblečení, obuv a doplňky | Pánské oblečení | Pánské obleky a saka | Pánské obleky;5;https://www.heureka.cz/direct/xml-export/shops/heureka-sekce.xml
CZ;1587;Pánské plavky;Heureka.cz | Oblečení, obuv a doplňky | Pánské oblečení | Pánské plavky;4;https://www.heureka.cz/direct/xml-export/shops/heureka-sekce.xml
CZ;2463;Pánské ponožky;Heureka.cz | Oblečení, obuv a doplňky | Pánské oblečení | Pánské ponožky;4;https://www.heureka.cz/direct/xml-export/shops/heureka-sekce.xml
CZ;1585;Boxerky, trenky, slipy;Heureka.cz | Oblečení, obuv a doplňky | Pánské oblečení | Pánské spodní prádlo | Boxerky, trenky, slipy;5;https://www.heureka.cz/direct/xml-export/shops/heureka-sekce.xml
CZ;1586;Pánské nátělníky;Heureka.cz | Oblečení, obuv a doplňky | Pánské oblečení | Pánské spodní prádlo | Pánské nátělníky;5;https://www.heureka.cz/direct/xml-export/shops/heureka-sekce.xml
CZ;4392;Pánské spodky;Heureka.cz | Oblečení, obuv a doplňky | Pánské oblečení | Pánské spodní prádlo | Pánské spodky;5;https://www.heureka.cz/direct/xml-export/shops/heureka-sekce.xml
CZ;4139;Pánské stahovací prádlo;Heureka.cz | Oblečení, obuv a doplňky | Pánské oblečení | Pánské spodní prádlo | Pánské stahovací prádlo;5;https://www.heureka.cz/direct/xml-export/shops/heureka-sekce.xml
CZ;2458;Pánské bundy;Heureka.cz | Oblečení, obuv a doplňky | Pánské oblečení | Pánské svrchní oblečení | Pánské bundy;5;https://www.heureka.cz/direct/xml-export/shops/heureka-sekce.xml
CZ;5979;Pánské kabáty;Heureka.cz | Oblečení, obuv a doplňky | Pánské oblečení | Pánské svrchní oblečení | Pánské kabáty;5;https://www.heureka.cz/direct/xml-export/shops/heureka-sekce.xml
CZ;5980;Pánské sportovní bundy;Heureka.cz | Oblečení, obuv a doplňky | Pánské oblečení | Pánské svrchní oblečení | Pánské sportovní bundy;5;https://www.heureka.cz/direct/xml-export/shops/heureka-sekce.xml
CZ;915;Pánské vesty;Heureka.cz | Oblečení, obuv a doplňky | Pánské oblečení | Pánské svrchní oblečení | Pánské vesty;5;https://www.heureka.cz/direct/xml-export/shops/heureka-sekce.xml
CZ;2461;Pánské teplákové a sportovní soupravy;Heureka.cz | Oblečení, obuv a doplňky | Pánské oblečení | Pánské teplákové a sportovní soupravy;4;https://www.heureka.cz/direct/xml-export/shops/heureka-sekce.xml
CZ;1393;Kapesní nože;Heureka.cz | Sport a outdoor | Outdoorové vybavení | Kapesní nože;4;https://www.heureka.cz/direct/xml-export/shops/heureka-sekce.xml
CZ;4963;Láhve na pití;Heureka.cz | Sport a outdoor | Outdoorové vybavení | Láhve a pitné vaky | Láhve na pití;5;https://www.heureka.cz/direct/xml-export/shops/heureka-sekce.xml
CZ;1981;Pitné vaky;Heureka.cz | Sport a outdoor | Outdoorové vybavení | Láhve a pitné vaky | Pitné vaky;5;https://www.heureka.cz/direct/xml-export/shops/heureka-sekce.xml
CZ;3987;Impregnace a ochranné přípravky;Heureka.cz | Sport a outdoor | Outdoorové vybavení | Ostatní outdoorové vybavení | Impregnace a ochranné přípravky;5;https://www.heureka.cz/direct/xml-export/shops/heureka-sekce.xml
CZ;5222;Pláštěnky na batohy;Heureka.cz | Sport a outdoor | Outdoorové vybavení | Ostatní outdoorové vybavení | Pláštěnky na batohy;5;https://www.heureka.cz/direct/xml-export/shops/heureka-sekce.xml
CZ;3114;Příslušenství pro chemická WC;Heureka.cz | Sport a outdoor | Outdoorové vybavení | Ostatní outdoorové vybavení | Příslušenství pro chemická WC;5;https://www.heureka.cz/direct/xml-export/shops/heureka-sekce.xml
CZ;5995;Turistické batohy;Heureka.cz | Sport a outdoor | Outdoorové vybavení | Turistické batohy;4;https://www.heureka.cz/direct/xml-export/shops/heureka-sekce.xml
CZ;5451;Autostany;Heureka.cz | Sport a outdoor | Outdoorové vybavení | Turistika a kemping | Autostany;5;https://www.heureka.cz/direct/xml-export/shops/heureka-sekce.xml
CZ;4375;Bivakovací pytle;Heureka.cz | Sport a outdoor | Outdoorové vybavení | Turistika a kemping | Bivakovací pytle;5;https://www.heureka.cz/direct/xml-export/shops/heureka-sekce.xml
CZ;7429;Celty;Heureka.cz | Sport a outdoor | Outdoorové vybavení | Turistika a kemping | Celty;5;https://www.heureka.cz/direct/xml-export/shops/heureka-sekce.xml
CZ;1458;Chemická WC;Heureka.cz | Sport a outdoor | Outdoorové vybavení | Turistika a kemping | Chemická WC;5;https://www.heureka.cz/direct/xml-export/shops/heureka-sekce.xml
CZ;5435;Hamaky;Heureka.cz | Sport a outdoor | Outdoorové vybavení | Turistika a kemping | Hamaky;5;https://www.heureka.cz/direct/xml-export/shops/heureka-sekce.xml
CZ;986;Karimatky;Heureka.cz | Sport a outdoor | Outdoorové vybavení | Turistika a kemping | Karimatky;5;https://www.heureka.cz/direct/xml-export/shops/heureka-sekce.xml
CZ;5515;Kempingové sprchy;Heureka.cz | Sport a outdoor | Outdoorové vybavení | Turistika a kemping | Kempingové sprchy;5;https://www.heureka.cz/direct/xml-export/shops/heureka-sekce.xml
CZ;4974;Kempingové skříně;Heureka.cz | Sport a outdoor | Outdoorové vybavení | Turistika a kemping | Kempingový nábytek | Kempingové skříně;6;https://www.heureka.cz/direct/xml-export/shops/heureka-sekce.xml
CZ;2928;Kompasy a buzoly;Heureka.cz | Sport a outdoor | Outdoorové vybavení | Turistika a kemping | Kompasy a buzoly;5;https://www.heureka.cz/direct/xml-export/shops/heureka-sekce.xml
CZ;8560;Multifunkční kleště;Heureka.cz | Sport a outdoor | Outdoorové vybavení | Turistika a kemping | Multifunkční kleště;5;https://www.heureka.cz/direct/xml-export/shops/heureka-sekce.xml
CZ;2047;Návleky na boty;Heureka.cz | Sport a outdoor | Outdoorové vybavení | Turistika a kemping | Návleky na boty;5;https://www.heureka.cz/direct/xml-export/shops/heureka-sekce.xml
CZ;6403;Ohřívače rukou;Heureka.cz | Sport a outdoor | Outdoorové vybavení | Turistika a kemping | Ohřívače rukou;5;https://www.heureka.cz/direct/xml-export/shops/heureka-sekce.xml
CZ;6808;Paracord náramky;Heureka.cz | Sport a outdoor | Outdoorové vybavení | Turistika a kemping | Paracord náramky;5;https://www.heureka.cz/direct/xml-export/shops/heureka-sekce.xml
CZ;4855;Piknikové deky;Heureka.cz | Sport a outdoor | Outdoorové vybavení | Turistika a kemping | Piknikové deky;5;https://www.heureka.cz/direct/xml-export/shops/heureka-sekce.xml
CZ;2170;Pláštěnky;Heureka.cz | Sport a outdoor | Outdoorové vybavení | Turistika a kemping | Pláštěnky;5;https://www.heureka.cz/direct/xml-export/shops/heureka-sekce.xml
CZ;8505;Podlážky ke stanům;Heureka.cz | Sport a outdoor | Outdoorové vybavení | Turistika a kemping | Podlážky ke stanům;5;https://www.heureka.cz/direct/xml-export/shops/heureka-sekce.xml
CZ;8571;Pouzdra na nože;Heureka.cz | Sport a outdoor | Outdoorové vybavení | Turistika a kemping | Pouzdra na nože;5;https://www.heureka.cz/direct/xml-export/shops/heureka-sekce.xml
CZ;7052;Předstany;Heureka.cz | Sport a outdoor | Outdoorové vybavení | Turistika a kemping | Předstany;5;https://www.heureka.cz/direct/xml-export/shops/heureka-sekce.xml
CZ;8582;Sady pro přežití;Heureka.cz | Sport a outdoor | Outdoorové vybavení | Turistika a kemping | Sady pro přežití;5;https://www.heureka.cz/direct/xml-export/shops/heureka-sekce.xml
CZ;988;Spacáky;Heureka.cz | Sport a outdoor | Outdoorové vybavení | Turistika a kemping | Spacáky;5;https://www.heureka.cz/direct/xml-export/shops/heureka-sekce.xml
CZ;8511;Stanové kolíky;Heureka.cz | Sport a outdoor | Outdoorové vybavení | Turistika a kemping | Stanové kolíky;5;https://www.heureka.cz/direct/xml-export/shops/heureka-sekce.xml
CZ;987;Stany;Heureka.cz | Sport a outdoor | Outdoorové vybavení | Turistika a kemping | Stany;5;https://www.heureka.cz/direct/xml-export/shops/heureka-sekce.xml
CZ;2043;Trekingové hole;Heureka.cz | Sport a outdoor | Outdoorové vybavení | Turistika a kemping | Trekingové hole;5;https://www.heureka.cz/direct/xml-export/shops/heureka-sekce.xml
CZ;8411;Vložky do spacáků;Heureka.cz | Sport a outdoor | Outdoorové vybavení | Turistika a kemping | Vložky do spacáků;5;https://www.heureka.cz/direct/xml-export/shops/heureka-sekce.xml
CZ;3125;Chladící tašky a boxy;Heureka.cz | Sport a outdoor | Outdoorové vybavení | Vaření v přírodě | Chladící tašky a boxy;5;https://www.heureka.cz/direct/xml-export/shops/heureka-sekce.xml
CZ;4970;Kartuše a palivové láhve;Heureka.cz | Sport a outdoor | Outdoorové vybavení | Vaření v přírodě | Kartuše a palivové láhve;5;https://www.heureka.cz/direct/xml-export/shops/heureka-sekce.xml
CZ;4969;Outdoorové kotlíky;Heureka.cz | Sport a outdoor | Outdoorové vybavení | Vaření v přírodě | Outdoorové kotlíky;5;https://www.heureka.cz/direct/xml-export/shops/heureka-sekce.xml
CZ;4964;Outdoorové nádobí;Heureka.cz | Sport a outdoor | Outdoorové vybavení | Vaření v přírodě | Outdoorové nádobí;5;https://www.heureka.cz/direct/xml-export/shops/heureka-sekce.xml
CZ;4965;Outdoorové příbory;Heureka.cz | Sport a outdoor | Outdoorové vybavení | Vaření v přírodě | Outdoorové příbory;5;https://www.heureka.cz/direct/xml-export/shops/heureka-sekce.xml
CZ;1392;Outdoorové vařiče;Heureka.cz | Sport a outdoor | Outdoorové vybavení | Vaření v přírodě | Outdoorové vařiče;5;https://www.heureka.cz/direct/xml-export/shops/heureka-sekce.xml
CZ;3118;Placatky;Heureka.cz | Sport a outdoor | Outdoorové vybavení | Vaření v přírodě | Placatky;5;https://www.heureka.cz/direct/xml-export/shops/heureka-sekce.xml
CZ;4968;Křesadla;Heureka.cz | Sport a outdoor | Outdoorové vybavení | Vaření v přírodě | Rozdělání ohně v přírodě | Křesadla;6;https://www.heureka.cz/direct/xml-export/shops/heureka-sekce.xml
CZ;6373;Sirky;Heureka.cz | Sport a outdoor | Outdoorové vybavení | Vaření v přírodě | Rozdělání ohně v přírodě | Sirky;6;https://www.heureka.cz/direct/xml-export/shops/heureka-sekce.xml
CZ;6375;Tuhé lihy;Heureka.cz | Sport a outdoor | Outdoorové vybavení | Vaření v přírodě | Rozdělání ohně v přírodě | Tuhé lihy;6;https://www.heureka.cz/direct/xml-export/shops/heureka-sekce.xml
CZ;1394;Svítilny;Heureka.cz | Sport a outdoor | Outdoorové vybavení | Čelovky a svítilny | Svítilny;5;https://www.heureka.cz/direct/xml-export/shops/heureka-sekce.xml
CZ;2378;Čelovky;Heureka.cz | Sport a outdoor | Outdoorové vybavení | Čelovky a svítilny | Čelovky;5;https://www.heureka.cz/direct/xml-export/shops/heureka-sekce.xml
CZ;3013;Hrudní pásy;Heureka.cz | Sport a outdoor | Sporttestery a chytré přístroje | Hrudní pásy;4;https://www.heureka.cz/direct/xml-export/shops/heureka-sekce.xml
CZ;4374;Krokoměry;Heureka.cz | Sport a outdoor | Sporttestery a chytré přístroje | Krokoměry;4;https://www.heureka.cz/direct/xml-export/shops/heureka-sekce.xml
CZ;2361;Sporttestery;Heureka.cz | Sport a outdoor | Sporttestery a chytré přístroje | Sporttestery;4;https://www.heureka.cz/direct/xml-export/shops/heureka-sekce.xml
CZ;3865;Vrhy a hody;Heureka.cz | Sport a outdoor | Sporty | Atletika | Atletické náčiní | Vrhy a hody;6;https://www.heureka.cz/direct/xml-export/shops/heureka-sekce.xml
CZ;5060;Atletické tretry;Heureka.cz | Sport a outdoor | Sporty | Atletika | Atletické tretry;5;https://www.heureka.cz/direct/xml-export/shops/heureka-sekce.xml
CZ;5251;Elektrokola;Heureka.cz | Sport a outdoor | Sporty | Cyklistika | Elektrokola;5;https://www.heureka.cz/direct/xml-export/shops/heureka-sekce.xml
CZ;5016;Elektrokoloběžky;Heureka.cz | Sport a outdoor | Sporty | Cyklistika | Elektrokoloběžky;5;https://www.heureka.cz/direct/xml-export/shops/heureka-sekce.xml
CZ;3870;Jednokolky;Heureka.cz | Sport a outdoor | Sporty | Cyklistika | Jednokolky;5;https://www.heureka.cz/direct/xml-export/shops/heureka-sekce.xml
CZ;1000;Jízdní kola;Heureka.cz | Sport a outdoor | Sporty | Cyklistika | Jízdní kola;5;https://www.heureka.cz/direct/xml-export/shops/heureka-sekce.xml
CZ;6982;Kolečka na koloběžky;Heureka.cz | Sport a outdoor | Sporty | Cyklistika | Koloběžky a příslušenství | Kolečka na koloběžky;6;https://www.heureka.cz/direct/xml-export/shops/heureka-sekce.xml
CZ;1231;Koloběžky;Heureka.cz | Sport a outdoor | Sporty | Cyklistika | Koloběžky a příslušenství | Koloběžky;6;https://www.heureka.cz/direct/xml-export/shops/heureka-sekce.xml
CZ;4760;Komponenty pro koloběžky;Heureka.cz | Sport a outdoor | Sporty | Cyklistika | Koloběžky a příslušenství | Komponenty pro koloběžky;6;https://www.heureka.cz/direct/xml-export/shops/heureka-sekce.xml
CZ;8397;Řídítka na koloběžky;Heureka.cz | Sport a outdoor | Sporty | Cyklistika | Koloběžky a příslušenství | Řídítka na koloběžky;6;https://www.heureka.cz/direct/xml-export/shops/heureka-sekce.xml
CZ;1211;Duše na kolo;Heureka.cz | Sport a outdoor | Sporty | Cyklistika | Komponenty na kolo | Duše na kolo;6;https://www.heureka.cz/direct/xml-export/shops/heureka-sekce.xml
CZ;2112;Kompletní sady komponentů na kolo;Heureka.cz | Sport a outdoor | Sporty | Cyklistika | Komponenty na kolo | Kompletní sady komponentů na kolo;6;https://www.heureka.cz/direct/xml-export/shops/heureka-sekce.xml
CZ;1221;Kliky na kolo;Heureka.cz | Sport a outdoor | Sporty | Cyklistika | Komponenty na kolo | Komponenty pro pohon kol | Kliky na kolo;7;https://www.heureka.cz/direct/xml-export/shops/heureka-sekce.xml
CZ;1229;Pedály na kolo;Heureka.cz | Sport a outdoor | Sporty | Cyklistika | Komponenty na kolo | Komponenty pro pohon kol | Pedály na kolo;7;https://www.heureka.cz/direct/xml-export/shops/heureka-sekce.xml
CZ;1238;Středové osy a složení;Heureka.cz | Sport a outdoor | Sporty | Cyklistika | Komponenty na kolo | Komponenty pro pohon kol | Středové osy a složení;7;https://www.heureka.cz/direct/xml-export/shops/heureka-sekce.xml
CZ;1241;Řetězy na kolo;Heureka.cz | Sport a outdoor | Sporty | Cyklistika | Komponenty na kolo | Komponenty pro pohon kol | Řetězy na kolo;7;https://www.heureka.cz/direct/xml-export/shops/heureka-sekce.xml
CZ;1233;Náboje na kolo;Heureka.cz | Sport a outdoor | Sporty | Cyklistika | Komponenty na kolo | Náboje na kolo;6;https://www.heureka.cz/direct/xml-export/shops/heureka-sekce.xml
CZ;2109;Bovdeny a lanka;Heureka.cz | Sport a outdoor | Sporty | Cyklistika | Komponenty na kolo | Ovládání na kolo | Bovdeny a lanka;7;https://www.heureka.cz/direct/xml-export/shops/heureka-sekce.xml
CZ;6637;Brzdové destičky na kolo;Heureka.cz | Sport a outdoor | Sporty | Cyklistika | Komponenty na kolo | Ovládání na kolo | Brzdy na kolo | Brzdové destičky na kolo;8;https://www.heureka.cz/direct/xml-export/shops/heureka-sekce.xml
CZ;6639;Brzdové kotouče na kolo;Heureka.cz | Sport a outdoor | Sporty | Cyklistika | Komponenty na kolo | Ovládání na kolo | Brzdy na kolo | Brzdové kotouče na kolo;8;https://www.heureka.cz/direct/xml-export/shops/heureka-sekce.xml
CZ;6641;Brzdové páky na kolo;Heureka.cz | Sport a outdoor | Sporty | Cyklistika | Komponenty na kolo | Ovládání na kolo | Brzdy na kolo | Brzdové páky na kolo;8;https://www.heureka.cz/direct/xml-export/shops/heureka-sekce.xml
CZ;6688;Brzdové třmeny na kolo;Heureka.cz | Sport a outdoor | Sporty | Cyklistika | Komponenty na kolo | Ovládání na kolo | Brzdy na kolo | Brzdové třmeny na kolo;8;https://www.heureka.cz/direct/xml-export/shops/heureka-sekce.xml
CZ;6640;Brzdové čelisti na kolo;Heureka.cz | Sport a outdoor | Sporty | Cyklistika | Komponenty na kolo | Ovládání na kolo | Brzdy na kolo | Brzdové čelisti na kolo;8;https://www.heureka.cz/direct/xml-export/shops/heureka-sekce.xml
CZ;6638;Brzdové špalky na kolo;Heureka.cz | Sport a outdoor | Sporty | Cyklistika | Komponenty na kolo | Ovládání na kolo | Brzdy na kolo | Brzdové špalky na kolo;8;https://www.heureka.cz/direct/xml-export/shops/heureka-sekce.xml
CZ;1227;Sety kotoučových brzd na kolo;Heureka.cz | Sport a outdoor | Sporty | Cyklistika | Komponenty na kolo | Ovládání na kolo | Brzdy na kolo | Sety kotoučových brzd na kolo;8;https://www.heureka.cz/direct/xml-export/shops/heureka-sekce.xml
CZ;1220;Cyklistické gripy a omotávky;Heureka.cz | Sport a outdoor | Sporty | Cyklistika | Komponenty na kolo | Ovládání na kolo | Cyklistické gripy a omotávky;7;https://www.heureka.cz/direct/xml-export/shops/heureka-sekce.xml
CZ;1250;Cyklistické rohy;Heureka.cz | Sport a outdoor | Sporty | Cyklistika | Komponenty na kolo | Ovládání na kolo | Cyklistické rohy;7;https://www.heureka.cz/direct/xml-export/shops/heureka-sekce.xml
CZ;2110;Hlavová složení;Heureka.cz | Sport a outdoor | Sporty | Cyklistika | Komponenty na kolo | Ovládání na kolo | Hlavová složení;7;https://www.heureka.cz/direct/xml-export/shops/heureka-sekce.xml
CZ;1223;Představce na kolo;Heureka.cz | Sport a outdoor | Sporty | Cyklistika | Komponenty na kolo | Ovládání na kolo | Představce na kolo;7;https://www.heureka.cz/direct/xml-export/shops/heureka-sekce.xml
CZ;1222;Řídítka na kolo;Heureka.cz | Sport a outdoor | Sporty | Cyklistika | Komponenty na kolo | Ovládání na kolo | Řídítka na kolo;7;https://www.heureka.cz/direct/xml-export/shops/heureka-sekce.xml
CZ;1212;Pláště na kolo;Heureka.cz | Sport a outdoor | Sporty | Cyklistika | Komponenty na kolo | Pláště na kolo;6;https://www.heureka.cz/direct/xml-export/shops/heureka-sekce.xml
CZ;1249;Podsedlové objímky;Heureka.cz | Sport a outdoor | Sporty | Cyklistika | Komponenty na kolo | Podsedlové objímky;6;https://www.heureka.cz/direct/xml-export/shops/heureka-sekce.xml
CZ;1232;Kazety na kolo;Heureka.cz | Sport a outdoor | Sporty | Cyklistika | Komponenty na kolo | Převody na kolo | Kazety na kolo;7;https://www.heureka.cz/direct/xml-export/shops/heureka-sekce.xml
CZ;4920;Objímky na přesmykače;Heureka.cz | Sport a outdoor | Sporty | Cyklistika | Komponenty na kolo | Převody na kolo | Objímky na přesmykače;7;https://www.heureka.cz/direct/xml-export/shops/heureka-sekce.xml
CZ;1234;Přehazovačky na kolo;Heureka.cz | Sport a outdoor | Sporty | Cyklistika | Komponenty na kolo | Převody na kolo | Přehazovačky na kolo;7;https://www.heureka.cz/direct/xml-export/shops/heureka-sekce.xml
CZ;1235;Přesmykače na kolo;Heureka.cz | Sport a outdoor | Sporty | Cyklistika | Komponenty na kolo | Převody na kolo | Přesmykače na kolo;7;https://www.heureka.cz/direct/xml-export/shops/heureka-sekce.xml
CZ;5273;Převodníky pro kliky;Heureka.cz | Sport a outdoor | Sporty | Cyklistika | Komponenty na kolo | Převody na kolo | Převodníky pro kliky;7;https://www.heureka.cz/direct/xml-export/shops/heureka-sekce.xml
CZ;1243;Řazení na kolo;Heureka.cz | Sport a outdoor | Sporty | Cyklistika | Komponenty na kolo | Převody na kolo | Řazení na kolo;7;https://www.heureka.cz/direct/xml-export/shops/heureka-sekce.xml
CZ;4497;Redukce k sedlovkám;Heureka.cz | Sport a outdoor | Sporty | Cyklistika | Komponenty na kolo | Redukce k sedlovkám;6;https://www.heureka.cz/direct/xml-export/shops/heureka-sekce.xml
CZ;2140;Ráfky na kolo;Heureka.cz | Sport a outdoor | Sporty | Cyklistika | Komponenty na kolo | Ráfky na kolo;6;https://www.heureka.cz/direct/xml-export/shops/heureka-sekce.xml
CZ;1254;Rámy na kolo;Heureka.cz | Sport a outdoor | Sporty | Cyklistika | Komponenty na kolo | Rámy na kolo;6;https://www.heureka.cz/direct/xml-export/shops/heureka-sekce.xml
CZ;1237;Sedla na kolo;Heureka.cz | Sport a outdoor | Sporty | Cyklistika | Komponenty na kolo | Sedla na kolo;6;https://www.heureka.cz/direct/xml-export/shops/heureka-sekce.xml
CZ;1224;Sedlovky;Heureka.cz | Sport a outdoor | Sporty | Cyklistika | Komponenty na kolo | Sedlovky;6;https://www.heureka.cz/direct/xml-export/shops/heureka-sekce.xml
CZ;1255;Tlumiče na kolo;Heureka.cz | Sport a outdoor | Sporty | Cyklistika | Komponenty na kolo | Tlumiče na kolo;6;https://www.heureka.cz/direct/xml-export/shops/heureka-sekce.xml
CZ;1239;Vidlice na kolo;Heureka.cz | Sport a outdoor | Sporty | Cyklistika | Komponenty na kolo | Vidlice na kolo;6;https://www.heureka.cz/direct/xml-export/shops/heureka-sekce.xml
CZ;2131;Zapletená kola;Heureka.cz | Sport a outdoor | Sporty | Cyklistika | Komponenty na kolo | Zapletená kola;6;https://www.heureka.cz/direct/xml-export/shops/heureka-sekce.xml
CZ;1230;Hustilky;Heureka.cz | Sport a outdoor | Sporty | Cyklistika | Nářadí na kolo a údržba | Hustilky;6;https://www.heureka.cz/direct/xml-export/shops/heureka-sekce.xml
CZ;6584;Lepení na kolo;Heureka.cz | Sport a outdoor | Sporty | Cyklistika | Nářadí na kolo a údržba | Lepení na kolo;6;https://www.heureka.cz/direct/xml-export/shops/heureka-sekce.xml
CZ;2093;Nářadí na kolo;Heureka.cz | Sport a outdoor | Sporty | Cyklistika | Nářadí na kolo a údržba | Nářadí na kolo;6;https://www.heureka.cz/direct/xml-export/shops/heureka-sekce.xml
CZ;2130;Čištění a mazání na kolo;Heureka.cz | Sport a outdoor | Sporty | Cyklistika | Nářadí na kolo a údržba | Čištění a mazání na kolo;6;https://www.heureka.cz/direct/xml-export/shops/heureka-sekce.xml
CZ;1214;Boty na kolo;Heureka.cz | Sport a outdoor | Sporty | Cyklistika | Oblečení a boty na kolo | Boty na kolo;6;https://www.heureka.cz/direct/xml-export/shops/heureka-sekce.xml
CZ;5994;Cyklistické batohy;Heureka.cz | Sport a outdoor | Sporty | Cyklistika | Oblečení a boty na kolo | Cyklistické batohy;6;https://www.heureka.cz/direct/xml-export/shops/heureka-sekce.xml
CZ;1228;Cyklistické brýle;Heureka.cz | Sport a outdoor | Sporty | Cyklistika | Oblečení a boty na kolo | Cyklistické brýle;6;https://www.heureka.cz/direct/xml-export/shops/heureka-sekce.xml
CZ;1246;Cyklistické bundy a vesty;Heureka.cz | Sport a outdoor | Sporty | Cyklistika | Oblečení a boty na kolo | Cyklistické bundy a vesty;6;https://www.heureka.cz/direct/xml-export/shops/heureka-sekce.xml
CZ;3135;Cyklistické chrániče;Heureka.cz | Sport a outdoor | Sporty | Cyklistika | Oblečení a boty na kolo | Cyklistické chrániče;6;https://www.heureka.cz/direct/xml-export/shops/heureka-sekce.xml
CZ;1210;Cyklistické dresy;Heureka.cz | Sport a outdoor | Sporty | Cyklistika | Oblečení a boty na kolo | Cyklistické dresy;6;https://www.heureka.cz/direct/xml-export/shops/heureka-sekce.xml
CZ;1225;Cyklistické kalhoty;Heureka.cz | Sport a outdoor | Sporty | Cyklistika | Oblečení a boty na kolo | Cyklistické kalhoty;6;https://www.heureka.cz/direct/xml-export/shops/heureka-sekce.xml
CZ;6765;Cyklistické kraťasy;Heureka.cz | Sport a outdoor | Sporty | Cyklistika | Oblečení a boty na kolo | Cyklistické kraťasy;6;https://www.heureka.cz/direct/xml-export/shops/heureka-sekce.xml
CZ;1216;Cyklistické návleky;Heureka.cz | Sport a outdoor | Sporty | Cyklistika | Oblečení a boty na kolo | Cyklistické návleky;6;https://www.heureka.cz/direct/xml-export/shops/heureka-sekce.xml
CZ;1245;Cyklistické rukavice;Heureka.cz | Sport a outdoor | Sporty | Cyklistika | Oblečení a boty na kolo | Cyklistické rukavice;6;https://www.heureka.cz/direct/xml-export/shops/heureka-sekce.xml
CZ;1980;Helmy na kolo;Heureka.cz | Sport a outdoor | Sporty | Cyklistika | Oblečení a boty na kolo | Helmy na kolo;6;https://www.heureka.cz/direct/xml-export/shops/heureka-sekce.xml
CZ;1253;Blatníky na kolo;Heureka.cz | Sport a outdoor | Sporty | Cyklistika | Příslušenství na kolo | Blatníky na kolo;6;https://www.heureka.cz/direct/xml-export/shops/heureka-sekce.xml
CZ;1218;Brašny na kolo;Heureka.cz | Sport a outdoor | Sporty | Cyklistika | Příslušenství na kolo | Brašny na kolo;6;https://www.heureka.cz/direct/xml-export/shops/heureka-sekce.xml
CZ;2817;Doplňky na kolo;Heureka.cz | Sport a outdoor | Sporty | Cyklistika | Příslušenství na kolo | Doplňky na kolo;6;https://www.heureka.cz/direct/xml-export/shops/heureka-sekce.xml
CZ;6586;Držáky na kolo;Heureka.cz | Sport a outdoor | Sporty | Cyklistika | Příslušenství na kolo | Držáky na kolo;6;https://www.heureka.cz/direct/xml-export/shops/heureka-sekce.xml
CZ;2095;Držáky na láhve;Heureka.cz | Sport a outdoor | Sporty | Cyklistika | Příslušenství na kolo | Držáky na láhve;6;https://www.heureka.cz/direct/xml-export/shops/heureka-sekce.xml
CZ;5482;Láhve na kolo;Heureka.cz | Sport a outdoor | Sporty | Cyklistika | Příslušenství na kolo | Láhve na kolo;6;https://www.heureka.cz/direct/xml-export/shops/heureka-sekce.xml
CZ;1217;Nosiče na kolo;Heureka.cz | Sport a outdoor | Sporty | Cyklistika | Příslušenství na kolo | Nosiče na kolo;6;https://www.heureka.cz/direct/xml-export/shops/heureka-sekce.xml
CZ;6585;Plachty a obaly na kolo;Heureka.cz | Sport a outdoor | Sporty | Cyklistika | Příslušenství na kolo | Plachty a obaly na kolo;6;https://www.heureka.cz/direct/xml-export/shops/heureka-sekce.xml
CZ;5817;Sedačky na kolo;Heureka.cz | Sport a outdoor | Sporty | Cyklistika | Příslušenství na kolo | Sedačky na kolo;6;https://www.heureka.cz/direct/xml-export/shops/heureka-sekce.xml
CZ;5034;Stojánky na kolo;Heureka.cz | Sport a outdoor | Sporty | Cyklistika | Příslušenství na kolo | Stojánky na kolo;6;https://www.heureka.cz/direct/xml-export/shops/heureka-sekce.xml
CZ;2379;Světla na kolo;Heureka.cz | Sport a outdoor | Sporty | Cyklistika | Příslušenství na kolo | Světla na kolo;6;https://www.heureka.cz/direct/xml-export/shops/heureka-sekce.xml
CZ;5999;Tachometry na kolo;Heureka.cz | Sport a outdoor | Sporty | Cyklistika | Příslušenství na kolo | Tachometry na kolo;6;https://www.heureka.cz/direct/xml-export/shops/heureka-sekce.xml
CZ;5794;Vozíky za kolo;Heureka.cz | Sport a outdoor | Sporty | Cyklistika | Příslušenství na kolo | Vozíky za kolo;6;https://www.heureka.cz/direct/xml-export/shops/heureka-sekce.xml
CZ;5036;Zrcátka na kolo;Heureka.cz | Sport a outdoor | Sporty | Cyklistika | Příslušenství na kolo | Zrcátka na kolo;6;https://www.heureka.cz/direct/xml-export/shops/heureka-sekce.xml
CZ;5031;Zvonky na kolo;Heureka.cz | Sport a outdoor | Sporty | Cyklistika | Příslušenství na kolo | Zvonky na kolo;6;https://www.heureka.cz/direct/xml-export/shops/heureka-sekce.xml
CZ;2094;Zámky na kolo;Heureka.cz | Sport a outdoor | Sporty | Cyklistika | Příslušenství na kolo | Zámky na kolo;6;https://www.heureka.cz/direct/xml-export/shops/heureka-sekce.xml
CZ;5021;Balanční náramky;Heureka.cz | Sport a outdoor | Sporty | Fitness | Cvičební pomůcky | Balanční náramky;6;https://www.heureka.cz/direct/xml-export/shops/heureka-sekce.xml
CZ;2902;Balanční podložky;Heureka.cz | Sport a outdoor | Sporty | Fitness | Cvičební pomůcky | Balanční podložky;6;https://www.heureka.cz/direct/xml-export/shops/heureka-sekce.xml
CZ;8448;Gymnastické kruhy;Heureka.cz | Sport a outdoor | Sporty | Fitness | Cvičební pomůcky | Gymnastické kruhy;6;https://www.heureka.cz/direct/xml-export/shops/heureka-sekce.xml
CZ;1320;Gymnastické míče;Heureka.cz | Sport a outdoor | Sporty | Fitness | Cvičební pomůcky | Gymnastické míče;6;https://www.heureka.cz/direct/xml-export/shops/heureka-sekce.xml
CZ;8449;Hula hoop;Heureka.cz | Sport a outdoor | Sporty | Fitness | Cvičební pomůcky | Hula hoop;6;https://www.heureka.cz/direct/xml-export/shops/heureka-sekce.xml
CZ;5485;Masážní válce;Heureka.cz | Sport a outdoor | Sporty | Fitness | Cvičební pomůcky | Masážní válce;6;https://www.heureka.cz/direct/xml-export/shops/heureka-sekce.xml
CZ;5080;Medicinbaly;Heureka.cz | Sport a outdoor | Sporty | Fitness | Cvičební pomůcky | Medicinbaly;6;https://www.heureka.cz/direct/xml-export/shops/heureka-sekce.xml
CZ;2757;Ostatní fitness nářadí;Heureka.cz | Sport a outdoor | Sporty | Fitness | Cvičební pomůcky | Ostatní fitness nářadí;6;https://www.heureka.cz/direct/xml-export/shops/heureka-sekce.xml
CZ;5434;Plyometrické bedny;Heureka.cz | Sport a outdoor | Sporty | Fitness | Cvičební pomůcky | Plyometrické bedny;6;https://www.heureka.cz/direct/xml-export/shops/heureka-sekce.xml
CZ;4978;Podložky na cvičení;Heureka.cz | Sport a outdoor | Sporty | Fitness | Cvičební pomůcky | Podložky na cvičení;6;https://www.heureka.cz/direct/xml-export/shops/heureka-sekce.xml
CZ;8354;Podložky pod fitness stroje;Heureka.cz | Sport a outdoor | Sporty | Fitness | Cvičební pomůcky | Podložky pod fitness stroje;6;https://www.heureka.cz/direct/xml-export/shops/heureka-sekce.xml
CZ;8504;Návleky na osy;Heureka.cz | Sport a outdoor | Sporty | Fitness | Cvičební pomůcky | Posilovací pomůcky | Návleky na osy;7;https://www.heureka.cz/direct/xml-export/shops/heureka-sekce.xml
CZ;5437;Podpěry na kliky;Heureka.cz | Sport a outdoor | Sporty | Fitness | Cvičební pomůcky | Posilovací pomůcky | Podpěry na kliky;7;https://www.heureka.cz/direct/xml-export/shops/heureka-sekce.xml
CZ;2475;Posilovací Powerbally;Heureka.cz | Sport a outdoor | Sporty | Fitness | Cvičební pomůcky | Posilovací pomůcky | Posilovací Powerbally;7;https://www.heureka.cz/direct/xml-export/shops/heureka-sekce.xml
CZ;8464;Posilovací kladiva;Heureka.cz | Sport a outdoor | Sporty | Fitness | Cvičební pomůcky | Posilovací pomůcky | Posilovací kladiva;7;https://www.heureka.cz/direct/xml-export/shops/heureka-sekce.xml
CZ;8461;Posilovací kleště;Heureka.cz | Sport a outdoor | Sporty | Fitness | Cvičební pomůcky | Posilovací pomůcky | Posilovací kleště;7;https://www.heureka.cz/direct/xml-export/shops/heureka-sekce.xml
CZ;5436;Posilovací kolečka;Heureka.cz | Sport a outdoor | Sporty | Fitness | Cvičební pomůcky | Posilovací pomůcky | Posilovací kolečka;7;https://www.heureka.cz/direct/xml-export/shops/heureka-sekce.xml
CZ;8586;Posilovací kroužky;Heureka.cz | Sport a outdoor | Sporty | Fitness | Cvičební pomůcky | Posilovací pomůcky | Posilovací kroužky;7;https://www.heureka.cz/direct/xml-export/shops/heureka-sekce.xml
CZ;6614;Posilovací lana;Heureka.cz | Sport a outdoor | Sporty | Fitness | Cvičební pomůcky | Posilovací pomůcky | Posilovací lana;7;https://www.heureka.cz/direct/xml-export/shops/heureka-sekce.xml
CZ;5431;Posilovací vaky;Heureka.cz | Sport a outdoor | Sporty | Fitness | Cvičební pomůcky | Posilovací pomůcky | Posilovací vaky;7;https://www.heureka.cz/direct/xml-export/shops/heureka-sekce.xml
CZ;6613;Závěsné posilovací systémy;Heureka.cz | Sport a outdoor | Sporty | Fitness | Cvičební pomůcky | Posilovací pomůcky | Závěsné posilovací systémy;7;https://www.heureka.cz/direct/xml-export/shops/heureka-sekce.xml
CZ;8463;Šplhací lana;Heureka.cz | Sport a outdoor | Sporty | Fitness | Cvičební pomůcky | Posilovací pomůcky | Šplhací lana;7;https://www.heureka.cz/direct/xml-export/shops/heureka-sekce.xml
CZ;2476;Stepmůstky;Heureka.cz | Sport a outdoor | Sporty | Fitness | Cvičební pomůcky | Stepmůstky;6;https://www.heureka.cz/direct/xml-export/shops/heureka-sekce.xml
CZ;2358;Steppery;Heureka.cz | Sport a outdoor | Sporty | Fitness | Cvičební pomůcky | Steppery;6;https://www.heureka.cz/direct/xml-export/shops/heureka-sekce.xml
CZ;2030;Stopky;Heureka.cz | Sport a outdoor | Sporty | Fitness | Cvičební pomůcky | Stopky;6;https://www.heureka.cz/direct/xml-export/shops/heureka-sekce.xml
CZ;8502;Slalomové tyče;Heureka.cz | Sport a outdoor | Sporty | Fitness | Cvičební pomůcky | Tréninkové pomůcky | Slalomové tyče;7;https://www.heureka.cz/direct/xml-export/shops/heureka-sekce.xml
CZ;8483;Tréninkové mety a kužely;Heureka.cz | Sport a outdoor | Sporty | Fitness | Cvičební pomůcky | Tréninkové pomůcky | Tréninkové mety a kužely;7;https://www.heureka.cz/direct/xml-export/shops/heureka-sekce.xml
CZ;8499;Tréninkové překážky;Heureka.cz | Sport a outdoor | Sporty | Fitness | Cvičební pomůcky | Tréninkové pomůcky | Tréninkové překážky;7;https://www.heureka.cz/direct/xml-export/shops/heureka-sekce.xml
CZ;8466;Tréninkové žebříky;Heureka.cz | Sport a outdoor | Sporty | Fitness | Cvičební pomůcky | Tréninkové pomůcky | Tréninkové žebříky;7;https://www.heureka.cz/direct/xml-export/shops/heureka-sekce.xml
CZ;5305;Zátěžové náramky;Heureka.cz | Sport a outdoor | Sporty | Fitness | Cvičební pomůcky | Zátěže na tělo | Zátěžové náramky;7;https://www.heureka.cz/direct/xml-export/shops/heureka-sekce.xml
CZ;5306;Zátěžové vesty;Heureka.cz | Sport a outdoor | Sporty | Fitness | Cvičební pomůcky | Zátěže na tělo | Zátěžové vesty;7;https://www.heureka.cz/direct/xml-export/shops/heureka-sekce.xml
CZ;4886;Švihadla;Heureka.cz | Sport a outdoor | Sporty | Fitness | Cvičební pomůcky | Švihadla;6;https://www.heureka.cz/direct/xml-export/shops/heureka-sekce.xml
CZ;2369;Žebřiny - ribstole;Heureka.cz | Sport a outdoor | Sporty | Fitness | Cvičební pomůcky | Žebřiny - ribstole;6;https://www.heureka.cz/direct/xml-export/shops/heureka-sekce.xml
CZ;3869;Žíněnky;Heureka.cz | Sport a outdoor | Sporty | Fitness | Cvičební pomůcky | Žíněnky;6;https://www.heureka.cz/direct/xml-export/shops/heureka-sekce.xml
CZ;6264;Dámské vzpěračské boty;Heureka.cz | Sport a outdoor | Sporty | Fitness | Fitness oblečení | Dámské fitness oblečení | Dámské vzpěračské boty;7;https://www.heureka.cz/direct/xml-export/shops/heureka-sekce.xml
CZ;6263;Pánské vzpěračské boty;Heureka.cz | Sport a outdoor | Sporty | Fitness | Fitness oblečení | Pánské fitness oblečení | Pánské vzpěračské boty;7;https://www.heureka.cz/direct/xml-export/shops/heureka-sekce.xml
CZ;5447;Fitness opasky;Heureka.cz | Sport a outdoor | Sporty | Fitness | Fitness rukavice, opasky a trhačky | Fitness opasky;6;https://www.heureka.cz/direct/xml-export/shops/heureka-sekce.xml
CZ;2511;Fitness rukavice;Heureka.cz | Sport a outdoor | Sporty | Fitness | Fitness rukavice, opasky a trhačky | Fitness rukavice;6;https://www.heureka.cz/direct/xml-export/shops/heureka-sekce.xml
CZ;5448;Trhačky a háky;Heureka.cz | Sport a outdoor | Sporty | Fitness | Fitness rukavice, opasky a trhačky | Trhačky a háky;6;https://www.heureka.cz/direct/xml-export/shops/heureka-sekce.xml
CZ;5626;Jóga válce;Heureka.cz | Sport a outdoor | Sporty | Fitness | Jóga a příslušenství | Jóga válce;6;https://www.heureka.cz/direct/xml-export/shops/heureka-sekce.xml
CZ;5419;Kostky na jógu;Heureka.cz | Sport a outdoor | Sporty | Fitness | Jóga a příslušenství | Kostky na jógu;6;https://www.heureka.cz/direct/xml-export/shops/heureka-sekce.xml
CZ;5420;Popruhy na jógu;Heureka.cz | Sport a outdoor | Sporty | Fitness | Jóga a příslušenství | Popruhy na jógu;6;https://www.heureka.cz/direct/xml-export/shops/heureka-sekce.xml
CZ;6678;Posilovací adaptéry;Heureka.cz | Sport a outdoor | Sporty | Fitness | Posilovací adaptéry;5;https://www.heureka.cz/direct/xml-export/shops/heureka-sekce.xml
CZ;1321;Posilovací lavice;Heureka.cz | Sport a outdoor | Sporty | Fitness | Posilování | Posilovací lavice;6;https://www.heureka.cz/direct/xml-export/shops/heureka-sekce.xml
CZ;1322;Posilovací stroje;Heureka.cz | Sport a outdoor | Sporty | Fitness | Posilování | Posilovací stroje;6;https://www.heureka.cz/direct/xml-export/shops/heureka-sekce.xml
CZ;1357;Posilovací věže;Heureka.cz | Sport a outdoor | Sporty | Fitness | Posilování | Posilovací věže;6;https://www.heureka.cz/direct/xml-export/shops/heureka-sekce.xml
CZ;2759;Příslušenství k posilovacím strojům;Heureka.cz | Sport a outdoor | Sporty | Fitness | Posilování | Příslušenství k posilovacím strojům;6;https://www.heureka.cz/direct/xml-export/shops/heureka-sekce.xml
CZ;2494;Bezpečnostní objímky pro činky;Heureka.cz | Sport a outdoor | Sporty | Fitness | Posilování | Činky a příslušenství | Bezpečnostní objímky pro činky;7;https://www.heureka.cz/direct/xml-export/shops/heureka-sekce.xml
CZ;5303;Kettlebell;Heureka.cz | Sport a outdoor | Sporty | Fitness | Posilování | Činky a příslušenství | Kettlebell;7;https://www.heureka.cz/direct/xml-export/shops/heureka-sekce.xml
CZ;2756;Osy k činkám;Heureka.cz | Sport a outdoor | Sporty | Fitness | Posilování | Činky a příslušenství | Osy k činkám;7;https://www.heureka.cz/direct/xml-export/shops/heureka-sekce.xml
CZ;4887;Posilovací a činkové stojany;Heureka.cz | Sport a outdoor | Sporty | Fitness | Posilování | Činky a příslušenství | Posilovací a činkové stojany;7;https://www.heureka.cz/direct/xml-export/shops/heureka-sekce.xml
CZ;2493;Závaží k činkám;Heureka.cz | Sport a outdoor | Sporty | Fitness | Posilování | Činky a příslušenství | Závaží k činkám;7;https://www.heureka.cz/direct/xml-export/shops/heureka-sekce.xml
CZ;1319;Činky;Heureka.cz | Sport a outdoor | Sporty | Fitness | Posilování | Činky a příslušenství | Činky;7;https://www.heureka.cz/direct/xml-export/shops/heureka-sekce.xml
CZ;5631;Air Bikes;Heureka.cz | Sport a outdoor | Sporty | Fitness | Trenažéry | Air Bikes;6;https://www.heureka.cz/direct/xml-export/shops/heureka-sekce.xml
CZ;1317;Běžecké pásy;Heureka.cz | Sport a outdoor | Sporty | Fitness | Trenažéry | Běžecké pásy;6;https://www.heureka.cz/direct/xml-export/shops/heureka-sekce.xml
CZ;1318;Cyklotrenažéry;Heureka.cz | Sport a outdoor | Sporty | Fitness | Trenažéry | Cyklotrenažéry;6;https://www.heureka.cz/direct/xml-export/shops/heureka-sekce.xml
CZ;2357;Eliptické trenažéry;Heureka.cz | Sport a outdoor | Sporty | Fitness | Trenažéry | Eliptické trenažéry;6;https://www.heureka.cz/direct/xml-export/shops/heureka-sekce.xml
CZ;8462;Fitness schody;Heureka.cz | Sport a outdoor | Sporty | Fitness | Trenažéry | Fitness schody;6;https://www.heureka.cz/direct/xml-export/shops/heureka-sekce.xml
CZ;5083;Lyžařské trenažéry;Heureka.cz | Sport a outdoor | Sporty | Fitness | Trenažéry | Lyžařské trenažéry;6;https://www.heureka.cz/direct/xml-export/shops/heureka-sekce.xml
CZ;5022;Recumbenty;Heureka.cz | Sport a outdoor | Sporty | Fitness | Trenažéry | Recumbenty;6;https://www.heureka.cz/direct/xml-export/shops/heureka-sekce.xml
CZ;1325;Rotopedy;Heureka.cz | Sport a outdoor | Sporty | Fitness | Trenažéry | Rotopedy;6;https://www.heureka.cz/direct/xml-export/shops/heureka-sekce.xml
CZ;1324;Veslovací trenažéry;Heureka.cz | Sport a outdoor | Sporty | Fitness | Trenažéry | Veslovací trenažéry;6;https://www.heureka.cz/direct/xml-export/shops/heureka-sekce.xml
CZ;2359;Vibromasážní stroje;Heureka.cz | Sport a outdoor | Sporty | Fitness | Trenažéry | Vibromasážní stroje;6;https://www.heureka.cz/direct/xml-export/shops/heureka-sekce.xml
CZ;6906;Držáky na golfové deštníky;Heureka.cz | Sport a outdoor | Sporty | Golf | Držáky na golfové deštníky;5;https://www.heureka.cz/direct/xml-export/shops/heureka-sekce.xml
CZ;6845;Golfová týčka;Heureka.cz | Sport a outdoor | Sporty | Golf | Golfová týčka;5;https://www.heureka.cz/direct/xml-export/shops/heureka-sekce.xml
CZ;1131;Golfové bagy;Heureka.cz | Sport a outdoor | Sporty | Golf | Golfové bagy;5;https://www.heureka.cz/direct/xml-export/shops/heureka-sekce.xml
CZ;6238;Dámská golfová obuv;Heureka.cz | Sport a outdoor | Sporty | Golf | Golfové boty | Dámská golfová obuv;6;https://www.heureka.cz/direct/xml-export/shops/heureka-sekce.xml
CZ;6239;Dětská golfová obuv;Heureka.cz | Sport a outdoor | Sporty | Golf | Golfové boty | Dětská golfová obuv;6;https://www.heureka.cz/direct/xml-export/shops/heureka-sekce.xml
CZ;4956;Pánská golfová obuv;Heureka.cz | Sport a outdoor | Sporty | Golf | Golfové boty | Pánská golfová obuv;6;https://www.heureka.cz/direct/xml-export/shops/heureka-sekce.xml
CZ;6788;Golfové deštníky;Heureka.cz | Sport a outdoor | Sporty | Golf | Golfové deštníky;5;https://www.heureka.cz/direct/xml-export/shops/heureka-sekce.xml
CZ;1132;Golfové doplňky;Heureka.cz | Sport a outdoor | Sporty | Golf | Golfové doplňky;5;https://www.heureka.cz/direct/xml-export/shops/heureka-sekce.xml
CZ;6789;Golfové headcovery;Heureka.cz | Sport a outdoor | Sporty | Golf | Golfové headcovery;5;https://www.heureka.cz/direct/xml-export/shops/heureka-sekce.xml
CZ;1361;Golfová dřeva;Heureka.cz | Sport a outdoor | Sporty | Golf | Golfové hole | Golfová dřeva;6;https://www.heureka.cz/direct/xml-export/shops/heureka-sekce.xml
CZ;1362;Golfová železa;Heureka.cz | Sport a outdoor | Sporty | Golf | Golfové hole | Golfová železa;6;https://www.heureka.cz/direct/xml-export/shops/heureka-sekce.xml
CZ;1133;Golfové drivery;Heureka.cz | Sport a outdoor | Sporty | Golf | Golfové hole | Golfové drivery;6;https://www.heureka.cz/direct/xml-export/shops/heureka-sekce.xml
CZ;2730;Golfové hybridy;Heureka.cz | Sport a outdoor | Sporty | Golf | Golfové hole | Golfové hybridy;6;https://www.heureka.cz/direct/xml-export/shops/heureka-sekce.xml
CZ;1136;Golfové puttery;Heureka.cz | Sport a outdoor | Sporty | Golf | Golfové hole | Golfové puttery;6;https://www.heureka.cz/direct/xml-export/shops/heureka-sekce.xml
CZ;1360;Golfové wedge;Heureka.cz | Sport a outdoor | Sporty | Golf | Golfové hole | Golfové wedge;6;https://www.heureka.cz/direct/xml-export/shops/heureka-sekce.xml
CZ;1137;Golfové míčky;Heureka.cz | Sport a outdoor | Sporty | Golf | Golfové míčky;5;https://www.heureka.cz/direct/xml-export/shops/heureka-sekce.xml
CZ;6844;Golfové rukavice;Heureka.cz | Sport a outdoor | Sporty | Golf | Golfové rukavice;5;https://www.heureka.cz/direct/xml-export/shops/heureka-sekce.xml
CZ;1134;Golfové sety;Heureka.cz | Sport a outdoor | Sporty | Golf | Golfové sety;5;https://www.heureka.cz/direct/xml-export/shops/heureka-sekce.xml
CZ;1135;Golfové vozíky;Heureka.cz | Sport a outdoor | Sporty | Golf | Golfové vozíky;5;https://www.heureka.cz/direct/xml-export/shops/heureka-sekce.xml
CZ;1831;Minigolfové dráhy;Heureka.cz | Sport a outdoor | Sporty | Golf | Minigolf | Minigolfové dráhy;6;https://www.heureka.cz/direct/xml-export/shops/heureka-sekce.xml
CZ;1826;Minigolfové hole;Heureka.cz | Sport a outdoor | Sporty | Golf | Minigolf | Minigolfové hole;6;https://www.heureka.cz/direct/xml-export/shops/heureka-sekce.xml
CZ;1825;Minigolfové míče;Heureka.cz | Sport a outdoor | Sporty | Golf | Minigolf | Minigolfové míče;6;https://www.heureka.cz/direct/xml-export/shops/heureka-sekce.xml
CZ;1836;Minigolfové překážky;Heureka.cz | Sport a outdoor | Sporty | Golf | Minigolf | Minigolfové překážky;6;https://www.heureka.cz/direct/xml-export/shops/heureka-sekce.xml
CZ;1835;Minigolfové sady;Heureka.cz | Sport a outdoor | Sporty | Golf | Minigolf | Minigolfové sady;6;https://www.heureka.cz/direct/xml-export/shops/heureka-sekce.xml
CZ;1395;Blokanty;Heureka.cz | Sport a outdoor | Sporty | Horolezectví | Blokanty a kladky | Blokanty;6;https://www.heureka.cz/direct/xml-export/shops/heureka-sekce.xml
CZ;1403;Kladky;Heureka.cz | Sport a outdoor | Sporty | Horolezectví | Blokanty a kladky | Kladky;6;https://www.heureka.cz/direct/xml-export/shops/heureka-sekce.xml
CZ;1396;Bouldermatky;Heureka.cz | Sport a outdoor | Sporty | Horolezectví | Bouldermatky;5;https://www.heureka.cz/direct/xml-export/shops/heureka-sekce.xml
CZ;1400;Horolezecké přilby;Heureka.cz | Sport a outdoor | Sporty | Horolezectví | Horolezecké přilby;5;https://www.heureka.cz/direct/xml-export/shops/heureka-sekce.xml
CZ;5629;Horolezecké rukavice;Heureka.cz | Sport a outdoor | Sporty | Horolezectví | Horolezecké rukavice;5;https://www.heureka.cz/direct/xml-export/shops/heureka-sekce.xml
CZ;1720;Horolezecké stěny;Heureka.cz | Sport a outdoor | Sporty | Horolezectví | Horolezecké stěny;5;https://www.heureka.cz/direct/xml-export/shops/heureka-sekce.xml
CZ;1398;Expresky;Heureka.cz | Sport a outdoor | Sporty | Horolezectví | Jištění | Expresky;6;https://www.heureka.cz/direct/xml-export/shops/heureka-sekce.xml
CZ;1399;Friendy a vklíněnce;Heureka.cz | Sport a outdoor | Sporty | Horolezectví | Jištění | Friendy a vklíněnce;6;https://www.heureka.cz/direct/xml-export/shops/heureka-sekce.xml
CZ;1401;Jistící zařízení;Heureka.cz | Sport a outdoor | Sporty | Horolezectví | Jištění | Jistící zařízení;6;https://www.heureka.cz/direct/xml-export/shops/heureka-sekce.xml
CZ;1402;Karabiny;Heureka.cz | Sport a outdoor | Sporty | Horolezectví | Jištění | Karabiny;6;https://www.heureka.cz/direct/xml-export/shops/heureka-sekce.xml
CZ;1407;Smyčky;Heureka.cz | Sport a outdoor | Sporty | Horolezectví | Jištění | Smyčky;6;https://www.heureka.cz/direct/xml-export/shops/heureka-sekce.xml
CZ;4521;Tlumiče pádu;Heureka.cz | Sport a outdoor | Sporty | Horolezectví | Jištění | Tlumiče pádu;6;https://www.heureka.cz/direct/xml-export/shops/heureka-sekce.xml
CZ;1409;Úvazky;Heureka.cz | Sport a outdoor | Sporty | Horolezectví | Jištění | Úvazky;6;https://www.heureka.cz/direct/xml-export/shops/heureka-sekce.xml
CZ;1404;Lana;Heureka.cz | Sport a outdoor | Sporty | Horolezectví | Lana;5;https://www.heureka.cz/direct/xml-export/shops/heureka-sekce.xml
CZ;1397;Cepíny;Heureka.cz | Sport a outdoor | Sporty | Horolezectví | Ledovcové vybavení | Cepíny;6;https://www.heureka.cz/direct/xml-export/shops/heureka-sekce.xml
CZ;1406;Mačky a nesmeky;Heureka.cz | Sport a outdoor | Sporty | Horolezectví | Ledovcové vybavení | Mačky a nesmeky;6;https://www.heureka.cz/direct/xml-export/shops/heureka-sekce.xml
CZ;1408;Šrouby do ledu;Heureka.cz | Sport a outdoor | Sporty | Horolezectví | Ledovcové vybavení | Šrouby do ledu;6;https://www.heureka.cz/direct/xml-export/shops/heureka-sekce.xml
CZ;1413;Lezecké chyty;Heureka.cz | Sport a outdoor | Sporty | Horolezectví | Lezecké chyty;5;https://www.heureka.cz/direct/xml-export/shops/heureka-sekce.xml
CZ;1412;Lezecké doplňky;Heureka.cz | Sport a outdoor | Sporty | Horolezectví | Lezecké příslušenství | Lezecké doplňky;6;https://www.heureka.cz/direct/xml-export/shops/heureka-sekce.xml
CZ;6576;Magnesium na lezení;Heureka.cz | Sport a outdoor | Sporty | Horolezectví | Lezecké příslušenství | Magnesium na lezení;6;https://www.heureka.cz/direct/xml-export/shops/heureka-sekce.xml
CZ;6577;Pytlíky na magnesium;Heureka.cz | Sport a outdoor | Sporty | Horolezectví | Lezecké příslušenství | Pytlíky na magnesium;6;https://www.heureka.cz/direct/xml-export/shops/heureka-sekce.xml
CZ;1405;Lezečky;Heureka.cz | Sport a outdoor | Sporty | Horolezectví | Lezečky;5;https://www.heureka.cz/direct/xml-export/shops/heureka-sekce.xml
CZ;5254;Slackline;Heureka.cz | Sport a outdoor | Sporty | Horolezectví | Slackline;5;https://www.heureka.cz/direct/xml-export/shops/heureka-sekce.xml
CZ;1410;Via ferrata;Heureka.cz | Sport a outdoor | Sporty | Horolezectví | Via ferrata;5;https://www.heureka.cz/direct/xml-export/shops/heureka-sekce.xml
CZ;7017;Hobby horsing;Heureka.cz | Sport a outdoor | Sporty | Jezdectví | Hobby horsing;5;https://www.heureka.cz/direct/xml-export/shops/heureka-sekce.xml
CZ;3793;Chrániče, bandáže a zvony pro koně;Heureka.cz | Sport a outdoor | Sporty | Jezdectví | Vybavení pro koně | Chrániče, bandáže a zvony pro koně;6;https://www.heureka.cz/direct/xml-export/shops/heureka-sekce.xml
CZ;5140;Deky na koně;Heureka.cz | Sport a outdoor | Sporty | Jezdectví | Vybavení pro koně | Deky na koně;6;https://www.heureka.cz/direct/xml-export/shops/heureka-sekce.xml
CZ;3787;Doplňky k jezdeckým sedlům;Heureka.cz | Sport a outdoor | Sporty | Jezdectví | Vybavení pro koně | Doplňky k jezdeckým sedlům;6;https://www.heureka.cz/direct/xml-export/shops/heureka-sekce.xml
CZ;5138;Lonžovací potřeby;Heureka.cz | Sport a outdoor | Sporty | Jezdectví | Vybavení pro koně | Lonžovací potřeby;6;https://www.heureka.cz/direct/xml-export/shops/heureka-sekce.xml
CZ;5141;Martingaly a poprsníky;Heureka.cz | Sport a outdoor | Sporty | Jezdectví | Vybavení pro koně | Martingaly a poprsníky;6;https://www.heureka.cz/direct/xml-export/shops/heureka-sekce.xml
CZ;5192;Masky proti hmyzu a třásně;Heureka.cz | Sport a outdoor | Sporty | Jezdectví | Vybavení pro koně | Masky proti hmyzu a třásně;6;https://www.heureka.cz/direct/xml-export/shops/heureka-sekce.xml
CZ;5143;Ohlávky a vodítka pro koně;Heureka.cz | Sport a outdoor | Sporty | Jezdectví | Vybavení pro koně | Ohlávky a vodítka pro koně;6;https://www.heureka.cz/direct/xml-export/shops/heureka-sekce.xml
CZ;5142;Ostatní doplňky pro koně;Heureka.cz | Sport a outdoor | Sporty | Jezdectví | Vybavení pro koně | Ostatní doplňky pro koně;6;https://www.heureka.cz/direct/xml-export/shops/heureka-sekce.xml
CZ;5145;Otěže a pomocné otěže;Heureka.cz | Sport a outdoor | Sporty | Jezdectví | Vybavení pro koně | Otěže a pomocné otěže;6;https://www.heureka.cz/direct/xml-export/shops/heureka-sekce.xml
CZ;5147;Podbřišníky;Heureka.cz | Sport a outdoor | Sporty | Jezdectví | Vybavení pro koně | Podbřišníky;6;https://www.heureka.cz/direct/xml-export/shops/heureka-sekce.xml
CZ;3788;Podsedlové dečky;Heureka.cz | Sport a outdoor | Sporty | Jezdectví | Vybavení pro koně | Podsedlové dečky;6;https://www.heureka.cz/direct/xml-export/shops/heureka-sekce.xml
CZ;3786;Sedla na koně;Heureka.cz | Sport a outdoor | Sporty | Jezdectví | Vybavení pro koně | Sedla na koně;6;https://www.heureka.cz/direct/xml-export/shops/heureka-sekce.xml
CZ;5146;Udidla pro koně;Heureka.cz | Sport a outdoor | Sporty | Jezdectví | Vybavení pro koně | Udidla pro koně;6;https://www.heureka.cz/direct/xml-export/shops/heureka-sekce.xml
CZ;5144;Uzdečky pro koně;Heureka.cz | Sport a outdoor | Sporty | Jezdectví | Vybavení pro koně | Uzdečky pro koně;6;https://www.heureka.cz/direct/xml-export/shops/heureka-sekce.xml
CZ;5193;Čabraky na uši;Heureka.cz | Sport a outdoor | Sporty | Jezdectví | Vybavení pro koně | Čabraky na uši;6;https://www.heureka.cz/direct/xml-export/shops/heureka-sekce.xml
CZ;5139;Čištění na koně;Heureka.cz | Sport a outdoor | Sporty | Jezdectví | Vybavení pro koně | Čištění na koně;6;https://www.heureka.cz/direct/xml-export/shops/heureka-sekce.xml
CZ;5148;Vybavení stájí a sedloven;Heureka.cz | Sport a outdoor | Sporty | Jezdectví | Vybavení stájí a sedloven;5;https://www.heureka.cz/direct/xml-export/shops/heureka-sekce.xml
CZ;5137;Jezdecká saka a fraky;Heureka.cz | Sport a outdoor | Sporty | Jezdectví | Výbava pro jezdce | Jezdecká saka a fraky;6;https://www.heureka.cz/direct/xml-export/shops/heureka-sekce.xml
CZ;5134;Jezdecká trika;Heureka.cz | Sport a outdoor | Sporty | Jezdectví | Výbava pro jezdce | Jezdecká trika;6;https://www.heureka.cz/direct/xml-export/shops/heureka-sekce.xml
CZ;5130;Jezdecké a pracovní boty;Heureka.cz | Sport a outdoor | Sporty | Jezdectví | Výbava pro jezdce | Jezdecké a pracovní boty;6;https://www.heureka.cz/direct/xml-export/shops/heureka-sekce.xml
CZ;5129;Jezdecké bezpečnostní vesty;Heureka.cz | Sport a outdoor | Sporty | Jezdectví | Výbava pro jezdce | Jezdecké bezpečnostní vesty;6;https://www.heureka.cz/direct/xml-export/shops/heureka-sekce.xml
CZ;5132;Jezdecké bičíky a tušírky;Heureka.cz | Sport a outdoor | Sporty | Jezdectví | Výbava pro jezdce | Jezdecké bičíky a tušírky;6;https://www.heureka.cz/direct/xml-export/shops/heureka-sekce.xml
CZ;5136;Jezdecké bundy a vesty;Heureka.cz | Sport a outdoor | Sporty | Jezdectví | Výbava pro jezdce | Jezdecké bundy a vesty;6;https://www.heureka.cz/direct/xml-export/shops/heureka-sekce.xml
CZ;5131;Jezdecké chapsy a minichapsy;Heureka.cz | Sport a outdoor | Sporty | Jezdectví | Výbava pro jezdce | Jezdecké chapsy a minichapsy;6;https://www.heureka.cz/direct/xml-export/shops/heureka-sekce.xml
CZ;2347;Jezdecké helmy;Heureka.cz | Sport a outdoor | Sporty | Jezdectví | Výbava pro jezdce | Jezdecké helmy;6;https://www.heureka.cz/direct/xml-export/shops/heureka-sekce.xml
CZ;5154;Jezdecké kalhoty;Heureka.cz | Sport a outdoor | Sporty | Jezdectví | Výbava pro jezdce | Jezdecké kalhoty;6;https://www.heureka.cz/direct/xml-export/shops/heureka-sekce.xml
CZ;5135;Jezdecké mikiny a svetry;Heureka.cz | Sport a outdoor | Sporty | Jezdectví | Výbava pro jezdce | Jezdecké mikiny a svetry;6;https://www.heureka.cz/direct/xml-export/shops/heureka-sekce.xml
CZ;5133;Jezdecké rukavice;Heureka.cz | Sport a outdoor | Sporty | Jezdectví | Výbava pro jezdce | Jezdecké rukavice;6;https://www.heureka.cz/direct/xml-export/shops/heureka-sekce.xml
CZ;3794;Ostatní doplňky pro jezdce;Heureka.cz | Sport a outdoor | Sporty | Jezdectví | Výbava pro jezdce | Ostatní doplňky pro jezdce;6;https://www.heureka.cz/direct/xml-export/shops/heureka-sekce.xml
CZ;3895;Chrániče na americký fotbal;Heureka.cz | Sport a outdoor | Sporty | Míčové sporty | Americký fotbal | Chrániče na americký fotbal;6;https://www.heureka.cz/direct/xml-export/shops/heureka-sekce.xml
CZ;3900;Doplňky na americký fotbal;Heureka.cz | Sport a outdoor | Sporty | Míčové sporty | Americký fotbal | Doplňky na americký fotbal;6;https://www.heureka.cz/direct/xml-export/shops/heureka-sekce.xml
CZ;3893;Helmy na americký fotbal;Heureka.cz | Sport a outdoor | Sporty | Míčové sporty | Americký fotbal | Helmy na americký fotbal;6;https://www.heureka.cz/direct/xml-export/shops/heureka-sekce.xml
CZ;3899;Míče na americký fotbal;Heureka.cz | Sport a outdoor | Sporty | Míčové sporty | Americký fotbal | Míče na americký fotbal;6;https://www.heureka.cz/direct/xml-export/shops/heureka-sekce.xml
CZ;3982;Baseballové/softballové chrániče;Heureka.cz | Sport a outdoor | Sporty | Míčové sporty | Baseball & softball | Baseballové/softballové chrániče;6;https://www.heureka.cz/direct/xml-export/shops/heureka-sekce.xml
CZ;3983;Baseballové/softballové dresy;Heureka.cz | Sport a outdoor | Sporty | Míčové sporty | Baseball & softball | Baseballové/softballové dresy;6;https://www.heureka.cz/direct/xml-export/shops/heureka-sekce.xml
CZ;1386;Baseballové/softballové míče;Heureka.cz | Sport a outdoor | Sporty | Míčové sporty | Baseball & softball | Baseballové/softballové míče;6;https://www.heureka.cz/direct/xml-export/shops/heureka-sekce.xml
CZ;1388;Baseballové/softballové pálky;Heureka.cz | Sport a outdoor | Sporty | Míčové sporty | Baseball & softball | Baseballové/softballové pálky;6;https://www.heureka.cz/direct/xml-export/shops/heureka-sekce.xml
CZ;1387;Baseballové/softballové rukavice;Heureka.cz | Sport a outdoor | Sporty | Míčové sporty | Baseball & softball | Baseballové/softballové rukavice;6;https://www.heureka.cz/direct/xml-export/shops/heureka-sekce.xml
CZ;5091;Baseballové/softballové sety;Heureka.cz | Sport a outdoor | Sporty | Míčové sporty | Baseball & softball | Baseballové/softballové sety;6;https://www.heureka.cz/direct/xml-export/shops/heureka-sekce.xml
CZ;2097;Pálkařské helmy;Heureka.cz | Sport a outdoor | Sporty | Míčové sporty | Baseball & softball | Pálkařské helmy;6;https://www.heureka.cz/direct/xml-export/shops/heureka-sekce.xml
CZ;1381;Basketbalové dresy;Heureka.cz | Sport a outdoor | Sporty | Míčové sporty | Basketbal | Basketbalové dresy;6;https://www.heureka.cz/direct/xml-export/shops/heureka-sekce.xml
CZ;1075;Basketbalové koše;Heureka.cz | Sport a outdoor | Sporty | Míčové sporty | Basketbal | Basketbalové koše;6;https://www.heureka.cz/direct/xml-export/shops/heureka-sekce.xml
CZ;1076;Basketbalové míče;Heureka.cz | Sport a outdoor | Sporty | Míčové sporty | Basketbal | Basketbalové míče;6;https://www.heureka.cz/direct/xml-export/shops/heureka-sekce.xml
CZ;1125;Doplňky na florbal;Heureka.cz | Sport a outdoor | Sporty | Míčové sporty | Florbal | Doplňky na florbal;6;https://www.heureka.cz/direct/xml-export/shops/heureka-sekce.xml
CZ;1078;Florbalové branky a mantinely;Heureka.cz | Sport a outdoor | Sporty | Míčové sporty | Florbal | Florbalové branky a mantinely;6;https://www.heureka.cz/direct/xml-export/shops/heureka-sekce.xml
CZ;1077;Florbalové brankářské vybavení;Heureka.cz | Sport a outdoor | Sporty | Míčové sporty | Florbal | Florbalové brankářské vybavení;6;https://www.heureka.cz/direct/xml-export/shops/heureka-sekce.xml
CZ;1080;Florbalové hole;Heureka.cz | Sport a outdoor | Sporty | Míčové sporty | Florbal | Florbalové hole;6;https://www.heureka.cz/direct/xml-export/shops/heureka-sekce.xml
CZ;1081;Florbalové míčky;Heureka.cz | Sport a outdoor | Sporty | Míčové sporty | Florbal | Florbalové míčky;6;https://www.heureka.cz/direct/xml-export/shops/heureka-sekce.xml
CZ;1082;Florbalové sady holí;Heureka.cz | Sport a outdoor | Sporty | Míčové sporty | Florbal | Florbalové sady holí;6;https://www.heureka.cz/direct/xml-export/shops/heureka-sekce.xml
CZ;1083;Florbalové tašky a vaky;Heureka.cz | Sport a outdoor | Sporty | Míčové sporty | Florbal | Florbalové tašky a vaky;6;https://www.heureka.cz/direct/xml-export/shops/heureka-sekce.xml
CZ;1079;Florbalové čepele;Heureka.cz | Sport a outdoor | Sporty | Míčové sporty | Florbal | Florbalové čepele;6;https://www.heureka.cz/direct/xml-export/shops/heureka-sekce.xml
CZ;1367;Brankářské rukavice;Heureka.cz | Sport a outdoor | Sporty | Míčové sporty | Fotbal | Brankářské rukavice;6;https://www.heureka.cz/direct/xml-export/shops/heureka-sekce.xml
CZ;6299;Dámské kopačky;Heureka.cz | Sport a outdoor | Sporty | Míčové sporty | Fotbal | Fotbalová obuv | Dámské kopačky;7;https://www.heureka.cz/direct/xml-export/shops/heureka-sekce.xml
CZ;6300;Dětské kopačky;Heureka.cz | Sport a outdoor | Sporty | Míčové sporty | Fotbal | Fotbalová obuv | Dětské kopačky;7;https://www.heureka.cz/direct/xml-export/shops/heureka-sekce.xml
CZ;1369;Pánské kopačky;Heureka.cz | Sport a outdoor | Sporty | Míčové sporty | Fotbal | Fotbalová obuv | Pánské kopačky;7;https://www.heureka.cz/direct/xml-export/shops/heureka-sekce.xml
CZ;5332;Fotbalové branky;Heureka.cz | Sport a outdoor | Sporty | Míčové sporty | Fotbal | Fotbalové branky;6;https://www.heureka.cz/direct/xml-export/shops/heureka-sekce.xml
CZ;1368;Fotbalové chrániče;Heureka.cz | Sport a outdoor | Sporty | Míčové sporty | Fotbal | Fotbalové chrániče;6;https://www.heureka.cz/direct/xml-export/shops/heureka-sekce.xml
CZ;1126;Fotbalové míče;Heureka.cz | Sport a outdoor | Sporty | Míčové sporty | Fotbal | Fotbalové míče;6;https://www.heureka.cz/direct/xml-export/shops/heureka-sekce.xml
CZ;1366;Fotbalové dresy;Heureka.cz | Sport a outdoor | Sporty | Míčové sporty | Fotbal | Fotbalové oblečení | Fotbalové dresy;7;https://www.heureka.cz/direct/xml-export/shops/heureka-sekce.xml
CZ;2300;Fotbalové šortky;Heureka.cz | Sport a outdoor | Sporty | Míčové sporty | Fotbal | Fotbalové oblečení | Fotbalové šortky;7;https://www.heureka.cz/direct/xml-export/shops/heureka-sekce.xml
CZ;1370;Fotbalové štulpny;Heureka.cz | Sport a outdoor | Sporty | Míčové sporty | Fotbal | Fotbalové oblečení | Fotbalové štulpny;7;https://www.heureka.cz/direct/xml-export/shops/heureka-sekce.xml
CZ;8503;Fotbalové trenažéry;Heureka.cz | Sport a outdoor | Sporty | Míčové sporty | Fotbal | Fotbalové trenažéry;6;https://www.heureka.cz/direct/xml-export/shops/heureka-sekce.xml
CZ;5630;Kapitánské pásky;Heureka.cz | Sport a outdoor | Sporty | Míčové sporty | Fotbal | Kapitánské pásky;6;https://www.heureka.cz/direct/xml-export/shops/heureka-sekce.xml
CZ;1383;Házenkářské branky;Heureka.cz | Sport a outdoor | Sporty | Míčové sporty | Házená | Házenkářské branky;6;https://www.heureka.cz/direct/xml-export/shops/heureka-sekce.xml
CZ;1384;Házenkářské sítě;Heureka.cz | Sport a outdoor | Sporty | Míčové sporty | Házená | Házenkářské sítě;6;https://www.heureka.cz/direct/xml-export/shops/heureka-sekce.xml
CZ;1143;Míče na házenou;Heureka.cz | Sport a outdoor | Sporty | Míčové sporty | Házená | Míče na házenou;6;https://www.heureka.cz/direct/xml-export/shops/heureka-sekce.xml
CZ;3909;Chrániče a rukavice na kriket;Heureka.cz | Sport a outdoor | Sporty | Míčové sporty | Kriket | Chrániče a rukavice na kriket;6;https://www.heureka.cz/direct/xml-export/shops/heureka-sekce.xml
CZ;4878;Kriketová obuv;Heureka.cz | Sport a outdoor | Sporty | Míčové sporty | Kriket | Kriketová obuv;6;https://www.heureka.cz/direct/xml-export/shops/heureka-sekce.xml
CZ;4877;Kriketové helmy;Heureka.cz | Sport a outdoor | Sporty | Míčové sporty | Kriket | Kriketové helmy;6;https://www.heureka.cz/direct/xml-export/shops/heureka-sekce.xml
CZ;3907;Míčky na kriket;Heureka.cz | Sport a outdoor | Sporty | Míčové sporty | Kriket | Míčky na kriket;6;https://www.heureka.cz/direct/xml-export/shops/heureka-sekce.xml
CZ;3908;Pálky na kriket;Heureka.cz | Sport a outdoor | Sporty | Míčové sporty | Kriket | Pálky na kriket;6;https://www.heureka.cz/direct/xml-export/shops/heureka-sekce.xml
CZ;1084;Nohejbalové míče;Heureka.cz | Sport a outdoor | Sporty | Míčové sporty | Nohejbal | Nohejbalové míče;6;https://www.heureka.cz/direct/xml-export/shops/heureka-sekce.xml
CZ;1085;Nohejbalové sítě;Heureka.cz | Sport a outdoor | Sporty | Míčové sporty | Nohejbal | Nohejbalové sítě;6;https://www.heureka.cz/direct/xml-export/shops/heureka-sekce.xml
CZ;3904;Chrániče na rugby;Heureka.cz | Sport a outdoor | Sporty | Míčové sporty | Rugby | Chrániče na rugby;6;https://www.heureka.cz/direct/xml-export/shops/heureka-sekce.xml
CZ;3903;Dresy na rugby;Heureka.cz | Sport a outdoor | Sporty | Míčové sporty | Rugby | Dresy na rugby;6;https://www.heureka.cz/direct/xml-export/shops/heureka-sekce.xml
CZ;4879;Kopačky na rugby;Heureka.cz | Sport a outdoor | Sporty | Míčové sporty | Rugby | Kopačky na rugby;6;https://www.heureka.cz/direct/xml-export/shops/heureka-sekce.xml
CZ;3905;Míče na rugby;Heureka.cz | Sport a outdoor | Sporty | Míčové sporty | Rugby | Míče na rugby;6;https://www.heureka.cz/direct/xml-export/shops/heureka-sekce.xml
CZ;1103;Míče na beach volejbal;Heureka.cz | Sport a outdoor | Sporty | Míčové sporty | Volejbal | Míče na beach volejbal;6;https://www.heureka.cz/direct/xml-export/shops/heureka-sekce.xml
CZ;5082;Volejbalové chrániče;Heureka.cz | Sport a outdoor | Sporty | Míčové sporty | Volejbal | Volejbalové chrániče;6;https://www.heureka.cz/direct/xml-export/shops/heureka-sekce.xml
CZ;1124;Volejbalové doplňky;Heureka.cz | Sport a outdoor | Sporty | Míčové sporty | Volejbal | Volejbalové doplňky;6;https://www.heureka.cz/direct/xml-export/shops/heureka-sekce.xml
CZ;1101;Volejbalové míče;Heureka.cz | Sport a outdoor | Sporty | Míčové sporty | Volejbal | Volejbalové míče;6;https://www.heureka.cz/direct/xml-export/shops/heureka-sekce.xml
CZ;1102;Volejbalové sítě;Heureka.cz | Sport a outdoor | Sporty | Míčové sporty | Volejbal | Volejbalové sítě;6;https://www.heureka.cz/direct/xml-export/shops/heureka-sekce.xml
CZ;8587;Bojové chrániče holení;Heureka.cz | Sport a outdoor | Sporty | Ostatní sporty | Bojové sporty | Bojové chrániče holení;6;https://www.heureka.cz/direct/xml-export/shops/heureka-sekce.xml
CZ;5444;Boxerská obuv;Heureka.cz | Sport a outdoor | Sporty | Ostatní sporty | Bojové sporty | Box | Boxerská obuv;7;https://www.heureka.cz/direct/xml-export/shops/heureka-sekce.xml
CZ;1138;Boxerské bandáže;Heureka.cz | Sport a outdoor | Sporty | Ostatní sporty | Bojové sporty | Box | Boxerské bandáže;7;https://www.heureka.cz/direct/xml-export/shops/heureka-sekce.xml
CZ;1139;Boxerské chrániče;Heureka.cz | Sport a outdoor | Sporty | Ostatní sporty | Bojové sporty | Box | Boxerské chrániče;7;https://www.heureka.cz/direct/xml-export/shops/heureka-sekce.xml
CZ;3926;Boxerské helmy;Heureka.cz | Sport a outdoor | Sporty | Ostatní sporty | Bojové sporty | Box | Boxerské helmy;7;https://www.heureka.cz/direct/xml-export/shops/heureka-sekce.xml
CZ;1140;Boxerské rukavice;Heureka.cz | Sport a outdoor | Sporty | Ostatní sporty | Bojové sporty | Box | Boxerské rukavice;7;https://www.heureka.cz/direct/xml-export/shops/heureka-sekce.xml
CZ;1142;Boxovací pytle a hrušky;Heureka.cz | Sport a outdoor | Sporty | Ostatní sporty | Bojové sporty | Box | Boxovací pytle a hrušky;7;https://www.heureka.cz/direct/xml-export/shops/heureka-sekce.xml
CZ;1141;Lapy;Heureka.cz | Sport a outdoor | Sporty | Ostatní sporty | Bojové sporty | Box | Lapy;7;https://www.heureka.cz/direct/xml-export/shops/heureka-sekce.xml
CZ;8604;Chrániče kolen pro bojové sporty;Heureka.cz | Sport a outdoor | Sporty | Ostatní sporty | Bojové sporty | Chrániče pro bojová umění | Chrániče kolen pro bojové sporty;7;https://www.heureka.cz/direct/xml-export/shops/heureka-sekce.xml
CZ;8603;Chrániče loktů pro bojové sporty;Heureka.cz | Sport a outdoor | Sporty | Ostatní sporty | Bojové sporty | Chrániče pro bojová umění | Chrániče loktů pro bojové sporty;7;https://www.heureka.cz/direct/xml-export/shops/heureka-sekce.xml
CZ;8601;Chrániče na tělo pro bojové sporty;Heureka.cz | Sport a outdoor | Sporty | Ostatní sporty | Bojové sporty | Chrániče pro bojová umění | Chrániče na tělo pro bojové sporty;7;https://www.heureka.cz/direct/xml-export/shops/heureka-sekce.xml
CZ;8600;Chrániče nohou pro bojové sporty;Heureka.cz | Sport a outdoor | Sporty | Ostatní sporty | Bojové sporty | Chrániče pro bojová umění | Chrániče nohou pro bojové sporty;7;https://www.heureka.cz/direct/xml-export/shops/heureka-sekce.xml
CZ;3886;Kimona;Heureka.cz | Sport a outdoor | Sporty | Ostatní sporty | Bojové sporty | Kimona a pásky | Kimona;7;https://www.heureka.cz/direct/xml-export/shops/heureka-sekce.xml
CZ;3887;Pásky ke kimonu;Heureka.cz | Sport a outdoor | Sporty | Ostatní sporty | Bojové sporty | Kimona a pásky | Pásky ke kimonu;7;https://www.heureka.cz/direct/xml-export/shops/heureka-sekce.xml
CZ;5778;Meče pro bojové sporty;Heureka.cz | Sport a outdoor | Sporty | Ostatní sporty | Bojové sporty | Nože a meče pro bojové sporty | Meče pro bojové sporty;7;https://www.heureka.cz/direct/xml-export/shops/heureka-sekce.xml
CZ;5775;Nože pro bojové sporty;Heureka.cz | Sport a outdoor | Sporty | Ostatní sporty | Bojové sporty | Nože a meče pro bojové sporty | Nože pro bojové sporty;7;https://www.heureka.cz/direct/xml-export/shops/heureka-sekce.xml
CZ;1364;Ostatní zbraně pro bojové sporty;Heureka.cz | Sport a outdoor | Sporty | Ostatní sporty | Bojové sporty | Nože a meče pro bojové sporty | Ostatní zbraně pro bojové sporty;7;https://www.heureka.cz/direct/xml-export/shops/heureka-sekce.xml
CZ;5363;Ochranné obušky a tonfy;Heureka.cz | Sport a outdoor | Sporty | Ostatní sporty | Bojové sporty | Sebeobrana | Ochranné obušky a tonfy;7;https://www.heureka.cz/direct/xml-export/shops/heureka-sekce.xml
CZ;4057;Paralyzéry;Heureka.cz | Sport a outdoor | Sporty | Ostatní sporty | Bojové sporty | Sebeobrana | Paralyzéry;7;https://www.heureka.cz/direct/xml-export/shops/heureka-sekce.xml
CZ;4058;Pepřové spreje;Heureka.cz | Sport a outdoor | Sporty | Ostatní sporty | Bojové sporty | Sebeobrana | Pepřové spreje;7;https://www.heureka.cz/direct/xml-export/shops/heureka-sekce.xml
CZ;3981;Tatami;Heureka.cz | Sport a outdoor | Sporty | Ostatní sporty | Bojové sporty | Tatami;6;https://www.heureka.cz/direct/xml-export/shops/heureka-sekce.xml
CZ;1460;Bowlingové koule;Heureka.cz | Sport a outdoor | Sporty | Ostatní sporty | Bowling | Bowlingové koule;6;https://www.heureka.cz/direct/xml-export/shops/heureka-sekce.xml
CZ;1462;Bowlingové tašky;Heureka.cz | Sport a outdoor | Sporty | Ostatní sporty | Bowling | Bowlingové tašky;6;https://www.heureka.cz/direct/xml-export/shops/heureka-sekce.xml
CZ;5124;Reflexní pásky a klipy;Heureka.cz | Sport a outdoor | Sporty | Ostatní sporty | Běhání | Reflexní pásky a klipy;6;https://www.heureka.cz/direct/xml-export/shops/heureka-sekce.xml
CZ;5537;Elektrické brusle;Heureka.cz | Sport a outdoor | Sporty | Ostatní sporty | Elektrovozítka | Elektrické brusle;6;https://www.heureka.cz/direct/xml-export/shops/heureka-sekce.xml
CZ;5536;Elektrické jednokolky;Heureka.cz | Sport a outdoor | Sporty | Ostatní sporty | Elektrovozítka | Elektrické jednokolky;6;https://www.heureka.cz/direct/xml-export/shops/heureka-sekce.xml
CZ;5406;Elektrické skateboardy a longboardy;Heureka.cz | Sport a outdoor | Sporty | Ostatní sporty | Elektrovozítka | Elektrické skateboardy a longboardy;6;https://www.heureka.cz/direct/xml-export/shops/heureka-sekce.xml
CZ;5073;Gyroboardy;Heureka.cz | Sport a outdoor | Sporty | Ostatní sporty | Elektrovozítka | Gyroboardy;6;https://www.heureka.cz/direct/xml-export/shops/heureka-sekce.xml
CZ;5089;Hoverboardy;Heureka.cz | Sport a outdoor | Sporty | Ostatní sporty | Elektrovozítka | Hoverboardy;6;https://www.heureka.cz/direct/xml-export/shops/heureka-sekce.xml
CZ;2953;Segway;Heureka.cz | Sport a outdoor | Sporty | Ostatní sporty | Elektrovozítka | Segway;6;https://www.heureka.cz/direct/xml-export/shops/heureka-sekce.xml
CZ;1455;Frisbee;Heureka.cz | Sport a outdoor | Sporty | Ostatní sporty | Frisbee;5;https://www.heureka.cz/direct/xml-export/shops/heureka-sekce.xml
CZ;4907;Kulečníková tága;Heureka.cz | Sport a outdoor | Sporty | Ostatní sporty | Kulečník a příslušenství | Kulečníková tága;6;https://www.heureka.cz/direct/xml-export/shops/heureka-sekce.xml
CZ;4906;Kulečníkové koule;Heureka.cz | Sport a outdoor | Sporty | Ostatní sporty | Kulečník a příslušenství | Kulečníkové koule;6;https://www.heureka.cz/direct/xml-export/shops/heureka-sekce.xml
CZ;4908;Kulečníkové příslušenství;Heureka.cz | Sport a outdoor | Sporty | Ostatní sporty | Kulečník a příslušenství | Kulečníkové příslušenství;6;https://www.heureka.cz/direct/xml-export/shops/heureka-sekce.xml
CZ;4905;Kulečníkové stoly;Heureka.cz | Sport a outdoor | Sporty | Ostatní sporty | Kulečník a příslušenství | Kulečníkové stoly;6;https://www.heureka.cz/direct/xml-export/shops/heureka-sekce.xml
CZ;4935;Pouzdra na tága;Heureka.cz | Sport a outdoor | Sporty | Ostatní sporty | Kulečník a příslušenství | Pouzdra na tága;6;https://www.heureka.cz/direct/xml-export/shops/heureka-sekce.xml
CZ;4936;Sukna;Heureka.cz | Sport a outdoor | Sporty | Ostatní sporty | Kulečník a příslušenství | Sukna;6;https://www.heureka.cz/direct/xml-export/shops/heureka-sekce.xml
CZ;1452;Petanque;Heureka.cz | Sport a outdoor | Sporty | Ostatní sporty | Petanque;5;https://www.heureka.cz/direct/xml-export/shops/heureka-sekce.xml
CZ;6581;Dámské taneční boty;Heureka.cz | Sport a outdoor | Sporty | Ostatní sporty | Tanec | Dámské taneční boty;6;https://www.heureka.cz/direct/xml-export/shops/heureka-sekce.xml
CZ;6696;Dámské taneční sukně a dresy;Heureka.cz | Sport a outdoor | Sporty | Ostatní sporty | Tanec | Dámské taneční sukně a dresy;6;https://www.heureka.cz/direct/xml-export/shops/heureka-sekce.xml
CZ;6697;Dívčí taneční sukně a dresy;Heureka.cz | Sport a outdoor | Sporty | Ostatní sporty | Tanec | Dívčí taneční sukně a dresy;6;https://www.heureka.cz/direct/xml-export/shops/heureka-sekce.xml
CZ;6582;Dětské taneční boty;Heureka.cz | Sport a outdoor | Sporty | Ostatní sporty | Tanec | Dětské taneční boty;6;https://www.heureka.cz/direct/xml-export/shops/heureka-sekce.xml
CZ;6580;Pánské taneční boty;Heureka.cz | Sport a outdoor | Sporty | Ostatní sporty | Tanec | Pánské taneční boty;6;https://www.heureka.cz/direct/xml-export/shops/heureka-sekce.xml
CZ;5105;Hroty na šipky;Heureka.cz | Sport a outdoor | Sporty | Ostatní sporty | Terče a šipky | Hroty na šipky;6;https://www.heureka.cz/direct/xml-export/shops/heureka-sekce.xml
CZ;2306;Letky na šipky;Heureka.cz | Sport a outdoor | Sporty | Ostatní sporty | Terče a šipky | Letky na šipky;6;https://www.heureka.cz/direct/xml-export/shops/heureka-sekce.xml
CZ;2307;Násadky na šipky;Heureka.cz | Sport a outdoor | Sporty | Ostatní sporty | Terče a šipky | Násadky na šipky;6;https://www.heureka.cz/direct/xml-export/shops/heureka-sekce.xml
CZ;5106;Pouzdra na šipky;Heureka.cz | Sport a outdoor | Sporty | Ostatní sporty | Terče a šipky | Pouzdra na šipky;6;https://www.heureka.cz/direct/xml-export/shops/heureka-sekce.xml
CZ;1464;Příslušenství na šipky;Heureka.cz | Sport a outdoor | Sporty | Ostatní sporty | Terče a šipky | Příslušenství na šipky;6;https://www.heureka.cz/direct/xml-export/shops/heureka-sekce.xml
CZ;1449;Terče;Heureka.cz | Sport a outdoor | Sporty | Ostatní sporty | Terče a šipky | Terče;6;https://www.heureka.cz/direct/xml-export/shops/heureka-sekce.xml
CZ;1450;Šipky;Heureka.cz | Sport a outdoor | Sporty | Ostatní sporty | Terče a šipky | Šipky;6;https://www.heureka.cz/direct/xml-export/shops/heureka-sekce.xml
CZ;1773;Badmintonové doplňky;Heureka.cz | Sport a outdoor | Sporty | Raketové sporty | Badminton | Badmintonové doplňky;6;https://www.heureka.cz/direct/xml-export/shops/heureka-sekce.xml
CZ;1073;Badmintonové míčky;Heureka.cz | Sport a outdoor | Sporty | Raketové sporty | Badminton | Badmintonové míčky;6;https://www.heureka.cz/direct/xml-export/shops/heureka-sekce.xml
CZ;1074;Badmintonové rakety;Heureka.cz | Sport a outdoor | Sporty | Raketové sporty | Badminton | Badmintonové rakety;6;https://www.heureka.cz/direct/xml-export/shops/heureka-sekce.xml
CZ;1776;Badmintonové sety;Heureka.cz | Sport a outdoor | Sporty | Raketové sporty | Badminton | Badmintonové sety;6;https://www.heureka.cz/direct/xml-export/shops/heureka-sekce.xml
CZ;1774;Badmintonové sítě;Heureka.cz | Sport a outdoor | Sporty | Raketové sporty | Badminton | Badmintonové sítě;6;https://www.heureka.cz/direct/xml-export/shops/heureka-sekce.xml
CZ;1770;Badmintonové tašky a batohy;Heureka.cz | Sport a outdoor | Sporty | Raketové sporty | Badminton | Badmintonové tašky a batohy;6;https://www.heureka.cz/direct/xml-export/shops/heureka-sekce.xml
CZ;1372;Badmintonové výplety;Heureka.cz | Sport a outdoor | Sporty | Raketové sporty | Badminton | Badmintonové výplety;6;https://www.heureka.cz/direct/xml-export/shops/heureka-sekce.xml
CZ;1127;Gripy na rakety;Heureka.cz | Sport a outdoor | Sporty | Raketové sporty | Gripy na rakety;5;https://www.heureka.cz/direct/xml-export/shops/heureka-sekce.xml
CZ;6850;Míče na padel;Heureka.cz | Sport a outdoor | Sporty | Raketové sporty | Padel | Míče na padel;6;https://www.heureka.cz/direct/xml-export/shops/heureka-sekce.xml
CZ;6848;Rakety na padel;Heureka.cz | Sport a outdoor | Sporty | Raketové sporty | Padel | Rakety na padel;6;https://www.heureka.cz/direct/xml-export/shops/heureka-sekce.xml
CZ;6849;Tašky na padel;Heureka.cz | Sport a outdoor | Sporty | Raketové sporty | Padel | Tašky na padel;6;https://www.heureka.cz/direct/xml-export/shops/heureka-sekce.xml
CZ;8517;Míčky na pickleball;Heureka.cz | Sport a outdoor | Sporty | Raketové sporty | Pickleball | Míčky na pickleball;6;https://www.heureka.cz/direct/xml-export/shops/heureka-sekce.xml
CZ;8516;Rakety na pickleball;Heureka.cz | Sport a outdoor | Sporty | Raketové sporty | Pickleball | Rakety na pickleball;6;https://www.heureka.cz/direct/xml-export/shops/heureka-sekce.xml
CZ;1771;Squashové doplňky;Heureka.cz | Sport a outdoor | Sporty | Raketové sporty | Squash | Squashové doplňky;6;https://www.heureka.cz/direct/xml-export/shops/heureka-sekce.xml
CZ;1086;Squashové míčky;Heureka.cz | Sport a outdoor | Sporty | Raketové sporty | Squash | Squashové míčky;6;https://www.heureka.cz/direct/xml-export/shops/heureka-sekce.xml
CZ;1087;Squashové rakety;Heureka.cz | Sport a outdoor | Sporty | Raketové sporty | Squash | Squashové rakety;6;https://www.heureka.cz/direct/xml-export/shops/heureka-sekce.xml
CZ;1088;Squashové tašky;Heureka.cz | Sport a outdoor | Sporty | Raketové sporty | Squash | Squashové tašky;6;https://www.heureka.cz/direct/xml-export/shops/heureka-sekce.xml
CZ;1089;Squashové výplety;Heureka.cz | Sport a outdoor | Sporty | Raketové sporty | Squash | Squashové výplety;6;https://www.heureka.cz/direct/xml-export/shops/heureka-sekce.xml
CZ;1090;Doplňky na stolní tenis;Heureka.cz | Sport a outdoor | Sporty | Raketové sporty | Stolní tenis | Doplňky na stolní tenis;6;https://www.heureka.cz/direct/xml-export/shops/heureka-sekce.xml
CZ;1378;Lepidla na pálky;Heureka.cz | Sport a outdoor | Sporty | Raketové sporty | Stolní tenis | Lepidla na pálky;6;https://www.heureka.cz/direct/xml-export/shops/heureka-sekce.xml
CZ;1091;Pingpongové míčky;Heureka.cz | Sport a outdoor | Sporty | Raketové sporty | Stolní tenis | Pingpongové míčky;6;https://www.heureka.cz/direct/xml-export/shops/heureka-sekce.xml
CZ;1092;Pingpongové pálky;Heureka.cz | Sport a outdoor | Sporty | Raketové sporty | Stolní tenis | Pingpongové pálky;6;https://www.heureka.cz/direct/xml-export/shops/heureka-sekce.xml
CZ;1093;Pingpongové síťky;Heureka.cz | Sport a outdoor | Sporty | Raketové sporty | Stolní tenis | Pingpongové síťky;6;https://www.heureka.cz/direct/xml-export/shops/heureka-sekce.xml
CZ;1380;Potahy na pálky;Heureka.cz | Sport a outdoor | Sporty | Raketové sporty | Stolní tenis | Potahy na pálky;6;https://www.heureka.cz/direct/xml-export/shops/heureka-sekce.xml
CZ;1379;Pouzdra na pálky;Heureka.cz | Sport a outdoor | Sporty | Raketové sporty | Stolní tenis | Pouzdra na pálky;6;https://www.heureka.cz/direct/xml-export/shops/heureka-sekce.xml
CZ;1094;Stoly na stolní tenis;Heureka.cz | Sport a outdoor | Sporty | Raketové sporty | Stolní tenis | Stoly na stolní tenis;6;https://www.heureka.cz/direct/xml-export/shops/heureka-sekce.xml
CZ;6266;Dámské tenisové boty;Heureka.cz | Sport a outdoor | Sporty | Raketové sporty | Tenis | Tenisové boty | Dámské tenisové boty;7;https://www.heureka.cz/direct/xml-export/shops/heureka-sekce.xml
CZ;6268;Dětské tenisové boty;Heureka.cz | Sport a outdoor | Sporty | Raketové sporty | Tenis | Tenisové boty | Dětské tenisové boty;7;https://www.heureka.cz/direct/xml-export/shops/heureka-sekce.xml
CZ;6267;Pánské tenisové boty;Heureka.cz | Sport a outdoor | Sporty | Raketové sporty | Tenis | Tenisové boty | Pánské tenisové boty;7;https://www.heureka.cz/direct/xml-export/shops/heureka-sekce.xml
CZ;1375;Doplňky pro hráče;Heureka.cz | Sport a outdoor | Sporty | Raketové sporty | Tenis | Tenisové doplňky | Doplňky pro hráče;7;https://www.heureka.cz/direct/xml-export/shops/heureka-sekce.xml
CZ;1377;Doplňky pro rakety;Heureka.cz | Sport a outdoor | Sporty | Raketové sporty | Tenis | Tenisové doplňky | Doplňky pro rakety;7;https://www.heureka.cz/direct/xml-export/shops/heureka-sekce.xml
CZ;1373;Nahrávací stroje;Heureka.cz | Sport a outdoor | Sporty | Raketové sporty | Tenis | Tenisové doplňky | Nahrávací stroje;7;https://www.heureka.cz/direct/xml-export/shops/heureka-sekce.xml
CZ;5085;Potítka;Heureka.cz | Sport a outdoor | Sporty | Raketové sporty | Tenis | Tenisové doplňky | Potítka;7;https://www.heureka.cz/direct/xml-export/shops/heureka-sekce.xml
CZ;1376;Sběrací koše;Heureka.cz | Sport a outdoor | Sporty | Raketové sporty | Tenis | Tenisové doplňky | Sběrací koše;7;https://www.heureka.cz/direct/xml-export/shops/heureka-sekce.xml
CZ;1097;Tenisové sítě;Heureka.cz | Sport a outdoor | Sporty | Raketové sporty | Tenis | Tenisové doplňky | Tenisové sítě;7;https://www.heureka.cz/direct/xml-export/shops/heureka-sekce.xml
CZ;1100;Vibrastopy na tenis;Heureka.cz | Sport a outdoor | Sporty | Raketové sporty | Tenis | Tenisové doplňky | Vibrastopy na tenis;7;https://www.heureka.cz/direct/xml-export/shops/heureka-sekce.xml
CZ;2415;Vybavení tenisových kurtů;Heureka.cz | Sport a outdoor | Sporty | Raketové sporty | Tenis | Tenisové doplňky | Vybavení tenisových kurtů;7;https://www.heureka.cz/direct/xml-export/shops/heureka-sekce.xml
CZ;1374;Vyplétací stroje;Heureka.cz | Sport a outdoor | Sporty | Raketové sporty | Tenis | Tenisové doplňky | Vyplétací stroje;7;https://www.heureka.cz/direct/xml-export/shops/heureka-sekce.xml
CZ;1095;Tenisové míče;Heureka.cz | Sport a outdoor | Sporty | Raketové sporty | Tenis | Tenisové míče;6;https://www.heureka.cz/direct/xml-export/shops/heureka-sekce.xml
CZ;1096;Tenisové rakety;Heureka.cz | Sport a outdoor | Sporty | Raketové sporty | Tenis | Tenisové rakety;6;https://www.heureka.cz/direct/xml-export/shops/heureka-sekce.xml
CZ;1098;Tenisové tašky;Heureka.cz | Sport a outdoor | Sporty | Raketové sporty | Tenis | Tenisové tašky;6;https://www.heureka.cz/direct/xml-export/shops/heureka-sekce.xml
CZ;1099;Tenisové výplety;Heureka.cz | Sport a outdoor | Sporty | Raketové sporty | Tenis | Tenisové výplety;6;https://www.heureka.cz/direct/xml-export/shops/heureka-sekce.xml
CZ;1149;Chrániče na in-line;Heureka.cz | Sport a outdoor | Sporty | Skate & in-line | In-line bruslení | Chrániče na in-line;6;https://www.heureka.cz/direct/xml-export/shops/heureka-sekce.xml
CZ;1148;Helmy a přilby na in-line;Heureka.cz | Sport a outdoor | Sporty | Skate & in-line | In-line bruslení | Helmy a přilby na in-line;6;https://www.heureka.cz/direct/xml-export/shops/heureka-sekce.xml
CZ;1351;In-line ložiska;Heureka.cz | Sport a outdoor | Sporty | Skate & in-line | In-line bruslení | In-line ložiska;6;https://www.heureka.cz/direct/xml-export/shops/heureka-sekce.xml
CZ;1352;Kolečka pro in-line;Heureka.cz | Sport a outdoor | Sporty | Skate & in-line | In-line bruslení | Kolečka pro in-line;6;https://www.heureka.cz/direct/xml-export/shops/heureka-sekce.xml
CZ;1147;Kolečkové brusle;Heureka.cz | Sport a outdoor | Sporty | Skate & in-line | In-line bruslení | Kolečkové brusle;6;https://www.heureka.cz/direct/xml-export/shops/heureka-sekce.xml
CZ;2712;Koloboty;Heureka.cz | Sport a outdoor | Sporty | Skate & in-line | Koloboty;5;https://www.heureka.cz/direct/xml-export/shops/heureka-sekce.xml
CZ;4682;Longboardy;Heureka.cz | Sport a outdoor | Sporty | Skate & in-line | Longboardy;5;https://www.heureka.cz/direct/xml-export/shops/heureka-sekce.xml
CZ;1338;Kolečka pro skate;Heureka.cz | Sport a outdoor | Sporty | Skate & in-line | Skateboardy | Kolečka pro skate;6;https://www.heureka.cz/direct/xml-export/shops/heureka-sekce.xml
CZ;1336;Skateboardové desky;Heureka.cz | Sport a outdoor | Sporty | Skate & in-line | Skateboardy | Skateboardové desky;6;https://www.heureka.cz/direct/xml-export/shops/heureka-sekce.xml
CZ;1339;Skateboardové komplety;Heureka.cz | Sport a outdoor | Sporty | Skate & in-line | Skateboardy | Skateboardové komplety;6;https://www.heureka.cz/direct/xml-export/shops/heureka-sekce.xml
CZ;1337;Trucky na skateboard;Heureka.cz | Sport a outdoor | Sporty | Skate & in-line | Skateboardy | Trucky na skateboard;6;https://www.heureka.cz/direct/xml-export/shops/heureka-sekce.xml
CZ;2519;Skákací boty;Heureka.cz | Sport a outdoor | Sporty | Skate & in-line | Skákací boty;5;https://www.heureka.cz/direct/xml-export/shops/heureka-sekce.xml
CZ;6297;Dámské sálové boty;Heureka.cz | Sport a outdoor | Sporty | Sportovní obuv | Dámská sportovní obuv | Dámské sálové boty;6;https://www.heureka.cz/direct/xml-export/shops/heureka-sekce.xml
CZ;6298;Dětské sálové boty;Heureka.cz | Sport a outdoor | Sporty | Sportovní obuv | Dětská sportovní obuv | Dětské sálové boty;6;https://www.heureka.cz/direct/xml-export/shops/heureka-sekce.xml
CZ;6296;Pánské sálové boty;Heureka.cz | Sport a outdoor | Sporty | Sportovní obuv | Pánská sportovní obuv | Pánské sálové boty;6;https://www.heureka.cz/direct/xml-export/shops/heureka-sekce.xml
CZ;2500;Aminokyseliny;Heureka.cz | Sport a outdoor | Sporty | Sportovní výživa | Aminokyseliny;5;https://www.heureka.cz/direct/xml-export/shops/heureka-sekce.xml
CZ;2501;Anabolizéry a NO doplňky;Heureka.cz | Sport a outdoor | Sporty | Sportovní výživa | Anabolizéry a NO doplňky;5;https://www.heureka.cz/direct/xml-export/shops/heureka-sekce.xml
CZ;2127;Energetické gely pro sportovce;Heureka.cz | Sport a outdoor | Sporty | Sportovní výživa | Energetické gely pro sportovce;5;https://www.heureka.cz/direct/xml-export/shops/heureka-sekce.xml
CZ;5084;Energetické tyčinky;Heureka.cz | Sport a outdoor | Sporty | Sportovní výživa | Energetické tyčinky;5;https://www.heureka.cz/direct/xml-export/shops/heureka-sekce.xml
CZ;2507;Gainery;Heureka.cz | Sport a outdoor | Sporty | Sportovní výživa | Gainery;5;https://www.heureka.cz/direct/xml-export/shops/heureka-sekce.xml
CZ;2129;Iontové nápoje;Heureka.cz | Sport a outdoor | Sporty | Sportovní výživa | Iontové nápoje;5;https://www.heureka.cz/direct/xml-export/shops/heureka-sekce.xml
CZ;2505;Kreatin;Heureka.cz | Sport a outdoor | Sporty | Sportovní výživa | Kreatin;5;https://www.heureka.cz/direct/xml-export/shops/heureka-sekce.xml
CZ;2208;Nutriční doplňky;Heureka.cz | Sport a outdoor | Sporty | Sportovní výživa | Nutriční doplňky;5;https://www.heureka.cz/direct/xml-export/shops/heureka-sekce.xml
CZ;4408;Ostatní sportovní výživa;Heureka.cz | Sport a outdoor | Sporty | Sportovní výživa | Ostatní sportovní výživa;5;https://www.heureka.cz/direct/xml-export/shops/heureka-sekce.xml
CZ;5407;Keto diety;Heureka.cz | Sport a outdoor | Sporty | Sportovní výživa | Proteinové doplňky | Keto diety;6;https://www.heureka.cz/direct/xml-export/shops/heureka-sekce.xml
CZ;5350;Proteinové kaše;Heureka.cz | Sport a outdoor | Sporty | Sportovní výživa | Proteinové doplňky | Proteinové kaše;6;https://www.heureka.cz/direct/xml-export/shops/heureka-sekce.xml
CZ;5316;Proteinové palačinky;Heureka.cz | Sport a outdoor | Sporty | Sportovní výživa | Proteinové doplňky | Proteinové palačinky;6;https://www.heureka.cz/direct/xml-export/shops/heureka-sekce.xml
CZ;5325;Proteinové tyčinky;Heureka.cz | Sport a outdoor | Sporty | Sportovní výživa | Proteinové doplňky | Proteinové tyčinky;6;https://www.heureka.cz/direct/xml-export/shops/heureka-sekce.xml
CZ;2506;Proteiny;Heureka.cz | Sport a outdoor | Sporty | Sportovní výživa | Proteiny;5;https://www.heureka.cz/direct/xml-export/shops/heureka-sekce.xml
CZ;6425;Sacharidy;Heureka.cz | Sport a outdoor | Sporty | Sportovní výživa | Sacharidy;5;https://www.heureka.cz/direct/xml-export/shops/heureka-sekce.xml
CZ;2368;Spalovače tuků;Heureka.cz | Sport a outdoor | Sporty | Sportovní výživa | Spalovače tuků;5;https://www.heureka.cz/direct/xml-export/shops/heureka-sekce.xml
CZ;2509;Stimulanty a energizéry;Heureka.cz | Sport a outdoor | Sporty | Sportovní výživa | Stimulanty a energizéry;5;https://www.heureka.cz/direct/xml-export/shops/heureka-sekce.xml
CZ;4950;Airsoftové granátomety;Heureka.cz | Sport a outdoor | Sporty | Střelecké sporty | Airsoft | Airsoftové granátomety;6;https://www.heureka.cz/direct/xml-export/shops/heureka-sekce.xml
CZ;4041;Airsoftové granáty;Heureka.cz | Sport a outdoor | Sporty | Střelecké sporty | Airsoft | Airsoftové granáty;6;https://www.heureka.cz/direct/xml-export/shops/heureka-sekce.xml
CZ;4038;Airsoftové střelivo;Heureka.cz | Sport a outdoor | Sporty | Střelecké sporty | Airsoft | Airsoftové zbraně a příslušenství | Airsoftové střelivo;7;https://www.heureka.cz/direct/xml-export/shops/heureka-sekce.xml
CZ;4048;Baterie pro airsoftové zbraně;Heureka.cz | Sport a outdoor | Sporty | Střelecké sporty | Airsoft | Airsoftové zbraně a příslušenství | Akumulátory a nabíječky pro airsoftové zbraně | Baterie pro airsoftové zbraně;8;https://www.heureka.cz/direct/xml-export/shops/heureka-sekce.xml
CZ;6940;Nabíječky pro airsoftové baterie;Heureka.cz | Sport a outdoor | Sporty | Střelecké sporty | Airsoft | Airsoftové zbraně a příslušenství | Akumulátory a nabíječky pro airsoftové zbraně | Nabíječky pro airsoftové baterie;8;https://www.heureka.cz/direct/xml-export/shops/heureka-sekce.xml
CZ;4055;Doplňky a náhradní díly k airsoftovým zbraním;Heureka.cz | Sport a outdoor | Sporty | Střelecké sporty | Airsoft | Airsoftové zbraně a příslušenství | Doplňky a náhradní díly k airsoftovým zbraním;7;https://www.heureka.cz/direct/xml-export/shops/heureka-sekce.xml
CZ;6840;Elektrické airsoftové zbraně;Heureka.cz | Sport a outdoor | Sporty | Střelecké sporty | Airsoft | Airsoftové zbraně a příslušenství | Elektrické airsoftové zbraně;7;https://www.heureka.cz/direct/xml-export/shops/heureka-sekce.xml
CZ;4042;Hnací plyny pro airsoft;Heureka.cz | Sport a outdoor | Sporty | Střelecké sporty | Airsoft | Airsoftové zbraně a příslušenství | Hnací plyny pro airsoft;7;https://www.heureka.cz/direct/xml-export/shops/heureka-sekce.xml
CZ;6839;Manuální airsoftové zbraně;Heureka.cz | Sport a outdoor | Sporty | Střelecké sporty | Airsoft | Airsoftové zbraně a příslušenství | Manuální airsoftové zbraně;7;https://www.heureka.cz/direct/xml-export/shops/heureka-sekce.xml
CZ;4033;Plynové airsoftové zbraně;Heureka.cz | Sport a outdoor | Sporty | Střelecké sporty | Airsoft | Airsoftové zbraně a příslušenství | Plynové airsoftové zbraně;7;https://www.heureka.cz/direct/xml-export/shops/heureka-sekce.xml
CZ;4047;Svítilny k airsoftovým zbraním;Heureka.cz | Sport a outdoor | Sporty | Střelecké sporty | Airsoft | Airsoftové zbraně a příslušenství | Svítilny k airsoftovým zbraním;7;https://www.heureka.cz/direct/xml-export/shops/heureka-sekce.xml
CZ;4040;Tlumiče k airsoftovým zbraním;Heureka.cz | Sport a outdoor | Sporty | Střelecké sporty | Airsoft | Airsoftové zbraně a příslušenství | Tlumiče k airsoftovým zbraním;7;https://www.heureka.cz/direct/xml-export/shops/heureka-sekce.xml
CZ;4049;Zásobníky pro airsoftové zbraně;Heureka.cz | Sport a outdoor | Sporty | Střelecké sporty | Airsoft | Airsoftové zbraně a příslušenství | Zásobníky pro airsoftové zbraně;7;https://www.heureka.cz/direct/xml-export/shops/heureka-sekce.xml
CZ;6532;Army a lovecká pouzdra a sumky;Heureka.cz | Sport a outdoor | Sporty | Střelecké sporty | Army a lovecké doplňky | Army a lovecká pouzdra a sumky;6;https://www.heureka.cz/direct/xml-export/shops/heureka-sekce.xml
CZ;6437;Army a lovecké batohy;Heureka.cz | Sport a outdoor | Sporty | Střelecké sporty | Army a lovecké doplňky | Army a lovecké batohy;6;https://www.heureka.cz/direct/xml-export/shops/heureka-sekce.xml
CZ;6438;Army a lovecké ochranné pomůcky;Heureka.cz | Sport a outdoor | Sporty | Střelecké sporty | Army a lovecké doplňky | Army a lovecké ochranné pomůcky;6;https://www.heureka.cz/direct/xml-export/shops/heureka-sekce.xml
CZ;6432;Army a lovecké pokrývky hlavy;Heureka.cz | Sport a outdoor | Sporty | Střelecké sporty | Army a lovecké doplňky | Army a lovecké pokrývky hlavy;6;https://www.heureka.cz/direct/xml-export/shops/heureka-sekce.xml
CZ;6433;Army a lovecké pásky a kšandy;Heureka.cz | Sport a outdoor | Sporty | Střelecké sporty | Army a lovecké doplňky | Army a lovecké pásky a kšandy;6;https://www.heureka.cz/direct/xml-export/shops/heureka-sekce.xml
CZ;6434;Army a lovecké rukavice;Heureka.cz | Sport a outdoor | Sporty | Střelecké sporty | Army a lovecké doplňky | Army a lovecké rukavice;6;https://www.heureka.cz/direct/xml-export/shops/heureka-sekce.xml
CZ;6903;Army a lovecké tašky;Heureka.cz | Sport a outdoor | Sporty | Střelecké sporty | Army a lovecké doplňky | Army a lovecké tašky;6;https://www.heureka.cz/direct/xml-export/shops/heureka-sekce.xml
CZ;6435;Army a lovecké šátky, šály a kravaty;Heureka.cz | Sport a outdoor | Sporty | Střelecké sporty | Army a lovecké doplňky | Army a lovecké šátky, šály a kravaty;6;https://www.heureka.cz/direct/xml-export/shops/heureka-sekce.xml
CZ;6436;Maskovací převleky;Heureka.cz | Sport a outdoor | Sporty | Střelecké sporty | Army a lovecké doplňky | Maskovací převleky;6;https://www.heureka.cz/direct/xml-export/shops/heureka-sekce.xml
CZ;6416;Army a lovecká obuv;Heureka.cz | Sport a outdoor | Sporty | Střelecké sporty | Army a lovecké oblečení | Army a lovecká obuv;6;https://www.heureka.cz/direct/xml-export/shops/heureka-sekce.xml
CZ;6415;Army a lovecká trička a košile;Heureka.cz | Sport a outdoor | Sporty | Střelecké sporty | Army a lovecké oblečení | Army a lovecká trička a košile;6;https://www.heureka.cz/direct/xml-export/shops/heureka-sekce.xml
CZ;6413;Army a lovecké bundy, kabáty a blůzy;Heureka.cz | Sport a outdoor | Sporty | Střelecké sporty | Army a lovecké oblečení | Army a lovecké bundy, kabáty a blůzy;6;https://www.heureka.cz/direct/xml-export/shops/heureka-sekce.xml
CZ;6412;Army a lovecké kalhoty a šortky;Heureka.cz | Sport a outdoor | Sporty | Střelecké sporty | Army a lovecké oblečení | Army a lovecké kalhoty a šortky;6;https://www.heureka.cz/direct/xml-export/shops/heureka-sekce.xml
CZ;6414;Army a lovecké mikiny a svetry;Heureka.cz | Sport a outdoor | Sporty | Střelecké sporty | Army a lovecké oblečení | Army a lovecké mikiny a svetry;6;https://www.heureka.cz/direct/xml-export/shops/heureka-sekce.xml
CZ;6417;Taktické a lovecké vesty;Heureka.cz | Sport a outdoor | Sporty | Střelecké sporty | Army a lovecké oblečení | Taktické a lovecké vesty;6;https://www.heureka.cz/direct/xml-export/shops/heureka-sekce.xml
CZ;4437;Kuše;Heureka.cz | Sport a outdoor | Sporty | Střelecké sporty | Lukostřelba | Kuše a příslušenství | Kuše;7;https://www.heureka.cz/direct/xml-export/shops/heureka-sekce.xml
CZ;6948;Náhradní díly a doplňky pro kuše;Heureka.cz | Sport a outdoor | Sporty | Střelecké sporty | Lukostřelba | Kuše a příslušenství | Náhradní díly a doplňky pro kuše;7;https://www.heureka.cz/direct/xml-export/shops/heureka-sekce.xml
CZ;6949;Tětivy pro kuše;Heureka.cz | Sport a outdoor | Sporty | Střelecké sporty | Lukostřelba | Kuše a příslušenství | Tětivy pro kuše;7;https://www.heureka.cz/direct/xml-export/shops/heureka-sekce.xml
CZ;6950;Šípy a šipky pro kuše;Heureka.cz | Sport a outdoor | Sporty | Střelecké sporty | Lukostřelba | Kuše a příslušenství | Šípy a šipky pro kuše;7;https://www.heureka.cz/direct/xml-export/shops/heureka-sekce.xml
CZ;4436;Luky;Heureka.cz | Sport a outdoor | Sporty | Střelecké sporty | Lukostřelba | Luky a příslušenství | Luky;7;https://www.heureka.cz/direct/xml-export/shops/heureka-sekce.xml
CZ;6944;Náhradní díly a doplňky pro luky;Heureka.cz | Sport a outdoor | Sporty | Střelecké sporty | Lukostřelba | Luky a příslušenství | Náhradní díly a doplňky pro luky;7;https://www.heureka.cz/direct/xml-export/shops/heureka-sekce.xml
CZ;6945;Toulce na šípy;Heureka.cz | Sport a outdoor | Sporty | Střelecké sporty | Lukostřelba | Luky a příslušenství | Toulce na šípy;7;https://www.heureka.cz/direct/xml-export/shops/heureka-sekce.xml
CZ;6946;Tětivy pro luky;Heureka.cz | Sport a outdoor | Sporty | Střelecké sporty | Lukostřelba | Luky a příslušenství | Tětivy pro luky;7;https://www.heureka.cz/direct/xml-export/shops/heureka-sekce.xml
CZ;4438;Šípy pro luky;Heureka.cz | Sport a outdoor | Sporty | Střelecké sporty | Lukostřelba | Luky a příslušenství | Šípy pro luky;7;https://www.heureka.cz/direct/xml-export/shops/heureka-sekce.xml
CZ;4685;Terče a terčovnice pro luky a kuše;Heureka.cz | Sport a outdoor | Sporty | Střelecké sporty | Lukostřelba | Terče a terčovnice pro luky a kuše;6;https://www.heureka.cz/direct/xml-export/shops/heureka-sekce.xml
CZ;6829;Diabolky a broky;Heureka.cz | Sport a outdoor | Sporty | Střelecké sporty | Sportovní střelba | Příslušenství pro zbraně | Diabolky a broky;7;https://www.heureka.cz/direct/xml-export/shops/heureka-sekce.xml
CZ;6830;Flobertové náboje;Heureka.cz | Sport a outdoor | Sporty | Střelecké sporty | Sportovní střelba | Příslušenství pro zbraně | Flobertové náboje;7;https://www.heureka.cz/direct/xml-export/shops/heureka-sekce.xml
CZ;6905;Kolimátory;Heureka.cz | Sport a outdoor | Sporty | Střelecké sporty | Sportovní střelba | Příslušenství pro zbraně | Lovecká optika | Kolimátory;8;https://www.heureka.cz/direct/xml-export/shops/heureka-sekce.xml
CZ;4043;Puškohledy;Heureka.cz | Sport a outdoor | Sporty | Střelecké sporty | Sportovní střelba | Příslušenství pro zbraně | Lovecká optika | Puškohledy;8;https://www.heureka.cz/direct/xml-export/shops/heureka-sekce.xml
CZ;6841;Pouzdra na zbraně;Heureka.cz | Sport a outdoor | Sporty | Střelecké sporty | Sportovní střelba | Příslušenství pro zbraně | Pouzdra na zbraně;7;https://www.heureka.cz/direct/xml-export/shops/heureka-sekce.xml
CZ;6942;Tlumiče na zbraně;Heureka.cz | Sport a outdoor | Sporty | Střelecké sporty | Sportovní střelba | Příslušenství pro zbraně | Tlumiče na zbraně;7;https://www.heureka.cz/direct/xml-export/shops/heureka-sekce.xml
CZ;8559;Terče na střelbu;Heureka.cz | Sport a outdoor | Sporty | Střelecké sporty | Sportovní střelba | Terče na střelbu;6;https://www.heureka.cz/direct/xml-export/shops/heureka-sekce.xml
CZ;6379;Trezory na zbraně;Heureka.cz | Sport a outdoor | Sporty | Střelecké sporty | Sportovní střelba | Trezory na zbraně;6;https://www.heureka.cz/direct/xml-export/shops/heureka-sekce.xml
CZ;6833;Flobertky;Heureka.cz | Sport a outdoor | Sporty | Střelecké sporty | Sportovní střelba | Zbraně bez ZP | Flobertky;7;https://www.heureka.cz/direct/xml-export/shops/heureka-sekce.xml
CZ;6832;Vzduchovky;Heureka.cz | Sport a outdoor | Sporty | Střelecké sporty | Sportovní střelba | Zbraně bez ZP | Vzduchovky;7;https://www.heureka.cz/direct/xml-export/shops/heureka-sekce.xml
CZ;6455;Krycí plachty k trampolínám;Heureka.cz | Sport a outdoor | Sporty | Trampolíny a příslušenství | Příslušenství k trampolínám | Krycí plachty k trampolínám;6;https://www.heureka.cz/direct/xml-export/shops/heureka-sekce.xml
CZ;6452;Kryty pružin k trampolínám;Heureka.cz | Sport a outdoor | Sporty | Trampolíny a příslušenství | Příslušenství k trampolínám | Kryty pružin k trampolínám;6;https://www.heureka.cz/direct/xml-export/shops/heureka-sekce.xml
CZ;6450;Ochranné sítě k trampolínám;Heureka.cz | Sport a outdoor | Sporty | Trampolíny a příslušenství | Příslušenství k trampolínám | Ochranné sítě k trampolínám;6;https://www.heureka.cz/direct/xml-export/shops/heureka-sekce.xml
CZ;2758;Ostatní příslušenství k trampolínám;Heureka.cz | Sport a outdoor | Sporty | Trampolíny a příslušenství | Příslušenství k trampolínám | Ostatní příslušenství k trampolínám;6;https://www.heureka.cz/direct/xml-export/shops/heureka-sekce.xml
CZ;6453;Pružiny na trampolíny;Heureka.cz | Sport a outdoor | Sporty | Trampolíny a příslušenství | Příslušenství k trampolínám | Pružiny na trampolíny;6;https://www.heureka.cz/direct/xml-export/shops/heureka-sekce.xml
CZ;6454;Schůdky k trampolínám;Heureka.cz | Sport a outdoor | Sporty | Trampolíny a příslušenství | Příslušenství k trampolínám | Schůdky k trampolínám;6;https://www.heureka.cz/direct/xml-export/shops/heureka-sekce.xml
CZ;6451;Skákací plochy k trampolínám;Heureka.cz | Sport a outdoor | Sporty | Trampolíny a příslušenství | Příslušenství k trampolínám | Skákací plochy k trampolínám;6;https://www.heureka.cz/direct/xml-export/shops/heureka-sekce.xml
CZ;8585;Stany na trampolíny;Heureka.cz | Sport a outdoor | Sporty | Trampolíny a příslušenství | Příslušenství k trampolínám | Stany na trampolíny;6;https://www.heureka.cz/direct/xml-export/shops/heureka-sekce.xml
CZ;1323;Trampolíny;Heureka.cz | Sport a outdoor | Sporty | Trampolíny a příslušenství | Trampolíny;5;https://www.heureka.cz/direct/xml-export/shops/heureka-sekce.xml
CZ;5340;Kiteboards;Heureka.cz | Sport a outdoor | Sporty | Vodní sporty | Adrenalinové vodní sporty | Kiteboarding | Kiteboards;7;https://www.heureka.cz/direct/xml-export/shops/heureka-sekce.xml
CZ;1441;Kites;Heureka.cz | Sport a outdoor | Sporty | Vodní sporty | Adrenalinové vodní sporty | Kiteboarding | Kites;7;https://www.heureka.cz/direct/xml-export/shops/heureka-sekce.xml
CZ;6543;Surfy;Heureka.cz | Sport a outdoor | Sporty | Vodní sporty | Adrenalinové vodní sporty | Surfy;6;https://www.heureka.cz/direct/xml-export/shops/heureka-sekce.xml
CZ;5122;Hrazdy a lana na wakeboarding;Heureka.cz | Sport a outdoor | Sporty | Vodní sporty | Adrenalinové vodní sporty | Wakeboarding | Hrazdy a lana na wakeboarding;7;https://www.heureka.cz/direct/xml-export/shops/heureka-sekce.xml
CZ;5120;Obuv na wakeboarding;Heureka.cz | Sport a outdoor | Sporty | Vodní sporty | Adrenalinové vodní sporty | Wakeboarding | Obuv na wakeboarding;7;https://www.heureka.cz/direct/xml-export/shops/heureka-sekce.xml
CZ;5121;Příslušenství na wakeboarding;Heureka.cz | Sport a outdoor | Sporty | Vodní sporty | Adrenalinové vodní sporty | Wakeboarding | Příslušenství na wakeboarding;7;https://www.heureka.cz/direct/xml-export/shops/heureka-sekce.xml
CZ;5119;Vázání na wakeboarding;Heureka.cz | Sport a outdoor | Sporty | Vodní sporty | Adrenalinové vodní sporty | Wakeboarding | Vázání na wakeboarding;7;https://www.heureka.cz/direct/xml-export/shops/heureka-sekce.xml
CZ;4785;Wakeboardy;Heureka.cz | Sport a outdoor | Sporty | Vodní sporty | Adrenalinové vodní sporty | Wakeboarding | Wakeboardy;7;https://www.heureka.cz/direct/xml-export/shops/heureka-sekce.xml
CZ;5442;Míče na vodní pólo;Heureka.cz | Sport a outdoor | Sporty | Vodní sporty | Míče na vodní pólo;5;https://www.heureka.cz/direct/xml-export/shops/heureka-sekce.xml
CZ;1438;Boty do vody;Heureka.cz | Sport a outdoor | Sporty | Vodní sporty | Oblečení a obuv do vody | Boty do vody;6;https://www.heureka.cz/direct/xml-export/shops/heureka-sekce.xml
CZ;2481;Neoprenové rukavice;Heureka.cz | Sport a outdoor | Sporty | Vodní sporty | Oblečení a obuv do vody | Neoprenové rukavice;6;https://www.heureka.cz/direct/xml-export/shops/heureka-sekce.xml
CZ;5116;Neopreny;Heureka.cz | Sport a outdoor | Sporty | Vodní sporty | Oblečení a obuv do vody | Neopreny;6;https://www.heureka.cz/direct/xml-export/shops/heureka-sekce.xml
CZ;2486;Potápěčské kapuce;Heureka.cz | Sport a outdoor | Sporty | Vodní sporty | Oblečení a obuv do vody | Potápěčské kapuce;6;https://www.heureka.cz/direct/xml-export/shops/heureka-sekce.xml
CZ;2485;Potápěčské ponožky;Heureka.cz | Sport a outdoor | Sporty | Vodní sporty | Oblečení a obuv do vody | Potápěčské ponožky;6;https://www.heureka.cz/direct/xml-export/shops/heureka-sekce.xml
CZ;2488;Příslušenství k potápěčským oblekům;Heureka.cz | Sport a outdoor | Sporty | Vodní sporty | Oblečení a obuv do vody | Příslušenství k potápěčským oblekům;6;https://www.heureka.cz/direct/xml-export/shops/heureka-sekce.xml
CZ;1437;Suché obleky;Heureka.cz | Sport a outdoor | Sporty | Vodní sporty | Oblečení a obuv do vody | Suché obleky;6;https://www.heureka.cz/direct/xml-export/shops/heureka-sekce.xml
CZ;4782;Paddleboardy;Heureka.cz | Sport a outdoor | Sporty | Vodní sporty | Paddleboardy;5;https://www.heureka.cz/direct/xml-export/shops/heureka-sekce.xml
CZ;5488;Klipy na nos;Heureka.cz | Sport a outdoor | Sporty | Vodní sporty | Plavecké potřeby | Klipy na nos;6;https://www.heureka.cz/direct/xml-export/shops/heureka-sekce.xml
CZ;5224;Nafukovací kruhy;Heureka.cz | Sport a outdoor | Sporty | Vodní sporty | Plavecké potřeby | Nafukovací kruhy;6;https://www.heureka.cz/direct/xml-export/shops/heureka-sekce.xml
CZ;5399;Nafukovací lehátka;Heureka.cz | Sport a outdoor | Sporty | Vodní sporty | Plavecké potřeby | Nafukovací lehátka;6;https://www.heureka.cz/direct/xml-export/shops/heureka-sekce.xml
CZ;5226;Nafukovací rukávky;Heureka.cz | Sport a outdoor | Sporty | Vodní sporty | Plavecké potřeby | Nafukovací rukávky;6;https://www.heureka.cz/direct/xml-export/shops/heureka-sekce.xml
CZ;1440;Plavecké brýle;Heureka.cz | Sport a outdoor | Sporty | Vodní sporty | Plavecké potřeby | Plavecké brýle;6;https://www.heureka.cz/direct/xml-export/shops/heureka-sekce.xml
CZ;5223;Plavecké desky;Heureka.cz | Sport a outdoor | Sporty | Vodní sporty | Plavecké potřeby | Plavecké desky;6;https://www.heureka.cz/direct/xml-export/shops/heureka-sekce.xml
CZ;5474;Plavecké packy;Heureka.cz | Sport a outdoor | Sporty | Vodní sporty | Plavecké potřeby | Plavecké packy;6;https://www.heureka.cz/direct/xml-export/shops/heureka-sekce.xml
CZ;1465;Plavecké čepice;Heureka.cz | Sport a outdoor | Sporty | Vodní sporty | Plavecké potřeby | Plavecké čepice;6;https://www.heureka.cz/direct/xml-export/shops/heureka-sekce.xml
CZ;8564;Plážové stany;Heureka.cz | Sport a outdoor | Sporty | Vodní sporty | Plážové stany;5;https://www.heureka.cz/direct/xml-export/shops/heureka-sekce.xml
CZ;2722;Automatiky;Heureka.cz | Sport a outdoor | Sporty | Vodní sporty | Potápěčské vybavení | Automatiky;6;https://www.heureka.cz/direct/xml-export/shops/heureka-sekce.xml
CZ;1433;Harpuny;Heureka.cz | Sport a outdoor | Sporty | Vodní sporty | Potápěčské vybavení | Harpuny;6;https://www.heureka.cz/direct/xml-export/shops/heureka-sekce.xml
CZ;1434;Ploutve;Heureka.cz | Sport a outdoor | Sporty | Vodní sporty | Potápěčské vybavení | Ploutve;6;https://www.heureka.cz/direct/xml-export/shops/heureka-sekce.xml
CZ;5443;Podvodní skútry;Heureka.cz | Sport a outdoor | Sporty | Vodní sporty | Potápěčské vybavení | Podvodní skútry;6;https://www.heureka.cz/direct/xml-export/shops/heureka-sekce.xml
CZ;2723;Potápěčské lahve;Heureka.cz | Sport a outdoor | Sporty | Vodní sporty | Potápěčské vybavení | Potápěčské lahve;6;https://www.heureka.cz/direct/xml-export/shops/heureka-sekce.xml
CZ;1431;Potápěčské masky;Heureka.cz | Sport a outdoor | Sporty | Vodní sporty | Potápěčské vybavení | Potápěčské masky;6;https://www.heureka.cz/direct/xml-export/shops/heureka-sekce.xml
CZ;1466;Potápěčské měřicí přístroje;Heureka.cz | Sport a outdoor | Sporty | Vodní sporty | Potápěčské vybavení | Potápěčské měřicí přístroje;6;https://www.heureka.cz/direct/xml-export/shops/heureka-sekce.xml
CZ;1435;Potápěčské nože;Heureka.cz | Sport a outdoor | Sporty | Vodní sporty | Potápěčské vybavení | Potápěčské nože;6;https://www.heureka.cz/direct/xml-export/shops/heureka-sekce.xml
CZ;1432;Šnorchly;Heureka.cz | Sport a outdoor | Sporty | Vodní sporty | Potápěčské vybavení | Šnorchly;6;https://www.heureka.cz/direct/xml-export/shops/heureka-sekce.xml
CZ;2482;Žakety a křídla;Heureka.cz | Sport a outdoor | Sporty | Vodní sporty | Potápěčské vybavení | Žakety a křídla;6;https://www.heureka.cz/direct/xml-export/shops/heureka-sekce.xml
CZ;6456;Lodní motory;Heureka.cz | Sport a outdoor | Sporty | Vodní sporty | Vodácké vybavení | Lodní motory;6;https://www.heureka.cz/direct/xml-export/shops/heureka-sekce.xml
CZ;1428;Pádla a vesla;Heureka.cz | Sport a outdoor | Sporty | Vodní sporty | Vodácké vybavení | Pádla a vesla;6;https://www.heureka.cz/direct/xml-export/shops/heureka-sekce.xml
CZ;1430;Vodácké doplňky;Heureka.cz | Sport a outdoor | Sporty | Vodní sporty | Vodácké vybavení | Vodácké doplňky;6;https://www.heureka.cz/direct/xml-export/shops/heureka-sekce.xml
CZ;1425;Vodácké helmy;Heureka.cz | Sport a outdoor | Sporty | Vodní sporty | Vodácké vybavení | Vodácké helmy;6;https://www.heureka.cz/direct/xml-export/shops/heureka-sekce.xml
CZ;1429;Vodácké pytle;Heureka.cz | Sport a outdoor | Sporty | Vodní sporty | Vodácké vybavení | Vodácké pytle;6;https://www.heureka.cz/direct/xml-export/shops/heureka-sekce.xml
CZ;1426;Záchranné vesty;Heureka.cz | Sport a outdoor | Sporty | Vodní sporty | Vodácké vybavení | Záchranné vesty;6;https://www.heureka.cz/direct/xml-export/shops/heureka-sekce.xml
CZ;1427;Čluny;Heureka.cz | Sport a outdoor | Sporty | Vodní sporty | Vodácké vybavení | Čluny;6;https://www.heureka.cz/direct/xml-export/shops/heureka-sekce.xml
CZ;1116;Brusle na led;Heureka.cz | Sport a outdoor | Sporty | Zimní sporty | Brusle na led;5;https://www.heureka.cz/direct/xml-export/shops/heureka-sekce.xml
CZ;982;Běžecké hole;Heureka.cz | Sport a outdoor | Sporty | Zimní sporty | Běžecké lyžování | Běžecké hole;6;https://www.heureka.cz/direct/xml-export/shops/heureka-sekce.xml
CZ;984;Běžecké lyže;Heureka.cz | Sport a outdoor | Sporty | Zimní sporty | Běžecké lyžování | Běžecké lyže;6;https://www.heureka.cz/direct/xml-export/shops/heureka-sekce.xml
CZ;983;Běžecké vázání;Heureka.cz | Sport a outdoor | Sporty | Zimní sporty | Běžecké lyžování | Běžecké vázání;6;https://www.heureka.cz/direct/xml-export/shops/heureka-sekce.xml
CZ;5232;Kolečkové lyže;Heureka.cz | Sport a outdoor | Sporty | Zimní sporty | Běžecké lyžování | Kolečkové lyže;6;https://www.heureka.cz/direct/xml-export/shops/heureka-sekce.xml
CZ;981;Lyžařské boty běžecké;Heureka.cz | Sport a outdoor | Sporty | Zimní sporty | Běžecké lyžování | Lyžařské boty běžecké;6;https://www.heureka.cz/direct/xml-export/shops/heureka-sekce.xml
CZ;2040;Vosky na běžky;Heureka.cz | Sport a outdoor | Sporty | Zimní sporty | Běžecké lyžování | Vosky na běžky;6;https://www.heureka.cz/direct/xml-export/shops/heureka-sekce.xml
CZ;5412;Žehličky na vosky;Heureka.cz | Sport a outdoor | Sporty | Zimní sporty | Běžecké lyžování | Žehličky na vosky;6;https://www.heureka.cz/direct/xml-export/shops/heureka-sekce.xml
CZ;6670;Hokejové branky;Heureka.cz | Sport a outdoor | Sporty | Zimní sporty | Hokej | Hokejové branky;6;https://www.heureka.cz/direct/xml-export/shops/heureka-sekce.xml
CZ;1107;Hokejové doplňky;Heureka.cz | Sport a outdoor | Sporty | Zimní sporty | Hokej | Hokejové doplňky;6;https://www.heureka.cz/direct/xml-export/shops/heureka-sekce.xml
CZ;1105;Brankářské betony;Heureka.cz | Sport a outdoor | Sporty | Zimní sporty | Hokej | Hokejový brankář | Brankářské betony;7;https://www.heureka.cz/direct/xml-export/shops/heureka-sekce.xml
CZ;1106;Brankářské vesty;Heureka.cz | Sport a outdoor | Sporty | Zimní sporty | Hokej | Hokejový brankář | Brankářské vesty;7;https://www.heureka.cz/direct/xml-export/shops/heureka-sekce.xml
CZ;1114;Lapačky a vyrážečky;Heureka.cz | Sport a outdoor | Sporty | Zimní sporty | Hokej | Hokejový brankář | Lapačky a vyrážečky;7;https://www.heureka.cz/direct/xml-export/shops/heureka-sekce.xml
CZ;1111;Hokejové chrániče holení;Heureka.cz | Sport a outdoor | Sporty | Zimní sporty | Hokej | Hokejový hráč | Chrániče na hokej | Hokejové chrániče holení;8;https://www.heureka.cz/direct/xml-export/shops/heureka-sekce.xml
CZ;1112;Hokejové chrániče loktů;Heureka.cz | Sport a outdoor | Sporty | Zimní sporty | Hokej | Hokejový hráč | Chrániče na hokej | Hokejové chrániče loktů;8;https://www.heureka.cz/direct/xml-export/shops/heureka-sekce.xml
CZ;1113;Hokejové chrániče ramen;Heureka.cz | Sport a outdoor | Sporty | Zimní sporty | Hokej | Hokejový hráč | Chrániče na hokej | Hokejové chrániče ramen;8;https://www.heureka.cz/direct/xml-export/shops/heureka-sekce.xml
CZ;1115;Hokejky;Heureka.cz | Sport a outdoor | Sporty | Zimní sporty | Hokej | Hokejový hráč | Hokejky;7;https://www.heureka.cz/direct/xml-export/shops/heureka-sekce.xml
CZ;6675;Hokejové chrániče zubů;Heureka.cz | Sport a outdoor | Sporty | Zimní sporty | Hokej | Hokejový hráč | Hokejové chrániče zubů;7;https://www.heureka.cz/direct/xml-export/shops/heureka-sekce.xml
CZ;5289;Hokejové dresy;Heureka.cz | Sport a outdoor | Sporty | Zimní sporty | Hokej | Hokejový hráč | Hokejové dresy;7;https://www.heureka.cz/direct/xml-export/shops/heureka-sekce.xml
CZ;1117;Hokejové helmy;Heureka.cz | Sport a outdoor | Sporty | Zimní sporty | Hokej | Hokejový hráč | Hokejové helmy;7;https://www.heureka.cz/direct/xml-export/shops/heureka-sekce.xml
CZ;1108;Hokejové kalhoty;Heureka.cz | Sport a outdoor | Sporty | Zimní sporty | Hokej | Hokejový hráč | Hokejové kalhoty;7;https://www.heureka.cz/direct/xml-export/shops/heureka-sekce.xml
CZ;6671;Hokejové nákrčníky;Heureka.cz | Sport a outdoor | Sporty | Zimní sporty | Hokej | Hokejový hráč | Hokejové nákrčníky;7;https://www.heureka.cz/direct/xml-export/shops/heureka-sekce.xml
CZ;6673;Hokejové puky;Heureka.cz | Sport a outdoor | Sporty | Zimní sporty | Hokej | Hokejový hráč | Hokejové puky;7;https://www.heureka.cz/direct/xml-export/shops/heureka-sekce.xml
CZ;1109;Hokejové rukavice;Heureka.cz | Sport a outdoor | Sporty | Zimní sporty | Hokej | Hokejový hráč | Hokejové rukavice;7;https://www.heureka.cz/direct/xml-export/shops/heureka-sekce.xml
CZ;6674;Hokejové suspenzory;Heureka.cz | Sport a outdoor | Sporty | Zimní sporty | Hokej | Hokejový hráč | Hokejové suspenzory;7;https://www.heureka.cz/direct/xml-export/shops/heureka-sekce.xml
CZ;1110;Hokejové tašky;Heureka.cz | Sport a outdoor | Sporty | Zimní sporty | Hokej | Hokejový hráč | Hokejové tašky;7;https://www.heureka.cz/direct/xml-export/shops/heureka-sekce.xml
CZ;6672;Hokejové štulpny;Heureka.cz | Sport a outdoor | Sporty | Zimní sporty | Hokej | Hokejový hráč | Hokejové štulpny;7;https://www.heureka.cz/direct/xml-export/shops/heureka-sekce.xml
CZ;8519;Kartáče na lyže;Heureka.cz | Sport a outdoor | Sporty | Zimní sporty | Servis lyží | Kartáče na lyže;6;https://www.heureka.cz/direct/xml-export/shops/heureka-sekce.xml
CZ;991;Lyžařské boty sjezdové;Heureka.cz | Sport a outdoor | Sporty | Zimní sporty | Sjezdové lyžování | Lyžařské boty sjezdové;6;https://www.heureka.cz/direct/xml-export/shops/heureka-sekce.xml
CZ;1056;Lyžařské brýle;Heureka.cz | Sport a outdoor | Sporty | Zimní sporty | Sjezdové lyžování | Lyžařské brýle;6;https://www.heureka.cz/direct/xml-export/shops/heureka-sekce.xml
CZ;1057;Lyžařské vaky;Heureka.cz | Sport a outdoor | Sporty | Zimní sporty | Sjezdové lyžování | Lyžařské vaky;6;https://www.heureka.cz/direct/xml-export/shops/heureka-sekce.xml
CZ;990;Sjezdové hůlky;Heureka.cz | Sport a outdoor | Sporty | Zimní sporty | Sjezdové lyžování | Sjezdové hůlky;6;https://www.heureka.cz/direct/xml-export/shops/heureka-sekce.xml
CZ;989;Sjezdové lyže;Heureka.cz | Sport a outdoor | Sporty | Zimní sporty | Sjezdové lyžování | Sjezdové lyže;6;https://www.heureka.cz/direct/xml-export/shops/heureka-sekce.xml
CZ;992;Sjezdové vázání;Heureka.cz | Sport a outdoor | Sporty | Zimní sporty | Sjezdové lyžování | Sjezdové vázání;6;https://www.heureka.cz/direct/xml-export/shops/heureka-sekce.xml
CZ;5063;Vaky na lyžáky;Heureka.cz | Sport a outdoor | Sporty | Zimní sporty | Sjezdové lyžování | Vaky na lyžáky;6;https://www.heureka.cz/direct/xml-export/shops/heureka-sekce.xml
CZ;1415;Lavinové lopaty;Heureka.cz | Sport a outdoor | Sporty | Zimní sporty | Skialpinistické vybavení | Lavinové lopaty;6;https://www.heureka.cz/direct/xml-export/shops/heureka-sekce.xml
CZ;1416;Lavinové sondy a vyhledávače;Heureka.cz | Sport a outdoor | Sporty | Zimní sporty | Skialpinistické vybavení | Lavinové sondy a vyhledávače;6;https://www.heureka.cz/direct/xml-export/shops/heureka-sekce.xml
CZ;1418;Skialpinistické pásy;Heureka.cz | Sport a outdoor | Sporty | Zimní sporty | Skialpinistické vybavení | Skialpinistické pásy;6;https://www.heureka.cz/direct/xml-export/shops/heureka-sekce.xml
CZ;1419;Skialpinistické vázání;Heureka.cz | Sport a outdoor | Sporty | Zimní sporty | Skialpinistické vybavení | Skialpinistické vázání;6;https://www.heureka.cz/direct/xml-export/shops/heureka-sekce.xml
CZ;1119;Boty na snowboard;Heureka.cz | Sport a outdoor | Sporty | Zimní sporty | Snowboarding | Boty na snowboard;6;https://www.heureka.cz/direct/xml-export/shops/heureka-sekce.xml
CZ;1123;Chrániče na snowboard;Heureka.cz | Sport a outdoor | Sporty | Zimní sporty | Snowboarding | Chrániče na snowboard;6;https://www.heureka.cz/direct/xml-export/shops/heureka-sekce.xml
CZ;5302;Gripy na snowboard;Heureka.cz | Sport a outdoor | Sporty | Zimní sporty | Snowboarding | Gripy na snowboard;6;https://www.heureka.cz/direct/xml-export/shops/heureka-sekce.xml
CZ;1122;Snowboardové a lyžařské helmy;Heureka.cz | Sport a outdoor | Sporty | Zimní sporty | Snowboarding | Snowboardové a lyžařské helmy;6;https://www.heureka.cz/direct/xml-export/shops/heureka-sekce.xml
CZ;1120;Snowboardy;Heureka.cz | Sport a outdoor | Sporty | Zimní sporty | Snowboarding | Snowboardy;6;https://www.heureka.cz/direct/xml-export/shops/heureka-sekce.xml
CZ;5535;Snowskate;Heureka.cz | Sport a outdoor | Sporty | Zimní sporty | Snowboarding | Snowskate;6;https://www.heureka.cz/direct/xml-export/shops/heureka-sekce.xml
CZ;1144;Vaky na snowboardy;Heureka.cz | Sport a outdoor | Sporty | Zimní sporty | Snowboarding | Vaky na snowboardy;6;https://www.heureka.cz/direct/xml-export/shops/heureka-sekce.xml
CZ;1365;Vosky na snowboard;Heureka.cz | Sport a outdoor | Sporty | Zimní sporty | Snowboarding | Vosky na snowboard;6;https://www.heureka.cz/direct/xml-export/shops/heureka-sekce.xml
CZ;1121;Vázání na snowboard;Heureka.cz | Sport a outdoor | Sporty | Zimní sporty | Snowboarding | Vázání na snowboard;6;https://www.heureka.cz/direct/xml-export/shops/heureka-sekce.xml
CZ;6541;Snowscoot;Heureka.cz | Sport a outdoor | Sporty | Zimní sporty | Snowscoot;5;https://www.heureka.cz/direct/xml-export/shops/heureka-sekce.xml
CZ;2686;Sněžnice;Heureka.cz | Sport a outdoor | Sporty | Zimní sporty | Sněžnice;5;https://www.heureka.cz/direct/xml-export/shops/heureka-sekce.xml
CZ;8542;Náhradní díly k velkým spotřebičům;Heureka.cz | Velké spotřebiče | Náhradní díly k velkým spotřebičům;3;https://www.heureka.cz/direct/xml-export/shops/heureka-sekce.xml
CZ;8565;Filtry do sušičky;Heureka.cz | Velké spotřebiče | Pračky a sušičky | Filtry do sušičky;4;https://www.heureka.cz/direct/xml-export/shops/heureka-sekce.xml
CZ;3174;Hadice k pračkám;Heureka.cz | Velké spotřebiče | Pračky a sušičky | Hadice k pračkám;4;https://www.heureka.cz/direct/xml-export/shops/heureka-sekce.xml
CZ;6037;Mezikusy pračka - sušička;Heureka.cz | Velké spotřebiče | Pračky a sušičky | Mezikusy pračka - sušička;4;https://www.heureka.cz/direct/xml-export/shops/heureka-sekce.xml
CZ;5107;Montážní sady k pračkám;Heureka.cz | Velké spotřebiče | Pračky a sušičky | Montážní sady k pračkám;4;https://www.heureka.cz/direct/xml-export/shops/heureka-sekce.xml
CZ;962;Pračky;Heureka.cz | Velké spotřebiče | Pračky a sušičky | Pračky;4;https://www.heureka.cz/direct/xml-export/shops/heureka-sekce.xml
CZ;6035;Příslušenství k pračkám a sušičkám;Heureka.cz | Velké spotřebiče | Pračky a sušičky | Příslušenství k pračkám a sušičkám;4;https://www.heureka.cz/direct/xml-export/shops/heureka-sekce.xml
CZ;5108;Sifony k pračkám;Heureka.cz | Velké spotřebiče | Pračky a sušičky | Sifony k pračkám;4;https://www.heureka.cz/direct/xml-export/shops/heureka-sekce.xml
CZ;961;Sušičky prádla;Heureka.cz | Velké spotřebiče | Pračky a sušičky | Sušičky prádla;4;https://www.heureka.cz/direct/xml-export/shops/heureka-sekce.xml
CZ;8428;Tlumící podložky pod pračky;Heureka.cz | Velké spotřebiče | Pračky a sušičky | Tlumící podložky pod pračky;4;https://www.heureka.cz/direct/xml-export/shops/heureka-sekce.xml
CZ;5109;Těsnění k pračkám;Heureka.cz | Velké spotřebiče | Pračky a sušičky | Těsnění k pračkám;4;https://www.heureka.cz/direct/xml-export/shops/heureka-sekce.xml
CZ;3168;Sety domácích spotřebičů;Heureka.cz | Velké spotřebiče | Sety domácích spotřebičů;3;https://www.heureka.cz/direct/xml-export/shops/heureka-sekce.xml
CZ;5752;Chladicí a ohřevné vitríny;Heureka.cz | Velké spotřebiče | Spotřebiče do kuchyně | Chlazení a mražení | Chladicí a ohřevné vitríny;5;https://www.heureka.cz/direct/xml-export/shops/heureka-sekce.xml
CZ;1041;Lednice;Heureka.cz | Velké spotřebiče | Spotřebiče do kuchyně | Chlazení a mražení | Lednice;5;https://www.heureka.cz/direct/xml-export/shops/heureka-sekce.xml
CZ;959;Mrazáky;Heureka.cz | Velké spotřebiče | Spotřebiče do kuchyně | Chlazení a mražení | Mrazáky;5;https://www.heureka.cz/direct/xml-export/shops/heureka-sekce.xml
CZ;1042;Přenosné lednice;Heureka.cz | Velké spotřebiče | Spotřebiče do kuchyně | Chlazení a mražení | Přenosné lednice;5;https://www.heureka.cz/direct/xml-export/shops/heureka-sekce.xml
CZ;967;Vinotéky;Heureka.cz | Velké spotřebiče | Spotřebiče do kuchyně | Chlazení a mražení | Vinotéky;5;https://www.heureka.cz/direct/xml-export/shops/heureka-sekce.xml
CZ;1053;Drtiče odpadu;Heureka.cz | Velké spotřebiče | Spotřebiče do kuchyně | Drtiče odpadu;4;https://www.heureka.cz/direct/xml-export/shops/heureka-sekce.xml
CZ;966;Myčky nádobí;Heureka.cz | Velké spotřebiče | Spotřebiče do kuchyně | Myčky nádobí;4;https://www.heureka.cz/direct/xml-export/shops/heureka-sekce.xml
CZ;8351;Police a šuplíky do lednic;Heureka.cz | Velké spotřebiče | Spotřebiče do kuchyně | Příslušenství k velkým kuchyňským spotřebičům | Police a šuplíky do lednic;5;https://www.heureka.cz/direct/xml-export/shops/heureka-sekce.xml
CZ;1955;Příslušenství k digestořím;Heureka.cz | Velké spotřebiče | Spotřebiče do kuchyně | Příslušenství k velkým kuchyňským spotřebičům | Příslušenství k digestořím;5;https://www.heureka.cz/direct/xml-export/shops/heureka-sekce.xml
CZ;2272;Příslušenství k myčkám;Heureka.cz | Velké spotřebiče | Spotřebiče do kuchyně | Příslušenství k velkým kuchyňským spotřebičům | Příslušenství k myčkám;5;https://www.heureka.cz/direct/xml-export/shops/heureka-sekce.xml
CZ;2274;Příslušenství ke sporákům;Heureka.cz | Velké spotřebiče | Spotřebiče do kuchyně | Příslušenství k velkým kuchyňským spotřebičům | Příslušenství ke sporákům;5;https://www.heureka.cz/direct/xml-export/shops/heureka-sekce.xml
CZ;2270;Příslušenství pro lednice;Heureka.cz | Velké spotřebiče | Spotřebiče do kuchyně | Příslušenství k velkým kuchyňským spotřebičům | Příslušenství pro lednice;5;https://www.heureka.cz/direct/xml-export/shops/heureka-sekce.xml
CZ;2271;Příslušenství pro trouby;Heureka.cz | Velké spotřebiče | Spotřebiče do kuchyně | Příslušenství k velkým kuchyňským spotřebičům | Příslušenství pro trouby;5;https://www.heureka.cz/direct/xml-export/shops/heureka-sekce.xml
CZ;8350;Vodní filtry do lednic;Heureka.cz | Velké spotřebiče | Spotřebiče do kuchyně | Příslušenství k velkým kuchyňským spotřebičům | Vodní filtry do lednic;5;https://www.heureka.cz/direct/xml-export/shops/heureka-sekce.xml
CZ;963;Digestoře;Heureka.cz | Velké spotřebiče | Spotřebiče do kuchyně | Vaření a ohřívání | Digestoře;5;https://www.heureka.cz/direct/xml-export/shops/heureka-sekce.xml
CZ;942;Mikrovlnné trouby;Heureka.cz | Velké spotřebiče | Spotřebiče do kuchyně | Vaření a ohřívání | Mikrovlnné trouby;5;https://www.heureka.cz/direct/xml-export/shops/heureka-sekce.xml
CZ;6356;Mini trouby;Heureka.cz | Velké spotřebiče | Spotřebiče do kuchyně | Vaření a ohřívání | Mini trouby;5;https://www.heureka.cz/direct/xml-export/shops/heureka-sekce.xml
CZ;2709;Minikuchyně;Heureka.cz | Velké spotřebiče | Spotřebiče do kuchyně | Vaření a ohřívání | Minikuchyně;5;https://www.heureka.cz/direct/xml-export/shops/heureka-sekce.xml
CZ;1563;Ohřevné a vestavné zásuvky;Heureka.cz | Velké spotřebiče | Spotřebiče do kuchyně | Vaření a ohřívání | Ohřevné a vestavné zásuvky;5;https://www.heureka.cz/direct/xml-export/shops/heureka-sekce.xml
CZ;960;Sporáky;Heureka.cz | Velké spotřebiče | Spotřebiče do kuchyně | Vaření a ohřívání | Sporáky;5;https://www.heureka.cz/direct/xml-export/shops/heureka-sekce.xml
CZ;965;Varné desky;Heureka.cz | Velké spotřebiče | Spotřebiče do kuchyně | Vaření a ohřívání | Varné desky;5;https://www.heureka.cz/direct/xml-export/shops/heureka-sekce.xml
CZ;964;Vestavné trouby;Heureka.cz | Velké spotřebiče | Spotřebiče do kuchyně | Vaření a ohřívání | Vestavné trouby;5;https://www.heureka.cz/direct/xml-export/shops/heureka-sekce.xml
CZ;5694;Gastro fritézy;Heureka.cz | Velké spotřebiče | Spotřebiče do kuchyně | Vaření a ohřívání | Vybavení profesionálních kuchyní | Gastro fritézy;6;https://www.heureka.cz/direct/xml-export/shops/heureka-sekce.xml
CZ;5779;Gastro grily;Heureka.cz | Velké spotřebiče | Spotřebiče do kuchyně | Vaření a ohřívání | Vybavení profesionálních kuchyní | Gastro grily;6;https://www.heureka.cz/direct/xml-export/shops/heureka-sekce.xml
CZ;6962;Gastro lednice;Heureka.cz | Velké spotřebiče | Spotřebiče do kuchyně | Vaření a ohřívání | Vybavení profesionálních kuchyní | Gastro lednice;6;https://www.heureka.cz/direct/xml-export/shops/heureka-sekce.xml
CZ;6676;Gastro vozíky;Heureka.cz | Velké spotřebiče | Spotřebiče do kuchyně | Vaření a ohřívání | Vybavení profesionálních kuchyní | Gastro vozíky;6;https://www.heureka.cz/direct/xml-export/shops/heureka-sekce.xml
CZ;3964;Gastro vybavení;Heureka.cz | Velké spotřebiče | Spotřebiče do kuchyně | Vaření a ohřívání | Vybavení profesionálních kuchyní | Gastro vybavení;6;https://www.heureka.cz/direct/xml-export/shops/heureka-sekce.xml
CZ;6473;Hnětače těsta;Heureka.cz | Velké spotřebiče | Spotřebiče do kuchyně | Vaření a ohřívání | Vybavení profesionálních kuchyní | Hnětače těsta;6;https://www.heureka.cz/direct/xml-export/shops/heureka-sekce.xml
CZ;5636;Konvektomaty;Heureka.cz | Velké spotřebiče | Spotřebiče do kuchyně | Vaření a ohřívání | Vybavení profesionálních kuchyní | Konvektomaty;6;https://www.heureka.cz/direct/xml-export/shops/heureka-sekce.xml
CZ;6549;Krouhače zeleniny;Heureka.cz | Velké spotřebiče | Spotřebiče do kuchyně | Vaření a ohřívání | Vybavení profesionálních kuchyní | Krouhače zeleniny;6;https://www.heureka.cz/direct/xml-export/shops/heureka-sekce.xml
CZ;6470;Ohřívače a dávkovače nápojů;Heureka.cz | Velké spotřebiče | Spotřebiče do kuchyně | Vaření a ohřívání | Vybavení profesionálních kuchyní | Ohřívače a dávkovače nápojů;6;https://www.heureka.cz/direct/xml-export/shops/heureka-sekce.xml
CZ;6515;Opékače párků s rolnami;Heureka.cz | Velké spotřebiče | Spotřebiče do kuchyně | Vaření a ohřívání | Vybavení profesionálních kuchyní | Opékače párků s rolnami;6;https://www.heureka.cz/direct/xml-export/shops/heureka-sekce.xml
CZ;7027;Plničky klobás a příslušenství;Heureka.cz | Velké spotřebiče | Spotřebiče do kuchyně | Vaření a ohřívání | Vybavení profesionálních kuchyní | Plničky klobás a příslušenství;6;https://www.heureka.cz/direct/xml-export/shops/heureka-sekce.xml
CZ;8490;Doplňky stravy s CBD;Heureka.cz | Zdraví | Léky a doplňky stravy | Doplňky stravy s CBD;4;https://www.heureka.cz/direct/xml-export/shops/heureka-sekce.xml
CZ;5618;Intimní zdravotní prostředky;Heureka.cz | Zdraví | Léky a doplňky stravy | Intimní zdravotní prostředky;4;https://www.heureka.cz/direct/xml-export/shops/heureka-sekce.xml
CZ;5526;Nosní kapky, spreje a oleje;Heureka.cz | Zdraví | Léky a doplňky stravy | Nosní kapky, spreje a oleje;4;https://www.heureka.cz/direct/xml-export/shops/heureka-sekce.xml
CZ;2550;Vitamíny a doplňky stravy;Heureka.cz | Zdraví | Léky a doplňky stravy | Vitamíny a doplňky stravy;4;https://www.heureka.cz/direct/xml-export/shops/heureka-sekce.xml
CZ;4983;Volně prodejné léky;Heureka.cz | Zdraví | Léky a doplňky stravy | Volně prodejné léky;4;https://www.heureka.cz/direct/xml-export/shops/heureka-sekce.xml
CZ;5440;Masážní pomůcky;Heureka.cz | Zdraví | Masážní pomůcky;3;https://www.heureka.cz/direct/xml-export/shops/heureka-sekce.xml
CZ;5756;Masky a polomasky;Heureka.cz | Zdraví | Ochrana dýchacích cest | Masky a polomasky;4;https://www.heureka.cz/direct/xml-export/shops/heureka-sekce.xml
CZ;5757;Respirátory;Heureka.cz | Zdraví | Ochrana dýchacích cest | Respirátory;4;https://www.heureka.cz/direct/xml-export/shops/heureka-sekce.xml
CZ;5758;Roušky;Heureka.cz | Zdraví | Ochrana dýchacích cest | Roušky;4;https://www.heureka.cz/direct/xml-export/shops/heureka-sekce.xml
CZ;2943;Dioptrické brýle;Heureka.cz | Zdraví | Oční optika | Dioptrické brýle;4;https://www.heureka.cz/direct/xml-export/shops/heureka-sekce.xml
CZ;1793;Kontaktní čočky;Heureka.cz | Zdraví | Oční optika | Kontaktní čočky;4;https://www.heureka.cz/direct/xml-export/shops/heureka-sekce.xml
CZ;2714;Roztoky a pomůcky ke kontaktním čočkám;Heureka.cz | Zdraví | Oční optika | Roztoky a pomůcky ke kontaktním čočkám;4;https://www.heureka.cz/direct/xml-export/shops/heureka-sekce.xml
CZ;2921;Dezinfekce;Heureka.cz | Zdraví | Zdravotnické potřeby | Dezinfekce;4;https://www.heureka.cz/direct/xml-export/shops/heureka-sekce.xml
CZ;4988;Domácí diagnostické testy;Heureka.cz | Zdraví | Zdravotnické potřeby | Domácí diagnostické testy;4;https://www.heureka.cz/direct/xml-export/shops/heureka-sekce.xml
CZ;4175;Injekční jehly a stříkačky;Heureka.cz | Zdraví | Zdravotnické potřeby | Injekční jehly a stříkačky;4;https://www.heureka.cz/direct/xml-export/shops/heureka-sekce.xml
CZ;4194;Invalidní vozíky;Heureka.cz | Zdraví | Zdravotnické potřeby | Kompenzační pomůcky | Invalidní vozíky;5;https://www.heureka.cz/direct/xml-export/shops/heureka-sekce.xml
CZ;5483;Pomůcky pro sebeobsluhu;Heureka.cz | Zdraví | Zdravotnické potřeby | Kompenzační pomůcky | Pomůcky pro sebeobsluhu;5;https://www.heureka.cz/direct/xml-export/shops/heureka-sekce.xml
CZ;4178;Příslušenství k berlím a holím;Heureka.cz | Zdraví | Zdravotnické potřeby | Kompenzační pomůcky | Příslušenství k berlím a holím;5;https://www.heureka.cz/direct/xml-export/shops/heureka-sekce.xml
CZ;5484;Sedátka do sprchy a van;Heureka.cz | Zdraví | Zdravotnické potřeby | Kompenzační pomůcky | Sedátka do sprchy a van;5;https://www.heureka.cz/direct/xml-export/shops/heureka-sekce.xml
CZ;4176;Zdravotní berle;Heureka.cz | Zdraví | Zdravotnické potřeby | Kompenzační pomůcky | Zdravotní berle;5;https://www.heureka.cz/direct/xml-export/shops/heureka-sekce.xml
CZ;5481;Zdravotní chodítka;Heureka.cz | Zdraví | Zdravotnické potřeby | Kompenzační pomůcky | Zdravotní chodítka;5;https://www.heureka.cz/direct/xml-export/shops/heureka-sekce.xml
CZ;4177;Zdravotní hole;Heureka.cz | Zdraví | Zdravotnické potřeby | Kompenzační pomůcky | Zdravotní hole;5;https://www.heureka.cz/direct/xml-export/shops/heureka-sekce.xml
CZ;6010;Kompresivní zdravotní punčochy;Heureka.cz | Zdraví | Zdravotnické potřeby | Kompresivní zdravotní punčochy;4;https://www.heureka.cz/direct/xml-export/shops/heureka-sekce.xml
CZ;2682;Lékovky;Heureka.cz | Zdraví | Zdravotnické potřeby | Lékovky;4;https://www.heureka.cz/direct/xml-export/shops/heureka-sekce.xml
CZ;4017;Lékárničky;Heureka.cz | Zdraví | Zdravotnické potřeby | Lékárničky;4;https://www.heureka.cz/direct/xml-export/shops/heureka-sekce.xml
CZ;5544;Masážní stoly a židle;Heureka.cz | Zdraví | Zdravotnické potřeby | Masážní stoly a židle;4;https://www.heureka.cz/direct/xml-export/shops/heureka-sekce.xml
CZ;4180;Naslouchátka;Heureka.cz | Zdraví | Zdravotnické potřeby | Naslouchátka;4;https://www.heureka.cz/direct/xml-export/shops/heureka-sekce.xml
CZ;4097;Náplasti;Heureka.cz | Zdraví | Zdravotnické potřeby | Náplasti;4;https://www.heureka.cz/direct/xml-export/shops/heureka-sekce.xml
CZ;4174;Obvazové materiály;Heureka.cz | Zdraví | Zdravotnické potřeby | Obvazové materiály;4;https://www.heureka.cz/direct/xml-export/shops/heureka-sekce.xml
CZ;4179;Ortopedické pomůcky;Heureka.cz | Zdraví | Zdravotnické potřeby | Ortopedické pomůcky;4;https://www.heureka.cz/direct/xml-export/shops/heureka-sekce.xml
CZ;5477;Rehabilitační pomůcky;Heureka.cz | Zdraví | Zdravotnické potřeby | Rehabilitační pomůcky;4;https://www.heureka.cz/direct/xml-export/shops/heureka-sekce.xml
CZ;3659;Chladicí bandáže;Heureka.cz | Zdraví | Zdravotnické potřeby | Sportovní medicína | Chladicí bandáže;5;https://www.heureka.cz/direct/xml-export/shops/heureka-sekce.xml
CZ;3748;Tejpovací pomůcky;Heureka.cz | Zdraví | Zdravotnické potřeby | Sportovní medicína | Tejpovací pomůcky;5;https://www.heureka.cz/direct/xml-export/shops/heureka-sekce.xml
CZ;3657;Tejpy;Heureka.cz | Zdraví | Zdravotnické potřeby | Sportovní medicína | Tejpy;5;https://www.heureka.cz/direct/xml-export/shops/heureka-sekce.xml
CZ;2748;Zdravotní bandáže a ortézy;Heureka.cz | Zdraví | Zdravotnické potřeby | Sportovní medicína | Zdravotní bandáže a ortézy;5;https://www.heureka.cz/direct/xml-export/shops/heureka-sekce.xml
CZ;5768;Stojany na dezinfekce;Heureka.cz | Zdraví | Zdravotnické potřeby | Stojany na dezinfekce;4;https://www.heureka.cz/direct/xml-export/shops/heureka-sekce.xml
CZ;4173;Termofory;Heureka.cz | Zdraví | Zdravotnické potřeby | Termofory;4;https://www.heureka.cz/direct/xml-export/shops/heureka-sekce.xml
CZ;5834;Testy na koronavirus;Heureka.cz | Zdraví | Zdravotnické potřeby | Testy na koronavirus;4;https://www.heureka.cz/direct/xml-export/shops/heureka-sekce.xml
CZ;5820;Glukometry;Heureka.cz | Zdraví | Zdravotnické přístroje | Glukometry;4;https://www.heureka.cz/direct/xml-export/shops/heureka-sekce.xml
CZ;2199;Inhalátory;Heureka.cz | Zdraví | Zdravotnické přístroje | Inhalátory;4;https://www.heureka.cz/direct/xml-export/shops/heureka-sekce.xml
CZ;5950;Sterilizační boxy a sterilizační lampy;Heureka.cz | Zdraví | Zdravotnické přístroje | Sterilizační boxy a sterilizační lampy;4;https://www.heureka.cz/direct/xml-export/shops/heureka-sekce.xml
CZ;2920;Zdravotnická technika;Heureka.cz | Zdraví | Zdravotnické přístroje | Zdravotnická technika;4;https://www.heureka.cz/direct/xml-export/shops/heureka-sekce.xml
