market;category_id;name;path;depth;source_url
SK;1486;Automobily;Heureka.sk | Auto-moto | Automobily;3;https://www.heureka.sk/direct/xml-export/shops/heureka-sekce.xml
SK;6763;Elektrické motorky;Heureka.sk | Auto-moto | Elektromobilita a jej príslušenstvo | Elektrické motorky;4;https://www.heureka.sk/direct/xml-export/shops/heureka-sekce.xml
SK;5479;Elektrické vozidlá pre seniorov;Heureka.sk | Auto-moto | Elektromobilita a jej príslušenstvo | Elektrické vozidlá pre seniorov;4;https://www.heureka.sk/direct/xml-export/shops/heureka-sekce.xml
SK;6018;Nabíjacie káble pre elektromobily;Heureka.sk | Auto-moto | Elektromobilita a jej príslušenstvo | Príslušenstvo pre elektromobily | Nabíjacie káble pre elektromobily;5;https://www.heureka.sk/direct/xml-export/shops/heureka-sekce.xml
SK;6019;Nabíjacie stanice pre elektromobily;Heureka.sk | Auto-moto | Elektromobilita a jej príslušenstvo | Príslušenstvo pre elektromobily | Nabíjacie stanice pre elektromobily;5;https://www.heureka.sk/direct/xml-export/shops/heureka-sekce.xml
SK;6017;Nabíjačky pre elektromobily;Heureka.sk | Auto-moto | Elektromobilita a jej príslušenstvo | Príslušenstvo pre elektromobily | Nabíjačky pre elektromobily;5;https://www.heureka.sk/direct/xml-export/shops/heureka-sekce.xml
SK;6764;Motorky;Heureka.sk | Auto-moto | Motorky;3;https://www.heureka.sk/direct/xml-export/shops/heureka-sekce.xml
SK;6328;AdBlue;Heureka.sk | Auto-moto | Náplne a kvapaliny | Aditíva | AdBlue;5;https://www.heureka.sk/direct/xml-export/shops/heureka-sekce.xml
SK;6327;Aditíva do chladičov;Heureka.sk | Auto-moto | Náplne a kvapaliny | Aditíva | Aditíva do chladičov;5;https://www.heureka.sk/direct/xml-export/shops/heureka-sekce.xml
SK;6325;Aditíva do olejov;Heureka.sk | Auto-moto | Náplne a kvapaliny | Aditíva | Aditíva do olejov;5;https://www.heureka.sk/direct/xml-export/shops/heureka-sekce.xml
SK;2975;Aditíva do palív;Heureka.sk | Auto-moto | Náplne a kvapaliny | Aditíva | Aditíva do palív;5;https://www.heureka.sk/direct/xml-export/shops/heureka-sekce.xml
SK;6330;Aditíva do posilňovačov riadenia;Heureka.sk | Auto-moto | Náplne a kvapaliny | Aditíva | Aditíva do posilňovačov riadenia;5;https://www.heureka.sk/direct/xml-export/shops/heureka-sekce.xml
SK;6329;Aditíva do prevodoviek;Heureka.sk | Auto-moto | Náplne a kvapaliny | Aditíva | Aditíva do prevodoviek;5;https://www.heureka.sk/direct/xml-export/shops/heureka-sekce.xml
SK;5816;Ochrana podvozkov a dutín;Heureka.sk | Auto-moto | Náplne a kvapaliny | Autochémia | Ochrana podvozkov a dutín;5;https://www.heureka.sk/direct/xml-export/shops/heureka-sekce.xml
SK;5814;Uvoľňovače skrutiek;Heureka.sk | Auto-moto | Náplne a kvapaliny | Autochémia | Uvoľňovače skrutiek;5;https://www.heureka.sk/direct/xml-export/shops/heureka-sekce.xml
SK;5813;Čističe bŕzd;Heureka.sk | Auto-moto | Náplne a kvapaliny | Autochémia | Čističe bŕzd;5;https://www.heureka.sk/direct/xml-export/shops/heureka-sekce.xml
SK;5812;Čističe karburátorov, turba a škrtiacich klapiek;Heureka.sk | Auto-moto | Náplne a kvapaliny | Autochémia | Čističe karburátorov, turba a škrtiacich klapiek;5;https://www.heureka.sk/direct/xml-export/shops/heureka-sekce.xml
SK;5815;Čističe reťazí motoriek;Heureka.sk | Auto-moto | Náplne a kvapaliny | Autochémia | Čističe reťazí motoriek;5;https://www.heureka.sk/direct/xml-export/shops/heureka-sekce.xml
SK;5854;Hydraulické oleje;Heureka.sk | Auto-moto | Náplne a kvapaliny | Mazivá | Hydraulické oleje;5;https://www.heureka.sk/direct/xml-export/shops/heureka-sekce.xml
SK;5856;Mazivá na reťaze;Heureka.sk | Auto-moto | Náplne a kvapaliny | Mazivá | Mazivá na reťaze;5;https://www.heureka.sk/direct/xml-export/shops/heureka-sekce.xml
SK;5850;Motorové oleje;Heureka.sk | Auto-moto | Náplne a kvapaliny | Mazivá | Motorové oleje;5;https://www.heureka.sk/direct/xml-export/shops/heureka-sekce.xml
SK;5857;Ostatné mazivá;Heureka.sk | Auto-moto | Náplne a kvapaliny | Mazivá | Ostatné mazivá;5;https://www.heureka.sk/direct/xml-export/shops/heureka-sekce.xml
SK;5853;Plastické mazivá;Heureka.sk | Auto-moto | Náplne a kvapaliny | Mazivá | Plastické mazivá;5;https://www.heureka.sk/direct/xml-export/shops/heureka-sekce.xml
SK;5851;Prevodové oleje;Heureka.sk | Auto-moto | Náplne a kvapaliny | Mazivá | Prevodové oleje;5;https://www.heureka.sk/direct/xml-export/shops/heureka-sekce.xml
SK;5855;Silikónové oleje;Heureka.sk | Auto-moto | Náplne a kvapaliny | Mazivá | Silikónové oleje;5;https://www.heureka.sk/direct/xml-export/shops/heureka-sekce.xml
SK;5852;Tlmičové oleje;Heureka.sk | Auto-moto | Náplne a kvapaliny | Mazivá | Tlmičové oleje;5;https://www.heureka.sk/direct/xml-export/shops/heureka-sekce.xml
SK;2922;Brzdové kvapaliny;Heureka.sk | Auto-moto | Náplne a kvapaliny | Prevádzkové kvapaliny | Brzdové kvapaliny;5;https://www.heureka.sk/direct/xml-export/shops/heureka-sekce.xml
SK;6189;Chladiace kvapaliny;Heureka.sk | Auto-moto | Náplne a kvapaliny | Prevádzkové kvapaliny | Chladiace kvapaliny;5;https://www.heureka.sk/direct/xml-export/shops/heureka-sekce.xml
SK;6191;Kvapaliny do posilňovačov riadenia;Heureka.sk | Auto-moto | Náplne a kvapaliny | Prevádzkové kvapaliny | Kvapaliny do posilňovačov riadenia;5;https://www.heureka.sk/direct/xml-export/shops/heureka-sekce.xml
SK;6190;Vody do ostrekovačov;Heureka.sk | Auto-moto | Náplne a kvapaliny | Prevádzkové kvapaliny | Vody do ostrekovačov;5;https://www.heureka.sk/direct/xml-export/shops/heureka-sekce.xml
SK;2741;Agro pneumatiky;Heureka.sk | Auto-moto | Pneumatiky | Agro pneumatiky;4;https://www.heureka.sk/direct/xml-export/shops/heureka-sekce.xml
SK;2742;Nákladné pneumatiky;Heureka.sk | Auto-moto | Pneumatiky | Nákladné pneumatiky;4;https://www.heureka.sk/direct/xml-export/shops/heureka-sekce.xml
SK;972;Osobné pneumatiky;Heureka.sk | Auto-moto | Pneumatiky | Osobné pneumatiky;4;https://www.heureka.sk/direct/xml-export/shops/heureka-sekce.xml
SK;2230;Pneumatiky na motorku;Heureka.sk | Auto-moto | Pneumatiky | Pneumatiky na motorku;4;https://www.heureka.sk/direct/xml-export/shops/heureka-sekce.xml
SK;3923;Alternátory;Heureka.sk | Auto-moto | Všetko pre autá | Autodiely | Alternátory;5;https://www.heureka.sk/direct/xml-export/shops/heureka-sekce.xml
SK;1279;Autobatérie;Heureka.sk | Auto-moto | Všetko pre autá | Autodiely | Autobatérie;5;https://www.heureka.sk/direct/xml-export/shops/heureka-sekce.xml
SK;3413;Brzdové a spojkové hadice;Heureka.sk | Auto-moto | Všetko pre autá | Autodiely | Brzdný systém auta | Brzdové a spojkové hadice;6;https://www.heureka.sk/direct/xml-export/shops/heureka-sekce.xml
SK;3184;Brzdové bubny;Heureka.sk | Auto-moto | Všetko pre autá | Autodiely | Brzdný systém auta | Brzdové bubny;6;https://www.heureka.sk/direct/xml-export/shops/heureka-sekce.xml
SK;3343;Brzdové doštičky;Heureka.sk | Auto-moto | Všetko pre autá | Autodiely | Brzdný systém auta | Brzdové doštičky;6;https://www.heureka.sk/direct/xml-export/shops/heureka-sekce.xml
SK;3183;Brzdové kotúče;Heureka.sk | Auto-moto | Všetko pre autá | Autodiely | Brzdný systém auta | Brzdové kotúče;6;https://www.heureka.sk/direct/xml-export/shops/heureka-sekce.xml
SK;6249;Brzdové čeľuste;Heureka.sk | Auto-moto | Všetko pre autá | Autodiely | Brzdný systém auta | Brzdové čeľuste;6;https://www.heureka.sk/direct/xml-export/shops/heureka-sekce.xml
SK;1293;Hlavice radiacej páky;Heureka.sk | Auto-moto | Všetko pre autá | Autodiely | Diely interiéru | Hlavice radiacej páky;6;https://www.heureka.sk/direct/xml-export/shops/heureka-sekce.xml
SK;1292;Rukoväte ručnej brzdy;Heureka.sk | Auto-moto | Všetko pre autá | Autodiely | Diely interiéru | Rukoväte ručnej brzdy;6;https://www.heureka.sk/direct/xml-export/shops/heureka-sekce.xml
SK;1288;Športové sedačky;Heureka.sk | Auto-moto | Všetko pre autá | Autodiely | Diely interiéru | Športové sedačky;6;https://www.heureka.sk/direct/xml-export/shops/heureka-sekce.xml
SK;1289;Športové volanty;Heureka.sk | Auto-moto | Všetko pre autá | Autodiely | Diely interiéru | Športové volanty;6;https://www.heureka.sk/direct/xml-export/shops/heureka-sekce.xml
SK;4468;Autosklá;Heureka.sk | Auto-moto | Všetko pre autá | Autodiely | Diely karosérie | Autosklá;6;https://www.heureka.sk/direct/xml-export/shops/heureka-sekce.xml
SK;3323;Autozrkadlá;Heureka.sk | Auto-moto | Všetko pre autá | Autodiely | Diely karosérie | Autozrkadlá;6;https://www.heureka.sk/direct/xml-export/shops/heureka-sekce.xml
SK;3325;Blatníky, podbehy, bočnice k vozidlám;Heureka.sk | Auto-moto | Všetko pre autá | Autodiely | Diely karosérie | Blatníky, podbehy, bočnice k vozidlám;6;https://www.heureka.sk/direct/xml-export/shops/heureka-sekce.xml
SK;3330;Nárazníky a diely;Heureka.sk | Auto-moto | Všetko pre autá | Autodiely | Diely karosérie | Nárazníky a diely;6;https://www.heureka.sk/direct/xml-export/shops/heureka-sekce.xml
SK;3329;Predné kapoty, zadné kapoty, strechy;Heureka.sk | Auto-moto | Všetko pre autá | Autodiely | Diely karosérie | Predné kapoty, zadné kapoty, strechy;6;https://www.heureka.sk/direct/xml-export/shops/heureka-sekce.xml
SK;3341;Predné masky;Heureka.sk | Auto-moto | Všetko pre autá | Autodiely | Diely karosérie | Predné masky;6;https://www.heureka.sk/direct/xml-export/shops/heureka-sekce.xml
SK;3324;Rámy, stĺpiky a prahy;Heureka.sk | Auto-moto | Všetko pre autá | Autodiely | Diely karosérie | Rámy, stĺpiky a prahy;6;https://www.heureka.sk/direct/xml-export/shops/heureka-sekce.xml
SK;3802;Autokolesové skrutky a matice;Heureka.sk | Auto-moto | Všetko pre autá | Autodiely | Diely podvozku | Diely k autokolesám | Autokolesové skrutky a matice;7;https://www.heureka.sk/direct/xml-export/shops/heureka-sekce.xml
SK;3181;Ložiská kolies;Heureka.sk | Auto-moto | Všetko pre autá | Autodiely | Diely podvozku | Diely k autokolesám | Ložiská kolies;7;https://www.heureka.sk/direct/xml-export/shops/heureka-sekce.xml
SK;3182;Náboje kolies;Heureka.sk | Auto-moto | Všetko pre autá | Autodiely | Diely podvozku | Diely k autokolesám | Náboje kolies;7;https://www.heureka.sk/direct/xml-export/shops/heureka-sekce.xml
SK;3178;Dorazy tlmičov;Heureka.sk | Auto-moto | Všetko pre autá | Autodiely | Diely podvozku | Dorazy tlmičov;6;https://www.heureka.sk/direct/xml-export/shops/heureka-sekce.xml
SK;3179;Poloosy a homokinetické kĺby;Heureka.sk | Auto-moto | Všetko pre autá | Autodiely | Diely podvozku | Poloosy a homokinetické kĺby;6;https://www.heureka.sk/direct/xml-export/shops/heureka-sekce.xml
SK;3177;Pružiny perovania;Heureka.sk | Auto-moto | Všetko pre autá | Autodiely | Diely podvozku | Pružiny perovania;6;https://www.heureka.sk/direct/xml-export/shops/heureka-sekce.xml
SK;3171;Ramená riadenia;Heureka.sk | Auto-moto | Všetko pre autá | Autodiely | Diely podvozku | Ramená riadenia;6;https://www.heureka.sk/direct/xml-export/shops/heureka-sekce.xml
SK;6407;Stabilizátory áut;Heureka.sk | Auto-moto | Všetko pre autá | Autodiely | Diely podvozku | Stabilizátory áut;6;https://www.heureka.sk/direct/xml-export/shops/heureka-sekce.xml
SK;3175;Tlmiče perovania;Heureka.sk | Auto-moto | Všetko pre autá | Autodiely | Diely podvozku | Tlmiče perovania;6;https://www.heureka.sk/direct/xml-export/shops/heureka-sekce.xml
SK;6408;Uloženie tlmičov;Heureka.sk | Auto-moto | Všetko pre autá | Autodiely | Diely podvozku | Uloženie tlmičov;6;https://www.heureka.sk/direct/xml-export/shops/heureka-sekce.xml
SK;3180;Čapy a tiahla riadenia;Heureka.sk | Auto-moto | Všetko pre autá | Autodiely | Diely podvozku | Čapy a tiahla riadenia;6;https://www.heureka.sk/direct/xml-export/shops/heureka-sekce.xml
SK;3172;Čapy ramien;Heureka.sk | Auto-moto | Všetko pre autá | Autodiely | Diely podvozku | Čapy ramien;6;https://www.heureka.sk/direct/xml-export/shops/heureka-sekce.xml
SK;3339;Autoklimatizácie a nezávislé kúrenie;Heureka.sk | Auto-moto | Všetko pre autá | Autodiely | Diely v motorovom priestore | Autoklimatizácie a nezávislé kúrenie;6;https://www.heureka.sk/direct/xml-export/shops/heureka-sekce.xml
SK;3340;Chladiče a ich diely;Heureka.sk | Auto-moto | Všetko pre autá | Autodiely | Diely v motorovom priestore | Chladiče a ich diely;6;https://www.heureka.sk/direct/xml-export/shops/heureka-sekce.xml
SK;3462;Kabínové filtre do auta;Heureka.sk | Auto-moto | Všetko pre autá | Autodiely | Diely v motorovom priestore | Filtre do auta | Kabínové filtre do auta;7;https://www.heureka.sk/direct/xml-export/shops/heureka-sekce.xml
SK;3261;Olejové filtre do auta;Heureka.sk | Auto-moto | Všetko pre autá | Autodiely | Diely v motorovom priestore | Filtre do auta | Olejové filtre do auta;7;https://www.heureka.sk/direct/xml-export/shops/heureka-sekce.xml
SK;3262;Palivové filtre do auta;Heureka.sk | Auto-moto | Všetko pre autá | Autodiely | Diely v motorovom priestore | Filtre do auta | Palivové filtre do auta;7;https://www.heureka.sk/direct/xml-export/shops/heureka-sekce.xml
SK;3965;Vzduchové filtre do auta;Heureka.sk | Auto-moto | Všetko pre autá | Autodiely | Diely v motorovom priestore | Filtre do auta | Vzduchové filtre do auta;7;https://www.heureka.sk/direct/xml-export/shops/heureka-sekce.xml
SK;3338;Olejové vane;Heureka.sk | Auto-moto | Všetko pre autá | Autodiely | Diely v motorovom priestore | Olejové vane;6;https://www.heureka.sk/direct/xml-export/shops/heureka-sekce.xml
SK;3337;Palivové čerpadlá;Heureka.sk | Auto-moto | Všetko pre autá | Autodiely | Diely v motorovom priestore | Palivové čerpadlá;6;https://www.heureka.sk/direct/xml-export/shops/heureka-sekce.xml
SK;3463;Rozvody motora;Heureka.sk | Auto-moto | Všetko pre autá | Autodiely | Diely v motorovom priestore | Rozvody motora;6;https://www.heureka.sk/direct/xml-export/shops/heureka-sekce.xml
SK;3383;Spojky;Heureka.sk | Auto-moto | Všetko pre autá | Autodiely | Diely v motorovom priestore | Spojky;6;https://www.heureka.sk/direct/xml-export/shops/heureka-sekce.xml
SK;4463;Turbodúchadlá;Heureka.sk | Auto-moto | Všetko pre autá | Autodiely | Diely v motorovom priestore | Turbodúchadlá;6;https://www.heureka.sk/direct/xml-export/shops/heureka-sekce.xml
SK;4491;Váhy vzduchu;Heureka.sk | Auto-moto | Všetko pre autá | Autodiely | Diely v motorovom priestore | Váhy vzduchu;6;https://www.heureka.sk/direct/xml-export/shops/heureka-sekce.xml
SK;3263;Zapaľovacie cievky;Heureka.sk | Auto-moto | Všetko pre autá | Autodiely | Diely v motorovom priestore | Zapaľovanie do áut | Zapaľovacie cievky;7;https://www.heureka.sk/direct/xml-export/shops/heureka-sekce.xml
SK;3197;Zapaľovacie sviečky;Heureka.sk | Auto-moto | Všetko pre autá | Autodiely | Diely v motorovom priestore | Zapaľovanie do áut | Zapaľovacie sviečky;7;https://www.heureka.sk/direct/xml-export/shops/heureka-sekce.xml
SK;3198;Žhaviace sviečky;Heureka.sk | Auto-moto | Všetko pre autá | Autodiely | Diely v motorovom priestore | Zapaľovanie do áut | Žhaviace sviečky;7;https://www.heureka.sk/direct/xml-export/shops/heureka-sekce.xml
SK;3386;Zotrvačníky;Heureka.sk | Auto-moto | Všetko pre autá | Autodiely | Diely v motorovom priestore | Zotrvačníky;6;https://www.heureka.sk/direct/xml-export/shops/heureka-sekce.xml
SK;3924;Štartéry do auta;Heureka.sk | Auto-moto | Všetko pre autá | Autodiely | Diely v motorovom priestore | Štartéry do auta;6;https://www.heureka.sk/direct/xml-export/shops/heureka-sekce.xml
SK;6406;Odpruženie automobilov;Heureka.sk | Auto-moto | Všetko pre autá | Autodiely | Odpruženie automobilov;5;https://www.heureka.sk/direct/xml-export/shops/heureka-sekce.xml
SK;2892;Stierače;Heureka.sk | Auto-moto | Všetko pre autá | Autodiely | Stierače;5;https://www.heureka.sk/direct/xml-export/shops/heureka-sekce.xml
SK;2787;Autožiarovky;Heureka.sk | Auto-moto | Všetko pre autá | Autodiely | Svetlá na auto | Autožiarovky;6;https://www.heureka.sk/direct/xml-export/shops/heureka-sekce.xml
SK;1282;Exteriérové osvetlenie;Heureka.sk | Auto-moto | Všetko pre autá | Autodiely | Svetlá na auto | Exteriérové osvetlenie;6;https://www.heureka.sk/direct/xml-export/shops/heureka-sekce.xml
SK;3342;Hmlové svetlá;Heureka.sk | Auto-moto | Všetko pre autá | Autodiely | Svetlá na auto | Hmlové svetlá;6;https://www.heureka.sk/direct/xml-export/shops/heureka-sekce.xml
SK;3326;Predné svetlomety;Heureka.sk | Auto-moto | Všetko pre autá | Autodiely | Svetlá na auto | Predné svetlomety;6;https://www.heureka.sk/direct/xml-export/shops/heureka-sekce.xml
SK;3328;Smerovky na auto;Heureka.sk | Auto-moto | Všetko pre autá | Autodiely | Svetlá na auto | Smerovky na auto;6;https://www.heureka.sk/direct/xml-export/shops/heureka-sekce.xml
SK;3744;Xenónové výbojky;Heureka.sk | Auto-moto | Všetko pre autá | Autodiely | Svetlá na auto | Xenónové výbojky;6;https://www.heureka.sk/direct/xml-export/shops/heureka-sekce.xml
SK;3327;Zadné svetlomety;Heureka.sk | Auto-moto | Všetko pre autá | Autodiely | Svetlá na auto | Zadné svetlomety;6;https://www.heureka.sk/direct/xml-export/shops/heureka-sekce.xml
SK;3331;Katalyzátory;Heureka.sk | Auto-moto | Všetko pre autá | Autodiely | Výfukový systém | Katalyzátory;6;https://www.heureka.sk/direct/xml-export/shops/heureka-sekce.xml
SK;1295;Koncovky výfuku;Heureka.sk | Auto-moto | Všetko pre autá | Autodiely | Výfukový systém | Koncovky výfuku;6;https://www.heureka.sk/direct/xml-export/shops/heureka-sekce.xml
SK;3264;Lambda sondy;Heureka.sk | Auto-moto | Všetko pre autá | Autodiely | Výfukový systém | Lambda sondy;6;https://www.heureka.sk/direct/xml-export/shops/heureka-sekce.xml
SK;2740;Výfuky pre auto;Heureka.sk | Auto-moto | Všetko pre autá | Autodiely | Výfukový systém | Výfuky pre auto;6;https://www.heureka.sk/direct/xml-export/shops/heureka-sekce.xml
SK;3336;Ťažné zariadenia;Heureka.sk | Auto-moto | Všetko pre autá | Autodiely | Ťažné zariadenia;5;https://www.heureka.sk/direct/xml-export/shops/heureka-sekce.xml
SK;1277;Autopoťahy;Heureka.sk | Auto-moto | Všetko pre autá | Autodoplnky | Autodoplnky do interiéru | Autopoťahy;6;https://www.heureka.sk/direct/xml-export/shops/heureka-sekce.xml
SK;2813;Clony do auta;Heureka.sk | Auto-moto | Všetko pre autá | Autodoplnky | Autodoplnky do interiéru | Clony do auta;6;https://www.heureka.sk/direct/xml-export/shops/heureka-sekce.xml
SK;1276;Koberce do auta;Heureka.sk | Auto-moto | Všetko pre autá | Autodoplnky | Autodoplnky do interiéru | Koberce do auta;6;https://www.heureka.sk/direct/xml-export/shops/heureka-sekce.xml
SK;7020;Návleky na bezpečnostné pásy;Heureka.sk | Auto-moto | Všetko pre autá | Autodoplnky | Autodoplnky do interiéru | Návleky na bezpečnostné pásy;6;https://www.heureka.sk/direct/xml-export/shops/heureka-sekce.xml
SK;1275;Vane do kufra;Heureka.sk | Auto-moto | Všetko pre autá | Autodoplnky | Autodoplnky do interiéru | Vane do kufra;6;https://www.heureka.sk/direct/xml-export/shops/heureka-sekce.xml
SK;8296;Autokľúče;Heureka.sk | Auto-moto | Všetko pre autá | Autodoplnky | Autokľúče;5;https://www.heureka.sk/direct/xml-export/shops/heureka-sekce.xml
SK;3991;Autonavijaky;Heureka.sk | Auto-moto | Všetko pre autá | Autodoplnky | Autonavijaky;5;https://www.heureka.sk/direct/xml-export/shops/heureka-sekce.xml
SK;5554;Merače hrúbky laku;Heureka.sk | Auto-moto | Všetko pre autá | Autodoplnky | Merače hrúbky laku;5;https://www.heureka.sk/direct/xml-export/shops/heureka-sekce.xml
SK;5553;Plachty na auto;Heureka.sk | Auto-moto | Všetko pre autá | Autodoplnky | Plachty na auto;5;https://www.heureka.sk/direct/xml-export/shops/heureka-sekce.xml
SK;5555;Pneumerače;Heureka.sk | Auto-moto | Všetko pre autá | Autodoplnky | Pneumerače;5;https://www.heureka.sk/direct/xml-export/shops/heureka-sekce.xml
SK;5566;Podpery pod auto;Heureka.sk | Auto-moto | Všetko pre autá | Autodoplnky | Podpery pod auto;5;https://www.heureka.sk/direct/xml-export/shops/heureka-sekce.xml
SK;881;Alkohol testery;Heureka.sk | Auto-moto | Všetko pre autá | Autodoplnky | Povinná a odporúčaná výbava | Alkohol testery;6;https://www.heureka.sk/direct/xml-export/shops/heureka-sekce.xml
SK;2788;Autolekárničky;Heureka.sk | Auto-moto | Všetko pre autá | Autodoplnky | Povinná a odporúčaná výbava | Autolekárničky;6;https://www.heureka.sk/direct/xml-export/shops/heureka-sekce.xml
SK;5415;Hevery;Heureka.sk | Auto-moto | Všetko pre autá | Autodoplnky | Povinná a odporúčaná výbava | Hevery;6;https://www.heureka.sk/direct/xml-export/shops/heureka-sekce.xml
SK;5471;Mechanické zabezpečenie vozidiel;Heureka.sk | Auto-moto | Všetko pre autá | Autodoplnky | Povinná a odporúčaná výbava | Mechanické zabezpečenie vozidiel;6;https://www.heureka.sk/direct/xml-export/shops/heureka-sekce.xml
SK;2884;Nabíjačky a štartovacie boxy;Heureka.sk | Auto-moto | Všetko pre autá | Autodoplnky | Povinná a odporúčaná výbava | Nabíjačky a štartovacie boxy;6;https://www.heureka.sk/direct/xml-export/shops/heureka-sekce.xml
SK;6603;Súpravy na opravu pneumatík;Heureka.sk | Auto-moto | Všetko pre autá | Autodoplnky | Povinná a odporúčaná výbava | Súpravy na opravu pneumatík;6;https://www.heureka.sk/direct/xml-export/shops/heureka-sekce.xml
SK;5780;Škrabky a metly na autá;Heureka.sk | Auto-moto | Všetko pre autá | Autodoplnky | Povinná a odporúčaná výbava | Škrabky a metly na autá;6;https://www.heureka.sk/direct/xml-export/shops/heureka-sekce.xml
SK;2085;Štartovacie káble;Heureka.sk | Auto-moto | Všetko pre autá | Autodoplnky | Povinná a odporúčaná výbava | Štartovacie káble;6;https://www.heureka.sk/direct/xml-export/shops/heureka-sekce.xml
SK;2789;Ťažné laná;Heureka.sk | Auto-moto | Všetko pre autá | Autodoplnky | Povinná a odporúčaná výbava | Ťažné laná;6;https://www.heureka.sk/direct/xml-export/shops/heureka-sekce.xml
SK;6902;Ťažné tyče;Heureka.sk | Auto-moto | Všetko pre autá | Autodoplnky | Povinná a odporúčaná výbava | Ťažné tyče;6;https://www.heureka.sk/direct/xml-export/shops/heureka-sekce.xml
SK;5747;Prívesné vozíky;Heureka.sk | Auto-moto | Všetko pre autá | Autodoplnky | Prívesné vozíky;5;https://www.heureka.sk/direct/xml-export/shops/heureka-sekce.xml
SK;1272;Snehové reťaze;Heureka.sk | Auto-moto | Všetko pre autá | Autodoplnky | Snehové reťaze;5;https://www.heureka.sk/direct/xml-export/shops/heureka-sekce.xml
SK;8608;Autolaky;Heureka.sk | Auto-moto | Všetko pre autá | Autokozmetika | Autolaky;5;https://www.heureka.sk/direct/xml-export/shops/heureka-sekce.xml
SK;5796;Prípravky na umývanie áut;Heureka.sk | Auto-moto | Všetko pre autá | Autokozmetika | Prípravky na umývanie áut;5;https://www.heureka.sk/direct/xml-export/shops/heureka-sekce.xml
SK;5807;Príslušenstvo autokozmetiky;Heureka.sk | Auto-moto | Všetko pre autá | Autokozmetika | Príslušenstvo autokozmetiky;5;https://www.heureka.sk/direct/xml-export/shops/heureka-sekce.xml
SK;5805;Starostlivosť o autosklá;Heureka.sk | Auto-moto | Všetko pre autá | Autokozmetika | Starostlivosť o autosklá;5;https://www.heureka.sk/direct/xml-export/shops/heureka-sekce.xml
SK;5803;Starostlivosť o interiér auta;Heureka.sk | Auto-moto | Všetko pre autá | Autokozmetika | Starostlivosť o interiér auta;5;https://www.heureka.sk/direct/xml-export/shops/heureka-sekce.xml
SK;5801;Starostlivosť o kolesá;Heureka.sk | Auto-moto | Všetko pre autá | Autokozmetika | Starostlivosť o kolesá;5;https://www.heureka.sk/direct/xml-export/shops/heureka-sekce.xml
SK;5798;Leštenie laku;Heureka.sk | Auto-moto | Všetko pre autá | Autokozmetika | Starostlivosť o lak | Leštenie laku;6;https://www.heureka.sk/direct/xml-export/shops/heureka-sekce.xml
SK;5809;Leštiace kotúče na autá;Heureka.sk | Auto-moto | Všetko pre autá | Autokozmetika | Starostlivosť o lak | Leštiace kotúče na autá;6;https://www.heureka.sk/direct/xml-export/shops/heureka-sekce.xml
SK;5799;Ochrany laku;Heureka.sk | Auto-moto | Všetko pre autá | Autokozmetika | Starostlivosť o lak | Ochrany laku;6;https://www.heureka.sk/direct/xml-export/shops/heureka-sekce.xml
SK;5800;Údržba laku;Heureka.sk | Auto-moto | Všetko pre autá | Autokozmetika | Starostlivosť o lak | Údržba laku;6;https://www.heureka.sk/direct/xml-export/shops/heureka-sekce.xml
SK;5797;Čistenie a dekontaminácia laku;Heureka.sk | Auto-moto | Všetko pre autá | Autokozmetika | Starostlivosť o lak | Čistenie a dekontaminácia laku;6;https://www.heureka.sk/direct/xml-export/shops/heureka-sekce.xml
SK;5810;Starostlivosť o motorový priestor;Heureka.sk | Auto-moto | Všetko pre autá | Autokozmetika | Starostlivosť o motorový priestor;5;https://www.heureka.sk/direct/xml-export/shops/heureka-sekce.xml
SK;5806;Starostlivosť o ostatné povrchy auta;Heureka.sk | Auto-moto | Všetko pre autá | Autokozmetika | Starostlivosť o ostatné povrchy auta;5;https://www.heureka.sk/direct/xml-export/shops/heureka-sekce.xml
SK;5802;Starostlivosť o plasty a pneumatiky;Heureka.sk | Auto-moto | Všetko pre autá | Autokozmetika | Starostlivosť o plasty a pneumatiky;5;https://www.heureka.sk/direct/xml-export/shops/heureka-sekce.xml
SK;6591;Tekuté stierače;Heureka.sk | Auto-moto | Všetko pre autá | Autokozmetika | Tekuté stierače;5;https://www.heureka.sk/direct/xml-export/shops/heureka-sekce.xml
SK;5808;Univerzálne čističe áut;Heureka.sk | Auto-moto | Všetko pre autá | Autokozmetika | Univerzálne čističe áut;5;https://www.heureka.sk/direct/xml-export/shops/heureka-sekce.xml
SK;5804;Vône do auta;Heureka.sk | Auto-moto | Všetko pre autá | Autokozmetika | Vône do auta;5;https://www.heureka.sk/direct/xml-export/shops/heureka-sekce.xml
SK;1471;Alu disky;Heureka.sk | Auto-moto | Všetko pre autá | Disky na auto | Alu disky;5;https://www.heureka.sk/direct/xml-export/shops/heureka-sekce.xml
SK;3147;Kryty kolies;Heureka.sk | Auto-moto | Všetko pre autá | Disky na auto | Kryty kolies;5;https://www.heureka.sk/direct/xml-export/shops/heureka-sekce.xml
SK;2260;Plechové disky;Heureka.sk | Auto-moto | Všetko pre autá | Disky na auto | Plechové disky;5;https://www.heureka.sk/direct/xml-export/shops/heureka-sekce.xml
SK;3435;Auto antény;Heureka.sk | Auto-moto | Všetko pre autá | Elektronika do auta | Auto Hi-Fi | Auto antény;6;https://www.heureka.sk/direct/xml-export/shops/heureka-sekce.xml
SK;888;CD/MD/DVD meniče;Heureka.sk | Auto-moto | Všetko pre autá | Elektronika do auta | Auto Hi-Fi | CD/MD/DVD meniče;6;https://www.heureka.sk/direct/xml-export/shops/heureka-sekce.xml
SK;4233;FM transmittery;Heureka.sk | Auto-moto | Všetko pre autá | Elektronika do auta | Auto Hi-Fi | FM transmittery;6;https://www.heureka.sk/direct/xml-export/shops/heureka-sekce.xml
SK;722;Reproduktory do auta;Heureka.sk | Auto-moto | Všetko pre autá | Elektronika do auta | Auto Hi-Fi | Reproduktory do auta;6;https://www.heureka.sk/direct/xml-export/shops/heureka-sekce.xml
SK;2339;Subwoofery do auta;Heureka.sk | Auto-moto | Všetko pre autá | Elektronika do auta | Auto Hi-Fi | Subwoofery do auta;6;https://www.heureka.sk/direct/xml-export/shops/heureka-sekce.xml
SK;889;Zosilňovače do auta;Heureka.sk | Auto-moto | Všetko pre autá | Elektronika do auta | Auto Hi-Fi | Zosilňovače do auta;6;https://www.heureka.sk/direct/xml-export/shops/heureka-sekce.xml
SK;1266;Autoalarmy;Heureka.sk | Auto-moto | Všetko pre autá | Elektronika do auta | Autoalarmy;5;https://www.heureka.sk/direct/xml-export/shops/heureka-sekce.xml
SK;4467;Autodiagnostiky;Heureka.sk | Auto-moto | Všetko pre autá | Elektronika do auta | Autodiagnostiky;5;https://www.heureka.sk/direct/xml-export/shops/heureka-sekce.xml
SK;720;Autorádiá;Heureka.sk | Auto-moto | Všetko pre autá | Elektronika do auta | Autorádiá;5;https://www.heureka.sk/direct/xml-export/shops/heureka-sekce.xml
SK;3189;Batérie pre GPS navigácie;Heureka.sk | Auto-moto | Všetko pre autá | Elektronika do auta | GPS navigácie a príslušenstvo | Batérie pre GPS navigácie;6;https://www.heureka.sk/direct/xml-export/shops/heureka-sekce.xml
SK;3187;Držiaky na GPS navigácie;Heureka.sk | Auto-moto | Všetko pre autá | Elektronika do auta | GPS navigácie a príslušenstvo | Držiaky na GPS navigácie;6;https://www.heureka.sk/direct/xml-export/shops/heureka-sekce.xml
SK;728;GPS lokátory;Heureka.sk | Auto-moto | Všetko pre autá | Elektronika do auta | GPS navigácie a príslušenstvo | GPS lokátory;6;https://www.heureka.sk/direct/xml-export/shops/heureka-sekce.xml
SK;729;GPS mapy;Heureka.sk | Auto-moto | Všetko pre autá | Elektronika do auta | GPS navigácie a príslušenstvo | GPS mapy;6;https://www.heureka.sk/direct/xml-export/shops/heureka-sekce.xml
SK;726;GPS navigácie;Heureka.sk | Auto-moto | Všetko pre autá | Elektronika do auta | GPS navigácie a príslušenstvo | GPS navigácie;6;https://www.heureka.sk/direct/xml-export/shops/heureka-sekce.xml
SK;851;GPS software;Heureka.sk | Auto-moto | Všetko pre autá | Elektronika do auta | GPS navigácie a príslušenstvo | GPS software;6;https://www.heureka.sk/direct/xml-export/shops/heureka-sekce.xml
SK;3229;Nabíjačky pre GPS navigácie;Heureka.sk | Auto-moto | Všetko pre autá | Elektronika do auta | GPS navigácie a príslušenstvo | Nabíjačky pre GPS navigácie;6;https://www.heureka.sk/direct/xml-export/shops/heureka-sekce.xml
SK;4242;Ochranné fólie pre GPS navigácie;Heureka.sk | Auto-moto | Všetko pre autá | Elektronika do auta | GPS navigácie a príslušenstvo | Ochranné fólie pre GPS navigácie;6;https://www.heureka.sk/direct/xml-export/shops/heureka-sekce.xml
SK;3186;Puzdrá na GPS navigácie;Heureka.sk | Auto-moto | Všetko pre autá | Elektronika do auta | GPS navigácie a príslušenstvo | Puzdrá na GPS navigácie;6;https://www.heureka.sk/direct/xml-export/shops/heureka-sekce.xml
SK;3127;Kamery do auta;Heureka.sk | Auto-moto | Všetko pre autá | Elektronika do auta | Kamery do auta;5;https://www.heureka.sk/direct/xml-export/shops/heureka-sekce.xml
SK;797;LCD do auta;Heureka.sk | Auto-moto | Všetko pre autá | Elektronika do auta | LCD do auta;5;https://www.heureka.sk/direct/xml-export/shops/heureka-sekce.xml
SK;2310;Meniče napätia do auta;Heureka.sk | Auto-moto | Všetko pre autá | Elektronika do auta | Meniče napätia do auta;5;https://www.heureka.sk/direct/xml-export/shops/heureka-sekce.xml
SK;2684;Parkovacie senzory;Heureka.sk | Auto-moto | Všetko pre autá | Elektronika do auta | Parkovacie senzory;5;https://www.heureka.sk/direct/xml-export/shops/heureka-sekce.xml
SK;4402;Teplomery do auta;Heureka.sk | Auto-moto | Všetko pre autá | Elektronika do auta | Teplomery do auta;5;https://www.heureka.sk/direct/xml-export/shops/heureka-sekce.xml
SK;5770;Boxy na ťažné zariadenie;Heureka.sk | Auto-moto | Všetko pre autá | Nosiče, boxy a koše na auto | Boxy na auto | Boxy na ťažné zariadenie;6;https://www.heureka.sk/direct/xml-export/shops/heureka-sekce.xml
SK;1270;Strešné boxy;Heureka.sk | Auto-moto | Všetko pre autá | Nosiče, boxy a koše na auto | Boxy na auto | Strešné boxy;6;https://www.heureka.sk/direct/xml-export/shops/heureka-sekce.xml
SK;1269;Nosiče bicyklov;Heureka.sk | Auto-moto | Všetko pre autá | Nosiče, boxy a koše na auto | Nosiče bicyklov na auto | Nosiče bicyklov;6;https://www.heureka.sk/direct/xml-export/shops/heureka-sekce.xml
SK;6717;Nosiče lyží na ťažné zariadenie;Heureka.sk | Auto-moto | Všetko pre autá | Nosiče, boxy a koše na auto | Nosiče lyží a snowboardov | Nosiče lyží na ťažné zariadenie;6;https://www.heureka.sk/direct/xml-export/shops/heureka-sekce.xml
SK;1268;Strešné nosiče lyží;Heureka.sk | Auto-moto | Všetko pre autá | Nosiče, boxy a koše na auto | Nosiče lyží a snowboardov | Strešné nosiče lyží;6;https://www.heureka.sk/direct/xml-export/shops/heureka-sekce.xml
SK;1312;Nosiče vodné športy;Heureka.sk | Auto-moto | Všetko pre autá | Nosiče, boxy a koše na auto | Nosiče vodné športy;5;https://www.heureka.sk/direct/xml-export/shops/heureka-sekce.xml
SK;2736;Priečniky a pozdĺžne strešné nosiče;Heureka.sk | Auto-moto | Všetko pre autá | Nosiče, boxy a koše na auto | Priečniky a pozdĺžne strešné nosiče;5;https://www.heureka.sk/direct/xml-export/shops/heureka-sekce.xml
SK;1313;Strešné koše;Heureka.sk | Auto-moto | Všetko pre autá | Nosiče, boxy a koše na auto | Strešné koše;5;https://www.heureka.sk/direct/xml-export/shops/heureka-sekce.xml
SK;3434;Dištančné podložky kolies;Heureka.sk | Auto-moto | Všetko pre autá | Tuning | Dištančné podložky kolies;5;https://www.heureka.sk/direct/xml-export/shops/heureka-sekce.xml
SK;1286;Podvozok;Heureka.sk | Auto-moto | Všetko pre autá | Tuning | Podvozok;5;https://www.heureka.sk/direct/xml-export/shops/heureka-sekce.xml
SK;1285;Tuning karosérie;Heureka.sk | Auto-moto | Všetko pre autá | Tuning | Tuning karosérie;5;https://www.heureka.sk/direct/xml-export/shops/heureka-sekce.xml
SK;1273;Alarmy na motorku;Heureka.sk | Auto-moto | Všetko pre motorky | Doplnky na motorku | Alarmy na motorku;5;https://www.heureka.sk/direct/xml-export/shops/heureka-sekce.xml
SK;2203;Brašne na motorku;Heureka.sk | Auto-moto | Všetko pre motorky | Doplnky na motorku | Batožina na motorku | Brašne na motorku;6;https://www.heureka.sk/direct/xml-export/shops/heureka-sekce.xml
SK;8279;Kufre na motorku;Heureka.sk | Auto-moto | Všetko pre motorky | Doplnky na motorku | Batožina na motorku | Kufre na motorku;6;https://www.heureka.sk/direct/xml-export/shops/heureka-sekce.xml
SK;6935;Tankvaky na motorku;Heureka.sk | Auto-moto | Všetko pre motorky | Doplnky na motorku | Batožina na motorku | Tankvaky na motorku;6;https://www.heureka.sk/direct/xml-export/shops/heureka-sekce.xml
SK;6410;Interkomy na motorku;Heureka.sk | Auto-moto | Všetko pre motorky | Doplnky na motorku | Interkomy na motorku;5;https://www.heureka.sk/direct/xml-export/shops/heureka-sekce.xml
SK;2910;Nosiče na motokufre;Heureka.sk | Auto-moto | Všetko pre motorky | Doplnky na motorku | Nosiče na motokufre;5;https://www.heureka.sk/direct/xml-export/shops/heureka-sekce.xml
SK;2228;Okuliare na motorku;Heureka.sk | Auto-moto | Všetko pre motorky | Doplnky na motorku | Okuliare na motorku;5;https://www.heureka.sk/direct/xml-export/shops/heureka-sekce.xml
SK;6901;Plachty na motorku;Heureka.sk | Auto-moto | Všetko pre motorky | Doplnky na motorku | Plachty na motorku;5;https://www.heureka.sk/direct/xml-export/shops/heureka-sekce.xml
SK;6861;Plexi na motorku;Heureka.sk | Auto-moto | Všetko pre motorky | Doplnky na motorku | Plexi na motorku;5;https://www.heureka.sk/direct/xml-export/shops/heureka-sekce.xml
SK;6419;Pomocníci štartu pre motorky;Heureka.sk | Auto-moto | Všetko pre motorky | Doplnky na motorku | Pomocníci štartu pre motorky;5;https://www.heureka.sk/direct/xml-export/shops/heureka-sekce.xml
SK;2218;Prilby na motorku;Heureka.sk | Auto-moto | Všetko pre motorky | Doplnky na motorku | Prilby na motorku;5;https://www.heureka.sk/direct/xml-export/shops/heureka-sekce.xml
SK;5472;Stojany na motorku;Heureka.sk | Auto-moto | Všetko pre motorky | Doplnky na motorku | Stojany na motorku;5;https://www.heureka.sk/direct/xml-export/shops/heureka-sekce.xml
SK;3391;Guferá do motora pre motorku;Heureka.sk | Auto-moto | Všetko pre motorky | Náhradné diely na motorky | Diely motora pre motorku | Guferá do motora pre motorku;6;https://www.heureka.sk/direct/xml-export/shops/heureka-sekce.xml
SK;3393;Ložiská do motora pre motorku;Heureka.sk | Auto-moto | Všetko pre motorky | Náhradné diely na motorky | Diely motora pre motorku | Ložiská do motora pre motorku;6;https://www.heureka.sk/direct/xml-export/shops/heureka-sekce.xml
SK;3394;Ojničné sady pre motorku;Heureka.sk | Auto-moto | Všetko pre motorky | Náhradné diely na motorky | Diely motora pre motorku | Ojničné sady pre motorku;6;https://www.heureka.sk/direct/xml-export/shops/heureka-sekce.xml
SK;2352;Olejové filtre pre motorku;Heureka.sk | Auto-moto | Všetko pre motorky | Náhradné diely na motorky | Diely motora pre motorku | Olejové filtre pre motorku;6;https://www.heureka.sk/direct/xml-export/shops/heureka-sekce.xml
SK;5896;Sady piestov a valcov pre motorku;Heureka.sk | Auto-moto | Všetko pre motorky | Náhradné diely na motorky | Diely motora pre motorku | Sady piestov a valcov pre motorku;6;https://www.heureka.sk/direct/xml-export/shops/heureka-sekce.xml
SK;3401;Tesnenia valca;Heureka.sk | Auto-moto | Všetko pre motorky | Náhradné diely na motorky | Diely motora pre motorku | Tesnenia valca;6;https://www.heureka.sk/direct/xml-export/shops/heureka-sekce.xml
SK;3424;Tesnenie motora pre motorku;Heureka.sk | Auto-moto | Všetko pre motorky | Náhradné diely na motorky | Diely motora pre motorku | Tesnenie motora pre motorku;6;https://www.heureka.sk/direct/xml-export/shops/heureka-sekce.xml
SK;3129;Reťaze na motorku;Heureka.sk | Auto-moto | Všetko pre motorky | Náhradné diely na motorky | Diely prevodoviek pre motorku | Reťaze na motorku;6;https://www.heureka.sk/direct/xml-export/shops/heureka-sekce.xml
SK;5922;Reťazové kolesá na motorku;Heureka.sk | Auto-moto | Všetko pre motorky | Náhradné diely na motorky | Diely prevodoviek pre motorku | Reťazové kolesá na motorku;6;https://www.heureka.sk/direct/xml-export/shops/heureka-sekce.xml
SK;2220;Reťazové sady pre motorku;Heureka.sk | Auto-moto | Všetko pre motorky | Náhradné diely na motorky | Diely prevodoviek pre motorku | Reťazové sady pre motorku;6;https://www.heureka.sk/direct/xml-export/shops/heureka-sekce.xml
SK;5895;Spojky na motorku;Heureka.sk | Auto-moto | Všetko pre motorky | Náhradné diely na motorky | Diely spojky pre motorku | Spojky na motorku;6;https://www.heureka.sk/direct/xml-export/shops/heureka-sekce.xml
SK;3420;Kolesá a ráfiky na motorku;Heureka.sk | Auto-moto | Všetko pre motorky | Náhradné diely na motorky | Kolesá a ráfiky na motorku;5;https://www.heureka.sk/direct/xml-export/shops/heureka-sekce.xml
SK;3404;Kývne vidlice;Heureka.sk | Auto-moto | Všetko pre motorky | Náhradné diely na motorky | Kývne vidlice;5;https://www.heureka.sk/direct/xml-export/shops/heureka-sekce.xml
SK;3403;Ložiská riadenia pre motorku;Heureka.sk | Auto-moto | Všetko pre motorky | Náhradné diely na motorky | Ložiská riadenia pre motorku;5;https://www.heureka.sk/direct/xml-export/shops/heureka-sekce.xml
SK;3427;Moto brzdové kotúče;Heureka.sk | Auto-moto | Všetko pre motorky | Náhradné diely na motorky | Moto brzdy | Moto brzdové kotúče;6;https://www.heureka.sk/direct/xml-export/shops/heureka-sekce.xml
SK;3425;Moto riadidlá;Heureka.sk | Auto-moto | Všetko pre motorky | Náhradné diely na motorky | Moto riadidlá;5;https://www.heureka.sk/direct/xml-export/shops/heureka-sekce.xml
SK;2704;Motobatérie;Heureka.sk | Auto-moto | Všetko pre motorky | Náhradné diely na motorky | Motobatérie;5;https://www.heureka.sk/direct/xml-export/shops/heureka-sekce.xml
SK;2232;Plasty na motorku;Heureka.sk | Auto-moto | Všetko pre motorky | Náhradné diely na motorky | Plasty na motorku;5;https://www.heureka.sk/direct/xml-export/shops/heureka-sekce.xml
SK;3406;Prepákovacie sady;Heureka.sk | Auto-moto | Všetko pre motorky | Náhradné diely na motorky | Prepákovacie sady;5;https://www.heureka.sk/direct/xml-export/shops/heureka-sekce.xml
SK;3423;Radičky;Heureka.sk | Auto-moto | Všetko pre motorky | Náhradné diely na motorky | Radičky;5;https://www.heureka.sk/direct/xml-export/shops/heureka-sekce.xml
SK;3421;Stupačky na motorku;Heureka.sk | Auto-moto | Všetko pre motorky | Náhradné diely na motorky | Stupačky na motorku;5;https://www.heureka.sk/direct/xml-export/shops/heureka-sekce.xml
SK;2706;Výfuky pre motorku;Heureka.sk | Auto-moto | Všetko pre motorky | Náhradné diely na motorky | Výfuky pre motorku;5;https://www.heureka.sk/direct/xml-export/shops/heureka-sekce.xml
SK;3422;Štartéry na motorku;Heureka.sk | Auto-moto | Všetko pre motorky | Náhradné diely na motorky | Štartéry na motorku;5;https://www.heureka.sk/direct/xml-export/shops/heureka-sekce.xml
SK;2226;Bundy na motorku;Heureka.sk | Auto-moto | Všetko pre motorky | Oblečenie na motorku | Bundy na motorku;5;https://www.heureka.sk/direct/xml-export/shops/heureka-sekce.xml
SK;2887;Chrániče na motorku;Heureka.sk | Auto-moto | Všetko pre motorky | Oblečenie na motorku | Chrániče na motorku;5;https://www.heureka.sk/direct/xml-export/shops/heureka-sekce.xml
SK;5615;Dresy na motorku;Heureka.sk | Auto-moto | Všetko pre motorky | Oblečenie na motorku | Dresy na motorku;5;https://www.heureka.sk/direct/xml-export/shops/heureka-sekce.xml
SK;2223;Kombinézy na motorku;Heureka.sk | Auto-moto | Všetko pre motorky | Oblečenie na motorku | Kombinézy na motorku;5;https://www.heureka.sk/direct/xml-export/shops/heureka-sekce.xml
SK;8501;Nepremoky na motorku;Heureka.sk | Auto-moto | Všetko pre motorky | Oblečenie na motorku | Nepremoky na motorku;5;https://www.heureka.sk/direct/xml-export/shops/heureka-sekce.xml
SK;2225;Nohavice na motorku;Heureka.sk | Auto-moto | Všetko pre motorky | Oblečenie na motorku | Nohavice na motorku;5;https://www.heureka.sk/direct/xml-export/shops/heureka-sekce.xml
SK;2222;Rukavice na motorku;Heureka.sk | Auto-moto | Všetko pre motorky | Oblečenie na motorku | Rukavice na motorku;5;https://www.heureka.sk/direct/xml-export/shops/heureka-sekce.xml
SK;2719;Topánky na motorku;Heureka.sk | Auto-moto | Všetko pre motorky | Oblečenie na motorku | Topánky na motorku;5;https://www.heureka.sk/direct/xml-export/shops/heureka-sekce.xml
SK;5748;Štvorkolky;Heureka.sk | Auto-moto | Štvorkolky;3;https://www.heureka.sk/direct/xml-export/shops/heureka-sekce.xml
SK;1851;Ostatné detské dekorácie;Heureka.sk | Bývanie a doplnky | Bytové dekorácie | Detské dekorácie | Ostatné detské dekorácie;5;https://www.heureka.sk/direct/xml-export/shops/heureka-sekce.xml
SK;2029;Budíky;Heureka.sk | Bývanie a doplnky | Bytové dekorácie | Hodiny a budíky | Budíky;5;https://www.heureka.sk/direct/xml-export/shops/heureka-sekce.xml
SK;1738;Hodiny;Heureka.sk | Bývanie a doplnky | Bytové dekorácie | Hodiny a budíky | Hodiny;5;https://www.heureka.sk/direct/xml-export/shops/heureka-sekce.xml
SK;6348;Presýpacie hodiny;Heureka.sk | Bývanie a doplnky | Bytové dekorácie | Hodiny a budíky | Presýpacie hodiny;5;https://www.heureka.sk/direct/xml-export/shops/heureka-sekce.xml
SK;6773;Izbové fontány;Heureka.sk | Bývanie a doplnky | Bytové dekorácie | Izbové fontány;4;https://www.heureka.sk/direct/xml-export/shops/heureka-sekce.xml
SK;3928;Kvety;Heureka.sk | Bývanie a doplnky | Bytové dekorácie | Kvety a stojany | Kvety;5;https://www.heureka.sk/direct/xml-export/shops/heureka-sekce.xml
SK;4894;Stojany na kvetiny;Heureka.sk | Bývanie a doplnky | Bytové dekorácie | Kvety a stojany | Stojany na kvetiny;5;https://www.heureka.sk/direct/xml-export/shops/heureka-sekce.xml
SK;3030;Bordúry na stenu;Heureka.sk | Bývanie a doplnky | Bytové dekorácie | Nástenné dekorácie | Bordúry na stenu;5;https://www.heureka.sk/direct/xml-export/shops/heureka-sekce.xml
SK;5745;Lapače snov;Heureka.sk | Bývanie a doplnky | Bytové dekorácie | Nástenné dekorácie | Lapače snov;5;https://www.heureka.sk/direct/xml-export/shops/heureka-sekce.xml
SK;3925;Obrazy;Heureka.sk | Bývanie a doplnky | Bytové dekorácie | Nástenné dekorácie | Obrazy;5;https://www.heureka.sk/direct/xml-export/shops/heureka-sekce.xml
SK;3260;Plagáty;Heureka.sk | Bývanie a doplnky | Bytové dekorácie | Nástenné dekorácie | Plagáty;5;https://www.heureka.sk/direct/xml-export/shops/heureka-sekce.xml
SK;2941;Tapety;Heureka.sk | Bývanie a doplnky | Bytové dekorácie | Nástenné dekorácie | Tapety;5;https://www.heureka.sk/direct/xml-export/shops/heureka-sekce.xml
SK;4917;Šablóny na stenu;Heureka.sk | Bývanie a doplnky | Bytové dekorácie | Nástenné dekorácie | Šablóny na stenu;5;https://www.heureka.sk/direct/xml-export/shops/heureka-sekce.xml
SK;3031;Samolepiace dekorácie;Heureka.sk | Bývanie a doplnky | Bytové dekorácie | Samolepiace dekorácie;4;https://www.heureka.sk/direct/xml-export/shops/heureka-sekce.xml
SK;4812;Veľkonočné dekorácie;Heureka.sk | Bývanie a doplnky | Bytové dekorácie | Sviatočné dekorácie | Veľkonočné dekorácie;5;https://www.heureka.sk/direct/xml-export/shops/heureka-sekce.xml
SK;5380;Adventné kalendáre;Heureka.sk | Bývanie a doplnky | Bytové dekorácie | Sviatočné dekorácie | Vianoce | Adventné kalendáre;6;https://www.heureka.sk/direct/xml-export/shops/heureka-sekce.xml
SK;2647;Stojany na stromček;Heureka.sk | Bývanie a doplnky | Bytové dekorácie | Sviatočné dekorácie | Vianoce | Stojany na stromček;6;https://www.heureka.sk/direct/xml-export/shops/heureka-sekce.xml
SK;3005;Vianočné dekorácie;Heureka.sk | Bývanie a doplnky | Bytové dekorácie | Sviatočné dekorácie | Vianoce | Vianočné dekorácie;6;https://www.heureka.sk/direct/xml-export/shops/heureka-sekce.xml
SK;5551;Vianočné osvetlenie;Heureka.sk | Bývanie a doplnky | Bytové dekorácie | Sviatočné dekorácie | Vianoce | Vianočné osvetlenie;6;https://www.heureka.sk/direct/xml-export/shops/heureka-sekce.xml
SK;5561;Vianočné ozdoby;Heureka.sk | Bývanie a doplnky | Bytové dekorácie | Sviatočné dekorácie | Vianoce | Vianočné ozdoby;6;https://www.heureka.sk/direct/xml-export/shops/heureka-sekce.xml
SK;5557;Vianočné stromčeky;Heureka.sk | Bývanie a doplnky | Bytové dekorácie | Sviatočné dekorácie | Vianoce | Vianočné stromčeky;6;https://www.heureka.sk/direct/xml-export/shops/heureka-sekce.xml
SK;6923;Vianočné vence;Heureka.sk | Bývanie a doplnky | Bytové dekorácie | Sviatočné dekorácie | Vianoce | Vianočné vence;6;https://www.heureka.sk/direct/xml-export/shops/heureka-sekce.xml
SK;3958;Vázy;Heureka.sk | Bývanie a doplnky | Bytové dekorácie | Vázy;4;https://www.heureka.sk/direct/xml-export/shops/heureka-sekce.xml
SK;4880;Aróma difuzéry;Heureka.sk | Bývanie a doplnky | Bytové dekorácie | Vône do bytu a sviečky | Aróma difuzéry;5;https://www.heureka.sk/direct/xml-export/shops/heureka-sekce.xml
SK;4123;Aróma lampy;Heureka.sk | Bývanie a doplnky | Bytové dekorácie | Vône do bytu a sviečky | Aróma lampy;5;https://www.heureka.sk/direct/xml-export/shops/heureka-sekce.xml
SK;4903;Vonné tyčinky;Heureka.sk | Bývanie a doplnky | Bytové dekorácie | Vône do bytu a sviečky | Arómaterapia | Vonné tyčinky;6;https://www.heureka.sk/direct/xml-export/shops/heureka-sekce.xml
SK;4124;Katalytické lampy;Heureka.sk | Bývanie a doplnky | Bytové dekorácie | Vône do bytu a sviečky | Katalytické lampy;5;https://www.heureka.sk/direct/xml-export/shops/heureka-sekce.xml
SK;4125;Príslušenstvo ku katalytickým lampám;Heureka.sk | Bývanie a doplnky | Bytové dekorácie | Vône do bytu a sviečky | Príslušenstvo ku katalytickým lampám;5;https://www.heureka.sk/direct/xml-export/shops/heureka-sekce.xml
SK;4884;Príslušenstvo pre aróma difuzéry;Heureka.sk | Bývanie a doplnky | Bytové dekorácie | Vône do bytu a sviečky | Príslušenstvo pre aróma difuzéry;5;https://www.heureka.sk/direct/xml-export/shops/heureka-sekce.xml
SK;4899;Vonné oleje a spreje;Heureka.sk | Bývanie a doplnky | Bytové dekorácie | Vône do bytu a sviečky | Príslušenstvo pre aróma lampy | Vonné oleje a spreje;6;https://www.heureka.sk/direct/xml-export/shops/heureka-sekce.xml
SK;4900;Vonné vosky;Heureka.sk | Bývanie a doplnky | Bytové dekorácie | Vône do bytu a sviečky | Príslušenstvo pre aróma lampy | Vonné vosky;6;https://www.heureka.sk/direct/xml-export/shops/heureka-sekce.xml
SK;3364;Svietniky;Heureka.sk | Bývanie a doplnky | Bytové dekorácie | Vône do bytu a sviečky | Svietniky;5;https://www.heureka.sk/direct/xml-export/shops/heureka-sekce.xml
SK;5330;Sviečky;Heureka.sk | Bývanie a doplnky | Bytové dekorácie | Vône do bytu a sviečky | Sviečky;5;https://www.heureka.sk/direct/xml-export/shops/heureka-sekce.xml
SK;2137;Detské ohrádky;Heureka.sk | Bývanie a doplnky | Bytové doplnky | Doplnky do detskej izby | Detské ohrádky;5;https://www.heureka.sk/direct/xml-export/shops/heureka-sekce.xml
SK;3019;Detské zábrany a poistky;Heureka.sk | Bývanie a doplnky | Bytové doplnky | Doplnky do detskej izby | Detské zábrany a poistky;5;https://www.heureka.sk/direct/xml-export/shops/heureka-sekce.xml
SK;6552;Boxy a koše na hračky;Heureka.sk | Bývanie a doplnky | Bytové doplnky | Doplnky do detskej izby | Detské úložné priestory | Boxy a koše na hračky;6;https://www.heureka.sk/direct/xml-export/shops/heureka-sekce.xml
SK;5619;Detské teepee;Heureka.sk | Bývanie a doplnky | Bytové doplnky | Doplnky do detskej izby | Hranie a tvorenie | Detské teepee;6;https://www.heureka.sk/direct/xml-export/shops/heureka-sekce.xml
SK;5635;Suché bazény;Heureka.sk | Bývanie a doplnky | Bytové doplnky | Doplnky do detskej izby | Hranie a tvorenie | Suché bazény;6;https://www.heureka.sk/direct/xml-export/shops/heureka-sekce.xml
SK;6593;Podložky pod nohy do kancelárie;Heureka.sk | Bývanie a doplnky | Bytové doplnky | Doplnky do kancelárie | Podložky pod nohy do kancelárie;5;https://www.heureka.sk/direct/xml-export/shops/heureka-sekce.xml
SK;5364;Podložky pod stoličky;Heureka.sk | Bývanie a doplnky | Bytové doplnky | Doplnky do kancelárie | Podložky pod stoličky;5;https://www.heureka.sk/direct/xml-export/shops/heureka-sekce.xml
SK;2958;Dávkovače saponátov;Heureka.sk | Bývanie a doplnky | Bytové doplnky | Doplnky do kuchyne | Dávkovače saponátov;5;https://www.heureka.sk/direct/xml-export/shops/heureka-sekce.xml
SK;3350;Dosky na krájanie;Heureka.sk | Bývanie a doplnky | Bytové doplnky | Doplnky do kuchyne | Kuchynské náradie | Dosky na krájanie;6;https://www.heureka.sk/direct/xml-export/shops/heureka-sekce.xml
SK;3357;Formy na ľad;Heureka.sk | Bývanie a doplnky | Bytové doplnky | Doplnky do kuchyne | Kuchynské náradie | Formy na ľad;6;https://www.heureka.sk/direct/xml-export/shops/heureka-sekce.xml
SK;5201;Fľaše na šľahačku;Heureka.sk | Bývanie a doplnky | Bytové doplnky | Doplnky do kuchyne | Kuchynské náradie | Fľaše na šľahačku;6;https://www.heureka.sk/direct/xml-export/shops/heureka-sekce.xml
SK;4289;Ihly na špíz;Heureka.sk | Bývanie a doplnky | Bytové doplnky | Doplnky do kuchyne | Kuchynské náradie | Ihly na špíz;6;https://www.heureka.sk/direct/xml-export/shops/heureka-sekce.xml
SK;4678;Krájače na vajíčka;Heureka.sk | Bývanie a doplnky | Bytové doplnky | Doplnky do kuchyne | Kuchynské náradie | Krájače | Krájače na vajíčka;7;https://www.heureka.sk/direct/xml-export/shops/heureka-sekce.xml
SK;4285;Krájače ovocia a zeleniny;Heureka.sk | Bývanie a doplnky | Bytové doplnky | Doplnky do kuchyne | Kuchynské náradie | Krájače | Krájače ovocia a zeleniny;7;https://www.heureka.sk/direct/xml-export/shops/heureka-sekce.xml
SK;3345;Bloky na nože;Heureka.sk | Bývanie a doplnky | Bytové doplnky | Doplnky do kuchyne | Kuchynské náradie | Kuchynské nože a príslušenstvo | Bloky na nože;7;https://www.heureka.sk/direct/xml-export/shops/heureka-sekce.xml
SK;8574;Brúsky na nože;Heureka.sk | Bývanie a doplnky | Bytové doplnky | Doplnky do kuchyne | Kuchynské náradie | Kuchynské nože a príslušenstvo | Brúsky na nože;7;https://www.heureka.sk/direct/xml-export/shops/heureka-sekce.xml
SK;1202;Kuchynské nože;Heureka.sk | Bývanie a doplnky | Bytové doplnky | Doplnky do kuchyne | Kuchynské náradie | Kuchynské nože a príslušenstvo | Kuchynské nože;7;https://www.heureka.sk/direct/xml-export/shops/heureka-sekce.xml
SK;5767;Sady nožov;Heureka.sk | Bývanie a doplnky | Bytové doplnky | Doplnky do kuchyne | Kuchynské náradie | Kuchynské nože a príslušenstvo | Sady nožov;7;https://www.heureka.sk/direct/xml-export/shops/heureka-sekce.xml
SK;3414;Kuchynské nožnice;Heureka.sk | Bývanie a doplnky | Bytové doplnky | Doplnky do kuchyne | Kuchynské náradie | Kuchynské nožnice;6;https://www.heureka.sk/direct/xml-export/shops/heureka-sekce.xml
SK;4279;Kuchynské stierky;Heureka.sk | Bývanie a doplnky | Bytové doplnky | Doplnky do kuchyne | Kuchynské náradie | Kuchynské stierky;6;https://www.heureka.sk/direct/xml-export/shops/heureka-sekce.xml
SK;4280;Kuchynské valčeky;Heureka.sk | Bývanie a doplnky | Bytové doplnky | Doplnky do kuchyne | Kuchynské náradie | Kuchynské valčeky;6;https://www.heureka.sk/direct/xml-export/shops/heureka-sekce.xml
SK;3347;Luskáčiky;Heureka.sk | Bývanie a doplnky | Bytové doplnky | Doplnky do kuchyne | Kuchynské náradie | Luskáčiky;6;https://www.heureka.sk/direct/xml-export/shops/heureka-sekce.xml
SK;5234;Mažiare;Heureka.sk | Bývanie a doplnky | Bytové doplnky | Doplnky do kuchyne | Kuchynské náradie | Mažiare;6;https://www.heureka.sk/direct/xml-export/shops/heureka-sekce.xml
SK;3284;Kuchynské minútky;Heureka.sk | Bývanie a doplnky | Bytové doplnky | Doplnky do kuchyne | Kuchynské náradie | Meranie a váženie | Kuchynské minútky;7;https://www.heureka.sk/direct/xml-export/shops/heureka-sekce.xml
SK;3415;Kuchynské teplomery;Heureka.sk | Bývanie a doplnky | Bytové doplnky | Doplnky do kuchyne | Kuchynské náradie | Meranie a váženie | Kuchynské teplomery;7;https://www.heureka.sk/direct/xml-export/shops/heureka-sekce.xml
SK;3348;Odmerky;Heureka.sk | Bývanie a doplnky | Bytové doplnky | Doplnky do kuchyne | Kuchynské náradie | Meranie a váženie | Odmerky;7;https://www.heureka.sk/direct/xml-export/shops/heureka-sekce.xml
SK;3279;Otvárače na konzervy;Heureka.sk | Bývanie a doplnky | Bytové doplnky | Doplnky do kuchyne | Kuchynské náradie | Otvárače | Otvárače na konzervy;7;https://www.heureka.sk/direct/xml-export/shops/heureka-sekce.xml
SK;3282;Vývrtky a otvárače fliaš;Heureka.sk | Bývanie a doplnky | Bytové doplnky | Doplnky do kuchyne | Kuchynské náradie | Otvárače | Vývrtky a otvárače fliaš;7;https://www.heureka.sk/direct/xml-export/shops/heureka-sekce.xml
SK;3352;Paličky na mäso;Heureka.sk | Bývanie a doplnky | Bytové doplnky | Doplnky do kuchyne | Kuchynské náradie | Paličky na mäso;6;https://www.heureka.sk/direct/xml-export/shops/heureka-sekce.xml
SK;6843;Sady kuchynského náradia;Heureka.sk | Bývanie a doplnky | Bytové doplnky | Doplnky do kuchyne | Kuchynské náradie | Sady kuchynského náradia;6;https://www.heureka.sk/direct/xml-export/shops/heureka-sekce.xml
SK;3354;Shakery;Heureka.sk | Bývanie a doplnky | Bytové doplnky | Doplnky do kuchyne | Kuchynské náradie | Shakery;6;https://www.heureka.sk/direct/xml-export/shops/heureka-sekce.xml
SK;3309;Cedníky;Heureka.sk | Bývanie a doplnky | Bytové doplnky | Doplnky do kuchyne | Kuchynské náradie | Sitá a cedníky | Cedníky;7;https://www.heureka.sk/direct/xml-export/shops/heureka-sekce.xml
SK;3359;Lieviky;Heureka.sk | Bývanie a doplnky | Bytové doplnky | Doplnky do kuchyne | Kuchynské náradie | Sitá a cedníky | Lieviky;7;https://www.heureka.sk/direct/xml-export/shops/heureka-sekce.xml
SK;3362;Naparovacie vejáriky;Heureka.sk | Bývanie a doplnky | Bytové doplnky | Doplnky do kuchyne | Kuchynské náradie | Sitá a cedníky | Naparovacie vejáriky;7;https://www.heureka.sk/direct/xml-export/shops/heureka-sekce.xml
SK;3355;Sitá;Heureka.sk | Bývanie a doplnky | Bytové doplnky | Doplnky do kuchyne | Kuchynské náradie | Sitá a cedníky | Sitá;7;https://www.heureka.sk/direct/xml-export/shops/heureka-sekce.xml
SK;5255;Strojčeky na výrobu cestovín;Heureka.sk | Bývanie a doplnky | Bytové doplnky | Doplnky do kuchyne | Kuchynské náradie | Strojčeky na výrobu cestovín;6;https://www.heureka.sk/direct/xml-export/shops/heureka-sekce.xml
SK;2638;Lisy na cesnak;Heureka.sk | Bývanie a doplnky | Bytové doplnky | Doplnky do kuchyne | Kuchynské náradie | Strúhadlá, lisy a lúpače | Lisy na cesnak;7;https://www.heureka.sk/direct/xml-export/shops/heureka-sekce.xml
SK;2637;Lisy na citrusy;Heureka.sk | Bývanie a doplnky | Bytové doplnky | Doplnky do kuchyne | Kuchynské náradie | Strúhadlá, lisy a lúpače | Lisy na citrusy;7;https://www.heureka.sk/direct/xml-export/shops/heureka-sekce.xml
SK;3363;Strúhadlá;Heureka.sk | Bývanie a doplnky | Bytové doplnky | Doplnky do kuchyne | Kuchynské náradie | Strúhadlá, lisy a lúpače | Strúhadlá;7;https://www.heureka.sk/direct/xml-export/shops/heureka-sekce.xml
SK;2708;Škrabky;Heureka.sk | Bývanie a doplnky | Bytové doplnky | Doplnky do kuchyne | Kuchynské náradie | Strúhadlá, lisy a lúpače | Škrabky;7;https://www.heureka.sk/direct/xml-export/shops/heureka-sekce.xml
SK;3346;Mašlovačky;Heureka.sk | Bývanie a doplnky | Bytové doplnky | Doplnky do kuchyne | Kuchynské náradie | Varešky, metly a naberačky | Mašlovačky;7;https://www.heureka.sk/direct/xml-export/shops/heureka-sekce.xml
SK;4282;Metličky;Heureka.sk | Bývanie a doplnky | Bytové doplnky | Doplnky do kuchyne | Kuchynské náradie | Varešky, metly a naberačky | Metličky;7;https://www.heureka.sk/direct/xml-export/shops/heureka-sekce.xml
SK;3273;Naberačky;Heureka.sk | Bývanie a doplnky | Bytové doplnky | Doplnky do kuchyne | Kuchynské náradie | Varešky, metly a naberačky | Naberačky;7;https://www.heureka.sk/direct/xml-export/shops/heureka-sekce.xml
SK;3274;Obracačky;Heureka.sk | Bývanie a doplnky | Bytové doplnky | Doplnky do kuchyne | Kuchynské náradie | Varešky, metly a naberačky | Obracačky;7;https://www.heureka.sk/direct/xml-export/shops/heureka-sekce.xml
SK;3269;Varešky;Heureka.sk | Bývanie a doplnky | Bytové doplnky | Doplnky do kuchyne | Kuchynské náradie | Varešky, metly a naberačky | Varešky;7;https://www.heureka.sk/direct/xml-export/shops/heureka-sekce.xml
SK;4496;Nákupné tašky a košíky;Heureka.sk | Bývanie a doplnky | Bytové doplnky | Doplnky do kuchyne | Nákupné tašky a košíky;5;https://www.heureka.sk/direct/xml-export/shops/heureka-sekce.xml
SK;1604;Odpadkové koše;Heureka.sk | Bývanie a doplnky | Bytové doplnky | Doplnky do kuchyne | Odpadkové koše;5;https://www.heureka.sk/direct/xml-export/shops/heureka-sekce.xml
SK;3358;Odkvapkávače na riad;Heureka.sk | Bývanie a doplnky | Bytové doplnky | Doplnky do kuchyne | Organizácia kuchyne | Odkvapkávače na riad;6;https://www.heureka.sk/direct/xml-export/shops/heureka-sekce.xml
SK;3349;Príborníky do zásuvky;Heureka.sk | Bývanie a doplnky | Bytové doplnky | Doplnky do kuchyne | Organizácia kuchyne | Príborníky do zásuvky;6;https://www.heureka.sk/direct/xml-export/shops/heureka-sekce.xml
SK;5030;Cukrárske košíčky;Heureka.sk | Bývanie a doplnky | Bytové doplnky | Doplnky do kuchyne | Pečenie | Cukrárske košíčky;6;https://www.heureka.sk/direct/xml-export/shops/heureka-sekce.xml
SK;3356;Dekorácie na tortu;Heureka.sk | Bývanie a doplnky | Bytové doplnky | Doplnky do kuchyne | Pečenie | Dekorácie na tortu;6;https://www.heureka.sk/direct/xml-export/shops/heureka-sekce.xml
SK;1205;Formy na pečenie;Heureka.sk | Bývanie a doplnky | Bytové doplnky | Doplnky do kuchyne | Pečenie | Formy na pečenie;6;https://www.heureka.sk/direct/xml-export/shops/heureka-sekce.xml
SK;3361;Papiere na pečenie a fólie;Heureka.sk | Bývanie a doplnky | Bytové doplnky | Doplnky do kuchyne | Pečenie | Papiere na pečenie a fólie;6;https://www.heureka.sk/direct/xml-export/shops/heureka-sekce.xml
SK;4875;Pekáče a zapekacie misy;Heureka.sk | Bývanie a doplnky | Bytové doplnky | Doplnky do kuchyne | Pečenie | Pekáče a zapekacie misy;6;https://www.heureka.sk/direct/xml-export/shops/heureka-sekce.xml
SK;5278;Tortové sviečky a fontány;Heureka.sk | Bývanie a doplnky | Bytové doplnky | Doplnky do kuchyne | Pečenie | Tortové sviečky a fontány;6;https://www.heureka.sk/direct/xml-export/shops/heureka-sekce.xml
SK;3278;Vykrajovátka;Heureka.sk | Bývanie a doplnky | Bytové doplnky | Doplnky do kuchyne | Pečenie | Vykrajovátka;6;https://www.heureka.sk/direct/xml-export/shops/heureka-sekce.xml
SK;4446;Boxy na desiatu;Heureka.sk | Bývanie a doplnky | Bytové doplnky | Doplnky do kuchyne | Skladovanie a balenie potravín | Boxy na desiatu;6;https://www.heureka.sk/direct/xml-export/shops/heureka-sekce.xml
SK;3344;Chlebníky;Heureka.sk | Bývanie a doplnky | Bytové doplnky | Doplnky do kuchyne | Skladovanie a balenie potravín | Chlebníky;6;https://www.heureka.sk/direct/xml-export/shops/heureka-sekce.xml
SK;4876;Dózy na potraviny;Heureka.sk | Bývanie a doplnky | Bytové doplnky | Doplnky do kuchyne | Skladovanie a balenie potravín | Dózy na potraviny;6;https://www.heureka.sk/direct/xml-export/shops/heureka-sekce.xml
SK;3370;Obedáre;Heureka.sk | Bývanie a doplnky | Bytové doplnky | Doplnky do kuchyne | Skladovanie a balenie potravín | Obedáre;6;https://www.heureka.sk/direct/xml-export/shops/heureka-sekce.xml
SK;4028;Piknikové koše;Heureka.sk | Bývanie a doplnky | Bytové doplnky | Doplnky do kuchyne | Skladovanie a balenie potravín | Piknikové koše;6;https://www.heureka.sk/direct/xml-export/shops/heureka-sekce.xml
SK;4368;Potravinárske fólie;Heureka.sk | Bývanie a doplnky | Bytové doplnky | Doplnky do kuchyne | Skladovanie a balenie potravín | Potravinárske fólie;6;https://www.heureka.sk/direct/xml-export/shops/heureka-sekce.xml
SK;2329;Stojany na víno;Heureka.sk | Bývanie a doplnky | Bytové doplnky | Doplnky do kuchyne | Stojany na víno;5;https://www.heureka.sk/direct/xml-export/shops/heureka-sekce.xml
SK;6988;Chladiace nádoby na víno;Heureka.sk | Bývanie a doplnky | Bytové doplnky | Doplnky do kuchyne | Stolovanie | Chladiace nádoby na víno;6;https://www.heureka.sk/direct/xml-export/shops/heureka-sekce.xml
SK;4984;Cukorničky;Heureka.sk | Bývanie a doplnky | Bytové doplnky | Doplnky do kuchyne | Stolovanie | Cukorničky;6;https://www.heureka.sk/direct/xml-export/shops/heureka-sekce.xml
SK;5010;Džbány;Heureka.sk | Bývanie a doplnky | Bytové doplnky | Doplnky do kuchyne | Stolovanie | Džbány;6;https://www.heureka.sk/direct/xml-export/shops/heureka-sekce.xml
SK;4985;Fondue;Heureka.sk | Bývanie a doplnky | Bytové doplnky | Doplnky do kuchyne | Stolovanie | Fondue;6;https://www.heureka.sk/direct/xml-export/shops/heureka-sekce.xml
SK;1194;Hrnčeky a šálky;Heureka.sk | Bývanie a doplnky | Bytové doplnky | Doplnky do kuchyne | Stolovanie | Hrnčeky a šálky;6;https://www.heureka.sk/direct/xml-export/shops/heureka-sekce.xml
SK;4822;Jedálenské súpravy;Heureka.sk | Bývanie a doplnky | Bytové doplnky | Doplnky do kuchyne | Stolovanie | Jedálenské súpravy;6;https://www.heureka.sk/direct/xml-export/shops/heureka-sekce.xml
SK;5009;Karafy;Heureka.sk | Bývanie a doplnky | Bytové doplnky | Doplnky do kuchyne | Stolovanie | Karafy;6;https://www.heureka.sk/direct/xml-export/shops/heureka-sekce.xml
SK;4986;Koreničky;Heureka.sk | Bývanie a doplnky | Bytové doplnky | Doplnky do kuchyne | Stolovanie | Koreničky;6;https://www.heureka.sk/direct/xml-export/shops/heureka-sekce.xml
SK;1196;Misky a misy;Heureka.sk | Bývanie a doplnky | Bytové doplnky | Doplnky do kuchyne | Stolovanie | Misky a misy;6;https://www.heureka.sk/direct/xml-export/shops/heureka-sekce.xml
SK;4987;Misky na vajíčka;Heureka.sk | Bývanie a doplnky | Bytové doplnky | Doplnky do kuchyne | Stolovanie | Misky na vajíčka;6;https://www.heureka.sk/direct/xml-export/shops/heureka-sekce.xml
SK;5233;Mliečenky;Heureka.sk | Bývanie a doplnky | Bytové doplnky | Doplnky do kuchyne | Stolovanie | Mliečenky;6;https://www.heureka.sk/direct/xml-export/shops/heureka-sekce.xml
SK;6969;Nádoby na olej a ocot;Heureka.sk | Bývanie a doplnky | Bytové doplnky | Doplnky do kuchyne | Stolovanie | Nádoby na olej a ocot;6;https://www.heureka.sk/direct/xml-export/shops/heureka-sekce.xml
SK;1200;Podnosy a tácky;Heureka.sk | Bývanie a doplnky | Bytové doplnky | Doplnky do kuchyne | Stolovanie | Podnosy a tácky;6;https://www.heureka.sk/direct/xml-export/shops/heureka-sekce.xml
SK;1199;Poháre;Heureka.sk | Bývanie a doplnky | Bytové doplnky | Doplnky do kuchyne | Stolovanie | Poháre;6;https://www.heureka.sk/direct/xml-export/shops/heureka-sekce.xml
SK;1197;Príbory;Heureka.sk | Bývanie a doplnky | Bytové doplnky | Doplnky do kuchyne | Stolovanie | Príbory;6;https://www.heureka.sk/direct/xml-export/shops/heureka-sekce.xml
SK;6599;Príslušenstvo pre fondue sady;Heureka.sk | Bývanie a doplnky | Bytové doplnky | Doplnky do kuchyne | Stolovanie | Príslušenstvo pre fondue sady;6;https://www.heureka.sk/direct/xml-export/shops/heureka-sekce.xml
SK;8276;Sitká na čaj;Heureka.sk | Bývanie a doplnky | Bytové doplnky | Doplnky do kuchyne | Stolovanie | Sitká na čaj;6;https://www.heureka.sk/direct/xml-export/shops/heureka-sekce.xml
SK;8349;Slamky;Heureka.sk | Bývanie a doplnky | Bytové doplnky | Doplnky do kuchyne | Stolovanie | Slamky;6;https://www.heureka.sk/direct/xml-export/shops/heureka-sekce.xml
SK;2880;Taniere;Heureka.sk | Bývanie a doplnky | Bytové doplnky | Doplnky do kuchyne | Stolovanie | Taniere;6;https://www.heureka.sk/direct/xml-export/shops/heureka-sekce.xml
SK;1204;Termosky a termohrnčeky;Heureka.sk | Bývanie a doplnky | Bytové doplnky | Doplnky do kuchyne | Stolovanie | Termosky a termohrnčeky;6;https://www.heureka.sk/direct/xml-export/shops/heureka-sekce.xml
SK;6619;Závažia a spony na obrusy;Heureka.sk | Bývanie a doplnky | Bytové doplnky | Doplnky do kuchyne | Stolovanie | Závažia a spony na obrusy;6;https://www.heureka.sk/direct/xml-export/shops/heureka-sekce.xml
SK;5093;Čajníky;Heureka.sk | Bývanie a doplnky | Bytové doplnky | Doplnky do kuchyne | Stolovanie | Čajníky;6;https://www.heureka.sk/direct/xml-export/shops/heureka-sekce.xml
SK;1712;Hrnce;Heureka.sk | Bývanie a doplnky | Bytové doplnky | Doplnky do kuchyne | Varenie | Hrnce;6;https://www.heureka.sk/direct/xml-export/shops/heureka-sekce.xml
SK;1201;Panvice;Heureka.sk | Bývanie a doplnky | Bytové doplnky | Doplnky do kuchyne | Varenie | Panvice;6;https://www.heureka.sk/direct/xml-export/shops/heureka-sekce.xml
SK;1207;Pokrievky;Heureka.sk | Bývanie a doplnky | Bytové doplnky | Doplnky do kuchyne | Varenie | Pokrievky;6;https://www.heureka.sk/direct/xml-export/shops/heureka-sekce.xml
SK;1208;Riad do mikrovlnnej rúry;Heureka.sk | Bývanie a doplnky | Bytové doplnky | Doplnky do kuchyne | Varenie | Riad do mikrovlnnej rúry;6;https://www.heureka.sk/direct/xml-export/shops/heureka-sekce.xml
SK;1203;Súpravy riadu;Heureka.sk | Bývanie a doplnky | Bytové doplnky | Doplnky do kuchyne | Varenie | Súpravy riadu;6;https://www.heureka.sk/direct/xml-export/shops/heureka-sekce.xml
SK;1206;Tlakové hrnce;Heureka.sk | Bývanie a doplnky | Bytové doplnky | Doplnky do kuchyne | Varenie | Tlakové hrnce;6;https://www.heureka.sk/direct/xml-export/shops/heureka-sekce.xml
SK;6140;Vrecia na odpadky;Heureka.sk | Bývanie a doplnky | Bytové doplnky | Doplnky do kuchyne | Vrecia na odpadky;5;https://www.heureka.sk/direct/xml-export/shops/heureka-sekce.xml
SK;2195;Zaváracie hrnce;Heureka.sk | Bývanie a doplnky | Bytové doplnky | Doplnky do kuchyne | Zaváranie | Zaváracie hrnce;6;https://www.heureka.sk/direct/xml-export/shops/heureka-sekce.xml
SK;5390;Zaváracie poháre;Heureka.sk | Bývanie a doplnky | Bytové doplnky | Doplnky do kuchyne | Zaváranie | Zaváracie poháre;6;https://www.heureka.sk/direct/xml-export/shops/heureka-sekce.xml
SK;5396;Zaváracie viečka;Heureka.sk | Bývanie a doplnky | Bytové doplnky | Doplnky do kuchyne | Zaváranie | Zaváracie viečka;6;https://www.heureka.sk/direct/xml-export/shops/heureka-sekce.xml
SK;6846;Odparovače na kúrenie;Heureka.sk | Bývanie a doplnky | Bytové doplnky | Doplnky do obývacej izby | Odparovače na kúrenie;5;https://www.heureka.sk/direct/xml-export/shops/heureka-sekce.xml
SK;3955;Stojany na noviny;Heureka.sk | Bývanie a doplnky | Bytové doplnky | Doplnky do obývacej izby | Stojany na noviny;5;https://www.heureka.sk/direct/xml-export/shops/heureka-sekce.xml
SK;5821;Zarážky na knihy;Heureka.sk | Bývanie a doplnky | Bytové doplnky | Doplnky do obývacej izby | Zarážky na knihy;5;https://www.heureka.sk/direct/xml-export/shops/heureka-sekce.xml
SK;7038;Dverné zarážky;Heureka.sk | Bývanie a doplnky | Bytové doplnky | Doplnky do predsiene | Dverné zarážky;5;https://www.heureka.sk/direct/xml-export/shops/heureka-sekce.xml
SK;6774;Odkvapkávače na topánky;Heureka.sk | Bývanie a doplnky | Bytové doplnky | Doplnky do predsiene | Odkvapkávače na topánky;5;https://www.heureka.sk/direct/xml-export/shops/heureka-sekce.xml
SK;5037;Rohožky;Heureka.sk | Bývanie a doplnky | Bytové doplnky | Doplnky do predsiene | Rohožky;5;https://www.heureka.sk/direct/xml-export/shops/heureka-sekce.xml
SK;3954;Stojany na dáždniky;Heureka.sk | Bývanie a doplnky | Bytové doplnky | Doplnky do predsiene | Stojany na dáždniky;5;https://www.heureka.sk/direct/xml-export/shops/heureka-sekce.xml
SK;3042;Hrejivé vankúšiky;Heureka.sk | Bývanie a doplnky | Bytové doplnky | Doplnky do spálne | Hrejivé vankúšiky;5;https://www.heureka.sk/direct/xml-export/shops/heureka-sekce.xml
SK;1727;Paravány;Heureka.sk | Bývanie a doplnky | Bytové doplnky | Doplnky do spálne | Paravány;5;https://www.heureka.sk/direct/xml-export/shops/heureka-sekce.xml
SK;5560;Vákuové vrecia;Heureka.sk | Bývanie a doplnky | Bytové doplnky | Doplnky do spálne | Vákuové vrecia;5;https://www.heureka.sk/direct/xml-export/shops/heureka-sekce.xml
SK;5616;Šatníkové ramienka;Heureka.sk | Bývanie a doplnky | Bytové doplnky | Doplnky do spálne | Šatníkové ramienka;5;https://www.heureka.sk/direct/xml-export/shops/heureka-sekce.xml
SK;3098;Garniže;Heureka.sk | Bývanie a doplnky | Bytové doplnky | Garniže;4;https://www.heureka.sk/direct/xml-export/shops/heureka-sekce.xml
SK;3062;Držiaky na toaletný papier;Heureka.sk | Bývanie a doplnky | Bytové doplnky | Kúpeľňové doplnky | Doplnky k WC | Držiaky na toaletný papier;6;https://www.heureka.sk/direct/xml-export/shops/heureka-sekce.xml
SK;8342;Stojany a držiaky na WC kefy;Heureka.sk | Bývanie a doplnky | Bytové doplnky | Kúpeľňové doplnky | Doplnky k WC | Stojany a držiaky na WC kefy;6;https://www.heureka.sk/direct/xml-export/shops/heureka-sekce.xml
SK;3707;WC kefy;Heureka.sk | Bývanie a doplnky | Bytové doplnky | Kúpeľňové doplnky | Doplnky k WC | WC kefy;6;https://www.heureka.sk/direct/xml-export/shops/heureka-sekce.xml
SK;8341;WC zvony;Heureka.sk | Bývanie a doplnky | Bytové doplnky | Kúpeľňové doplnky | Doplnky k WC | WC zvony;6;https://www.heureka.sk/direct/xml-export/shops/heureka-sekce.xml
SK;1601;Dávkovače mydla;Heureka.sk | Bývanie a doplnky | Bytové doplnky | Kúpeľňové doplnky | Doplnky k umývadlám | Dávkovače mydla;6;https://www.heureka.sk/direct/xml-export/shops/heureka-sekce.xml
SK;1606;Mydlenky;Heureka.sk | Bývanie a doplnky | Bytové doplnky | Kúpeľňové doplnky | Doplnky k umývadlám | Mydlenky;6;https://www.heureka.sk/direct/xml-export/shops/heureka-sekce.xml
SK;1607;Stojany na kefky;Heureka.sk | Bývanie a doplnky | Bytové doplnky | Kúpeľňové doplnky | Doplnky k umývadlám | Stojany na kefky;6;https://www.heureka.sk/direct/xml-export/shops/heureka-sekce.xml
SK;6821;Súpravy kúpeľňových doplnkov;Heureka.sk | Bývanie a doplnky | Bytové doplnky | Kúpeľňové doplnky | Doplnky k umývadlám | Súpravy kúpeľňových doplnkov;6;https://www.heureka.sk/direct/xml-export/shops/heureka-sekce.xml
SK;1711;Zásobníky na papierové uteráky;Heureka.sk | Bývanie a doplnky | Bytové doplnky | Kúpeľňové doplnky | Doplnky k umývadlám | Zásobníky na papierové uteráky;6;https://www.heureka.sk/direct/xml-export/shops/heureka-sekce.xml
SK;3240;Podhlavníky k vani;Heureka.sk | Bývanie a doplnky | Bytové doplnky | Kúpeľňové doplnky | Doplnky pre vane a sprchové kúty | Podhlavníky k vani;6;https://www.heureka.sk/direct/xml-export/shops/heureka-sekce.xml
SK;5039;Protišmykové podložky do kúpeľne;Heureka.sk | Bývanie a doplnky | Bytové doplnky | Kúpeľňové doplnky | Doplnky pre vane a sprchové kúty | Protišmykové podložky do kúpeľne;6;https://www.heureka.sk/direct/xml-export/shops/heureka-sekce.xml
SK;5256;Sprchové závesy;Heureka.sk | Bývanie a doplnky | Bytové doplnky | Kúpeľňové doplnky | Doplnky pre vane a sprchové kúty | Sprchové závesy;6;https://www.heureka.sk/direct/xml-export/shops/heureka-sekce.xml
SK;1602;Držiaky na uteráky;Heureka.sk | Bývanie a doplnky | Bytové doplnky | Kúpeľňové doplnky | Držiaky na uteráky;5;https://www.heureka.sk/direct/xml-export/shops/heureka-sekce.xml
SK;5038;Kúpeľňové predložky;Heureka.sk | Bývanie a doplnky | Bytové doplnky | Kúpeľňové doplnky | Kúpeľňové predložky;5;https://www.heureka.sk/direct/xml-export/shops/heureka-sekce.xml
SK;5285;Lavóry;Heureka.sk | Bývanie a doplnky | Bytové doplnky | Kúpeľňové doplnky | Lavóry;5;https://www.heureka.sk/direct/xml-export/shops/heureka-sekce.xml
SK;6820;Madlá do kúpeľne;Heureka.sk | Bývanie a doplnky | Bytové doplnky | Kúpeľňové doplnky | Madlá do kúpeľne;5;https://www.heureka.sk/direct/xml-export/shops/heureka-sekce.xml
SK;6594;Stolové dosky;Heureka.sk | Bývanie a doplnky | Bytové doplnky | Stolové dosky;4;https://www.heureka.sk/direct/xml-export/shops/heureka-sekce.xml
SK;2406;Stolové nohy a podnože;Heureka.sk | Bývanie a doplnky | Bytové doplnky | Stolové nohy a podnože;4;https://www.heureka.sk/direct/xml-export/shops/heureka-sekce.xml
SK;2399;Nemý sluha;Heureka.sk | Bývanie a doplnky | Bytové doplnky | Vešiaky a stojany na oblečenie | Nemý sluha;5;https://www.heureka.sk/direct/xml-export/shops/heureka-sekce.xml
SK;6385;Stojacie vešiaky;Heureka.sk | Bývanie a doplnky | Bytové doplnky | Vešiaky a stojany na oblečenie | Stojacie vešiaky;5;https://www.heureka.sk/direct/xml-export/shops/heureka-sekce.xml
SK;5750;Stojany na oblečenie;Heureka.sk | Bývanie a doplnky | Bytové doplnky | Vešiaky a stojany na oblečenie | Stojany na oblečenie;5;https://www.heureka.sk/direct/xml-export/shops/heureka-sekce.xml
SK;2402;Vešiaky a háčiky na stenu;Heureka.sk | Bývanie a doplnky | Bytové doplnky | Vešiaky a stojany na oblečenie | Vešiaky a háčiky na stenu;5;https://www.heureka.sk/direct/xml-export/shops/heureka-sekce.xml
SK;5329;Zrkadlá;Heureka.sk | Bývanie a doplnky | Bytové doplnky | Zrkadlá;4;https://www.heureka.sk/direct/xml-export/shops/heureka-sekce.xml
SK;1454;Hojdacie siete;Heureka.sk | Bývanie a doplnky | Bytové doplnky | Záhradné doplnky | Hojdacie siete a príslušenstvo | Hojdacie siete;6;https://www.heureka.sk/direct/xml-export/shops/heureka-sekce.xml
SK;3582;Markízy;Heureka.sk | Bývanie a doplnky | Bytové doplnky | Záhradné doplnky | Slnečníky a tieniace vybavenie | Markízy;6;https://www.heureka.sk/direct/xml-export/shops/heureka-sekce.xml
SK;6349;Slnečné a tieniace plachty;Heureka.sk | Bývanie a doplnky | Bytové doplnky | Záhradné doplnky | Slnečníky a tieniace vybavenie | Slnečné a tieniace plachty;6;https://www.heureka.sk/direct/xml-export/shops/heureka-sekce.xml
SK;6315;Stojany na slnečníky;Heureka.sk | Bývanie a doplnky | Bytové doplnky | Záhradné doplnky | Slnečníky a tieniace vybavenie | Stojany na slnečníky;6;https://www.heureka.sk/direct/xml-export/shops/heureka-sekce.xml
SK;2859;Záhradné slnečníky a doplnky;Heureka.sk | Bývanie a doplnky | Bytové doplnky | Záhradné doplnky | Slnečníky a tieniace vybavenie | Záhradné slnečníky a doplnky;6;https://www.heureka.sk/direct/xml-export/shops/heureka-sekce.xml
SK;5691;Pergoly;Heureka.sk | Bývanie a doplnky | Bytové doplnky | Záhradné doplnky | Záhradné domčeky, altány, pergoly | Pergoly;6;https://www.heureka.sk/direct/xml-export/shops/heureka-sekce.xml
SK;8400;Predajné stánky;Heureka.sk | Bývanie a doplnky | Bytové doplnky | Záhradné doplnky | Záhradné domčeky, altány, pergoly | Predajné stánky;6;https://www.heureka.sk/direct/xml-export/shops/heureka-sekce.xml
SK;5693;Príslušenstvo k záhradným stanom a altánkom;Heureka.sk | Bývanie a doplnky | Bytové doplnky | Záhradné doplnky | Záhradné domčeky, altány, pergoly | Príslušenstvo k záhradným stanom a altánkom;6;https://www.heureka.sk/direct/xml-export/shops/heureka-sekce.xml
SK;5692;Záhradné domčeky;Heureka.sk | Bývanie a doplnky | Bytové doplnky | Záhradné doplnky | Záhradné domčeky, altány, pergoly | Záhradné domčeky;6;https://www.heureka.sk/direct/xml-export/shops/heureka-sekce.xml
SK;2858;Záhradné stany a altány;Heureka.sk | Bývanie a doplnky | Bytové doplnky | Záhradné doplnky | Záhradné domčeky, altány, pergoly | Záhradné stany a altány;6;https://www.heureka.sk/direct/xml-export/shops/heureka-sekce.xml
SK;6194;Záhradné koše;Heureka.sk | Bývanie a doplnky | Bytové doplnky | Záhradné doplnky | Záhradné koše;5;https://www.heureka.sk/direct/xml-export/shops/heureka-sekce.xml
SK;5751;Záhradné úložné boxy;Heureka.sk | Bývanie a doplnky | Bytové doplnky | Záhradné doplnky | Záhradné úložné boxy;5;https://www.heureka.sk/direct/xml-export/shops/heureka-sekce.xml
SK;3066;Chňapky;Heureka.sk | Bývanie a doplnky | Bytový textil | Bytový textil do kuchyne | Chňapky;5;https://www.heureka.sk/direct/xml-export/shops/heureka-sekce.xml
SK;2785;Obrusy;Heureka.sk | Bývanie a doplnky | Bytový textil | Bytový textil do kuchyne | Obrusy a prestieranie | Obrusy;6;https://www.heureka.sk/direct/xml-export/shops/heureka-sekce.xml
SK;1198;Prestieranie;Heureka.sk | Bývanie a doplnky | Bytový textil | Bytový textil do kuchyne | Obrusy a prestieranie | Prestieranie;6;https://www.heureka.sk/direct/xml-export/shops/heureka-sekce.xml
SK;1744;Obrúsky;Heureka.sk | Bývanie a doplnky | Bytový textil | Bytový textil do kuchyne | Obrúsky;5;https://www.heureka.sk/direct/xml-export/shops/heureka-sekce.xml
SK;3040;Utierky;Heureka.sk | Bývanie a doplnky | Bytový textil | Bytový textil do kuchyne | Utierky;5;https://www.heureka.sk/direct/xml-export/shops/heureka-sekce.xml
SK;3059;Zástery;Heureka.sk | Bývanie a doplnky | Bytový textil | Bytový textil do kuchyne | Zástery;5;https://www.heureka.sk/direct/xml-export/shops/heureka-sekce.xml
SK;1608;Uteráky;Heureka.sk | Bývanie a doplnky | Bytový textil | Bytový textil do kúpeľne | Uteráky;5;https://www.heureka.sk/direct/xml-export/shops/heureka-sekce.xml
SK;6513;Televízne vaky a deky;Heureka.sk | Bývanie a doplnky | Bytový textil | Bytový textil do obývačky | Televízne vaky a deky;5;https://www.heureka.sk/direct/xml-export/shops/heureka-sekce.xml
SK;4372;Detské obliečky;Heureka.sk | Bývanie a doplnky | Bytový textil | Detský textil | Detské obliečky;5;https://www.heureka.sk/direct/xml-export/shops/heureka-sekce.xml
SK;5869;Súpravy s obliečkami do postieľok;Heureka.sk | Bývanie a doplnky | Bytový textil | Detský textil | Textil pre bábätká | Súpravy s obliečkami do postieľok;6;https://www.heureka.sk/direct/xml-export/shops/heureka-sekce.xml
SK;6198;Polstre, podsedáky a podušky;Heureka.sk | Bývanie a doplnky | Bytový textil | Polstre, podsedáky a podušky;4;https://www.heureka.sk/direct/xml-export/shops/heureka-sekce.xml
SK;5006;Dekoračné vankúše;Heureka.sk | Bývanie a doplnky | Bytový textil | Posteľná bielizeň a textil do spálne | Dekoračné vankúše;5;https://www.heureka.sk/direct/xml-export/shops/heureka-sekce.xml
SK;4854;Deky;Heureka.sk | Bývanie a doplnky | Bytový textil | Posteľná bielizeň a textil do spálne | Deky;5;https://www.heureka.sk/direct/xml-export/shops/heureka-sekce.xml
SK;3162;Chrániče na matrace;Heureka.sk | Bývanie a doplnky | Bytový textil | Posteľná bielizeň a textil do spálne | Posteľná bielizeň | Chrániče na matrace;6;https://www.heureka.sk/direct/xml-export/shops/heureka-sekce.xml
SK;6537;Dekoračné obliečky na vankúše;Heureka.sk | Bývanie a doplnky | Bytový textil | Posteľná bielizeň a textil do spálne | Posteľná bielizeň | Dekoračné obliečky na vankúše;6;https://www.heureka.sk/direct/xml-export/shops/heureka-sekce.xml
SK;1610;Obliečky;Heureka.sk | Bývanie a doplnky | Bytový textil | Posteľná bielizeň a textil do spálne | Posteľná bielizeň | Obliečky;6;https://www.heureka.sk/direct/xml-export/shops/heureka-sekce.xml
SK;1611;Plachty;Heureka.sk | Bývanie a doplnky | Bytový textil | Posteľná bielizeň a textil do spálne | Posteľná bielizeň | Plachty;6;https://www.heureka.sk/direct/xml-export/shops/heureka-sekce.xml
SK;1613;Prikrývky;Heureka.sk | Bývanie a doplnky | Bytový textil | Posteľná bielizeň a textil do spálne | Prikrývky;5;https://www.heureka.sk/direct/xml-export/shops/heureka-sekce.xml
SK;5005;Súpravy prikrývok a vankúšov;Heureka.sk | Bývanie a doplnky | Bytový textil | Posteľná bielizeň a textil do spálne | Súpravy prikrývok a vankúšov;5;https://www.heureka.sk/direct/xml-export/shops/heureka-sekce.xml
SK;1612;Vankúše;Heureka.sk | Bývanie a doplnky | Bytový textil | Posteľná bielizeň a textil do spálne | Vankúše;5;https://www.heureka.sk/direct/xml-export/shops/heureka-sekce.xml
SK;2995;Prehozy;Heureka.sk | Bývanie a doplnky | Bytový textil | Prehozy;4;https://www.heureka.sk/direct/xml-export/shops/heureka-sekce.xml
SK;4790;Záclony;Heureka.sk | Bývanie a doplnky | Bytový textil | Záclony;4;https://www.heureka.sk/direct/xml-export/shops/heureka-sekce.xml
SK;3950;Závesy;Heureka.sk | Bývanie a doplnky | Bytový textil | Závesy;4;https://www.heureka.sk/direct/xml-export/shops/heureka-sekce.xml
SK;1605;Koše na bielizeň;Heureka.sk | Bývanie a doplnky | Domáce potreby a upratovanie | Pranie a žehlenie | Koše na bielizeň;5;https://www.heureka.sk/direct/xml-export/shops/heureka-sekce.xml
SK;6822;Poťahy na žehliace dosky;Heureka.sk | Bývanie a doplnky | Domáce potreby a upratovanie | Pranie a žehlenie | Poťahy na žehliace dosky;5;https://www.heureka.sk/direct/xml-export/shops/heureka-sekce.xml
SK;1707;Sušiaky na bielizeň;Heureka.sk | Bývanie a doplnky | Domáce potreby a upratovanie | Pranie a žehlenie | Sušiaky na bielizeň;5;https://www.heureka.sk/direct/xml-export/shops/heureka-sekce.xml
SK;1709;Šnúry na bielizeň;Heureka.sk | Bývanie a doplnky | Domáce potreby a upratovanie | Pranie a žehlenie | Šnúry na bielizeň;5;https://www.heureka.sk/direct/xml-export/shops/heureka-sekce.xml
SK;1708;Štipce na bielizeň;Heureka.sk | Bývanie a doplnky | Domáce potreby a upratovanie | Pranie a žehlenie | Štipce na bielizeň;5;https://www.heureka.sk/direct/xml-export/shops/heureka-sekce.xml
SK;3000;Žehliace dosky;Heureka.sk | Bývanie a doplnky | Domáce potreby a upratovanie | Pranie a žehlenie | Žehliace dosky;5;https://www.heureka.sk/direct/xml-export/shops/heureka-sekce.xml
SK;1562;Koberce a koberčeky;Heureka.sk | Bývanie a doplnky | Koberce a koberčeky;3;https://www.heureka.sk/direct/xml-export/shops/heureka-sekce.xml
SK;6622;Detské kreslá a pohovky;Heureka.sk | Bývanie a doplnky | Nábytok | Detský nábytok | Detské kreslá a pohovky;5;https://www.heureka.sk/direct/xml-export/shops/heureka-sekce.xml
SK;8370;Cestovné postieľky;Heureka.sk | Bývanie a doplnky | Nábytok | Detský nábytok | Detské postele a postieľky | Cestovné postieľky;6;https://www.heureka.sk/direct/xml-export/shops/heureka-sekce.xml
SK;1748;Detské postieľky;Heureka.sk | Bývanie a doplnky | Nábytok | Detský nábytok | Detské postele a postieľky | Detské postieľky;6;https://www.heureka.sk/direct/xml-export/shops/heureka-sekce.xml
SK;2444;Kolísky;Heureka.sk | Bývanie a doplnky | Nábytok | Detský nábytok | Detské postele a postieľky | Kolísky;6;https://www.heureka.sk/direct/xml-export/shops/heureka-sekce.xml
SK;2433;Príslušenstvo a doplnky k postieľkam;Heureka.sk | Bývanie a doplnky | Nábytok | Detský nábytok | Detské postele a postieľky | Príslušenstvo a doplnky k postieľkam;6;https://www.heureka.sk/direct/xml-export/shops/heureka-sekce.xml
SK;2419;Detské jedálenské stoličky;Heureka.sk | Bývanie a doplnky | Nábytok | Detský nábytok | Detské stoličky a stolčeky | Detské jedálenské stoličky;6;https://www.heureka.sk/direct/xml-export/shops/heureka-sekce.xml
SK;6621;Detské stoličky;Heureka.sk | Bývanie a doplnky | Nábytok | Detský nábytok | Detské stoličky a stolčeky | Detské stoličky;6;https://www.heureka.sk/direct/xml-export/shops/heureka-sekce.xml
SK;6792;Učiace veže;Heureka.sk | Bývanie a doplnky | Nábytok | Detský nábytok | Detské stoličky a stolčeky | Učiace veže;6;https://www.heureka.sk/direct/xml-export/shops/heureka-sekce.xml
SK;6620;Detské stolíky;Heureka.sk | Bývanie a doplnky | Nábytok | Detský nábytok | Detské stoly | Detské stolíky;6;https://www.heureka.sk/direct/xml-export/shops/heureka-sekce.xml
SK;6790;Detský záhradný nábytok;Heureka.sk | Bývanie a doplnky | Nábytok | Detský nábytok | Detský záhradný nábytok;5;https://www.heureka.sk/direct/xml-export/shops/heureka-sekce.xml
SK;5868;Nebesia nad postieľku;Heureka.sk | Bývanie a doplnky | Nábytok | Detský nábytok | Nebesia nad postieľku;5;https://www.heureka.sk/direct/xml-export/shops/heureka-sekce.xml
SK;6254;Prebaľovacie pulty;Heureka.sk | Bývanie a doplnky | Nábytok | Detský nábytok | Prebaľovacie pulty;5;https://www.heureka.sk/direct/xml-export/shops/heureka-sekce.xml
SK;4023;Zostavy detských stolíkov a stoličiek;Heureka.sk | Bývanie a doplnky | Nábytok | Detský nábytok | Zostavy detských stolíkov a stoličiek;5;https://www.heureka.sk/direct/xml-export/shops/heureka-sekce.xml
SK;2930;Zostavy do detskej izby;Heureka.sk | Bývanie a doplnky | Nábytok | Detský nábytok | Zostavy do detskej izby;5;https://www.heureka.sk/direct/xml-export/shops/heureka-sekce.xml
SK;5621;Herné kreslá;Heureka.sk | Bývanie a doplnky | Nábytok | Kreslá a sedenie | Herné kreslá;5;https://www.heureka.sk/direct/xml-export/shops/heureka-sekce.xml
SK;1653;Hojdacie kreslá;Heureka.sk | Bývanie a doplnky | Nábytok | Kreslá a sedenie | Hojdacie kreslá;5;https://www.heureka.sk/direct/xml-export/shops/heureka-sekce.xml
SK;6938;Kadernícke a kozmetické kreslá;Heureka.sk | Bývanie a doplnky | Nábytok | Kreslá a sedenie | Kadernícke a kozmetické kreslá;5;https://www.heureka.sk/direct/xml-export/shops/heureka-sekce.xml
SK;1719;Kreslá;Heureka.sk | Bývanie a doplnky | Nábytok | Kreslá a sedenie | Kreslá;5;https://www.heureka.sk/direct/xml-export/shops/heureka-sekce.xml
SK;6978;Leňošky;Heureka.sk | Bývanie a doplnky | Nábytok | Kreslá a sedenie | Leňošky;5;https://www.heureka.sk/direct/xml-export/shops/heureka-sekce.xml
SK;5308;Masážne kreslá;Heureka.sk | Bývanie a doplnky | Nábytok | Kreslá a sedenie | Masážne kreslá;5;https://www.heureka.sk/direct/xml-export/shops/heureka-sekce.xml
SK;6465;Papasany;Heureka.sk | Bývanie a doplnky | Nábytok | Kreslá a sedenie | Papasany;5;https://www.heureka.sk/direct/xml-export/shops/heureka-sekce.xml
SK;1723;Sedacie vaky a vrecia;Heureka.sk | Bývanie a doplnky | Nábytok | Kreslá a sedenie | Sedacie vaky a vrecia;5;https://www.heureka.sk/direct/xml-export/shops/heureka-sekce.xml
SK;2979;Taburety;Heureka.sk | Bývanie a doplnky | Nábytok | Kreslá a sedenie | Taburety;5;https://www.heureka.sk/direct/xml-export/shops/heureka-sekce.xml
SK;5568;Závesné kreslá;Heureka.sk | Bývanie a doplnky | Nábytok | Kreslá a sedenie | Závesné kreslá;5;https://www.heureka.sk/direct/xml-export/shops/heureka-sekce.xml
SK;2951;Kuchynské dolné skrinky;Heureka.sk | Bývanie a doplnky | Nábytok | Kuchyňa | Kuchynské dolné skrinky;5;https://www.heureka.sk/direct/xml-export/shops/heureka-sekce.xml
SK;968;Kuchynské drezy;Heureka.sk | Bývanie a doplnky | Nábytok | Kuchyňa | Kuchynské drezy a batérie | Kuchynské drezy;6;https://www.heureka.sk/direct/xml-export/shops/heureka-sekce.xml
SK;3173;Sety kuchynských drezov a batérií;Heureka.sk | Bývanie a doplnky | Nábytok | Kuchyňa | Kuchynské drezy a batérie | Sety kuchynských drezov a batérií;6;https://www.heureka.sk/direct/xml-export/shops/heureka-sekce.xml
SK;2950;Kuchynské horné skrinky;Heureka.sk | Bývanie a doplnky | Nábytok | Kuchyňa | Kuchynské horné skrinky;5;https://www.heureka.sk/direct/xml-export/shops/heureka-sekce.xml
SK;2948;Kuchynské linky;Heureka.sk | Bývanie a doplnky | Nábytok | Kuchyňa | Kuchynské linky;5;https://www.heureka.sk/direct/xml-export/shops/heureka-sekce.xml
SK;2146;Servírovacie stolíky;Heureka.sk | Bývanie a doplnky | Nábytok | Kuchyňa | Kuchynský nábytok | Servírovacie stolíky;6;https://www.heureka.sk/direct/xml-export/shops/heureka-sekce.xml
SK;3820;Pracovné dosky;Heureka.sk | Bývanie a doplnky | Nábytok | Kuchyňa | Pracovné dosky;5;https://www.heureka.sk/direct/xml-export/shops/heureka-sekce.xml
SK;2997;Kúpeľňový nábytok;Heureka.sk | Bývanie a doplnky | Nábytok | Kúpeľňový nábytok;4;https://www.heureka.sk/direct/xml-export/shops/heureka-sekce.xml
SK;5591;Lavice do predsiene;Heureka.sk | Bývanie a doplnky | Nábytok | Lavice | Lavice do predsiene;5;https://www.heureka.sk/direct/xml-export/shops/heureka-sekce.xml
SK;1718;Matrace;Heureka.sk | Bývanie a doplnky | Nábytok | Matrace a toppery | Matrace;5;https://www.heureka.sk/direct/xml-export/shops/heureka-sekce.xml
SK;1658;Nafukovacie matrace;Heureka.sk | Bývanie a doplnky | Nábytok | Matrace a toppery | Nafukovacie matrace;5;https://www.heureka.sk/direct/xml-export/shops/heureka-sekce.xml
SK;5454;Vrchné matrace a toppery;Heureka.sk | Bývanie a doplnky | Nábytok | Matrace a toppery | Vrchné matrace a toppery;5;https://www.heureka.sk/direct/xml-export/shops/heureka-sekce.xml
SK;6350;Barové sety;Heureka.sk | Bývanie a doplnky | Nábytok | Nábytkové zostavy a sety | Barové sety;5;https://www.heureka.sk/direct/xml-export/shops/heureka-sekce.xml
SK;2949;Jedálenské sety;Heureka.sk | Bývanie a doplnky | Nábytok | Nábytkové zostavy a sety | Jedálenské sety;5;https://www.heureka.sk/direct/xml-export/shops/heureka-sekce.xml
SK;7435;Kancelárske zostavy;Heureka.sk | Bývanie a doplnky | Nábytok | Nábytkové zostavy a sety | Kancelárske zostavy;5;https://www.heureka.sk/direct/xml-export/shops/heureka-sekce.xml
SK;1661;Obývacie steny;Heureka.sk | Bývanie a doplnky | Nábytok | Nábytkové zostavy a sety | Obývacie steny;5;https://www.heureka.sk/direct/xml-export/shops/heureka-sekce.xml
SK;2400;Predsieňové steny;Heureka.sk | Bývanie a doplnky | Nábytok | Nábytkové zostavy a sety | Predsieňové steny;5;https://www.heureka.sk/direct/xml-export/shops/heureka-sekce.xml
SK;2947;Spálňové zostavy;Heureka.sk | Bývanie a doplnky | Nábytok | Nábytkové zostavy a sety | Spálňové zostavy;5;https://www.heureka.sk/direct/xml-export/shops/heureka-sekce.xml
SK;1659;Postele;Heureka.sk | Bývanie a doplnky | Nábytok | Postele a rošty | Postele;5;https://www.heureka.sk/direct/xml-export/shops/heureka-sekce.xml
SK;2026;Rošty;Heureka.sk | Bývanie a doplnky | Nábytok | Postele a rošty | Rošty;5;https://www.heureka.sk/direct/xml-export/shops/heureka-sekce.xml
SK;5099;Pohovky a gauče;Heureka.sk | Bývanie a doplnky | Nábytok | Sedacie súpravy a pohovky | Pohovky a gauče;5;https://www.heureka.sk/direct/xml-export/shops/heureka-sekce.xml
SK;1722;Sedacie súpravy;Heureka.sk | Bývanie a doplnky | Nábytok | Sedacie súpravy a pohovky | Sedacie súpravy;5;https://www.heureka.sk/direct/xml-export/shops/heureka-sekce.xml
SK;2952;Bielizníky;Heureka.sk | Bývanie a doplnky | Nábytok | Skrine a komody | Bielizníky;5;https://www.heureka.sk/direct/xml-export/shops/heureka-sekce.xml
SK;2397;Kancelárske skrine;Heureka.sk | Bývanie a doplnky | Nábytok | Skrine a komody | Kancelárske skrine;5;https://www.heureka.sk/direct/xml-export/shops/heureka-sekce.xml
SK;1656;Knižnice;Heureka.sk | Bývanie a doplnky | Nábytok | Skrine a komody | Knižnice;5;https://www.heureka.sk/direct/xml-export/shops/heureka-sekce.xml
SK;1657;Komody;Heureka.sk | Bývanie a doplnky | Nábytok | Skrine a komody | Komody;5;https://www.heureka.sk/direct/xml-export/shops/heureka-sekce.xml
SK;3002;Vitríny;Heureka.sk | Bývanie a doplnky | Nábytok | Skrine a komody | Vitríny;5;https://www.heureka.sk/direct/xml-export/shops/heureka-sekce.xml
SK;1695;Šatníkové skrine;Heureka.sk | Bývanie a doplnky | Nábytok | Skrine a komody | Šatníkové skrine;5;https://www.heureka.sk/direct/xml-export/shops/heureka-sekce.xml
SK;1655;Barové stoličky;Heureka.sk | Bývanie a doplnky | Nábytok | Stoličky a stolčeky | Barové stoličky;5;https://www.heureka.sk/direct/xml-export/shops/heureka-sekce.xml
SK;1664;Jedálenské stoličky;Heureka.sk | Bývanie a doplnky | Nábytok | Stoličky a stolčeky | Jedálenské stoličky;5;https://www.heureka.sk/direct/xml-export/shops/heureka-sekce.xml
SK;2395;Kancelárske stoličky;Heureka.sk | Bývanie a doplnky | Nábytok | Stoličky a stolčeky | Kancelárske stoličky;5;https://www.heureka.sk/direct/xml-export/shops/heureka-sekce.xml
SK;3078;Konferenčné stoličky;Heureka.sk | Bývanie a doplnky | Nábytok | Stoličky a stolčeky | Konferenčné stoličky;5;https://www.heureka.sk/direct/xml-export/shops/heureka-sekce.xml
SK;5367;Kľakačky;Heureka.sk | Bývanie a doplnky | Nábytok | Stoličky a stolčeky | Kľakačky;5;https://www.heureka.sk/direct/xml-export/shops/heureka-sekce.xml
SK;2405;Stolčeky;Heureka.sk | Bývanie a doplnky | Nábytok | Stoličky a stolčeky | Stolčeky;5;https://www.heureka.sk/direct/xml-export/shops/heureka-sekce.xml
SK;1654;Barové stolíky;Heureka.sk | Bývanie a doplnky | Nábytok | Stoly a stolíky | Barové stolíky;5;https://www.heureka.sk/direct/xml-export/shops/heureka-sekce.xml
SK;5622;Herné stoly;Heureka.sk | Bývanie a doplnky | Nábytok | Stoly a stolíky | Herné stoly;5;https://www.heureka.sk/direct/xml-export/shops/heureka-sekce.xml
SK;1662;Jedálenské stoly;Heureka.sk | Bývanie a doplnky | Nábytok | Stoly a stolíky | Jedálenské stoly;5;https://www.heureka.sk/direct/xml-export/shops/heureka-sekce.xml
SK;1714;Konferenčné stolíky;Heureka.sk | Bývanie a doplnky | Nábytok | Stoly a stolíky | Konferenčné stolíky;5;https://www.heureka.sk/direct/xml-export/shops/heureka-sekce.xml
SK;6172;Konzolové stolíky;Heureka.sk | Bývanie a doplnky | Nábytok | Stoly a stolíky | Konzolové stolíky;5;https://www.heureka.sk/direct/xml-export/shops/heureka-sekce.xml
SK;6533;Kresliace a rysovacie stoly;Heureka.sk | Bývanie a doplnky | Nábytok | Stoly a stolíky | Kresliace a rysovacie stoly;5;https://www.heureka.sk/direct/xml-export/shops/heureka-sekce.xml
SK;1715;Nočné stolíky;Heureka.sk | Bývanie a doplnky | Nábytok | Stoly a stolíky | Nočné stolíky;5;https://www.heureka.sk/direct/xml-export/shops/heureka-sekce.xml
SK;6899;Odkladacie stolíky;Heureka.sk | Bývanie a doplnky | Nábytok | Stoly a stolíky | Odkladacie stolíky;5;https://www.heureka.sk/direct/xml-export/shops/heureka-sekce.xml
SK;3007;Písacie a pracovné stoly;Heureka.sk | Bývanie a doplnky | Nábytok | Stoly a stolíky | Písacie a pracovné stoly;5;https://www.heureka.sk/direct/xml-export/shops/heureka-sekce.xml
SK;1713;TV stolíky;Heureka.sk | Bývanie a doplnky | Nábytok | Stoly a stolíky | TV stolíky;5;https://www.heureka.sk/direct/xml-export/shops/heureka-sekce.xml
SK;2145;Toaletné stolíky;Heureka.sk | Bývanie a doplnky | Nábytok | Stoly a stolíky | Toaletné stolíky;5;https://www.heureka.sk/direct/xml-export/shops/heureka-sekce.xml
SK;6316;Striešky na hojdačku;Heureka.sk | Bývanie a doplnky | Nábytok | Záhradný nábytok | Záhradné hojdačky a príslušenstvo | Striešky na hojdačku;6;https://www.heureka.sk/direct/xml-export/shops/heureka-sekce.xml
SK;2863;Záhradné hojdačky;Heureka.sk | Bývanie a doplnky | Nábytok | Záhradný nábytok | Záhradné hojdačky a príslušenstvo | Záhradné hojdačky;6;https://www.heureka.sk/direct/xml-export/shops/heureka-sekce.xml
SK;2861;Záhradné lavice;Heureka.sk | Bývanie a doplnky | Nábytok | Záhradný nábytok | Záhradné lavice;5;https://www.heureka.sk/direct/xml-export/shops/heureka-sekce.xml
SK;2862;Záhradné ležadlá;Heureka.sk | Bývanie a doplnky | Nábytok | Záhradný nábytok | Záhradné ležadlá;5;https://www.heureka.sk/direct/xml-export/shops/heureka-sekce.xml
SK;2856;Záhradné stoličky a kreslá;Heureka.sk | Bývanie a doplnky | Nábytok | Záhradný nábytok | Záhradné stoličky a kreslá;5;https://www.heureka.sk/direct/xml-export/shops/heureka-sekce.xml
SK;1717;Záhradné stoly;Heureka.sk | Bývanie a doplnky | Nábytok | Záhradný nábytok | Záhradné stoly;5;https://www.heureka.sk/direct/xml-export/shops/heureka-sekce.xml
SK;2857;Záhradné zostavy;Heureka.sk | Bývanie a doplnky | Nábytok | Záhradný nábytok | Záhradné zostavy;5;https://www.heureka.sk/direct/xml-export/shops/heureka-sekce.xml
SK;2860;Záhradný ratanový nábytok;Heureka.sk | Bývanie a doplnky | Nábytok | Záhradný nábytok | Záhradný ratanový nábytok;5;https://www.heureka.sk/direct/xml-export/shops/heureka-sekce.xml
SK;2996;Botníky;Heureka.sk | Bývanie a doplnky | Nábytok | Úložné priestory | Botníky;5;https://www.heureka.sk/direct/xml-export/shops/heureka-sekce.xml
SK;5839;Kartotéky;Heureka.sk | Bývanie a doplnky | Nábytok | Úložné priestory | Kartotéky;5;https://www.heureka.sk/direct/xml-export/shops/heureka-sekce.xml
SK;6512;Nadstavce na skrine;Heureka.sk | Bývanie a doplnky | Nábytok | Úložné priestory | Nadstavce na skrine;5;https://www.heureka.sk/direct/xml-export/shops/heureka-sekce.xml
SK;5100;Pokladničky;Heureka.sk | Bývanie a doplnky | Nábytok | Úložné priestory | Pokladničky;5;https://www.heureka.sk/direct/xml-export/shops/heureka-sekce.xml
SK;1726;Regály a poličky;Heureka.sk | Bývanie a doplnky | Nábytok | Úložné priestory | Regály a poličky;5;https://www.heureka.sk/direct/xml-export/shops/heureka-sekce.xml
SK;6380;Skrinky na kľúče;Heureka.sk | Bývanie a doplnky | Nábytok | Úložné priestory | Skrinky na kľúče;5;https://www.heureka.sk/direct/xml-export/shops/heureka-sekce.xml
SK;4399;Trezory;Heureka.sk | Bývanie a doplnky | Nábytok | Úložné priestory | Trezory;5;https://www.heureka.sk/direct/xml-export/shops/heureka-sekce.xml
SK;6311;Truhlice;Heureka.sk | Bývanie a doplnky | Nábytok | Úložné priestory | Truhlice;5;https://www.heureka.sk/direct/xml-export/shops/heureka-sekce.xml
SK;2694;Zásuvkové kontajnery;Heureka.sk | Bývanie a doplnky | Nábytok | Úložné priestory | Zásuvkové kontajnery;5;https://www.heureka.sk/direct/xml-export/shops/heureka-sekce.xml
SK;3773;Úložné boxy;Heureka.sk | Bývanie a doplnky | Nábytok | Úložné priestory | Úložné boxy;5;https://www.heureka.sk/direct/xml-export/shops/heureka-sekce.xml
SK;6775;Úložné priestory pod posteľ;Heureka.sk | Bývanie a doplnky | Nábytok | Úložné priestory | Úložné priestory pod posteľ;5;https://www.heureka.sk/direct/xml-export/shops/heureka-sekce.xml
SK;6351;LED pásiky;Heureka.sk | Bývanie a doplnky | Osvetlenie a svietidlá | Dekoratívne osvetlenie | LED pásiky;5;https://www.heureka.sk/direct/xml-export/shops/heureka-sekce.xml
SK;6939;Lávové lampy;Heureka.sk | Bývanie a doplnky | Osvetlenie a svietidlá | Dekoratívne osvetlenie | Lávové lampy;5;https://www.heureka.sk/direct/xml-export/shops/heureka-sekce.xml
SK;5789;Petrolejové lampy;Heureka.sk | Bývanie a doplnky | Osvetlenie a svietidlá | Dekoratívne osvetlenie | Petrolejové lampy;5;https://www.heureka.sk/direct/xml-export/shops/heureka-sekce.xml
SK;5786;Soľné lampy;Heureka.sk | Bývanie a doplnky | Osvetlenie a svietidlá | Dekoratívne osvetlenie | Soľné lampy;5;https://www.heureka.sk/direct/xml-export/shops/heureka-sekce.xml
SK;6985;Detské nočné lampičky;Heureka.sk | Bývanie a doplnky | Osvetlenie a svietidlá | Detské osvetlenie | Detské nočné lampičky;5;https://www.heureka.sk/direct/xml-export/shops/heureka-sekce.xml
SK;2890;LED osvetlenie;Heureka.sk | Bývanie a doplnky | Osvetlenie a svietidlá | LED osvetlenie;4;https://www.heureka.sk/direct/xml-export/shops/heureka-sekce.xml
SK;2149;Lampičky;Heureka.sk | Bývanie a doplnky | Osvetlenie a svietidlá | Lampičky;4;https://www.heureka.sk/direct/xml-export/shops/heureka-sekce.xml
SK;5787;Nočné svetlá;Heureka.sk | Bývanie a doplnky | Osvetlenie a svietidlá | Orientačné osvetlenie | Nočné svetlá;5;https://www.heureka.sk/direct/xml-export/shops/heureka-sekce.xml
SK;7445;Diaľkové ovládače k LED pásikom;Heureka.sk | Bývanie a doplnky | Osvetlenie a svietidlá | Príslušenstvo k svietidlám | Príslušenstvo k LED pásikom | Diaľkové ovládače k LED pásikom;6;https://www.heureka.sk/direct/xml-export/shops/heureka-sekce.xml
SK;7444;Konektory pre LED pásiky;Heureka.sk | Bývanie a doplnky | Osvetlenie a svietidlá | Príslušenstvo k svietidlám | Príslušenstvo k LED pásikom | Konektory pre LED pásiky;6;https://www.heureka.sk/direct/xml-export/shops/heureka-sekce.xml
SK;7446;Ostatné príslušenstvo pre LED pásiky;Heureka.sk | Bývanie a doplnky | Osvetlenie a svietidlá | Príslušenstvo k svietidlám | Príslušenstvo k LED pásikom | Ostatné príslušenstvo pre LED pásiky;6;https://www.heureka.sk/direct/xml-export/shops/heureka-sekce.xml
SK;7443;Profily na LED pásiky;Heureka.sk | Bývanie a doplnky | Osvetlenie a svietidlá | Príslušenstvo k svietidlám | Príslušenstvo k LED pásikom | Profily na LED pásiky;6;https://www.heureka.sk/direct/xml-export/shops/heureka-sekce.xml
SK;7019;Tienidlá;Heureka.sk | Bývanie a doplnky | Osvetlenie a svietidlá | Príslušenstvo k svietidlám | Tienidlá;5;https://www.heureka.sk/direct/xml-export/shops/heureka-sekce.xml
SK;7018;Základne k lampám;Heureka.sk | Bývanie a doplnky | Osvetlenie a svietidlá | Príslušenstvo k svietidlám | Základne k lampám;5;https://www.heureka.sk/direct/xml-export/shops/heureka-sekce.xml
SK;2050;Žiarovky;Heureka.sk | Bývanie a doplnky | Osvetlenie a svietidlá | Príslušenstvo k svietidlám | Žiarovky;5;https://www.heureka.sk/direct/xml-export/shops/heureka-sekce.xml
SK;6540;Reflektory;Heureka.sk | Bývanie a doplnky | Osvetlenie a svietidlá | Reflektory;4;https://www.heureka.sk/direct/xml-export/shops/heureka-sekce.xml
SK;5788;Stojacie lampy;Heureka.sk | Bývanie a doplnky | Osvetlenie a svietidlá | Stojacie lampy;4;https://www.heureka.sk/direct/xml-export/shops/heureka-sekce.xml
SK;1663;Svietidlá;Heureka.sk | Bývanie a doplnky | Osvetlenie a svietidlá | Svietidlá;4;https://www.heureka.sk/direct/xml-export/shops/heureka-sekce.xml
SK;6518;Panely k sprchovým vaničkám;Heureka.sk | Bývanie a doplnky | Sanita a vybavenie kúpeľní | Sprchy a príslušenstvo | Príslušenstvo k sprchovacím kútom | Panely k sprchovým vaničkám;6;https://www.heureka.sk/direct/xml-export/shops/heureka-sekce.xml
SK;6554;Sprchové držiaky;Heureka.sk | Bývanie a doplnky | Sanita a vybavenie kúpeľní | Sprchy a príslušenstvo | Príslušenstvo k sprchovacím kútom | Sprchové držiaky;6;https://www.heureka.sk/direct/xml-export/shops/heureka-sekce.xml
SK;6548;Sprchové hadice;Heureka.sk | Bývanie a doplnky | Sanita a vybavenie kúpeľní | Sprchy a príslušenstvo | Príslušenstvo k sprchovacím kútom | Sprchové hadice;6;https://www.heureka.sk/direct/xml-export/shops/heureka-sekce.xml
SK;6538;Sprchové tyče a ramená;Heureka.sk | Bývanie a doplnky | Sanita a vybavenie kúpeľní | Sprchy a príslušenstvo | Príslušenstvo k sprchovacím kútom | Sprchové tyče a ramená;6;https://www.heureka.sk/direct/xml-export/shops/heureka-sekce.xml
SK;2147;Sprchové dvere;Heureka.sk | Bývanie a doplnky | Sanita a vybavenie kúpeľní | Sprchy a príslušenstvo | Sprchové dvere;5;https://www.heureka.sk/direct/xml-export/shops/heureka-sekce.xml
SK;6536;Sprchové hlavice;Heureka.sk | Bývanie a doplnky | Sanita a vybavenie kúpeľní | Sprchy a príslušenstvo | Sprchové hlavice;5;https://www.heureka.sk/direct/xml-export/shops/heureka-sekce.xml
SK;2898;Sprchové kúty;Heureka.sk | Bývanie a doplnky | Sanita a vybavenie kúpeľní | Sprchy a príslušenstvo | Sprchové kúty;5;https://www.heureka.sk/direct/xml-export/shops/heureka-sekce.xml
SK;2924;Sprchové vaničky;Heureka.sk | Bývanie a doplnky | Sanita a vybavenie kúpeľní | Sprchy a príslušenstvo | Sprchové vaničky;5;https://www.heureka.sk/direct/xml-export/shops/heureka-sekce.xml
SK;2940;Sprchy a sprchové panely;Heureka.sk | Bývanie a doplnky | Sanita a vybavenie kúpeľní | Sprchy a príslušenstvo | Sprchy a sprchové panely;5;https://www.heureka.sk/direct/xml-export/shops/heureka-sekce.xml
SK;6471;Umývadlové dosky;Heureka.sk | Bývanie a doplnky | Sanita a vybavenie kúpeľní | Umývadlá a príslušenstvo | Umývadlové dosky;5;https://www.heureka.sk/direct/xml-export/shops/heureka-sekce.xml
SK;6517;Umývadlové stĺpy a polostĺpy;Heureka.sk | Bývanie a doplnky | Sanita a vybavenie kúpeľní | Umývadlá a príslušenstvo | Umývadlové stĺpy a polostĺpy;5;https://www.heureka.sk/direct/xml-export/shops/heureka-sekce.xml
SK;1739;Umývadlá;Heureka.sk | Bývanie a doplnky | Sanita a vybavenie kúpeľní | Umývadlá a príslušenstvo | Umývadlá;5;https://www.heureka.sk/direct/xml-export/shops/heureka-sekce.xml
SK;5298;Držadlá k vane;Heureka.sk | Bývanie a doplnky | Sanita a vybavenie kúpeľní | Vane a príslušenstvo | Držadlá k vane;5;https://www.heureka.sk/direct/xml-export/shops/heureka-sekce.xml
SK;6428;Hydromasážne vane;Heureka.sk | Bývanie a doplnky | Sanita a vybavenie kúpeľní | Vane a príslušenstvo | Hydromasážne vane;5;https://www.heureka.sk/direct/xml-export/shops/heureka-sekce.xml
SK;1740;Vane;Heureka.sk | Bývanie a doplnky | Sanita a vybavenie kúpeľní | Vane a príslušenstvo | Vane;5;https://www.heureka.sk/direct/xml-export/shops/heureka-sekce.xml
SK;5257;Vaňové panely;Heureka.sk | Bývanie a doplnky | Sanita a vybavenie kúpeľní | Vane a príslušenstvo | Vaňové panely;5;https://www.heureka.sk/direct/xml-export/shops/heureka-sekce.xml
SK;2027;Vaňové zásteny;Heureka.sk | Bývanie a doplnky | Sanita a vybavenie kúpeľní | Vane a príslušenstvo | Vaňové zásteny;5;https://www.heureka.sk/direct/xml-export/shops/heureka-sekce.xml
SK;5441;Vodovodné batérie;Heureka.sk | Bývanie a doplnky | Sanita a vybavenie kúpeľní | Vodovodné batérie;4;https://www.heureka.sk/direct/xml-export/shops/heureka-sekce.xml
SK;5286;Výlevky;Heureka.sk | Bývanie a doplnky | Sanita a vybavenie kúpeľní | Výlevky;4;https://www.heureka.sk/direct/xml-export/shops/heureka-sekce.xml
SK;4944;Bidety;Heureka.sk | Bývanie a doplnky | Sanita a vybavenie kúpeľní | WC a príslušenstvo | Bidety;5;https://www.heureka.sk/direct/xml-export/shops/heureka-sekce.xml
SK;5291;Kompletné WC súpravy;Heureka.sk | Bývanie a doplnky | Sanita a vybavenie kúpeľní | WC a príslušenstvo | Kompletné WC súpravy;5;https://www.heureka.sk/direct/xml-export/shops/heureka-sekce.xml
SK;6590;Nádržky na WC;Heureka.sk | Bývanie a doplnky | Sanita a vybavenie kúpeľní | WC a príslušenstvo | Nádržky na WC;5;https://www.heureka.sk/direct/xml-export/shops/heureka-sekce.xml
SK;5327;Ovládacie tlačidlá k WC;Heureka.sk | Bývanie a doplnky | Sanita a vybavenie kúpeľní | WC a príslušenstvo | Ovládacie tlačidlá k WC;5;https://www.heureka.sk/direct/xml-export/shops/heureka-sekce.xml
SK;1741;Pisoáre;Heureka.sk | Bývanie a doplnky | Sanita a vybavenie kúpeľní | WC a príslušenstvo | Pisoáre;5;https://www.heureka.sk/direct/xml-export/shops/heureka-sekce.xml
SK;5328;WC sedadlá;Heureka.sk | Bývanie a doplnky | Sanita a vybavenie kúpeľní | WC a príslušenstvo | WC sedadlá;5;https://www.heureka.sk/direct/xml-export/shops/heureka-sekce.xml
SK;2865;Záchody;Heureka.sk | Bývanie a doplnky | Sanita a vybavenie kúpeľní | WC a príslušenstvo | Záchody;5;https://www.heureka.sk/direct/xml-export/shops/heureka-sekce.xml
SK;2650;Akváriové filtre;Heureka.sk | Chovateľské potreby | Akvaristika | Akváriová technika | Akváriové filtre;5;https://www.heureka.sk/direct/xml-export/shops/heureka-sekce.xml
SK;5314;Akváriové kŕmidlá;Heureka.sk | Chovateľské potreby | Akvaristika | Akváriová technika | Akváriové kŕmidlá;5;https://www.heureka.sk/direct/xml-export/shops/heureka-sekce.xml
SK;2653;Akváriové odkalovače;Heureka.sk | Chovateľské potreby | Akvaristika | Akváriová technika | Akváriové odkalovače;5;https://www.heureka.sk/direct/xml-export/shops/heureka-sekce.xml
SK;2649;Akváriové čerpadlá;Heureka.sk | Chovateľské potreby | Akvaristika | Akváriová technika | Akváriové čerpadlá;5;https://www.heureka.sk/direct/xml-export/shops/heureka-sekce.xml
SK;4996;CO2 hnojenie rastlín;Heureka.sk | Chovateľské potreby | Akvaristika | Akváriová technika | CO2 hnojenie rastlín;5;https://www.heureka.sk/direct/xml-export/shops/heureka-sekce.xml
SK;2654;Ohrievače do akvárií;Heureka.sk | Chovateľské potreby | Akvaristika | Akváriová technika | Ohrievače do akvárií;5;https://www.heureka.sk/direct/xml-export/shops/heureka-sekce.xml
SK;2156;Ostatná akváriová technika;Heureka.sk | Chovateľské potreby | Akvaristika | Akváriová technika | Ostatná akváriová technika;5;https://www.heureka.sk/direct/xml-export/shops/heureka-sekce.xml
SK;2655;Osvetlenie do akvárií;Heureka.sk | Chovateľské potreby | Akvaristika | Akváriová technika | Osvetlenie do akvárií;5;https://www.heureka.sk/direct/xml-export/shops/heureka-sekce.xml
SK;2678;UV sterilizátory;Heureka.sk | Chovateľské potreby | Akvaristika | Akváriová technika | UV sterilizátory;5;https://www.heureka.sk/direct/xml-export/shops/heureka-sekce.xml
SK;2651;Akváriové kompresory;Heureka.sk | Chovateľské potreby | Akvaristika | Akváriová technika | Vzduchovanie do akvárií | Akváriové kompresory;6;https://www.heureka.sk/direct/xml-export/shops/heureka-sekce.xml
SK;6997;Akváriové sety;Heureka.sk | Chovateľské potreby | Akvaristika | Akváriové sety;4;https://www.heureka.sk/direct/xml-export/shops/heureka-sekce.xml
SK;2154;Akváriá;Heureka.sk | Chovateľské potreby | Akvaristika | Akváriá;4;https://www.heureka.sk/direct/xml-export/shops/heureka-sekce.xml
SK;2159;Akvaristické potreby;Heureka.sk | Chovateľské potreby | Akvaristika | Doplnky do akvárií | Akvaristické potreby;5;https://www.heureka.sk/direct/xml-export/shops/heureka-sekce.xml
SK;2658;Akváriové rastliny;Heureka.sk | Chovateľské potreby | Akvaristika | Doplnky do akvárií | Akváriové rastliny;5;https://www.heureka.sk/direct/xml-export/shops/heureka-sekce.xml
SK;2155;Dekorácie do akvárií;Heureka.sk | Chovateľské potreby | Akvaristika | Doplnky do akvárií | Dekorácie do akvárií;5;https://www.heureka.sk/direct/xml-export/shops/heureka-sekce.xml
SK;2652;Piesok do akvárií;Heureka.sk | Chovateľské potreby | Akvaristika | Doplnky do akvárií | Piesok do akvárií;5;https://www.heureka.sk/direct/xml-export/shops/heureka-sekce.xml
SK;6999;Substráty do akvárií;Heureka.sk | Chovateľské potreby | Akvaristika | Doplnky do akvárií | Substráty do akvárií;5;https://www.heureka.sk/direct/xml-export/shops/heureka-sekce.xml
SK;2023;Krmivo pre ryby;Heureka.sk | Chovateľské potreby | Akvaristika | Krmivo pre ryby;4;https://www.heureka.sk/direct/xml-export/shops/heureka-sekce.xml
SK;7003;Akváriové nožnice, pinzety a kliešte;Heureka.sk | Chovateľské potreby | Akvaristika | Príslušenstvo k akváriám | Akváriové nožnice, pinzety a kliešte;5;https://www.heureka.sk/direct/xml-export/shops/heureka-sekce.xml
SK;7004;Sieťky a chytače na ryby;Heureka.sk | Chovateľské potreby | Akvaristika | Príslušenstvo k akváriám | Sieťky a chytače na ryby;5;https://www.heureka.sk/direct/xml-export/shops/heureka-sekce.xml
SK;7005;Teplomery do akvárií;Heureka.sk | Chovateľské potreby | Akvaristika | Príslušenstvo k akváriám | Teplomery do akvárií;5;https://www.heureka.sk/direct/xml-export/shops/heureka-sekce.xml
SK;7001;Potreby na čistenie akvárií;Heureka.sk | Chovateľské potreby | Akvaristika | Starostlivosť a údržba akvária | Potreby na čistenie akvárií;5;https://www.heureka.sk/direct/xml-export/shops/heureka-sekce.xml
SK;4995;Úprava vody a testy;Heureka.sk | Chovateľské potreby | Akvaristika | Starostlivosť a údržba akvária | Úprava vody a testy;5;https://www.heureka.sk/direct/xml-export/shops/heureka-sekce.xml
SK;7007;Akváriové kryty;Heureka.sk | Chovateľské potreby | Akvaristika | Vybavenie a nábytok k akváriám | Akváriové kryty;5;https://www.heureka.sk/direct/xml-export/shops/heureka-sekce.xml
SK;7008;Podložky pod akváriá;Heureka.sk | Chovateľské potreby | Akvaristika | Vybavenie a nábytok k akváriám | Podložky pod akváriá;5;https://www.heureka.sk/direct/xml-export/shops/heureka-sekce.xml
SK;7010;Pozadia do akvárií;Heureka.sk | Chovateľské potreby | Akvaristika | Vybavenie a nábytok k akváriám | Pozadia do akvárií;5;https://www.heureka.sk/direct/xml-export/shops/heureka-sekce.xml
SK;3144;Skrine pod akváriá;Heureka.sk | Chovateľské potreby | Akvaristika | Vybavenie a nábytok k akváriám | Skrine pod akváriá;5;https://www.heureka.sk/direct/xml-export/shops/heureka-sekce.xml
SK;8554;Kúpacie piesky pre hlodavce;Heureka.sk | Chovateľské potreby | Pre hlodavce | Hygiena a kozmetika pre hlodavce | Kúpacie piesky pre hlodavce;5;https://www.heureka.sk/direct/xml-export/shops/heureka-sekce.xml
SK;7050;Kúpeľne a toalety pre hlodavce;Heureka.sk | Chovateľské potreby | Pre hlodavce | Hygiena a kozmetika pre hlodavce | Kúpeľne a toalety pre hlodavce;5;https://www.heureka.sk/direct/xml-export/shops/heureka-sekce.xml
SK;2659;Podstielky pre hlodavcov;Heureka.sk | Chovateľské potreby | Pre hlodavce | Hygiena a kozmetika pre hlodavce | Podstielky pre hlodavcov;5;https://www.heureka.sk/direct/xml-export/shops/heureka-sekce.xml
SK;7051;Starostlivosť o srsť a pazúriky hlodavcov;Heureka.sk | Chovateľské potreby | Pre hlodavce | Hygiena a kozmetika pre hlodavce | Starostlivosť o srsť a pazúriky hlodavcov;5;https://www.heureka.sk/direct/xml-export/shops/heureka-sekce.xml
SK;2663;Starostlivosť o zuby hlodavcov;Heureka.sk | Chovateľské potreby | Pre hlodavce | Hygiena a kozmetika pre hlodavce | Starostlivosť o zuby hlodavcov;5;https://www.heureka.sk/direct/xml-export/shops/heureka-sekce.xml
SK;2490;Klietky pre hlodavce;Heureka.sk | Chovateľské potreby | Pre hlodavce | Klietky pre hlodavce;4;https://www.heureka.sk/direct/xml-export/shops/heureka-sekce.xml
SK;2491;Krmivo pre hlodavce;Heureka.sk | Chovateľské potreby | Pre hlodavce | Krmivo pre hlodavce;4;https://www.heureka.sk/direct/xml-export/shops/heureka-sekce.xml
SK;2662;Ostatné pre hlodavce;Heureka.sk | Chovateľské potreby | Pre hlodavce | Ostatné pre hlodavce;4;https://www.heureka.sk/direct/xml-export/shops/heureka-sekce.xml
SK;2660;Prepravky pre hlodavce;Heureka.sk | Chovateľské potreby | Pre hlodavce | Prepravky pre hlodavce;4;https://www.heureka.sk/direct/xml-export/shops/heureka-sekce.xml
SK;7048;Seno pre hlodavce;Heureka.sk | Chovateľské potreby | Pre hlodavce | Seno pre hlodavce;4;https://www.heureka.sk/direct/xml-export/shops/heureka-sekce.xml
SK;8282;Domčeky pre hlodavce;Heureka.sk | Chovateľské potreby | Pre hlodavce | Vybavenie klietok pre hlodavce | Domčeky pre hlodavce;5;https://www.heureka.sk/direct/xml-export/shops/heureka-sekce.xml
SK;8283;Hračky pre hlodavce;Heureka.sk | Chovateľské potreby | Pre hlodavce | Vybavenie klietok pre hlodavce | Hračky pre hlodavce;5;https://www.heureka.sk/direct/xml-export/shops/heureka-sekce.xml
SK;2661;Misky a kŕmidlá pre hlodavce;Heureka.sk | Chovateľské potreby | Pre hlodavce | Vybavenie klietok pre hlodavce | Misky a kŕmidlá pre hlodavce;5;https://www.heureka.sk/direct/xml-export/shops/heureka-sekce.xml
SK;2492;Napájačky;Heureka.sk | Chovateľské potreby | Pre hlodavce | Vybavenie klietok pre hlodavce | Napájačky;5;https://www.heureka.sk/direct/xml-export/shops/heureka-sekce.xml
SK;7042;Králikárne;Heureka.sk | Chovateľské potreby | Pre hospodárske zvieratá | Domčeky a úkryty pre hospodárske zvieratá | Králikárne;5;https://www.heureka.sk/direct/xml-export/shops/heureka-sekce.xml
SK;7043;Kurníky;Heureka.sk | Chovateľské potreby | Pre hospodárske zvieratá | Domčeky a úkryty pre hospodárske zvieratá | Kurníky;5;https://www.heureka.sk/direct/xml-export/shops/heureka-sekce.xml
SK;2025;Krmivá pre hospodárske zvieratá;Heureka.sk | Chovateľské potreby | Pre hospodárske zvieratá | Krmivá pre hospodárske zvieratá;4;https://www.heureka.sk/direct/xml-export/shops/heureka-sekce.xml
SK;7047;Kŕmidlá a napájačky pre hydinu;Heureka.sk | Chovateľské potreby | Pre hospodárske zvieratá | Potreby pre hospodárske zvieratá | Potreby pre hydinu | Kŕmidlá a napájačky pre hydinu;6;https://www.heureka.sk/direct/xml-export/shops/heureka-sekce.xml
SK;7046;Umelé liahne a kvočky;Heureka.sk | Chovateľské potreby | Pre hospodárske zvieratá | Potreby pre hospodárske zvieratá | Potreby pre hydinu | Umelé liahne a kvočky;6;https://www.heureka.sk/direct/xml-export/shops/heureka-sekce.xml
SK;2348;Krmivo pre kone;Heureka.sk | Chovateľské potreby | Pre kone | Krmivo pre kone;4;https://www.heureka.sk/direct/xml-export/shops/heureka-sekce.xml
SK;3797;Starostlivosť o kopytá koní;Heureka.sk | Chovateľské potreby | Pre kone | Starostlivosť o kopytá koní;4;https://www.heureka.sk/direct/xml-export/shops/heureka-sekce.xml
SK;2346;Starostlivosť o srsť koní;Heureka.sk | Chovateľské potreby | Pre kone | Starostlivosť o srsť koní;4;https://www.heureka.sk/direct/xml-export/shops/heureka-sekce.xml
SK;6353;Dvierka pre mačky;Heureka.sk | Chovateľské potreby | Pre mačky | Dvierka pre mačky;4;https://www.heureka.sk/direct/xml-export/shops/heureka-sekce.xml
SK;2247;Hračky pre mačky;Heureka.sk | Chovateľské potreby | Pre mačky | Hračky pre mačky;4;https://www.heureka.sk/direct/xml-export/shops/heureka-sekce.xml
SK;6234;Kefy pre mačky;Heureka.sk | Chovateľské potreby | Pre mačky | Hygiena a kozmetika pre mačky | Kefy pre mačky;5;https://www.heureka.sk/direct/xml-export/shops/heureka-sekce.xml
SK;2248;Kozmetika a úprava mačiek;Heureka.sk | Chovateľské potreby | Pre mačky | Hygiena a kozmetika pre mačky | Kozmetika a úprava mačiek;5;https://www.heureka.sk/direct/xml-export/shops/heureka-sekce.xml
SK;5818;Šampóny pre mačky;Heureka.sk | Chovateľské potreby | Pre mačky | Hygiena a kozmetika pre mačky | Šampóny pre mačky;5;https://www.heureka.sk/direct/xml-export/shops/heureka-sekce.xml
SK;1962;Granule pre mačky;Heureka.sk | Chovateľské potreby | Pre mačky | Krmivo pre mačky | Granule pre mačky;5;https://www.heureka.sk/direct/xml-export/shops/heureka-sekce.xml
SK;8470;Kapsičky pre mačky;Heureka.sk | Chovateľské potreby | Pre mačky | Krmivo pre mačky | Kapsičky pre mačky;5;https://www.heureka.sk/direct/xml-export/shops/heureka-sekce.xml
SK;8471;Konzervy pre mačky;Heureka.sk | Chovateľské potreby | Pre mačky | Krmivo pre mačky | Konzervy pre mačky;5;https://www.heureka.sk/direct/xml-export/shops/heureka-sekce.xml
SK;8473;Maškrty pre mačky;Heureka.sk | Chovateľské potreby | Pre mačky | Krmivo pre mačky | Maškrty pre mačky;5;https://www.heureka.sk/direct/xml-export/shops/heureka-sekce.xml
SK;8474;Mlieka a kaše pre mačiatka;Heureka.sk | Chovateľské potreby | Pre mačky | Krmivo pre mačky | Mlieka a kaše pre mačiatka;5;https://www.heureka.sk/direct/xml-export/shops/heureka-sekce.xml
SK;8475;Ostatné krmivo pre mačky;Heureka.sk | Chovateľské potreby | Pre mačky | Krmivo pre mačky | Ostatné krmivo pre mačky;5;https://www.heureka.sk/direct/xml-export/shops/heureka-sekce.xml
SK;8472;Paštéty pre mačky;Heureka.sk | Chovateľské potreby | Pre mačky | Krmivo pre mačky | Paštéty pre mačky;5;https://www.heureka.sk/direct/xml-export/shops/heureka-sekce.xml
SK;6977;Lopatky, vrecká a filtre do mačacích toaliet;Heureka.sk | Chovateľské potreby | Pre mačky | Mačacie toalety a podstielky | Lopatky, vrecká a filtre do mačacích toaliet;5;https://www.heureka.sk/direct/xml-export/shops/heureka-sekce.xml
SK;2249;Stelivá pre mačky;Heureka.sk | Chovateľské potreby | Pre mačky | Mačacie toalety a podstielky | Stelivá pre mačky;5;https://www.heureka.sk/direct/xml-export/shops/heureka-sekce.xml
SK;5791;Toalety pre mačky;Heureka.sk | Chovateľské potreby | Pre mačky | Mačacie toalety a podstielky | Toalety pre mačky;5;https://www.heureka.sk/direct/xml-export/shops/heureka-sekce.xml
SK;2251;Misky a zásobníky pre mačky;Heureka.sk | Chovateľské potreby | Pre mačky | Misky a zásobníky pre mačky;4;https://www.heureka.sk/direct/xml-export/shops/heureka-sekce.xml
SK;2440;Obojky a postroje pre mačky;Heureka.sk | Chovateľské potreby | Pre mačky | Obojky a postroje pre mačky;4;https://www.heureka.sk/direct/xml-export/shops/heureka-sekce.xml
SK;8332;Ochranné siete a mreže pre mačky;Heureka.sk | Chovateľské potreby | Pre mačky | Ochranné siete a mreže pre mačky;4;https://www.heureka.sk/direct/xml-export/shops/heureka-sekce.xml
SK;2255;Odpočívadlá a škrabadlá pre mačky;Heureka.sk | Chovateľské potreby | Pre mačky | Odpočívadlá a škrabadlá pre mačky;4;https://www.heureka.sk/direct/xml-export/shops/heureka-sekce.xml
SK;2664;Ostatné pomôcky pre mačky;Heureka.sk | Chovateľské potreby | Pre mačky | Ostatné pomôcky pre mačky;4;https://www.heureka.sk/direct/xml-export/shops/heureka-sekce.xml
SK;8569;Pelechy pre mačky;Heureka.sk | Chovateľské potreby | Pre mačky | Pelechy pre mačky;4;https://www.heureka.sk/direct/xml-export/shops/heureka-sekce.xml
SK;2441;Prepravky pre mačky;Heureka.sk | Chovateľské potreby | Pre mačky | Prepravky pre mačky;4;https://www.heureka.sk/direct/xml-export/shops/heureka-sekce.xml
SK;2250;Výcvik mačiek;Heureka.sk | Chovateľské potreby | Pre mačky | Výcvik mačiek;4;https://www.heureka.sk/direct/xml-export/shops/heureka-sekce.xml
SK;8333;Bazény pre psov;Heureka.sk | Chovateľské potreby | Pre psov | Bazény pre psov;4;https://www.heureka.sk/direct/xml-export/shops/heureka-sekce.xml
SK;8420;Autopoťahy a tunely pre psov;Heureka.sk | Chovateľské potreby | Pre psov | Cestovanie so psami | Autopoťahy a tunely pre psov;5;https://www.heureka.sk/direct/xml-export/shops/heureka-sekce.xml
SK;8421;Autosedačky pre psov;Heureka.sk | Chovateľské potreby | Pre psov | Cestovanie so psami | Autosedačky pre psov;5;https://www.heureka.sk/direct/xml-export/shops/heureka-sekce.xml
SK;8335;Cestovné fľaše pre psov;Heureka.sk | Chovateľské potreby | Pre psov | Cestovanie so psami | Cestovné fľaše pre psov;5;https://www.heureka.sk/direct/xml-export/shops/heureka-sekce.xml
SK;8432;Klietky pre psov;Heureka.sk | Chovateľské potreby | Pre psov | Cestovanie so psami | Klietky pre psov;5;https://www.heureka.sk/direct/xml-export/shops/heureka-sekce.xml
SK;8433;Nástupné rampy pre psov;Heureka.sk | Chovateľské potreby | Pre psov | Cestovanie so psami | Nástupné rampy pre psov;5;https://www.heureka.sk/direct/xml-export/shops/heureka-sekce.xml
SK;2244;Ostatné potreby na cestovanie so psom;Heureka.sk | Chovateľské potreby | Pre psov | Cestovanie so psami | Ostatné potreby na cestovanie so psom;5;https://www.heureka.sk/direct/xml-export/shops/heureka-sekce.xml
SK;2239;Hračky pre psov;Heureka.sk | Chovateľské potreby | Pre psov | Hračky pre psov;4;https://www.heureka.sk/direct/xml-export/shops/heureka-sekce.xml
SK;8512;Háracie nohavičky pre psov;Heureka.sk | Chovateľské potreby | Pre psov | Hygiena a kozmetika pre psov | Háracie nohavičky pre psov;5;https://www.heureka.sk/direct/xml-export/shops/heureka-sekce.xml
SK;8551;Kliešte a brúsky na pazúry pre psov;Heureka.sk | Chovateľské potreby | Pre psov | Hygiena a kozmetika pre psov | Kliešte a brúsky na pazúry pre psov;5;https://www.heureka.sk/direct/xml-export/shops/heureka-sekce.xml
SK;8553;Parfumy pre psov;Heureka.sk | Chovateľské potreby | Pre psov | Hygiena a kozmetika pre psov | Parfumy pre psov;5;https://www.heureka.sk/direct/xml-export/shops/heureka-sekce.xml
SK;8513;Plienky a absorpčné podložky pre psov;Heureka.sk | Chovateľské potreby | Pre psov | Hygiena a kozmetika pre psov | Plienky a absorpčné podložky pre psov;5;https://www.heureka.sk/direct/xml-export/shops/heureka-sekce.xml
SK;8526;Hrablá pre psov;Heureka.sk | Chovateľské potreby | Pre psov | Hygiena a kozmetika pre psov | Starostlivosť o psiu srsť | Hrablá pre psov;6;https://www.heureka.sk/direct/xml-export/shops/heureka-sekce.xml
SK;8527;Hrebene pre psov;Heureka.sk | Chovateľské potreby | Pre psov | Hygiena a kozmetika pre psov | Starostlivosť o psiu srsť | Hrebene pre psov;6;https://www.heureka.sk/direct/xml-export/shops/heureka-sekce.xml
SK;5823;Kefy pre psov;Heureka.sk | Chovateľské potreby | Pre psov | Hygiena a kozmetika pre psov | Starostlivosť o psiu srsť | Kefy pre psov;6;https://www.heureka.sk/direct/xml-export/shops/heureka-sekce.xml
SK;8529;Kondicionéry a balzamy pre psov;Heureka.sk | Chovateľské potreby | Pre psov | Hygiena a kozmetika pre psov | Starostlivosť o psiu srsť | Kondicionéry a balzamy pre psov;6;https://www.heureka.sk/direct/xml-export/shops/heureka-sekce.xml
SK;2241;Kozmetika a úprava psa;Heureka.sk | Chovateľské potreby | Pre psov | Hygiena a kozmetika pre psov | Starostlivosť o psiu srsť | Kozmetika a úprava psa;6;https://www.heureka.sk/direct/xml-export/shops/heureka-sekce.xml
SK;8528;Nožnice pre psov;Heureka.sk | Chovateľské potreby | Pre psov | Hygiena a kozmetika pre psov | Starostlivosť o psiu srsť | Nožnice pre psov;6;https://www.heureka.sk/direct/xml-export/shops/heureka-sekce.xml
SK;8530;Peny, oleje a púdre pre psov;Heureka.sk | Chovateľské potreby | Pre psov | Hygiena a kozmetika pre psov | Starostlivosť o psiu srsť | Peny, oleje a púdre pre psov;6;https://www.heureka.sk/direct/xml-export/shops/heureka-sekce.xml
SK;8531;Rukavice na vyčesávanie srsti;Heureka.sk | Chovateľské potreby | Pre psov | Hygiena a kozmetika pre psov | Starostlivosť o psiu srsť | Rukavice na vyčesávanie srsti;6;https://www.heureka.sk/direct/xml-export/shops/heureka-sekce.xml
SK;6233;Strojčeky na mačky a psy;Heureka.sk | Chovateľské potreby | Pre psov | Hygiena a kozmetika pre psov | Starostlivosť o psiu srsť | Strojčeky na mačky a psy;6;https://www.heureka.sk/direct/xml-export/shops/heureka-sekce.xml
SK;8532;Trimovacie nože na psiu srsť;Heureka.sk | Chovateľské potreby | Pre psov | Hygiena a kozmetika pre psov | Starostlivosť o psiu srsť | Trimovacie nože na psiu srsť;6;https://www.heureka.sk/direct/xml-export/shops/heureka-sekce.xml
SK;5822;Šampóny pre psov;Heureka.sk | Chovateľské potreby | Pre psov | Hygiena a kozmetika pre psov | Starostlivosť o psiu srsť | Šampóny pre psov;6;https://www.heureka.sk/direct/xml-export/shops/heureka-sekce.xml
SK;5824;Starostlivosť o psí chrup;Heureka.sk | Chovateľské potreby | Pre psov | Hygiena a kozmetika pre psov | Starostlivosť o psí chrup;5;https://www.heureka.sk/direct/xml-export/shops/heureka-sekce.xml
SK;8552;Uteráky a osušky pre psov;Heureka.sk | Chovateľské potreby | Pre psov | Hygiena a kozmetika pre psov | Uteráky a osušky pre psov;5;https://www.heureka.sk/direct/xml-export/shops/heureka-sekce.xml
SK;8382;Mäsa pre psov;Heureka.sk | Chovateľské potreby | Pre psov | Krmivo pre psov | Barf | Mäsa pre psov;6;https://www.heureka.sk/direct/xml-export/shops/heureka-sekce.xml
SK;8381;Prílohy pre psov;Heureka.sk | Chovateľské potreby | Pre psov | Krmivo pre psov | Barf | Prílohy pre psov;6;https://www.heureka.sk/direct/xml-export/shops/heureka-sekce.xml
SK;1963;Granule pre psov;Heureka.sk | Chovateľské potreby | Pre psov | Krmivo pre psov | Granule pre psov;5;https://www.heureka.sk/direct/xml-export/shops/heureka-sekce.xml
SK;8374;Kapsičky pre psov;Heureka.sk | Chovateľské potreby | Pre psov | Krmivo pre psov | Kapsičky pre psov;5;https://www.heureka.sk/direct/xml-export/shops/heureka-sekce.xml
SK;8375;Konzervy pre psov;Heureka.sk | Chovateľské potreby | Pre psov | Krmivo pre psov | Konzervy pre psov;5;https://www.heureka.sk/direct/xml-export/shops/heureka-sekce.xml
SK;3120;Maškrty pre psov;Heureka.sk | Chovateľské potreby | Pre psov | Krmivo pre psov | Maškrty pre psov;5;https://www.heureka.sk/direct/xml-export/shops/heureka-sekce.xml
SK;8376;Mlieka a kaše pre šteňatá;Heureka.sk | Chovateľské potreby | Pre psov | Krmivo pre psov | Mlieka a kaše pre šteňatá;5;https://www.heureka.sk/direct/xml-export/shops/heureka-sekce.xml
SK;8378;Ostatné krmivo pre psov;Heureka.sk | Chovateľské potreby | Pre psov | Krmivo pre psov | Ostatné krmivo pre psov;5;https://www.heureka.sk/direct/xml-export/shops/heureka-sekce.xml
SK;8377;Paštéty pre psov;Heureka.sk | Chovateľské potreby | Pre psov | Krmivo pre psov | Paštéty pre psov;5;https://www.heureka.sk/direct/xml-export/shops/heureka-sekce.xml
SK;8379;Salámy pre psov;Heureka.sk | Chovateľské potreby | Pre psov | Krmivo pre psov | Salámy pre psov;5;https://www.heureka.sk/direct/xml-export/shops/heureka-sekce.xml
SK;2242;Misky a zásobníky pre psov;Heureka.sk | Chovateľské potreby | Pre psov | Misky a zásobníky pre psov;4;https://www.heureka.sk/direct/xml-export/shops/heureka-sekce.xml
SK;2665;Oblečenie pre psov;Heureka.sk | Chovateľské potreby | Pre psov | Oblečenie pre psov;4;https://www.heureka.sk/direct/xml-export/shops/heureka-sekce.xml
SK;3074;Náhubky pre psov;Heureka.sk | Chovateľské potreby | Pre psov | Obojky a vôdzky pre psov | Náhubky pre psov;5;https://www.heureka.sk/direct/xml-export/shops/heureka-sekce.xml
SK;3110;Obojky pre psov;Heureka.sk | Chovateľské potreby | Pre psov | Obojky a vôdzky pre psov | Obojky pre psov;5;https://www.heureka.sk/direct/xml-export/shops/heureka-sekce.xml
SK;3111;Postroje pre psov;Heureka.sk | Chovateľské potreby | Pre psov | Obojky a vôdzky pre psov | Postroje pre psov;5;https://www.heureka.sk/direct/xml-export/shops/heureka-sekce.xml
SK;2342;Vôdzky pre psov;Heureka.sk | Chovateľské potreby | Pre psov | Obojky a vôdzky pre psov | Vôdzky pre psov;5;https://www.heureka.sk/direct/xml-export/shops/heureka-sekce.xml
SK;5028;Známky, adresáre a prívesky pre psov;Heureka.sk | Chovateľské potreby | Pre psov | Obojky a vôdzky pre psov | Známky, adresáre a prívesky pre psov;5;https://www.heureka.sk/direct/xml-export/shops/heureka-sekce.xml
SK;2666;Ostatné pomôcky pre psov;Heureka.sk | Chovateľské potreby | Pre psov | Ostatné pomôcky pre psov;4;https://www.heureka.sk/direct/xml-export/shops/heureka-sekce.xml
SK;6654;Búdy pre psov;Heureka.sk | Chovateľské potreby | Pre psov | Pelechy, búdy a dvierka pre psov | Búdy pre psov;5;https://www.heureka.sk/direct/xml-export/shops/heureka-sekce.xml
SK;6232;Dvierka pre psov;Heureka.sk | Chovateľské potreby | Pre psov | Pelechy, búdy a dvierka pre psov | Dvierka pre psov;5;https://www.heureka.sk/direct/xml-export/shops/heureka-sekce.xml
SK;6655;Koterce pre psov;Heureka.sk | Chovateľské potreby | Pre psov | Pelechy, búdy a dvierka pre psov | Koterce pre psov;5;https://www.heureka.sk/direct/xml-export/shops/heureka-sekce.xml
SK;2245;Pelechy pre psov;Heureka.sk | Chovateľské potreby | Pre psov | Pelechy, búdy a dvierka pre psov | Pelechy pre psov;5;https://www.heureka.sk/direct/xml-export/shops/heureka-sekce.xml
SK;2240;Výcvik psa;Heureka.sk | Chovateľské potreby | Pre psov | Výcvik a psie športy | Základné výcvikové pomôcky pre psov | Výcvik psa;6;https://www.heureka.sk/direct/xml-export/shops/heureka-sekce.xml
SK;2252;Klietky a voliéry;Heureka.sk | Chovateľské potreby | Pre vtáky | Klietky a voliéry;4;https://www.heureka.sk/direct/xml-export/shops/heureka-sekce.xml
SK;2024;Krmivo pre vtáky;Heureka.sk | Chovateľské potreby | Pre vtáky | Krmivo pre vtáky;4;https://www.heureka.sk/direct/xml-export/shops/heureka-sekce.xml
SK;2677;Ostatné doplnky pre vtáky;Heureka.sk | Chovateľské potreby | Pre vtáky | Ostatné doplnky pre vtáky;4;https://www.heureka.sk/direct/xml-export/shops/heureka-sekce.xml
SK;2676;Piesok pre vtáky;Heureka.sk | Chovateľské potreby | Pre vtáky | Piesok pre vtáky;4;https://www.heureka.sk/direct/xml-export/shops/heureka-sekce.xml
SK;8334;Prepravky pre vtáky;Heureka.sk | Chovateľské potreby | Pre vtáky | Prepravky pre vtáky;4;https://www.heureka.sk/direct/xml-export/shops/heureka-sekce.xml
SK;2656;Bidielka;Heureka.sk | Chovateľské potreby | Pre vtáky | Vybavenie klietok a voliér | Bidielka;5;https://www.heureka.sk/direct/xml-export/shops/heureka-sekce.xml
SK;2253;Hračky pre vtáky;Heureka.sk | Chovateľské potreby | Pre vtáky | Vybavenie klietok a voliér | Hračky pre vtáky;5;https://www.heureka.sk/direct/xml-export/shops/heureka-sekce.xml
SK;2675;Kúpeľne pre vtáky;Heureka.sk | Chovateľské potreby | Pre vtáky | Vybavenie klietok a voliér | Kúpeľne pre vtáky;5;https://www.heureka.sk/direct/xml-export/shops/heureka-sekce.xml
SK;2657;Napájačky a krmítka pre vtáky;Heureka.sk | Chovateľské potreby | Pre vtáky | Vybavenie klietok a voliér | Napájačky a krmítka pre vtáky;5;https://www.heureka.sk/direct/xml-export/shops/heureka-sekce.xml
SK;2699;Príslušenstvo ku klietkam;Heureka.sk | Chovateľské potreby | Pre vtáky | Vybavenie klietok a voliér | Príslušenstvo ku klietkam;5;https://www.heureka.sk/direct/xml-export/shops/heureka-sekce.xml
SK;2668;Krmivá pre terarijné zvieratá;Heureka.sk | Chovateľské potreby | Teraristika | Krmivá pre terarijné zvieratá;4;https://www.heureka.sk/direct/xml-export/shops/heureka-sekce.xml
SK;2683;Mravčie farmy;Heureka.sk | Chovateľské potreby | Teraristika | Mravčie farmy;4;https://www.heureka.sk/direct/xml-export/shops/heureka-sekce.xml
SK;2673;Osvetlenie do terárií;Heureka.sk | Chovateľské potreby | Teraristika | Teráriová technika | Osvetlenie do terárií;5;https://www.heureka.sk/direct/xml-export/shops/heureka-sekce.xml
SK;2670;Teráriové teplomery a vlhkomery;Heureka.sk | Chovateľské potreby | Teraristika | Teráriová technika | Teráriové teplomery a vlhkomery;5;https://www.heureka.sk/direct/xml-export/shops/heureka-sekce.xml
SK;2671;Vykurovacie kamene;Heureka.sk | Chovateľské potreby | Teraristika | Teráriová technika | Vykurovacie kamene;5;https://www.heureka.sk/direct/xml-export/shops/heureka-sekce.xml
SK;2680;Teráriá;Heureka.sk | Chovateľské potreby | Teraristika | Teráriá;4;https://www.heureka.sk/direct/xml-export/shops/heureka-sekce.xml
SK;2667;Dekorácie do terárií;Heureka.sk | Chovateľské potreby | Teraristika | Vybavenie terárií | Dekorácie do terárií;5;https://www.heureka.sk/direct/xml-export/shops/heureka-sekce.xml
SK;2674;Ostatné doplnky do terárií;Heureka.sk | Chovateľské potreby | Teraristika | Vybavenie terárií | Ostatné doplnky do terárií;5;https://www.heureka.sk/direct/xml-export/shops/heureka-sekce.xml
SK;2669;Piesok a substráty do terárií;Heureka.sk | Chovateľské potreby | Teraristika | Vybavenie terárií | Piesok a substráty do terárií;5;https://www.heureka.sk/direct/xml-export/shops/heureka-sekce.xml
SK;2246;Antiparazitiká pre mačky;Heureka.sk | Chovateľské potreby | Veterinárna lekáreň | Antiparazitiká pre zvieratá | Neveterinárne antiparazitiká | Antiparazitiká pre mačky;6;https://www.heureka.sk/direct/xml-export/shops/heureka-sekce.xml
SK;2243;Antiparazitiká pre psov;Heureka.sk | Chovateľské potreby | Veterinárna lekáreň | Antiparazitiká pre zvieratá | Neveterinárne antiparazitiká | Antiparazitiká pre psov;6;https://www.heureka.sk/direct/xml-export/shops/heureka-sekce.xml
SK;2254;Antiparazitiká pre vtáky;Heureka.sk | Chovateľské potreby | Veterinárna lekáreň | Antiparazitiká pre zvieratá | Neveterinárne antiparazitiká | Antiparazitiká pre vtáky;6;https://www.heureka.sk/direct/xml-export/shops/heureka-sekce.xml
SK;6034;Veterinárne prípravky;Heureka.sk | Chovateľské potreby | Veterinárna lekáreň | Veterinárne prípravky;4;https://www.heureka.sk/direct/xml-export/shops/heureka-sekce.xml
SK;6361;Vitamíny a doplnky stravy pre hlodavce;Heureka.sk | Chovateľské potreby | Veterinárna lekáreň | Vitamíny a doplnky stravy pre zvieratá | Vitamíny a doplnky stravy pre hlodavce;5;https://www.heureka.sk/direct/xml-export/shops/heureka-sekce.xml
SK;6106;Vitamíny a doplnky stravy pre kone;Heureka.sk | Chovateľské potreby | Veterinárna lekáreň | Vitamíny a doplnky stravy pre zvieratá | Vitamíny a doplnky stravy pre kone;5;https://www.heureka.sk/direct/xml-export/shops/heureka-sekce.xml
SK;6248;Vitamíny a doplnky stravy pre mačky;Heureka.sk | Chovateľské potreby | Veterinárna lekáreň | Vitamíny a doplnky stravy pre zvieratá | Vitamíny a doplnky stravy pre mačky;5;https://www.heureka.sk/direct/xml-export/shops/heureka-sekce.xml
SK;3119;Vitamíny a doplnky stravy pre psov;Heureka.sk | Chovateľské potreby | Veterinárna lekáreň | Vitamíny a doplnky stravy pre zvieratá | Vitamíny a doplnky stravy pre psov;5;https://www.heureka.sk/direct/xml-export/shops/heureka-sekce.xml
SK;6360;Vitamíny a doplnky stravy pre vtáky;Heureka.sk | Chovateľské potreby | Veterinárna lekáreň | Vitamíny a doplnky stravy pre zvieratá | Vitamíny a doplnky stravy pre vtáky;5;https://www.heureka.sk/direct/xml-export/shops/heureka-sekce.xml
SK;1209;Autosedačky;Heureka.sk | Detský tovar | Cestovanie s deťmi | Autosedačky;4;https://www.heureka.sk/direct/xml-export/shops/heureka-sekce.xml
SK;2384;Detské batohy;Heureka.sk | Detský tovar | Cestovanie s deťmi | Detské batohy;4;https://www.heureka.sk/direct/xml-export/shops/heureka-sekce.xml
SK;5000;Korby a sedadlá ku kočíkom;Heureka.sk | Detský tovar | Cestovanie s deťmi | Detské kočíky a príslušenstvo | Korby a sedadlá ku kočíkom;5;https://www.heureka.sk/direct/xml-export/shops/heureka-sekce.xml
SK;1310;Kočíky;Heureka.sk | Detský tovar | Cestovanie s deťmi | Detské kočíky a príslušenstvo | Kočíky;5;https://www.heureka.sk/direct/xml-export/shops/heureka-sekce.xml
SK;7023;Matrace do kočíkov;Heureka.sk | Detský tovar | Cestovanie s deťmi | Detské kočíky a príslušenstvo | Matrace do kočíkov;5;https://www.heureka.sk/direct/xml-export/shops/heureka-sekce.xml
SK;5004;Nánožníky ku kočíkom;Heureka.sk | Detský tovar | Cestovanie s deťmi | Detské kočíky a príslušenstvo | Nánožníky ku kočíkom;5;https://www.heureka.sk/direct/xml-export/shops/heureka-sekce.xml
SK;5001;Pláštenky na kočíky;Heureka.sk | Detský tovar | Cestovanie s deťmi | Detské kočíky a príslušenstvo | Pláštenky na kočíky;5;https://www.heureka.sk/direct/xml-export/shops/heureka-sekce.xml
SK;5002;Podložky do kočíkov;Heureka.sk | Detský tovar | Cestovanie s deťmi | Detské kočíky a príslušenstvo | Podložky do kočíkov;5;https://www.heureka.sk/direct/xml-export/shops/heureka-sekce.xml
SK;2354;Príslušenstvo ku kočíkom;Heureka.sk | Detský tovar | Cestovanie s deťmi | Detské kočíky a príslušenstvo | Príslušenstvo ku kočíkom;5;https://www.heureka.sk/direct/xml-export/shops/heureka-sekce.xml
SK;5003;Rukávniky ku kočíkom;Heureka.sk | Detský tovar | Cestovanie s deťmi | Detské kočíky a príslušenstvo | Rukávniky ku kočíkom;5;https://www.heureka.sk/direct/xml-export/shops/heureka-sekce.xml
SK;4999;Slnečníky a striešky ku kočíkom;Heureka.sk | Detský tovar | Cestovanie s deťmi | Detské kočíky a príslušenstvo | Slnečníky a striešky ku kočíkom;5;https://www.heureka.sk/direct/xml-export/shops/heureka-sekce.xml
SK;4998;Tašky na kočík;Heureka.sk | Detský tovar | Cestovanie s deťmi | Detské kočíky a príslušenstvo | Tašky na kočík;5;https://www.heureka.sk/direct/xml-export/shops/heureka-sekce.xml
SK;7030;Isofix základne a bázy k autosedačkám;Heureka.sk | Detský tovar | Cestovanie s deťmi | Doplnky k autosedačkám | Isofix základne a bázy k autosedačkám;5;https://www.heureka.sk/direct/xml-export/shops/heureka-sekce.xml
SK;7029;Pláštenky a moskytiéry na autosedačku;Heureka.sk | Detský tovar | Cestovanie s deťmi | Doplnky k autosedačkám | Pláštenky a moskytiéry na autosedačku;5;https://www.heureka.sk/direct/xml-export/shops/heureka-sekce.xml
SK;7031;Vložky a podložky do autosedačiek;Heureka.sk | Detský tovar | Cestovanie s deťmi | Doplnky k autosedačkám | Vložky a podložky do autosedačiek;5;https://www.heureka.sk/direct/xml-export/shops/heureka-sekce.xml
SK;7032;Zrkadlá k autosedačkám;Heureka.sk | Detský tovar | Cestovanie s deťmi | Doplnky k autosedačkám | Zrkadlá k autosedačkám;5;https://www.heureka.sk/direct/xml-export/shops/heureka-sekce.xml
SK;2377;Fusaky;Heureka.sk | Detský tovar | Cestovanie s deťmi | Fusaky;4;https://www.heureka.sk/direct/xml-export/shops/heureka-sekce.xml
SK;2427;Nosítka na deti;Heureka.sk | Detský tovar | Cestovanie s deťmi | Nosenie detí | Nosítka na deti;5;https://www.heureka.sk/direct/xml-export/shops/heureka-sekce.xml
SK;8345;Šatky na nosenie detí;Heureka.sk | Detský tovar | Cestovanie s deťmi | Nosenie detí | Šatky na nosenie detí;5;https://www.heureka.sk/direct/xml-export/shops/heureka-sekce.xml
SK;8315;Podsedáky do auta;Heureka.sk | Detský tovar | Cestovanie s deťmi | Podsedáky do auta;4;https://www.heureka.sk/direct/xml-export/shops/heureka-sekce.xml
SK;6624;Detské dezerty a pudingy;Heureka.sk | Detský tovar | Detská výživa a kŕmenie | Detská výživa | Detské dezerty a pudingy;5;https://www.heureka.sk/direct/xml-export/shops/heureka-sekce.xml
SK;3085;Detské kaše;Heureka.sk | Detský tovar | Detská výživa a kŕmenie | Detská výživa | Detské kaše;5;https://www.heureka.sk/direct/xml-export/shops/heureka-sekce.xml
SK;3087;Detské čaje;Heureka.sk | Detský tovar | Detská výživa a kŕmenie | Detská výživa | Detské nápoje | Detské čaje;6;https://www.heureka.sk/direct/xml-export/shops/heureka-sekce.xml
SK;3091;Detské šťavy;Heureka.sk | Detský tovar | Detská výživa a kŕmenie | Detská výživa | Detské nápoje | Detské šťavy;6;https://www.heureka.sk/direct/xml-export/shops/heureka-sekce.xml
SK;3093;Detské snacky;Heureka.sk | Detský tovar | Detská výživa a kŕmenie | Detská výživa | Detské snacky;5;https://www.heureka.sk/direct/xml-export/shops/heureka-sekce.xml
SK;3090;Dojčenské mlieka;Heureka.sk | Detský tovar | Detská výživa a kŕmenie | Detská výživa | Dojčenské mlieka;5;https://www.heureka.sk/direct/xml-export/shops/heureka-sekce.xml
SK;3089;Príkrmy a výživy;Heureka.sk | Detský tovar | Detská výživa a kŕmenie | Detská výživa | Príkrmy a výživy;5;https://www.heureka.sk/direct/xml-export/shops/heureka-sekce.xml
SK;4441;Špeciálne dojčenské mlieka;Heureka.sk | Detský tovar | Detská výživa a kŕmenie | Detská výživa | Špeciálne dojčenské mlieka;5;https://www.heureka.sk/direct/xml-export/shops/heureka-sekce.xml
SK;2716;Detské fľaše a učiace hrnčeky;Heureka.sk | Detský tovar | Detská výživa a kŕmenie | Detské fľaše na pitie | Detské fľaše a učiace hrnčeky;5;https://www.heureka.sk/direct/xml-export/shops/heureka-sekce.xml
SK;2425;Detské podbradníky a slintáčky;Heureka.sk | Detský tovar | Detská výživa a kŕmenie | Detské podbradníky a slintáčky;4;https://www.heureka.sk/direct/xml-export/shops/heureka-sekce.xml
SK;2421;Dojčenské fľaše;Heureka.sk | Detský tovar | Detská výživa a kŕmenie | Dojčenské fľaše;4;https://www.heureka.sk/direct/xml-export/shops/heureka-sekce.xml
SK;5970;Savičky;Heureka.sk | Detský tovar | Detská výživa a kŕmenie | Doplnky pre dojčenské fľaše | Savičky;5;https://www.heureka.sk/direct/xml-export/shops/heureka-sekce.xml
SK;6008;Ohrievače dojčenských fliaš;Heureka.sk | Detský tovar | Detská výživa a kŕmenie | Ohrievače dojčenských fliaš;4;https://www.heureka.sk/direct/xml-export/shops/heureka-sekce.xml
SK;2424;Sterilizátory dojčenských potrieb;Heureka.sk | Detský tovar | Detská výživa a kŕmenie | Sterilizátory dojčenských potrieb;4;https://www.heureka.sk/direct/xml-export/shops/heureka-sekce.xml
SK;2139;Cumlíky;Heureka.sk | Detský tovar | Dojčenské potreby | Cumlíky a doplnky | Cumlíky;5;https://www.heureka.sk/direct/xml-export/shops/heureka-sekce.xml
SK;5968;Klipy na cumlíky;Heureka.sk | Detský tovar | Dojčenské potreby | Cumlíky a doplnky | Klipy na cumlíky;5;https://www.heureka.sk/direct/xml-export/shops/heureka-sekce.xml
SK;5969;Krabičky na cumlíky;Heureka.sk | Detský tovar | Dojčenské potreby | Cumlíky a doplnky | Krabičky na cumlíky;5;https://www.heureka.sk/direct/xml-export/shops/heureka-sekce.xml
SK;1750;Nočníky pre deti;Heureka.sk | Detský tovar | Dojčenské potreby | Nočníky pre deti;4;https://www.heureka.sk/direct/xml-export/shops/heureka-sekce.xml
SK;2715;Odsávačky hlienov;Heureka.sk | Detský tovar | Dojčenské potreby | Odsávačky hlienov;4;https://www.heureka.sk/direct/xml-export/shops/heureka-sekce.xml
SK;4808;Osušky pre bábätká;Heureka.sk | Detský tovar | Kúpanie detí | Detské osušky | Osušky pre bábätká;5;https://www.heureka.sk/direct/xml-export/shops/heureka-sekce.xml
SK;3027;Teplomery do vody pre bábätká;Heureka.sk | Detský tovar | Kúpanie detí | Teplomery do vody pre bábätká;4;https://www.heureka.sk/direct/xml-export/shops/heureka-sekce.xml
SK;2428;Vaničky a vedierka;Heureka.sk | Detský tovar | Kúpanie detí | Vaničky a vedierka;4;https://www.heureka.sk/direct/xml-export/shops/heureka-sekce.xml
SK;5567;Dojčiace korále;Heureka.sk | Detský tovar | Pre matku | Dojčenie | Dojčiace korále;5;https://www.heureka.sk/direct/xml-export/shops/heureka-sekce.xml
SK;2703;Odsávačky materského mlieka;Heureka.sk | Detský tovar | Pre matku | Dojčenie | Odsávačky materského mlieka;5;https://www.heureka.sk/direct/xml-export/shops/heureka-sekce.xml
SK;2635;Tehotenské a dojčiace vankúše;Heureka.sk | Detský tovar | Pre matku | Dojčenie | Tehotenské a dojčiace vankúše;5;https://www.heureka.sk/direct/xml-export/shops/heureka-sekce.xml
SK;2434;Vložky do podprsenky;Heureka.sk | Detský tovar | Pre matku | Dojčenie | Vložky do podprsenky;5;https://www.heureka.sk/direct/xml-export/shops/heureka-sekce.xml
SK;2319;Detské plienky;Heureka.sk | Detský tovar | Prebaľovanie | Detské plienky;4;https://www.heureka.sk/direct/xml-export/shops/heureka-sekce.xml
SK;4809;Hygienické podložky na prebaľovanie;Heureka.sk | Detský tovar | Prebaľovanie | Hygienické podložky na prebaľovanie;4;https://www.heureka.sk/direct/xml-export/shops/heureka-sekce.xml
SK;3743;Koše na plienky;Heureka.sk | Detský tovar | Prebaľovanie | Koše na plienky;4;https://www.heureka.sk/direct/xml-export/shops/heureka-sekce.xml
SK;5389;Plienkové torty;Heureka.sk | Detský tovar | Prebaľovanie | Plienkové torty;4;https://www.heureka.sk/direct/xml-export/shops/heureka-sekce.xml
SK;2138;Prebaľovacie podložky;Heureka.sk | Detský tovar | Prebaľovanie | Prebaľovacie podložky;4;https://www.heureka.sk/direct/xml-export/shops/heureka-sekce.xml
SK;8446;Vrecká do koša na plienky;Heureka.sk | Detský tovar | Prebaľovanie | Vrecká do koša na plienky;4;https://www.heureka.sk/direct/xml-export/shops/heureka-sekce.xml
SK;4807;Detské deky;Heureka.sk | Detský tovar | Vybavenie detskej izby | Detské deky;4;https://www.heureka.sk/direct/xml-export/shops/heureka-sekce.xml
SK;2338;Detské pestúnky;Heureka.sk | Detský tovar | Vybavenie detskej izby | Detské pestúnky a monitory dychu | Detské pestúnky;5;https://www.heureka.sk/direct/xml-export/shops/heureka-sekce.xml
SK;8581;Monitory dychu;Heureka.sk | Detský tovar | Vybavenie detskej izby | Detské pestúnky a monitory dychu | Monitory dychu;5;https://www.heureka.sk/direct/xml-export/shops/heureka-sekce.xml
SK;8584;Sety pestúnek a monitorov dychu;Heureka.sk | Detský tovar | Vybavenie detskej izby | Detské pestúnky a monitory dychu | Sety pestúnek a monitorov dychu;5;https://www.heureka.sk/direct/xml-export/shops/heureka-sekce.xml
SK;2443;Zavinovačky;Heureka.sk | Detský tovar | Vybavenie detskej izby | Detské spacie vaky a zavinovačky | Zavinovačky;5;https://www.heureka.sk/direct/xml-export/shops/heureka-sekce.xml
SK;2814;Detské vreckáre;Heureka.sk | Detský tovar | Vybavenie detskej izby | Detské vreckáre;4;https://www.heureka.sk/direct/xml-export/shops/heureka-sekce.xml
SK;2376;Hracie podložky;Heureka.sk | Detský tovar | Vybavenie detskej izby | Hracie deky, podložky a hrazdičky | Hracie podložky;5;https://www.heureka.sk/direct/xml-export/shops/heureka-sekce.xml
SK;5916;Kolotoče nad postieľku;Heureka.sk | Detský tovar | Vybavenie detskej izby | Kolotoče nad postieľku;4;https://www.heureka.sk/direct/xml-export/shops/heureka-sekce.xml
SK;3163;Ležadlá pre bábätká;Heureka.sk | Detský tovar | Vybavenie detskej izby | Ležadlá pre bábätká;4;https://www.heureka.sk/direct/xml-export/shops/heureka-sekce.xml
SK;5315;Penové puzzle;Heureka.sk | Detský tovar | Vybavenie detskej izby | Penové puzzle;4;https://www.heureka.sk/direct/xml-export/shops/heureka-sekce.xml
SK;1506;Bazény;Heureka.sk | Dielňa, stavba, záhrada | Bazény a doplnky | Bazény;4;https://www.heureka.sk/direct/xml-export/shops/heureka-sekce.xml
SK;2689;Detské bazény;Heureka.sk | Dielňa, stavba, záhrada | Bazény a doplnky | Detské bazény;4;https://www.heureka.sk/direct/xml-export/shops/heureka-sekce.xml
SK;1701;Bazénové fólie;Heureka.sk | Dielňa, stavba, záhrada | Bazény a doplnky | Doplnky k bazénom | Bazénové fólie;5;https://www.heureka.sk/direct/xml-export/shops/heureka-sekce.xml
SK;1559;Bazénové protiprúdy;Heureka.sk | Dielňa, stavba, záhrada | Bazény a doplnky | Doplnky k bazénom | Bazénové protiprúdy;5;https://www.heureka.sk/direct/xml-export/shops/heureka-sekce.xml
SK;1561;Bazénové príslušenstvo;Heureka.sk | Dielňa, stavba, záhrada | Bazény a doplnky | Doplnky k bazénom | Bazénové príslušenstvo;5;https://www.heureka.sk/direct/xml-export/shops/heureka-sekce.xml
SK;2688;Ohrev vody k bazénom;Heureka.sk | Dielňa, stavba, záhrada | Bazény a doplnky | Doplnky k bazénom | Ohrev vody k bazénom;5;https://www.heureka.sk/direct/xml-export/shops/heureka-sekce.xml
SK;1692;Osvetlenie k bazénom;Heureka.sk | Dielňa, stavba, záhrada | Bazény a doplnky | Doplnky k bazénom | Osvetlenie k bazénom;5;https://www.heureka.sk/direct/xml-export/shops/heureka-sekce.xml
SK;1693;Podložky pod bazén;Heureka.sk | Dielňa, stavba, záhrada | Bazény a doplnky | Doplnky k bazénom | Podložky pod bazén;5;https://www.heureka.sk/direct/xml-export/shops/heureka-sekce.xml
SK;1694;Schodíky k bazénom;Heureka.sk | Dielňa, stavba, záhrada | Bazény a doplnky | Doplnky k bazénom | Schodíky k bazénom;5;https://www.heureka.sk/direct/xml-export/shops/heureka-sekce.xml
SK;4841;Zastrešenie bazénov;Heureka.sk | Dielňa, stavba, záhrada | Bazény a doplnky | Doplnky k bazénom | Zastrešenie bazénov;5;https://www.heureka.sk/direct/xml-export/shops/heureka-sekce.xml
SK;6507;Kúpacie kade;Heureka.sk | Dielňa, stavba, záhrada | Bazény a doplnky | Kúpacie kade;4;https://www.heureka.sk/direct/xml-export/shops/heureka-sekce.xml
SK;8389;Vonné esencie do vírivky;Heureka.sk | Dielňa, stavba, záhrada | Bazény a doplnky | Vonné esencie do vírivky;4;https://www.heureka.sk/direct/xml-export/shops/heureka-sekce.xml
SK;2724;Vírivky;Heureka.sk | Dielňa, stavba, záhrada | Bazény a doplnky | Vírivky;4;https://www.heureka.sk/direct/xml-export/shops/heureka-sekce.xml
SK;2690;Záhradné sprchy;Heureka.sk | Dielňa, stavba, záhrada | Bazény a doplnky | Záhradné sprchy;4;https://www.heureka.sk/direct/xml-export/shops/heureka-sekce.xml
SK;1557;Bazénová chémia;Heureka.sk | Dielňa, stavba, záhrada | Bazény a doplnky | Čistenie bazénov | Bazénová chémia;5;https://www.heureka.sk/direct/xml-export/shops/heureka-sekce.xml
SK;1558;Bazénové filtrácie;Heureka.sk | Dielňa, stavba, záhrada | Bazény a doplnky | Čistenie bazénov | Bazénové filtrácie;5;https://www.heureka.sk/direct/xml-export/shops/heureka-sekce.xml
SK;4842;Bazénové skimmery;Heureka.sk | Dielňa, stavba, záhrada | Bazény a doplnky | Čistenie bazénov | Bazénové skimmery;5;https://www.heureka.sk/direct/xml-export/shops/heureka-sekce.xml
SK;1560;Bazénové vysávače;Heureka.sk | Dielňa, stavba, záhrada | Bazény a doplnky | Čistenie bazénov | Bazénové vysávače;5;https://www.heureka.sk/direct/xml-export/shops/heureka-sekce.xml
SK;5196;Piktogramy;Heureka.sk | Dielňa, stavba, záhrada | Dielňa | Dielenské vybavenie | Bezpečnostné značenie | Piktogramy;6;https://www.heureka.sk/direct/xml-export/shops/heureka-sekce.xml
SK;6887;Výstražné pásky a reťaze;Heureka.sk | Dielňa, stavba, záhrada | Dielňa | Dielenské vybavenie | Bezpečnostné značenie | Výstražné pásky a reťaze;6;https://www.heureka.sk/direct/xml-export/shops/heureka-sekce.xml
SK;6888;Výstražné stĺpiky a kužele;Heureka.sk | Dielňa, stavba, záhrada | Dielňa | Dielenské vybavenie | Bezpečnostné značenie | Výstražné stĺpiky a kužele;6;https://www.heureka.sk/direct/xml-export/shops/heureka-sekce.xml
SK;4235;Dielenské ohrievače;Heureka.sk | Dielňa, stavba, záhrada | Dielňa | Dielenské vybavenie | Dielenské ohrievače;5;https://www.heureka.sk/direct/xml-export/shops/heureka-sekce.xml
SK;4164;Dielenské svietidlá;Heureka.sk | Dielňa, stavba, záhrada | Dielňa | Dielenské vybavenie | Dielenské svietidlá;5;https://www.heureka.sk/direct/xml-export/shops/heureka-sekce.xml
SK;5913;Dielenské ležadlá;Heureka.sk | Dielňa, stavba, záhrada | Dielňa | Dielenské vybavenie | Dielenský nábytok | Dielenské ležadlá;6;https://www.heureka.sk/direct/xml-export/shops/heureka-sekce.xml
SK;5881;Dielenské skrine;Heureka.sk | Dielňa, stavba, záhrada | Dielňa | Dielenské vybavenie | Dielenský nábytok | Dielenské skrine;6;https://www.heureka.sk/direct/xml-export/shops/heureka-sekce.xml
SK;5871;Dielenské stoličky;Heureka.sk | Dielňa, stavba, záhrada | Dielňa | Dielenské vybavenie | Dielenský nábytok | Dielenské stoličky;6;https://www.heureka.sk/direct/xml-export/shops/heureka-sekce.xml
SK;2894;Dielenské stoly a ponky;Heureka.sk | Dielňa, stavba, záhrada | Dielňa | Dielenské vybavenie | Dielenský nábytok | Dielenské stoly a ponky;6;https://www.heureka.sk/direct/xml-export/shops/heureka-sekce.xml
SK;2882;Kufre a organizéry na náradie;Heureka.sk | Dielňa, stavba, záhrada | Dielňa | Dielenské vybavenie | Dielenský nábytok | Kufre a organizéry na náradie;6;https://www.heureka.sk/direct/xml-export/shops/heureka-sekce.xml
SK;6352;Montážne vozíky;Heureka.sk | Dielňa, stavba, záhrada | Dielňa | Dielenské vybavenie | Dielenský nábytok | Montážne vozíky;6;https://www.heureka.sk/direct/xml-export/shops/heureka-sekce.xml
SK;2389;Skladové regály;Heureka.sk | Dielňa, stavba, záhrada | Dielňa | Dielenské vybavenie | Dielenský nábytok | Skladové regály;6;https://www.heureka.sk/direct/xml-export/shops/heureka-sekce.xml
SK;2374;Hasiace prístroje;Heureka.sk | Dielňa, stavba, záhrada | Dielňa | Dielenské vybavenie | Hasiace prístroje a hydranty | Hasiace prístroje;6;https://www.heureka.sk/direct/xml-export/shops/heureka-sekce.xml
SK;5983;Hydrantové systémy;Heureka.sk | Dielňa, stavba, záhrada | Dielňa | Dielenské vybavenie | Hasiace prístroje a hydranty | Hydrantové systémy;6;https://www.heureka.sk/direct/xml-export/shops/heureka-sekce.xml
SK;2390;Prepravné vozíky;Heureka.sk | Dielňa, stavba, záhrada | Dielňa | Dielenské vybavenie | Manipulačná technika | Prepravné vozíky;6;https://www.heureka.sk/direct/xml-export/shops/heureka-sekce.xml
SK;5975;Prísavky na sklo;Heureka.sk | Dielňa, stavba, záhrada | Dielňa | Dielenské vybavenie | Manipulačná technika | Prísavky na sklo;6;https://www.heureka.sk/direct/xml-export/shops/heureka-sekce.xml
SK;2388;Rudle;Heureka.sk | Dielňa, stavba, záhrada | Dielňa | Dielenské vybavenie | Manipulačná technika | Rudle;6;https://www.heureka.sk/direct/xml-export/shops/heureka-sekce.xml
SK;5965;Zdvíhacie magnety;Heureka.sk | Dielňa, stavba, záhrada | Dielňa | Dielenské vybavenie | Manipulačná technika | Zdvíhacie magnety;6;https://www.heureka.sk/direct/xml-export/shops/heureka-sekce.xml
SK;6815;Zdvíhacie stoly a plošiny;Heureka.sk | Dielňa, stavba, záhrada | Dielňa | Dielenské vybavenie | Manipulačná technika | Zdvíhacie stoly a plošiny;6;https://www.heureka.sk/direct/xml-export/shops/heureka-sekce.xml
SK;2105;Priemyselné váhy;Heureka.sk | Dielňa, stavba, záhrada | Dielňa | Dielenské vybavenie | Priemyselné váhy;5;https://www.heureka.sk/direct/xml-export/shops/heureka-sekce.xml
SK;5377;Sťahovacie pásky;Heureka.sk | Dielňa, stavba, záhrada | Dielňa | Dielenské vybavenie | Sťahovacie pásky;5;https://www.heureka.sk/direct/xml-export/shops/heureka-sekce.xml
SK;4136;Odsávače prachu a pilín;Heureka.sk | Dielňa, stavba, záhrada | Dielňa | Dielenské vybavenie | Upratovacia technika | Odsávače prachu a pilín;6;https://www.heureka.sk/direct/xml-export/shops/heureka-sekce.xml
SK;5411;Podlahové umývacie stroje;Heureka.sk | Dielňa, stavba, záhrada | Dielňa | Dielenské vybavenie | Upratovacia technika | Podlahové umývacie stroje;6;https://www.heureka.sk/direct/xml-export/shops/heureka-sekce.xml
SK;5993;Umývacie stoly a vane;Heureka.sk | Dielňa, stavba, záhrada | Dielňa | Dielenské vybavenie | Upratovacia technika | Umývacie stoly a vane;6;https://www.heureka.sk/direct/xml-export/shops/heureka-sekce.xml
SK;4980;Zametacie stroje;Heureka.sk | Dielňa, stavba, záhrada | Dielňa | Dielenské vybavenie | Upratovacia technika | Zametacie stroje;6;https://www.heureka.sk/direct/xml-export/shops/heureka-sekce.xml
SK;3756;Zveráky a zvierky;Heureka.sk | Dielňa, stavba, záhrada | Dielňa | Dielenské vybavenie | Zveráky a zvierky;5;https://www.heureka.sk/direct/xml-export/shops/heureka-sekce.xml
SK;2872;Elektrocentrály;Heureka.sk | Dielňa, stavba, záhrada | Dielňa | Elektrocentrály;4;https://www.heureka.sk/direct/xml-export/shops/heureka-sekce.xml
SK;3757;Hobľovačky a naťahovačky;Heureka.sk | Dielňa, stavba, záhrada | Dielňa | Obrábanie | Hobľovačky a naťahovačky;5;https://www.heureka.sk/direct/xml-export/shops/heureka-sekce.xml
SK;6107;Lisovacia technika;Heureka.sk | Dielňa, stavba, záhrada | Dielňa | Obrábanie | Lisovacia technika;5;https://www.heureka.sk/direct/xml-export/shops/heureka-sekce.xml
SK;4258;Sústruhy;Heureka.sk | Dielňa, stavba, záhrada | Dielňa | Obrábanie | Sústruhy a príslušenstvo | Sústruhy;6;https://www.heureka.sk/direct/xml-export/shops/heureka-sekce.xml
SK;3626;Ochranné okuliare;Heureka.sk | Dielňa, stavba, záhrada | Dielňa | Ochranné pomôcky | Ochranné okuliare;5;https://www.heureka.sk/direct/xml-export/shops/heureka-sekce.xml
SK;5769;Ochranné prepážky;Heureka.sk | Dielňa, stavba, záhrada | Dielňa | Ochranné pomôcky | Ochranné prepážky;5;https://www.heureka.sk/direct/xml-export/shops/heureka-sekce.xml
SK;3625;Ochranné slúchadlá;Heureka.sk | Dielňa, stavba, záhrada | Dielňa | Ochranné pomôcky | Ochranné slúchadlá;5;https://www.heureka.sk/direct/xml-export/shops/heureka-sekce.xml
SK;5688;Ochranné štíty;Heureka.sk | Dielňa, stavba, záhrada | Dielňa | Ochranné pomôcky | Ochranné štíty;5;https://www.heureka.sk/direct/xml-export/shops/heureka-sekce.xml
SK;2289;Pracovná obuv;Heureka.sk | Dielňa, stavba, záhrada | Dielňa | Ochranné pomôcky | Pracovná obuv;5;https://www.heureka.sk/direct/xml-export/shops/heureka-sekce.xml
SK;8369;Kuchárske nohavice;Heureka.sk | Dielňa, stavba, záhrada | Dielňa | Ochranné pomôcky | Pracovné odevy | Gastro odevy | Kuchárske nohavice;7;https://www.heureka.sk/direct/xml-export/shops/heureka-sekce.xml
SK;8353;Kuchárske rondony;Heureka.sk | Dielňa, stavba, záhrada | Dielňa | Ochranné pomôcky | Pracovné odevy | Gastro odevy | Kuchárske rondony;7;https://www.heureka.sk/direct/xml-export/shops/heureka-sekce.xml
SK;8402;Ochranné obleky a overaly;Heureka.sk | Dielňa, stavba, záhrada | Dielňa | Ochranné pomôcky | Pracovné odevy | Ochranné obleky a overaly;6;https://www.heureka.sk/direct/xml-export/shops/heureka-sekce.xml
SK;2288;Ostatné pracovné odevy;Heureka.sk | Dielňa, stavba, záhrada | Dielňa | Ochranné pomôcky | Pracovné odevy | Ostatné pracovné odevy;6;https://www.heureka.sk/direct/xml-export/shops/heureka-sekce.xml
SK;2290;Pracovné rukavice;Heureka.sk | Dielňa, stavba, záhrada | Dielňa | Ochranné pomôcky | Pracovné odevy | Pracovné rukavice;6;https://www.heureka.sk/direct/xml-export/shops/heureka-sekce.xml
SK;8535;Pracovné tričká;Heureka.sk | Dielňa, stavba, záhrada | Dielňa | Ochranné pomôcky | Pracovné odevy | Pracovné tričká;6;https://www.heureka.sk/direct/xml-export/shops/heureka-sekce.xml
SK;8493;Pracovné čiapky a šatky;Heureka.sk | Dielňa, stavba, záhrada | Dielňa | Ochranné pomôcky | Pracovné odevy | Pracovné čiapky a šatky;6;https://www.heureka.sk/direct/xml-export/shops/heureka-sekce.xml
SK;3624;Pracovné prilby;Heureka.sk | Dielňa, stavba, záhrada | Dielňa | Ochranné pomôcky | Pracovné prilby;5;https://www.heureka.sk/direct/xml-export/shops/heureka-sekce.xml
SK;2889;Kompresory;Heureka.sk | Dielňa, stavba, záhrada | Dielňa | Pneumatické zariadenia | Kompresory a príslušenstvo | Kompresory;6;https://www.heureka.sk/direct/xml-export/shops/heureka-sekce.xml
SK;4141;Spájkovačky;Heureka.sk | Dielňa, stavba, záhrada | Dielňa | Spájkovanie | Spájkovačky;5;https://www.heureka.sk/direct/xml-export/shops/heureka-sekce.xml
SK;6698;Letlampy a horáky;Heureka.sk | Dielňa, stavba, záhrada | Dielňa | Zváranie | Letlampy a horáky;5;https://www.heureka.sk/direct/xml-export/shops/heureka-sekce.xml
SK;6802;Zváracie drôty;Heureka.sk | Dielňa, stavba, záhrada | Dielňa | Zváranie | Zváracie drôty;5;https://www.heureka.sk/direct/xml-export/shops/heureka-sekce.xml
SK;6803;Zváracie elektródy;Heureka.sk | Dielňa, stavba, záhrada | Dielňa | Zváranie | Zváracie elektródy;5;https://www.heureka.sk/direct/xml-export/shops/heureka-sekce.xml
SK;5562;Zváracie kukly;Heureka.sk | Dielňa, stavba, záhrada | Dielňa | Zváranie | Zváracie kukly;5;https://www.heureka.sk/direct/xml-export/shops/heureka-sekce.xml
SK;2436;Zváračky;Heureka.sk | Dielňa, stavba, záhrada | Dielňa | Zváranie | Zváračky;5;https://www.heureka.sk/direct/xml-export/shops/heureka-sekce.xml
SK;2326;Kotly;Heureka.sk | Dielňa, stavba, záhrada | Kúrenie a ohrev vody | Kúrenie | Kotly;5;https://www.heureka.sk/direct/xml-export/shops/heureka-sekce.xml
SK;1032;Akumulačné kachle;Heureka.sk | Dielňa, stavba, záhrada | Kúrenie a ohrev vody | Kúrenie | Krby a kachle | Akumulačné kachle;6;https://www.heureka.sk/direct/xml-export/shops/heureka-sekce.xml
SK;5366;Koše na drevo;Heureka.sk | Dielňa, stavba, záhrada | Kúrenie a ohrev vody | Kúrenie | Krby a kachle | Koše na drevo;6;https://www.heureka.sk/direct/xml-export/shops/heureka-sekce.xml
SK;1724;Krbové kachle;Heureka.sk | Dielňa, stavba, záhrada | Kúrenie a ohrev vody | Kúrenie | Krby a kachle | Krbové kachle;6;https://www.heureka.sk/direct/xml-export/shops/heureka-sekce.xml
SK;6462;Krbové náradie;Heureka.sk | Dielňa, stavba, záhrada | Kúrenie a ohrev vody | Kúrenie | Krby a kachle | Krbové náradie;6;https://www.heureka.sk/direct/xml-export/shops/heureka-sekce.xml
SK;1725;Krbové vložky;Heureka.sk | Dielňa, stavba, záhrada | Kúrenie a ohrev vody | Kúrenie | Krby a kachle | Krbové vložky;6;https://www.heureka.sk/direct/xml-export/shops/heureka-sekce.xml
SK;2363;Krby;Heureka.sk | Dielňa, stavba, záhrada | Kúrenie a ohrev vody | Kúrenie | Krby a kachle | Krby;6;https://www.heureka.sk/direct/xml-export/shops/heureka-sekce.xml
SK;5438;Ventilátory na krbové kachle;Heureka.sk | Dielňa, stavba, záhrada | Kúrenie a ohrev vody | Kúrenie | Krby a kachle | Ventilátory na krbové kachle;6;https://www.heureka.sk/direct/xml-export/shops/heureka-sekce.xml
SK;2071;Podlahové kúrenie;Heureka.sk | Dielňa, stavba, záhrada | Kúrenie a ohrev vody | Kúrenie | Podlahové kúrenie;5;https://www.heureka.sk/direct/xml-export/shops/heureka-sekce.xml
SK;4253;Hlavice pre radiátory;Heureka.sk | Dielňa, stavba, záhrada | Kúrenie a ohrev vody | Kúrenie | Radiátory a príslušenstvo | Hlavice pre radiátory;6;https://www.heureka.sk/direct/xml-export/shops/heureka-sekce.xml
SK;1036;Olejové radiátory;Heureka.sk | Dielňa, stavba, záhrada | Kúrenie a ohrev vody | Kúrenie | Radiátory a príslušenstvo | Olejové radiátory;6;https://www.heureka.sk/direct/xml-export/shops/heureka-sekce.xml
SK;1960;Radiátory;Heureka.sk | Dielňa, stavba, záhrada | Kúrenie a ohrev vody | Kúrenie | Radiátory a príslušenstvo | Radiátory;6;https://www.heureka.sk/direct/xml-export/shops/heureka-sekce.xml
SK;2070;Vykurovacie telesá;Heureka.sk | Dielňa, stavba, záhrada | Kúrenie a ohrev vody | Kúrenie | Radiátory a príslušenstvo | Vykurovacie telesá;6;https://www.heureka.sk/direct/xml-export/shops/heureka-sekce.xml
SK;2642;Sporáky na tuhé palivá;Heureka.sk | Dielňa, stavba, záhrada | Kúrenie a ohrev vody | Kúrenie | Sporáky na tuhé palivá;5;https://www.heureka.sk/direct/xml-export/shops/heureka-sekce.xml
SK;3641;Tepelné čerpadlá;Heureka.sk | Dielňa, stavba, záhrada | Kúrenie a ohrev vody | Kúrenie | Tepelné čerpadlá;5;https://www.heureka.sk/direct/xml-export/shops/heureka-sekce.xml
SK;4918;Tlakové a expanzné nádoby;Heureka.sk | Dielňa, stavba, záhrada | Kúrenie a ohrev vody | Kúrenie | Tlakové a expanzné nádoby;5;https://www.heureka.sk/direct/xml-export/shops/heureka-sekce.xml
SK;4099;Vysávače na popol;Heureka.sk | Dielňa, stavba, záhrada | Kúrenie a ohrev vody | Kúrenie | Vysávače na popol;5;https://www.heureka.sk/direct/xml-export/shops/heureka-sekce.xml
SK;7015;Dymovody;Heureka.sk | Dielňa, stavba, záhrada | Kúrenie a ohrev vody | Odvod spalín | Dymovody;5;https://www.heureka.sk/direct/xml-export/shops/heureka-sekce.xml
SK;8284;Komínové kefy a štetky;Heureka.sk | Dielňa, stavba, záhrada | Kúrenie a ohrev vody | Odvod spalín | Komínové kefy a štetky;5;https://www.heureka.sk/direct/xml-export/shops/heureka-sekce.xml
SK;4112;Komínové striešky;Heureka.sk | Dielňa, stavba, záhrada | Kúrenie a ohrev vody | Odvod spalín | Komínové striešky;5;https://www.heureka.sk/direct/xml-export/shops/heureka-sekce.xml
SK;4109;Komíny;Heureka.sk | Dielňa, stavba, záhrada | Kúrenie a ohrev vody | Odvod spalín | Komíny;5;https://www.heureka.sk/direct/xml-export/shops/heureka-sekce.xml
SK;1564;Bojlery a ohrievače vody;Heureka.sk | Dielňa, stavba, záhrada | Kúrenie a ohrev vody | Ohrev vody | Bojlery a ohrievače vody;5;https://www.heureka.sk/direct/xml-export/shops/heureka-sekce.xml
SK;2365;Elektrické ohrievače;Heureka.sk | Dielňa, stavba, záhrada | Kúrenie a ohrev vody | Ohrievače | Elektrické ohrievače;5;https://www.heureka.sk/direct/xml-export/shops/heureka-sekce.xml
SK;6376;Plynové konvektory;Heureka.sk | Dielňa, stavba, záhrada | Kúrenie a ohrev vody | Ohrievače | Plynové konvektory;5;https://www.heureka.sk/direct/xml-export/shops/heureka-sekce.xml
SK;6377;Tepelné žiariče;Heureka.sk | Dielňa, stavba, záhrada | Kúrenie a ohrev vody | Ohrievače | Tepelné žiariče;5;https://www.heureka.sk/direct/xml-export/shops/heureka-sekce.xml
SK;1037;Teplovzdušné ventilátory;Heureka.sk | Dielňa, stavba, záhrada | Kúrenie a ohrev vody | Ohrievače | Teplovzdušné ventilátory;5;https://www.heureka.sk/direct/xml-export/shops/heureka-sekce.xml
SK;6378;Vonkajšie ohrievače;Heureka.sk | Dielňa, stavba, záhrada | Kúrenie a ohrev vody | Ohrievače | Vonkajšie ohrievače;5;https://www.heureka.sk/direct/xml-export/shops/heureka-sekce.xml
SK;6374;Podpaľovače;Heureka.sk | Dielňa, stavba, záhrada | Kúrenie a ohrev vody | Podpaľovače a tuhé palivá | Podpaľovače;5;https://www.heureka.sk/direct/xml-export/shops/heureka-sekce.xml
SK;4465;Tuhé palivá;Heureka.sk | Dielňa, stavba, záhrada | Kúrenie a ohrev vody | Podpaľovače a tuhé palivá | Tuhé palivá;5;https://www.heureka.sk/direct/xml-export/shops/heureka-sekce.xml
SK;2752;Aku kladivá;Heureka.sk | Dielňa, stavba, záhrada | Náradie pre dielňu a záhradu | Náradie do dielne | Akumulátorové náradie | Aku kladivá;6;https://www.heureka.sk/direct/xml-export/shops/heureka-sekce.xml
SK;1328;Aku vŕtačky a skrutkovače;Heureka.sk | Dielňa, stavba, záhrada | Náradie pre dielňu a záhradu | Náradie do dielne | Akumulátorové náradie | Aku vŕtačky a skrutkovače;6;https://www.heureka.sk/direct/xml-export/shops/heureka-sekce.xml
SK;2478;Batérie do aku náradia - originálne;Heureka.sk | Dielňa, stavba, záhrada | Náradie pre dielňu a záhradu | Náradie do dielne | Akumulátorové náradie | Batérie a nabíjačky k aku náradiu | Batérie do aku náradia - originálne;7;https://www.heureka.sk/direct/xml-export/shops/heureka-sekce.xml
SK;4221;Batérie k aku náradiu - neoriginálne;Heureka.sk | Dielňa, stavba, záhrada | Náradie pre dielňu a záhradu | Náradie do dielne | Akumulátorové náradie | Batérie a nabíjačky k aku náradiu | Batérie k aku náradiu - neoriginálne;7;https://www.heureka.sk/direct/xml-export/shops/heureka-sekce.xml
SK;4231;Nabíjačky k aku náradiu - neoriginálne;Heureka.sk | Dielňa, stavba, záhrada | Náradie pre dielňu a záhradu | Náradie do dielne | Akumulátorové náradie | Batérie a nabíjačky k aku náradiu | Nabíjačky k aku náradiu - neoriginálne;7;https://www.heureka.sk/direct/xml-export/shops/heureka-sekce.xml
SK;4230;Nabíjačky k aku náradiu - originálne;Heureka.sk | Dielňa, stavba, záhrada | Náradie pre dielňu a záhradu | Náradie do dielne | Akumulátorové náradie | Batérie a nabíjačky k aku náradiu | Nabíjačky k aku náradiu - originálne;7;https://www.heureka.sk/direct/xml-export/shops/heureka-sekce.xml
SK;6444;Sady batérií a nabíjačiek k aku náradiu;Heureka.sk | Dielňa, stavba, záhrada | Náradie pre dielňu a záhradu | Náradie do dielne | Akumulátorové náradie | Batérie a nabíjačky k aku náradiu | Sady batérií a nabíjačiek k aku náradiu;7;https://www.heureka.sk/direct/xml-export/shops/heureka-sekce.xml
SK;1025;Brúsky;Heureka.sk | Dielňa, stavba, záhrada | Náradie pre dielňu a záhradu | Náradie do dielne | Elektrické náradie | Brúsky a príslušenstvo | Brúsky;7;https://www.heureka.sk/direct/xml-export/shops/heureka-sekce.xml
SK;4200;Brúsky - príslušenstvo;Heureka.sk | Dielňa, stavba, záhrada | Náradie pre dielňu a záhradu | Náradie do dielne | Elektrické náradie | Brúsky a príslušenstvo | Brúsky - príslušenstvo;7;https://www.heureka.sk/direct/xml-export/shops/heureka-sekce.xml
SK;7428;Brúsne kotúče;Heureka.sk | Dielňa, stavba, záhrada | Náradie pre dielňu a záhradu | Náradie do dielne | Elektrické náradie | Brúsky a príslušenstvo | Brúsne kotúče;7;https://www.heureka.sk/direct/xml-export/shops/heureka-sekce.xml
SK;8301;Brúsne papiere;Heureka.sk | Dielňa, stavba, záhrada | Náradie pre dielňu a záhradu | Náradie do dielne | Elektrické náradie | Brúsky a príslušenstvo | Brúsne papiere;7;https://www.heureka.sk/direct/xml-export/shops/heureka-sekce.xml
SK;8302;Brúsne valce a kefy;Heureka.sk | Dielňa, stavba, záhrada | Náradie pre dielňu a záhradu | Náradie do dielne | Elektrické náradie | Brúsky a príslušenstvo | Brúsne valce a kefy;7;https://www.heureka.sk/direct/xml-export/shops/heureka-sekce.xml
SK;8303;Kryty na brúsky;Heureka.sk | Dielňa, stavba, záhrada | Náradie pre dielňu a záhradu | Náradie do dielne | Elektrické náradie | Brúsky a príslušenstvo | Kryty na brúsky;7;https://www.heureka.sk/direct/xml-export/shops/heureka-sekce.xml
SK;1333;Lepiace pištole;Heureka.sk | Dielňa, stavba, záhrada | Náradie pre dielňu a záhradu | Náradie do dielne | Elektrické náradie | Elektrické dielenské pištole | Lepiace pištole a príslušenstvo | Lepiace pištole;8;https://www.heureka.sk/direct/xml-export/shops/heureka-sekce.xml
SK;6648;Nitovacie pištole;Heureka.sk | Dielňa, stavba, záhrada | Náradie pre dielňu a záhradu | Náradie do dielne | Elektrické náradie | Elektrické dielenské pištole | Nitovacie pištole;7;https://www.heureka.sk/direct/xml-export/shops/heureka-sekce.xml
SK;5416;Elektrické kladivá;Heureka.sk | Dielňa, stavba, záhrada | Náradie pre dielňu a záhradu | Náradie do dielne | Elektrické náradie | Elektrické kladivá;6;https://www.heureka.sk/direct/xml-export/shops/heureka-sekce.xml
SK;5963;Elektrické skrutkovače;Heureka.sk | Dielňa, stavba, záhrada | Náradie pre dielňu a záhradu | Náradie do dielne | Elektrické náradie | Elektrické skrutkovače;6;https://www.heureka.sk/direct/xml-export/shops/heureka-sekce.xml
SK;1332;Frézky;Heureka.sk | Dielňa, stavba, záhrada | Náradie pre dielňu a záhradu | Náradie do dielne | Elektrické náradie | Frézy a frézky | Frézky;7;https://www.heureka.sk/direct/xml-export/shops/heureka-sekce.xml
SK;3759;Frézy;Heureka.sk | Dielňa, stavba, záhrada | Náradie pre dielňu a záhradu | Náradie do dielne | Elektrické náradie | Frézy a frézky | Frézy;7;https://www.heureka.sk/direct/xml-export/shops/heureka-sekce.xml
SK;1026;Hoblíky;Heureka.sk | Dielňa, stavba, záhrada | Náradie pre dielňu a záhradu | Náradie do dielne | Elektrické náradie | Hoblíky;6;https://www.heureka.sk/direct/xml-export/shops/heureka-sekce.xml
SK;1334;Miešadlá;Heureka.sk | Dielňa, stavba, záhrada | Náradie pre dielňu a záhradu | Náradie do dielne | Elektrické náradie | Miešadlá;6;https://www.heureka.sk/direct/xml-export/shops/heureka-sekce.xml
SK;5370;Mikronáradie;Heureka.sk | Dielňa, stavba, záhrada | Náradie pre dielňu a záhradu | Náradie do dielne | Elektrické náradie | Mikronáradie a príslušenstvo | Mikronáradie;7;https://www.heureka.sk/direct/xml-export/shops/heureka-sekce.xml
SK;5962;Olepovačky hrán;Heureka.sk | Dielňa, stavba, záhrada | Náradie pre dielňu a záhradu | Náradie do dielne | Elektrické náradie | Olepovačky hrán;6;https://www.heureka.sk/direct/xml-export/shops/heureka-sekce.xml
SK;5848;Chvostové píly;Heureka.sk | Dielňa, stavba, záhrada | Náradie pre dielňu a záhradu | Náradie do dielne | Elektrické náradie | Píly | Chvostové píly;7;https://www.heureka.sk/direct/xml-export/shops/heureka-sekce.xml
SK;5843;Okružné píly;Heureka.sk | Dielňa, stavba, záhrada | Náradie pre dielňu a záhradu | Náradie do dielne | Elektrické náradie | Píly | Okružné píly;7;https://www.heureka.sk/direct/xml-export/shops/heureka-sekce.xml
SK;5846;Pokosové píly;Heureka.sk | Dielňa, stavba, záhrada | Náradie pre dielňu a záhradu | Náradie do dielne | Elektrické náradie | Píly | Pokosové píly;7;https://www.heureka.sk/direct/xml-export/shops/heureka-sekce.xml
SK;5845;Priamočiare píly;Heureka.sk | Dielňa, stavba, záhrada | Náradie pre dielňu a záhradu | Náradie do dielne | Elektrické náradie | Píly | Priamočiare píly;7;https://www.heureka.sk/direct/xml-export/shops/heureka-sekce.xml
SK;6319;Pracovné kozy;Heureka.sk | Dielňa, stavba, záhrada | Náradie pre dielňu a záhradu | Náradie do dielne | Elektrické náradie | Píly | Príslušenstvo k pílam | Pracovné kozy;8;https://www.heureka.sk/direct/xml-export/shops/heureka-sekce.xml
SK;1184;Pílové kotúče a pásy;Heureka.sk | Dielňa, stavba, záhrada | Náradie pre dielňu a záhradu | Náradie do dielne | Elektrické náradie | Píly | Príslušenstvo k pílam | Pílové kotúče a pásy;8;https://www.heureka.sk/direct/xml-export/shops/heureka-sekce.xml
SK;6318;Pílové lišty;Heureka.sk | Dielňa, stavba, záhrada | Náradie pre dielňu a záhradu | Náradie do dielne | Elektrické náradie | Píly | Príslušenstvo k pílam | Pílové lišty;8;https://www.heureka.sk/direct/xml-export/shops/heureka-sekce.xml
SK;6320;Pílové reťaze;Heureka.sk | Dielňa, stavba, záhrada | Náradie pre dielňu a záhradu | Náradie do dielne | Elektrické náradie | Píly | Príslušenstvo k pílam | Pílové reťaze;8;https://www.heureka.sk/direct/xml-export/shops/heureka-sekce.xml
SK;5847;Pásové píly;Heureka.sk | Dielňa, stavba, záhrada | Náradie pre dielňu a záhradu | Náradie do dielne | Elektrické náradie | Píly | Pásové píly;7;https://www.heureka.sk/direct/xml-export/shops/heureka-sekce.xml
SK;1683;Reťazové píly;Heureka.sk | Dielňa, stavba, záhrada | Náradie pre dielňu a záhradu | Náradie do dielne | Elektrické náradie | Píly | Reťazové píly;7;https://www.heureka.sk/direct/xml-export/shops/heureka-sekce.xml
SK;5844;Stolové píly;Heureka.sk | Dielňa, stavba, záhrada | Náradie pre dielňu a záhradu | Náradie do dielne | Elektrické náradie | Píly | Stolové píly;7;https://www.heureka.sk/direct/xml-export/shops/heureka-sekce.xml
SK;5103;Rázové uťahováky;Heureka.sk | Dielňa, stavba, záhrada | Náradie pre dielňu a záhradu | Náradie do dielne | Elektrické náradie | Rázové uťahováky;6;https://www.heureka.sk/direct/xml-export/shops/heureka-sekce.xml
SK;2886;Sponkovačky a nastreľovačky;Heureka.sk | Dielňa, stavba, záhrada | Náradie pre dielňu a záhradu | Náradie do dielne | Elektrické náradie | Sponkovačky a nastreľovačky;6;https://www.heureka.sk/direct/xml-export/shops/heureka-sekce.xml
SK;1027;Teplovzdušné pištole;Heureka.sk | Dielňa, stavba, záhrada | Náradie pre dielňu a záhradu | Náradie do dielne | Elektrické náradie | Teplovzdušné pištole;6;https://www.heureka.sk/direct/xml-export/shops/heureka-sekce.xml
SK;4201;Príslušenstvo k vŕtačkám;Heureka.sk | Dielňa, stavba, záhrada | Náradie pre dielňu a záhradu | Náradie do dielne | Elektrické náradie | Vŕtačky a príslušenstvo | Príslušenstvo k vŕtačkám;7;https://www.heureka.sk/direct/xml-export/shops/heureka-sekce.xml
SK;8583;Vrtáky;Heureka.sk | Dielňa, stavba, záhrada | Náradie pre dielňu a záhradu | Náradie do dielne | Elektrické náradie | Vŕtačky a príslušenstvo | Vrtáky;7;https://www.heureka.sk/direct/xml-export/shops/heureka-sekce.xml
SK;1181;Vŕtačky;Heureka.sk | Dielňa, stavba, záhrada | Náradie pre dielňu a záhradu | Náradie do dielne | Elektrické náradie | Vŕtačky a príslušenstvo | Vŕtačky;7;https://www.heureka.sk/direct/xml-export/shops/heureka-sekce.xml
SK;6650;Pneumatické pištole a rozprašovače;Heureka.sk | Dielňa, stavba, záhrada | Náradie pre dielňu a záhradu | Náradie do dielne | Pneumatické náradie | Pneumatické pištole a príslušenstvo | Pneumatické pištole a rozprašovače;7;https://www.heureka.sk/direct/xml-export/shops/heureka-sekce.xml
SK;6355;Pneumatické píly;Heureka.sk | Dielňa, stavba, záhrada | Náradie pre dielňu a záhradu | Náradie do dielne | Pneumatické náradie | Pneumatické píly;6;https://www.heureka.sk/direct/xml-export/shops/heureka-sekce.xml
SK;2323;Bity;Heureka.sk | Dielňa, stavba, záhrada | Náradie pre dielňu a záhradu | Náradie do dielne | Ručné náradie | Bity;6;https://www.heureka.sk/direct/xml-export/shops/heureka-sekce.xml
SK;3753;Dláta;Heureka.sk | Dielňa, stavba, záhrada | Náradie pre dielňu a záhradu | Náradie do dielne | Ručné náradie | Dláta;6;https://www.heureka.sk/direct/xml-export/shops/heureka-sekce.xml
SK;2295;Gola sady;Heureka.sk | Dielňa, stavba, záhrada | Náradie pre dielňu a záhradu | Náradie do dielne | Ručné náradie | Gola sady a príslušenstvo | Gola sady;7;https://www.heureka.sk/direct/xml-export/shops/heureka-sekce.xml
SK;4095;Príslušenstvo pre gola súpravy;Heureka.sk | Dielňa, stavba, záhrada | Náradie pre dielňu a záhradu | Náradie do dielne | Ručné náradie | Gola sady a príslušenstvo | Príslušenstvo pre gola súpravy;7;https://www.heureka.sk/direct/xml-export/shops/heureka-sekce.xml
SK;4093;Hasáky;Heureka.sk | Dielňa, stavba, záhrada | Náradie pre dielňu a záhradu | Náradie do dielne | Ručné náradie | Hasáky;6;https://www.heureka.sk/direct/xml-export/shops/heureka-sekce.xml
SK;3392;Klasické skrutkovače;Heureka.sk | Dielňa, stavba, záhrada | Náradie pre dielňu a záhradu | Náradie do dielne | Ručné náradie | Klasické skrutkovače;6;https://www.heureka.sk/direct/xml-export/shops/heureka-sekce.xml
SK;3379;Kliešte SIKO;Heureka.sk | Dielňa, stavba, záhrada | Náradie pre dielňu a záhradu | Náradie do dielne | Ručné náradie | Kliešte SIKO;6;https://www.heureka.sk/direct/xml-export/shops/heureka-sekce.xml
SK;3384;Kliešte armovacie;Heureka.sk | Dielňa, stavba, záhrada | Náradie pre dielňu a záhradu | Náradie do dielne | Ručné náradie | Kliešte armovacie;6;https://www.heureka.sk/direct/xml-export/shops/heureka-sekce.xml
SK;3385;Kliešte guľaté;Heureka.sk | Dielňa, stavba, záhrada | Náradie pre dielňu a záhradu | Náradie do dielne | Ručné náradie | Kliešte guľaté;6;https://www.heureka.sk/direct/xml-export/shops/heureka-sekce.xml
SK;3373;Kliešte kombinované;Heureka.sk | Dielňa, stavba, záhrada | Náradie pre dielňu a záhradu | Náradie do dielne | Ručné náradie | Kliešte kombinované;6;https://www.heureka.sk/direct/xml-export/shops/heureka-sekce.xml
SK;3375;Kliešte lisovacie;Heureka.sk | Dielňa, stavba, záhrada | Náradie pre dielňu a záhradu | Náradie do dielne | Ručné náradie | Kliešte lisovacie;6;https://www.heureka.sk/direct/xml-export/shops/heureka-sekce.xml
SK;3387;Kliešte montážne;Heureka.sk | Dielňa, stavba, záhrada | Náradie pre dielňu a záhradu | Náradie do dielne | Ručné náradie | Kliešte montážne;6;https://www.heureka.sk/direct/xml-export/shops/heureka-sekce.xml
SK;3376;Kliešte odizolovacie;Heureka.sk | Dielňa, stavba, záhrada | Náradie pre dielňu a záhradu | Náradie do dielne | Ručné náradie | Kliešte odizolovacie;6;https://www.heureka.sk/direct/xml-export/shops/heureka-sekce.xml
SK;3377;Kliešte ploché;Heureka.sk | Dielňa, stavba, záhrada | Náradie pre dielňu a záhradu | Náradie do dielne | Ručné náradie | Kliešte ploché;6;https://www.heureka.sk/direct/xml-export/shops/heureka-sekce.xml
SK;3381;Kliešte štípacie;Heureka.sk | Dielňa, stavba, záhrada | Náradie pre dielňu a záhradu | Náradie do dielne | Ručné náradie | Kliešte štípacie;6;https://www.heureka.sk/direct/xml-export/shops/heureka-sekce.xml
SK;2324;Kľúče;Heureka.sk | Dielňa, stavba, záhrada | Náradie pre dielňu a záhradu | Náradie do dielne | Ručné náradie | Kľúče;6;https://www.heureka.sk/direct/xml-export/shops/heureka-sekce.xml
SK;5996;Mazacie lisy a pištole;Heureka.sk | Dielňa, stavba, záhrada | Náradie pre dielňu a záhradu | Náradie do dielne | Ručné náradie | Mazacie lisy a pištole;6;https://www.heureka.sk/direct/xml-export/shops/heureka-sekce.xml
SK;2888;Nožnice na plech;Heureka.sk | Dielňa, stavba, záhrada | Náradie pre dielňu a záhradu | Náradie do dielne | Ručné náradie | Nožnice na plech;6;https://www.heureka.sk/direct/xml-export/shops/heureka-sekce.xml
SK;2322;Pilníky;Heureka.sk | Dielňa, stavba, záhrada | Náradie pre dielňu a záhradu | Náradie do dielne | Ručné náradie | Pilníky;6;https://www.heureka.sk/direct/xml-export/shops/heureka-sekce.xml
SK;3754;Pracovné nože;Heureka.sk | Dielňa, stavba, záhrada | Náradie pre dielňu a záhradu | Náradie do dielne | Ručné náradie | Pracovné nože;6;https://www.heureka.sk/direct/xml-export/shops/heureka-sekce.xml
SK;3647;Páčidlá;Heureka.sk | Dielňa, stavba, záhrada | Náradie pre dielňu a záhradu | Náradie do dielne | Ručné náradie | Páčidlá;6;https://www.heureka.sk/direct/xml-export/shops/heureka-sekce.xml
SK;1743;Ručné hoblíky;Heureka.sk | Dielňa, stavba, záhrada | Náradie pre dielňu a záhradu | Náradie do dielne | Ručné náradie | Ručné hoblíky;6;https://www.heureka.sk/direct/xml-export/shops/heureka-sekce.xml
SK;2702;Ručné kladivá;Heureka.sk | Dielňa, stavba, záhrada | Náradie pre dielňu a záhradu | Náradie do dielne | Ručné náradie | Ručné kladivá;6;https://www.heureka.sk/direct/xml-export/shops/heureka-sekce.xml
SK;6003;Vytlačovacie pištole;Heureka.sk | Dielňa, stavba, záhrada | Náradie pre dielňu a záhradu | Náradie do dielne | Ručné náradie | Vytlačovacie pištole;6;https://www.heureka.sk/direct/xml-export/shops/heureka-sekce.xml
SK;3755;Závitníky;Heureka.sk | Dielňa, stavba, záhrada | Náradie pre dielňu a záhradu | Náradie do dielne | Ručné náradie | Závitníky;6;https://www.heureka.sk/direct/xml-export/shops/heureka-sekce.xml
SK;3054;Sady náradia do dielne;Heureka.sk | Dielňa, stavba, záhrada | Náradie pre dielňu a záhradu | Náradie do dielne | Sady náradia do dielne;5;https://www.heureka.sk/direct/xml-export/shops/heureka-sekce.xml
SK;1973;Hrable;Heureka.sk | Dielňa, stavba, záhrada | Náradie pre dielňu a záhradu | Záhradné náradie a technika | Záhradné náradie | Hrable;6;https://www.heureka.sk/direct/xml-export/shops/heureka-sekce.xml
SK;3570;Krompáče;Heureka.sk | Dielňa, stavba, záhrada | Náradie pre dielňu a záhradu | Záhradné náradie a technika | Záhradné náradie | Krompáče;6;https://www.heureka.sk/direct/xml-export/shops/heureka-sekce.xml
SK;1178;Lopaty;Heureka.sk | Dielňa, stavba, záhrada | Náradie pre dielňu a záhradu | Záhradné náradie a technika | Záhradné náradie | Lopaty;6;https://www.heureka.sk/direct/xml-export/shops/heureka-sekce.xml
SK;6989;Mačety;Heureka.sk | Dielňa, stavba, záhrada | Náradie pre dielňu a záhradu | Záhradné náradie a technika | Záhradné náradie | Mačety;6;https://www.heureka.sk/direct/xml-export/shops/heureka-sekce.xml
SK;2691;Motyky;Heureka.sk | Dielňa, stavba, záhrada | Náradie pre dielňu a záhradu | Záhradné náradie a technika | Záhradné náradie | Motyky;6;https://www.heureka.sk/direct/xml-export/shops/heureka-sekce.xml
SK;4229;Násady k náradiu;Heureka.sk | Dielňa, stavba, záhrada | Náradie pre dielňu a záhradu | Záhradné náradie a technika | Záhradné náradie | Násady k náradiu;6;https://www.heureka.sk/direct/xml-export/shops/heureka-sekce.xml
SK;1179;Odhŕňače snehu;Heureka.sk | Dielňa, stavba, záhrada | Náradie pre dielňu a záhradu | Záhradné náradie a technika | Záhradné náradie | Odhŕňače snehu;6;https://www.heureka.sk/direct/xml-export/shops/heureka-sekce.xml
SK;1174;Ručné píly;Heureka.sk | Dielňa, stavba, záhrada | Náradie pre dielňu a záhradu | Záhradné náradie a technika | Záhradné náradie | Ručné píly;6;https://www.heureka.sk/direct/xml-export/shops/heureka-sekce.xml
SK;1172;Rýle;Heureka.sk | Dielňa, stavba, záhrada | Náradie pre dielňu a záhradu | Záhradné náradie a technika | Záhradné náradie | Rýle;6;https://www.heureka.sk/direct/xml-export/shops/heureka-sekce.xml
SK;1171;Sekery;Heureka.sk | Dielňa, stavba, záhrada | Náradie pre dielňu a záhradu | Záhradné náradie a technika | Záhradné náradie | Sekery;6;https://www.heureka.sk/direct/xml-export/shops/heureka-sekce.xml
SK;1173;Vidly;Heureka.sk | Dielňa, stavba, záhrada | Náradie pre dielňu a záhradu | Záhradné náradie a technika | Záhradné náradie | Vidly;6;https://www.heureka.sk/direct/xml-export/shops/heureka-sekce.xml
SK;6503;Zberače ovocia;Heureka.sk | Dielňa, stavba, záhrada | Náradie pre dielňu a záhradu | Záhradné náradie a technika | Záhradné náradie | Zberače ovocia;6;https://www.heureka.sk/direct/xml-export/shops/heureka-sekce.xml
SK;1177;Dvojručné nožnice;Heureka.sk | Dielňa, stavba, záhrada | Náradie pre dielňu a záhradu | Záhradné náradie a technika | Záhradné náradie | Záhradnícke nožnice | Dvojručné nožnice;7;https://www.heureka.sk/direct/xml-export/shops/heureka-sekce.xml
SK;1153;Nožnice na trávu;Heureka.sk | Dielňa, stavba, záhrada | Náradie pre dielňu a záhradu | Záhradné náradie a technika | Záhradné náradie | Záhradnícke nožnice | Nožnice na trávu;7;https://www.heureka.sk/direct/xml-export/shops/heureka-sekce.xml
SK;1176;Nožnice na živý plot;Heureka.sk | Dielňa, stavba, záhrada | Náradie pre dielňu a záhradu | Záhradné náradie a technika | Záhradné náradie | Záhradnícke nožnice | Nožnice na živý plot;7;https://www.heureka.sk/direct/xml-export/shops/heureka-sekce.xml
SK;1175;Záhradné nožnice;Heureka.sk | Dielňa, stavba, záhrada | Náradie pre dielňu a záhradu | Záhradné náradie a technika | Záhradné náradie | Záhradnícke nožnice | Záhradné nožnice;7;https://www.heureka.sk/direct/xml-export/shops/heureka-sekce.xml
SK;2807;Interiérové dvere;Heureka.sk | Dielňa, stavba, záhrada | Stavba | Dvere, okná | Dvere a zárubne | Dvere | Interiérové dvere;7;https://www.heureka.sk/direct/xml-export/shops/heureka-sekce.xml
SK;6336;Vonkajšie dvere;Heureka.sk | Dielňa, stavba, záhrada | Stavba | Dvere, okná | Dvere a zárubne | Dvere | Vonkajšie dvere;7;https://www.heureka.sk/direct/xml-export/shops/heureka-sekce.xml
SK;3108;Stavebné púzdra;Heureka.sk | Dielňa, stavba, záhrada | Stavba | Dvere, okná | Dvere a zárubne | Stavebné púzdra;6;https://www.heureka.sk/direct/xml-export/shops/heureka-sekce.xml
SK;3595;Vchodové striešky;Heureka.sk | Dielňa, stavba, záhrada | Stavba | Dvere, okná | Dvere a zárubne | Vchodové striešky;6;https://www.heureka.sk/direct/xml-export/shops/heureka-sekce.xml
SK;2802;Zárubne;Heureka.sk | Dielňa, stavba, záhrada | Stavba | Dvere, okná | Dvere a zárubne | Zárubne;6;https://www.heureka.sk/direct/xml-export/shops/heureka-sekce.xml
SK;3100;Okná;Heureka.sk | Dielňa, stavba, záhrada | Stavba | Dvere, okná | Okná a parapety | Okná;6;https://www.heureka.sk/direct/xml-export/shops/heureka-sekce.xml
SK;3581;Rolety;Heureka.sk | Dielňa, stavba, záhrada | Stavba | Dvere, okná | Okná a parapety | Rolety;6;https://www.heureka.sk/direct/xml-export/shops/heureka-sekce.xml
SK;4881;Sieťky proti hmyzu;Heureka.sk | Dielňa, stavba, záhrada | Stavba | Dvere, okná | Okná a parapety | Sieťky proti hmyzu;6;https://www.heureka.sk/direct/xml-export/shops/heureka-sekce.xml
SK;3580;Žalúzie;Heureka.sk | Dielňa, stavba, záhrada | Stavba | Dvere, okná | Okná a parapety | Žalúzie;6;https://www.heureka.sk/direct/xml-export/shops/heureka-sekce.xml
SK;3126;Alarmy do domu;Heureka.sk | Dielňa, stavba, záhrada | Stavba | Elektromateriály | Domová komunikácia | Alarmy do domu;6;https://www.heureka.sk/direct/xml-export/shops/heureka-sekce.xml
SK;5764;Domové telefóny a videotelefóny;Heureka.sk | Dielňa, stavba, záhrada | Stavba | Elektromateriály | Domová komunikácia | Domové telefóny a videotelefóny;6;https://www.heureka.sk/direct/xml-export/shops/heureka-sekce.xml
SK;2897;Domové zvončeky;Heureka.sk | Dielňa, stavba, záhrada | Stavba | Elektromateriály | Domová komunikácia | Domové zvončeky;6;https://www.heureka.sk/direct/xml-export/shops/heureka-sekce.xml
SK;4027;Centrálne vysávače;Heureka.sk | Dielňa, stavba, záhrada | Stavba | Elektromateriály | Elektroinštalačný materiál | Centrálne vysávania | Centrálne vysávače;7;https://www.heureka.sk/direct/xml-export/shops/heureka-sekce.xml
SK;4395;Inštalačný materiál pre centrálne vysávače;Heureka.sk | Dielňa, stavba, záhrada | Stavba | Elektromateriály | Elektroinštalačný materiál | Centrálne vysávania | Inštalačný materiál pre centrálne vysávače;7;https://www.heureka.sk/direct/xml-export/shops/heureka-sekce.xml
SK;4397;Príslušenstvo pre centrálne vysávače;Heureka.sk | Dielňa, stavba, záhrada | Stavba | Elektromateriály | Elektroinštalačný materiál | Centrálne vysávania | Príslušenstvo pre centrálne vysávače;7;https://www.heureka.sk/direct/xml-export/shops/heureka-sekce.xml
SK;3933;Elektromery;Heureka.sk | Dielňa, stavba, záhrada | Stavba | Elektromateriály | Elektroinštalačný materiál | Ističe, poistky, rozvádzače | Elektromery;7;https://www.heureka.sk/direct/xml-export/shops/heureka-sekce.xml
SK;2053;Ističe;Heureka.sk | Dielňa, stavba, záhrada | Stavba | Elektromateriály | Elektroinštalačný materiál | Ističe, poistky, rozvádzače | Ističe;7;https://www.heureka.sk/direct/xml-export/shops/heureka-sekce.xml
SK;3628;Poistky;Heureka.sk | Dielňa, stavba, záhrada | Stavba | Elektromateriály | Elektroinštalačný materiál | Ističe, poistky, rozvádzače | Poistky;7;https://www.heureka.sk/direct/xml-export/shops/heureka-sekce.xml
SK;3932;Prúdové chrániče;Heureka.sk | Dielňa, stavba, záhrada | Stavba | Elektromateriály | Elektroinštalačný materiál | Ističe, poistky, rozvádzače | Prúdové chrániče;7;https://www.heureka.sk/direct/xml-export/shops/heureka-sekce.xml
SK;3929;Rozvádzače;Heureka.sk | Dielňa, stavba, záhrada | Stavba | Elektromateriály | Elektroinštalačný materiál | Ističe, poistky, rozvádzače | Rozvádzače;7;https://www.heureka.sk/direct/xml-export/shops/heureka-sekce.xml
SK;6333;Stýkače;Heureka.sk | Dielňa, stavba, záhrada | Stavba | Elektromateriály | Elektroinštalačný materiál | Ističe, poistky, rozvádzače | Stýkače;7;https://www.heureka.sk/direct/xml-export/shops/heureka-sekce.xml
SK;3931;Káble a vodiče;Heureka.sk | Dielňa, stavba, záhrada | Stavba | Elektromateriály | Elektroinštalačný materiál | Kabeláž | Káble a vodiče;7;https://www.heureka.sk/direct/xml-export/shops/heureka-sekce.xml
SK;3940;Svorkovnice;Heureka.sk | Dielňa, stavba, záhrada | Stavba | Elektromateriály | Elektroinštalačný materiál | Kabeláž | Svorkovnice;7;https://www.heureka.sk/direct/xml-export/shops/heureka-sekce.xml
SK;3937;Pohybové čidlá;Heureka.sk | Dielňa, stavba, záhrada | Stavba | Elektromateriály | Elektroinštalačný materiál | Zásuvky, vypínače, termostaty | Pohybové čidlá;7;https://www.heureka.sk/direct/xml-export/shops/heureka-sekce.xml
SK;3629;Stmievače;Heureka.sk | Dielňa, stavba, záhrada | Stavba | Elektromateriály | Elektroinštalačný materiál | Zásuvky, vypínače, termostaty | Stmievače;7;https://www.heureka.sk/direct/xml-export/shops/heureka-sekce.xml
SK;3936;Termostaty;Heureka.sk | Dielňa, stavba, záhrada | Stavba | Elektromateriály | Elektroinštalačný materiál | Zásuvky, vypínače, termostaty | Termostaty;7;https://www.heureka.sk/direct/xml-export/shops/heureka-sekce.xml
SK;3934;Vypínače;Heureka.sk | Dielňa, stavba, záhrada | Stavba | Elektromateriály | Elektroinštalačný materiál | Zásuvky, vypínače, termostaty | Vypínače;7;https://www.heureka.sk/direct/xml-export/shops/heureka-sekce.xml
SK;3935;Zásuvky;Heureka.sk | Dielňa, stavba, záhrada | Stavba | Elektromateriály | Elektroinštalačný materiál | Zásuvky, vypínače, termostaty | Zásuvky;7;https://www.heureka.sk/direct/xml-export/shops/heureka-sekce.xml
SK;5613;Časové spínače;Heureka.sk | Dielňa, stavba, záhrada | Stavba | Elektromateriály | Elektroinštalačný materiál | Zásuvky, vypínače, termostaty | Časové spínače;7;https://www.heureka.sk/direct/xml-export/shops/heureka-sekce.xml
SK;6529;Farby na betón;Heureka.sk | Dielňa, stavba, záhrada | Stavba | Farby a laky | Farby na betón;5;https://www.heureka.sk/direct/xml-export/shops/heureka-sekce.xml
SK;3553;Farby na kov;Heureka.sk | Dielňa, stavba, záhrada | Stavba | Farby a laky | Farby na kov;5;https://www.heureka.sk/direct/xml-export/shops/heureka-sekce.xml
SK;3556;Farby v spreji;Heureka.sk | Dielňa, stavba, záhrada | Stavba | Farby a laky | Farby v spreji;5;https://www.heureka.sk/direct/xml-export/shops/heureka-sekce.xml
SK;3554;Farby na drevo;Heureka.sk | Dielňa, stavba, záhrada | Stavba | Farby a laky | Farby, laky na drevo | Farby na drevo;6;https://www.heureka.sk/direct/xml-export/shops/heureka-sekce.xml
SK;6393;Laky na drevo;Heureka.sk | Dielňa, stavba, záhrada | Stavba | Farby a laky | Farby, laky na drevo | Laky na drevo;6;https://www.heureka.sk/direct/xml-export/shops/heureka-sekce.xml
SK;6392;Lazúry a moridlá na drevo;Heureka.sk | Dielňa, stavba, záhrada | Stavba | Farby a laky | Farby, laky na drevo | Lazúry a moridlá na drevo;6;https://www.heureka.sk/direct/xml-export/shops/heureka-sekce.xml
SK;6394;Oleje na drevo;Heureka.sk | Dielňa, stavba, záhrada | Stavba | Farby a laky | Farby, laky na drevo | Oleje na drevo;6;https://www.heureka.sk/direct/xml-export/shops/heureka-sekce.xml
SK;6395;Vosky na drevo;Heureka.sk | Dielňa, stavba, záhrada | Stavba | Farby a laky | Farby, laky na drevo | Vosky na drevo;6;https://www.heureka.sk/direct/xml-export/shops/heureka-sekce.xml
SK;3538;Fasádne farby;Heureka.sk | Dielňa, stavba, záhrada | Stavba | Farby a laky | Fasádne farby;5;https://www.heureka.sk/direct/xml-export/shops/heureka-sekce.xml
SK;3555;Interiérové farby;Heureka.sk | Dielňa, stavba, záhrada | Stavba | Farby a laky | Interiérové farby;5;https://www.heureka.sk/direct/xml-export/shops/heureka-sekce.xml
SK;3614;Riedidlá a rozpúšťadlá;Heureka.sk | Dielňa, stavba, záhrada | Stavba | Farby a laky | Riedidlá a rozpúšťadlá;5;https://www.heureka.sk/direct/xml-export/shops/heureka-sekce.xml
SK;6411;Univerzálne farby;Heureka.sk | Dielňa, stavba, záhrada | Stavba | Farby a laky | Univerzálne farby;5;https://www.heureka.sk/direct/xml-export/shops/heureka-sekce.xml
SK;3634;Fotovoltaické a solárne panely;Heureka.sk | Dielňa, stavba, záhrada | Stavba | Fotovoltaika | Fotovoltaické a solárne panely;5;https://www.heureka.sk/direct/xml-export/shops/heureka-sekce.xml
SK;3637;Solárne a fotovoltaické komponenty;Heureka.sk | Dielňa, stavba, záhrada | Stavba | Fotovoltaika | Solárne a fotovoltaické komponenty;5;https://www.heureka.sk/direct/xml-export/shops/heureka-sekce.xml
SK;3639;Solárne meniče napätia;Heureka.sk | Dielňa, stavba, záhrada | Stavba | Fotovoltaika | Solárne meniče napätia;5;https://www.heureka.sk/direct/xml-export/shops/heureka-sekce.xml
SK;6897;Solárne regulátory;Heureka.sk | Dielňa, stavba, záhrada | Stavba | Fotovoltaika | Solárne regulátory;5;https://www.heureka.sk/direct/xml-export/shops/heureka-sekce.xml
SK;6891;Solárne zostavy;Heureka.sk | Dielňa, stavba, záhrada | Stavba | Fotovoltaika | Solárne zostavy;5;https://www.heureka.sk/direct/xml-export/shops/heureka-sekce.xml
SK;4133;Garáže;Heureka.sk | Dielňa, stavba, záhrada | Stavba | Garáže a vráta | Garáže;5;https://www.heureka.sk/direct/xml-export/shops/heureka-sekce.xml
SK;3996;Geotextílie;Heureka.sk | Dielňa, stavba, záhrada | Stavba | Odvodnenie a drenáže | Geotextílie;5;https://www.heureka.sk/direct/xml-export/shops/heureka-sekce.xml
SK;5888;Nádrže na vodu;Heureka.sk | Dielňa, stavba, záhrada | Stavba | Odvodnenie a drenáže | Nádrže na vodu;5;https://www.heureka.sk/direct/xml-export/shops/heureka-sekce.xml
SK;4107;Odkvapové systémy;Heureka.sk | Dielňa, stavba, záhrada | Stavba | Odvodnenie a drenáže | Odkvapové systémy;5;https://www.heureka.sk/direct/xml-export/shops/heureka-sekce.xml
SK;4108;Vonkajšie odvodňovacie žľaby;Heureka.sk | Dielňa, stavba, záhrada | Stavba | Odvodnenie a drenáže | Vonkajšie odvodňovacie žľaby;5;https://www.heureka.sk/direct/xml-export/shops/heureka-sekce.xml
SK;3559;Brány a bránky;Heureka.sk | Dielňa, stavba, záhrada | Stavba | Ploty | Brány a bránky;5;https://www.heureka.sk/direct/xml-export/shops/heureka-sekce.xml
SK;3432;Pletivá a siete;Heureka.sk | Dielňa, stavba, záhrada | Stavba | Ploty | Pletivá a siete;5;https://www.heureka.sk/direct/xml-export/shops/heureka-sekce.xml
SK;3560;Príslušenstvo k plotu;Heureka.sk | Dielňa, stavba, záhrada | Stavba | Ploty | Príslušenstvo k plotu;5;https://www.heureka.sk/direct/xml-export/shops/heureka-sekce.xml
SK;3433;Stĺpiky a vzpery;Heureka.sk | Dielňa, stavba, záhrada | Stavba | Ploty | Stĺpiky a vzpery;5;https://www.heureka.sk/direct/xml-export/shops/heureka-sekce.xml
SK;2983;Obklady a dlažby;Heureka.sk | Dielňa, stavba, záhrada | Stavba | Podlahy a obklady | Obklady a dlažby;5;https://www.heureka.sk/direct/xml-export/shops/heureka-sekce.xml
SK;5200;Podlahové krycie mriežky;Heureka.sk | Dielňa, stavba, záhrada | Stavba | Podlahy a obklady | Podlahové krycie mriežky;5;https://www.heureka.sk/direct/xml-export/shops/heureka-sekce.xml
SK;4945;Podlahové lišty;Heureka.sk | Dielňa, stavba, záhrada | Stavba | Podlahy a obklady | Podlahové lišty;5;https://www.heureka.sk/direct/xml-export/shops/heureka-sekce.xml
SK;2822;Podlahy;Heureka.sk | Dielňa, stavba, záhrada | Stavba | Podlahy a obklady | Podlahy;5;https://www.heureka.sk/direct/xml-export/shops/heureka-sekce.xml
SK;2800;Vonkajšia dlažba;Heureka.sk | Dielňa, stavba, záhrada | Stavba | Podlahy a obklady | Vonkajšia dlažba;5;https://www.heureka.sk/direct/xml-export/shops/heureka-sekce.xml
SK;3601;Podkrovné schody;Heureka.sk | Dielňa, stavba, záhrada | Stavba | Schody a zábradlia | Podkrovné schody;5;https://www.heureka.sk/direct/xml-export/shops/heureka-sekce.xml
SK;4367;Príslušenstvo k zábradliu;Heureka.sk | Dielňa, stavba, záhrada | Stavba | Schody a zábradlia | Príslušenstvo k zábradliu;5;https://www.heureka.sk/direct/xml-export/shops/heureka-sekce.xml
SK;3596;Schodiská;Heureka.sk | Dielňa, stavba, záhrada | Stavba | Schody a zábradlia | Schodiská;5;https://www.heureka.sk/direct/xml-export/shops/heureka-sekce.xml
SK;3597;Zábradlia;Heureka.sk | Dielňa, stavba, záhrada | Stavba | Schody a zábradlia | Zábradlia;5;https://www.heureka.sk/direct/xml-export/shops/heureka-sekce.xml
SK;2392;Lešenia;Heureka.sk | Dielňa, stavba, záhrada | Stavba | Stavebná technika a náradie | Lešenia;5;https://www.heureka.sk/direct/xml-export/shops/heureka-sekce.xml
SK;6525;Detektory rozbitia skla;Heureka.sk | Dielňa, stavba, záhrada | Stavba | Stavebná technika a náradie | Meradlá a meracie prístroje | Detektory, senzory | Detektory rozbitia skla;7;https://www.heureka.sk/direct/xml-export/shops/heureka-sekce.xml
SK;6526;Dverové a okenné senzory;Heureka.sk | Dielňa, stavba, záhrada | Stavba | Stavebná technika a náradie | Meradlá a meracie prístroje | Detektory, senzory | Dverové a okenné senzory;7;https://www.heureka.sk/direct/xml-export/shops/heureka-sekce.xml
SK;3938;Požiarne hlásiče a detektory plynu;Heureka.sk | Dielňa, stavba, záhrada | Stavba | Stavebná technika a náradie | Meradlá a meracie prístroje | Detektory, senzory | Požiarne hlásiče a detektory plynu;7;https://www.heureka.sk/direct/xml-export/shops/heureka-sekce.xml
SK;3067;Stavebné detektory;Heureka.sk | Dielňa, stavba, záhrada | Stavba | Stavebná technika a náradie | Meradlá a meracie prístroje | Detektory, senzory | Stavebné detektory;7;https://www.heureka.sk/direct/xml-export/shops/heureka-sekce.xml
SK;6528;Vodné detektory a alarmy;Heureka.sk | Dielňa, stavba, záhrada | Stavba | Stavebná technika a náradie | Meradlá a meracie prístroje | Detektory, senzory | Vodné detektory a alarmy;7;https://www.heureka.sk/direct/xml-export/shops/heureka-sekce.xml
SK;3762;Ampermetre a voltmetre;Heureka.sk | Dielňa, stavba, záhrada | Stavba | Stavebná technika a náradie | Meradlá a meracie prístroje | Meranie napätia | Ampermetre a voltmetre;7;https://www.heureka.sk/direct/xml-export/shops/heureka-sekce.xml
SK;3053;Meracie lasery;Heureka.sk | Dielňa, stavba, záhrada | Stavba | Stavebná technika a náradie | Meradlá a meracie prístroje | Meranie roviny | Meracie lasery;7;https://www.heureka.sk/direct/xml-export/shops/heureka-sekce.xml
SK;3607;Nivelačné prístroje a laty;Heureka.sk | Dielňa, stavba, záhrada | Stavba | Stavebná technika a náradie | Meradlá a meracie prístroje | Meranie roviny | Nivelačné prístroje a laty;7;https://www.heureka.sk/direct/xml-export/shops/heureka-sekce.xml
SK;2280;Vodováhy;Heureka.sk | Dielňa, stavba, záhrada | Stavba | Stavebná technika a náradie | Meradlá a meracie prístroje | Meranie roviny | Vodováhy;7;https://www.heureka.sk/direct/xml-export/shops/heureka-sekce.xml
SK;3605;Merače teploty a vlhkosti;Heureka.sk | Dielňa, stavba, záhrada | Stavba | Stavebná technika a náradie | Meradlá a meracie prístroje | Meranie teploty a vlhkosti | Merače teploty a vlhkosti;7;https://www.heureka.sk/direct/xml-export/shops/heureka-sekce.xml
SK;3068;Meracie uhlomery;Heureka.sk | Dielňa, stavba, záhrada | Stavba | Stavebná technika a náradie | Meradlá a meracie prístroje | Meranie uhlov | Meracie uhlomery;7;https://www.heureka.sk/direct/xml-export/shops/heureka-sekce.xml
SK;3606;Uholníky;Heureka.sk | Dielňa, stavba, záhrada | Stavba | Stavebná technika a náradie | Meradlá a meracie prístroje | Meranie uhlov | Uholníky;7;https://www.heureka.sk/direct/xml-export/shops/heureka-sekce.xml
SK;3064;Metre a pásma;Heureka.sk | Dielňa, stavba, záhrada | Stavba | Stavebná technika a náradie | Meradlá a meracie prístroje | Meranie vzdialenosti | Metre a pásma;7;https://www.heureka.sk/direct/xml-export/shops/heureka-sekce.xml
SK;3564;Hladítka;Heureka.sk | Dielňa, stavba, záhrada | Stavba | Stavebná technika a náradie | Murárske náradie | Hladítka;6;https://www.heureka.sk/direct/xml-export/shops/heureka-sekce.xml
SK;3567;Murárske lyžice;Heureka.sk | Dielňa, stavba, záhrada | Stavba | Stavebná technika a náradie | Murárske náradie | Murárske lyžice;6;https://www.heureka.sk/direct/xml-export/shops/heureka-sekce.xml
SK;3569;Murárske naberačky;Heureka.sk | Dielňa, stavba, záhrada | Stavba | Stavebná technika a náradie | Murárske náradie | Murárske naberačky;6;https://www.heureka.sk/direct/xml-export/shops/heureka-sekce.xml
SK;3577;Murárske stierky;Heureka.sk | Dielňa, stavba, záhrada | Stavba | Stavebná technika a náradie | Murárske náradie | Murárske stierky;6;https://www.heureka.sk/direct/xml-export/shops/heureka-sekce.xml
SK;3576;Sekáče;Heureka.sk | Dielňa, stavba, záhrada | Stavba | Stavebná technika a náradie | Murárske náradie | Sekáče;6;https://www.heureka.sk/direct/xml-export/shops/heureka-sekce.xml
SK;3565;Škrabáky;Heureka.sk | Dielňa, stavba, záhrada | Stavba | Stavebná technika a náradie | Murárske náradie | Škrabáky;6;https://www.heureka.sk/direct/xml-export/shops/heureka-sekce.xml
SK;3566;Škárovačky;Heureka.sk | Dielňa, stavba, záhrada | Stavba | Stavebná technika a náradie | Murárske náradie | Škárovačky;6;https://www.heureka.sk/direct/xml-export/shops/heureka-sekce.xml
SK;3568;Špachtle;Heureka.sk | Dielňa, stavba, záhrada | Stavba | Stavebná technika a náradie | Murárske náradie | Špachtle;6;https://www.heureka.sk/direct/xml-export/shops/heureka-sekce.xml
SK;2387;Rebríky a schodíky;Heureka.sk | Dielňa, stavba, záhrada | Stavba | Stavebná technika a náradie | Rebríky a schodíky;5;https://www.heureka.sk/direct/xml-export/shops/heureka-sekce.xml
SK;3542;Hladičky betónu;Heureka.sk | Dielňa, stavba, záhrada | Stavba | Stavebná technika a náradie | Stavebná technika | Betónovanie | Hladičky betónu;7;https://www.heureka.sk/direct/xml-export/shops/heureka-sekce.xml
SK;3115;Miešačky;Heureka.sk | Dielňa, stavba, záhrada | Stavba | Stavebná technika a náradie | Stavebná technika | Betónovanie | Miešačky;7;https://www.heureka.sk/direct/xml-export/shops/heureka-sekce.xml
SK;3541;Ponorné vibrátory;Heureka.sk | Dielňa, stavba, záhrada | Stavba | Stavebná technika a náradie | Stavebná technika | Hutnenie a vibrovanie | Ponorné vibrátory;7;https://www.heureka.sk/direct/xml-export/shops/heureka-sekce.xml
SK;3547;Vibračné dosky;Heureka.sk | Dielňa, stavba, záhrada | Stavba | Stavebná technika a náradie | Stavebná technika | Hutnenie a vibrovanie | Vibračné dosky;7;https://www.heureka.sk/direct/xml-export/shops/heureka-sekce.xml
SK;3548;Vibračné pechy;Heureka.sk | Dielňa, stavba, záhrada | Stavba | Stavebná technika a náradie | Stavebná technika | Hutnenie a vibrovanie | Vibračné pechy;7;https://www.heureka.sk/direct/xml-export/shops/heureka-sekce.xml
SK;3539;Vibračné valce;Heureka.sk | Dielňa, stavba, záhrada | Stavba | Stavebná technika a náradie | Stavebná technika | Hutnenie a vibrovanie | Vibračné valce;7;https://www.heureka.sk/direct/xml-export/shops/heureka-sekce.xml
SK;8607;Minibagre a dumpery;Heureka.sk | Dielňa, stavba, záhrada | Stavba | Stavebná technika a náradie | Stavebná technika | Preprava materiálu | Minibagre a dumpery;7;https://www.heureka.sk/direct/xml-export/shops/heureka-sekce.xml
SK;3944;Paletové vozíky;Heureka.sk | Dielňa, stavba, záhrada | Stavba | Stavebná technika a náradie | Stavebná technika | Preprava materiálu | Paletové vozíky;7;https://www.heureka.sk/direct/xml-export/shops/heureka-sekce.xml
SK;6842;Stavebné furiky;Heureka.sk | Dielňa, stavba, záhrada | Stavba | Stavebná technika a náradie | Stavebná technika | Preprava materiálu | Stavebné furiky;7;https://www.heureka.sk/direct/xml-export/shops/heureka-sekce.xml
SK;4266;Stavebné navijaky a kladkostroje;Heureka.sk | Dielňa, stavba, záhrada | Stavba | Stavebná technika a náradie | Stavebná technika | Preprava materiálu | Stavebné navijaky a kladkostroje;7;https://www.heureka.sk/direct/xml-export/shops/heureka-sekce.xml
SK;2707;Rezačky na obklady;Heureka.sk | Dielňa, stavba, záhrada | Stavba | Stavebná technika a náradie | Stavebná technika | Rezanie, zváranie, vŕtanie | Rezačky na obklady;7;https://www.heureka.sk/direct/xml-export/shops/heureka-sekce.xml
SK;6975;Rezačky na polystyrén;Heureka.sk | Dielňa, stavba, záhrada | Stavba | Stavebná technika a náradie | Stavebná technika | Rezanie, zváranie, vŕtanie | Rezačky na polystyrén;7;https://www.heureka.sk/direct/xml-export/shops/heureka-sekce.xml
SK;6976;Rezačky podláh;Heureka.sk | Dielňa, stavba, záhrada | Stavba | Stavebná technika a náradie | Stavebná technika | Rezanie, zváranie, vŕtanie | Rezačky podláh;7;https://www.heureka.sk/direct/xml-export/shops/heureka-sekce.xml
SK;6974;Rezačky rúrok;Heureka.sk | Dielňa, stavba, záhrada | Stavba | Stavebná technika a náradie | Stavebná technika | Rezanie, zváranie, vŕtanie | Rezačky rúrok;7;https://www.heureka.sk/direct/xml-export/shops/heureka-sekce.xml
SK;6038;OSB dosky;Heureka.sk | Dielňa, stavba, záhrada | Stavba | Stavebný materiál | Drevené dosky | OSB dosky;6;https://www.heureka.sk/direct/xml-export/shops/heureka-sekce.xml
SK;8533;Sadrokartónové dosky;Heureka.sk | Dielňa, stavba, záhrada | Stavba | Stavebný materiál | Sadrokartónové dosky;5;https://www.heureka.sk/direct/xml-export/shops/heureka-sekce.xml
SK;3588;Hydroizolácie;Heureka.sk | Dielňa, stavba, záhrada | Stavba | Stavebný materiál | Stavebná chémia | Hydroizolácie;6;https://www.heureka.sk/direct/xml-export/shops/heureka-sekce.xml
SK;3610;Montážne peny;Heureka.sk | Dielňa, stavba, záhrada | Stavba | Stavebný materiál | Stavebná chémia | Montážne peny;6;https://www.heureka.sk/direct/xml-export/shops/heureka-sekce.xml
SK;3583;Penetrácie;Heureka.sk | Dielňa, stavba, záhrada | Stavba | Stavebný materiál | Stavebná chémia | Penetrácie;6;https://www.heureka.sk/direct/xml-export/shops/heureka-sekce.xml
SK;3943;Prímesi do stavebných hmôt;Heureka.sk | Dielňa, stavba, záhrada | Stavba | Stavebný materiál | Stavebná chémia | Prímesi do stavebných hmôt;6;https://www.heureka.sk/direct/xml-export/shops/heureka-sekce.xml
SK;3585;Sadra;Heureka.sk | Dielňa, stavba, záhrada | Stavba | Stavebný materiál | Stavebná chémia | Sadra;6;https://www.heureka.sk/direct/xml-export/shops/heureka-sekce.xml
SK;3587;Sanácia;Heureka.sk | Dielňa, stavba, záhrada | Stavba | Stavebný materiál | Stavebná chémia | Sanácia;6;https://www.heureka.sk/direct/xml-export/shops/heureka-sekce.xml
SK;3586;Tekuté a chemické kotvy;Heureka.sk | Dielňa, stavba, záhrada | Stavba | Stavebný materiál | Stavebná chémia | Tekuté a chemické kotvy;6;https://www.heureka.sk/direct/xml-export/shops/heureka-sekce.xml
SK;3609;Tmely, silikóny a lepidlá;Heureka.sk | Dielňa, stavba, záhrada | Stavba | Stavebný materiál | Stavebná chémia | Tmely, silikóny a lepidlá;6;https://www.heureka.sk/direct/xml-export/shops/heureka-sekce.xml
SK;3646;Škárovacie hmoty;Heureka.sk | Dielňa, stavba, záhrada | Stavba | Stavebný materiál | Stavebná chémia | Škárovacie hmoty;6;https://www.heureka.sk/direct/xml-export/shops/heureka-sekce.xml
SK;8365;Živice;Heureka.sk | Dielňa, stavba, záhrada | Stavba | Stavebný materiál | Stavebná chémia | Živice;6;https://www.heureka.sk/direct/xml-export/shops/heureka-sekce.xml
SK;6604;Stavebné pásky;Heureka.sk | Dielňa, stavba, záhrada | Stavba | Stavebný materiál | Stavebné pásky;5;https://www.heureka.sk/direct/xml-export/shops/heureka-sekce.xml
SK;6617;Strešné fólie;Heureka.sk | Dielňa, stavba, záhrada | Stavba | Strechy a komíny | Strešné fólie;5;https://www.heureka.sk/direct/xml-export/shops/heureka-sekce.xml
SK;2791;Strešné krytiny;Heureka.sk | Dielňa, stavba, záhrada | Stavba | Strechy a komíny | Strešné krytiny;5;https://www.heureka.sk/direct/xml-export/shops/heureka-sekce.xml
SK;2799;Strešné okná;Heureka.sk | Dielňa, stavba, záhrada | Stavba | Strechy a komíny | Strešné okná a doplnky | Strešné okná;6;https://www.heureka.sk/direct/xml-export/shops/heureka-sekce.xml
SK;8288;Izolácie potrubia;Heureka.sk | Dielňa, stavba, záhrada | Stavba | Tepelná izolácia | Izolačné materiály | Izolácie potrubia;6;https://www.heureka.sk/direct/xml-export/shops/heureka-sekce.xml
SK;8285;Minerálne vaty;Heureka.sk | Dielňa, stavba, záhrada | Stavba | Tepelná izolácia | Izolačné materiály | Minerálne vaty;6;https://www.heureka.sk/direct/xml-export/shops/heureka-sekce.xml
SK;8287;Mirelóny a izolácia podláh;Heureka.sk | Dielňa, stavba, záhrada | Stavba | Tepelná izolácia | Izolačné materiály | Mirelóny a izolácia podláh;6;https://www.heureka.sk/direct/xml-export/shops/heureka-sekce.xml
SK;3611;Polystyrény;Heureka.sk | Dielňa, stavba, záhrada | Stavba | Tepelná izolácia | Izolačné materiály | Polystyrény;6;https://www.heureka.sk/direct/xml-export/shops/heureka-sekce.xml
SK;3612;Profily a lišty pre zateplenie;Heureka.sk | Dielňa, stavba, záhrada | Stavba | Tepelná izolácia | Profily a lišty pre zateplenie;5;https://www.heureka.sk/direct/xml-export/shops/heureka-sekce.xml
SK;3652;Príslušenstvo na zateplenie;Heureka.sk | Dielňa, stavba, záhrada | Stavba | Tepelná izolácia | Príslušenstvo na zateplenie;5;https://www.heureka.sk/direct/xml-export/shops/heureka-sekce.xml
SK;3946;Kanalizačné rúry a potrubia;Heureka.sk | Dielňa, stavba, záhrada | Stavba | Voda, plyn, kúrenie | Kanalizácie | Kanalizačné rúry a potrubia;6;https://www.heureka.sk/direct/xml-export/shops/heureka-sekce.xml
SK;6460;Kanalizačné šachty;Heureka.sk | Dielňa, stavba, záhrada | Stavba | Voda, plyn, kúrenie | Kanalizácie | Kanalizačné šachty;6;https://www.heureka.sk/direct/xml-export/shops/heureka-sekce.xml
SK;6461;Odpadové mriežky a poklopy;Heureka.sk | Dielňa, stavba, záhrada | Stavba | Voda, plyn, kúrenie | Kanalizácie | Odpadové mriežky a poklopy;6;https://www.heureka.sk/direct/xml-export/shops/heureka-sekce.xml
SK;6505;Sprchové a podlahové žľaby;Heureka.sk | Dielňa, stavba, záhrada | Stavba | Voda, plyn, kúrenie | Kanalizácie | Sprchové a podlahové žľaby;6;https://www.heureka.sk/direct/xml-export/shops/heureka-sekce.xml
SK;6459;Čističky odpadových vôd;Heureka.sk | Dielňa, stavba, záhrada | Stavba | Voda, plyn, kúrenie | Kanalizácie | Čističky odpadových vôd;6;https://www.heureka.sk/direct/xml-export/shops/heureka-sekce.xml
SK;6483;Žumpy a septiky;Heureka.sk | Dielňa, stavba, záhrada | Stavba | Voda, plyn, kúrenie | Kanalizácie | Žumpy a septiky;6;https://www.heureka.sk/direct/xml-export/shops/heureka-sekce.xml
SK;5919;Inštalatérske perá;Heureka.sk | Dielňa, stavba, záhrada | Stavba | Voda, plyn, kúrenie | Potreby pre inštalatérov | Inštalatérske perá;6;https://www.heureka.sk/direct/xml-export/shops/heureka-sekce.xml
SK;5918;Napúšťacie a vypúšťacie WC ventily;Heureka.sk | Dielňa, stavba, záhrada | Stavba | Voda, plyn, kúrenie | Potreby pre inštalatérov | Napúšťacie a vypúšťacie WC ventily;6;https://www.heureka.sk/direct/xml-export/shops/heureka-sekce.xml
SK;3632;Tvarovky a rúry;Heureka.sk | Dielňa, stavba, záhrada | Stavba | Voda, plyn, kúrenie | Tvarovky a rúry;5;https://www.heureka.sk/direct/xml-export/shops/heureka-sekce.xml
SK;6475;Vodomerné šachty;Heureka.sk | Dielňa, stavba, záhrada | Stavba | Voda, plyn, kúrenie | Vodomerné šachty;5;https://www.heureka.sk/direct/xml-export/shops/heureka-sekce.xml
SK;8424;Rekuperačné jednotky;Heureka.sk | Dielňa, stavba, záhrada | Stavba | Vzduchotechnika | Rekuperačné jednotky;5;https://www.heureka.sk/direct/xml-export/shops/heureka-sekce.xml
SK;8410;Ventilácie;Heureka.sk | Dielňa, stavba, záhrada | Stavba | Vzduchotechnika | Ventilácie;5;https://www.heureka.sk/direct/xml-export/shops/heureka-sekce.xml
SK;8409;Vzduchotechnické potrubia;Heureka.sk | Dielňa, stavba, záhrada | Stavba | Vzduchotechnika | Vzduchotechnické potrubia;5;https://www.heureka.sk/direct/xml-export/shops/heureka-sekce.xml
SK;5197;Domové čísla;Heureka.sk | Dielňa, stavba, záhrada | Stavba | Železiarstvo | Domové čísla;5;https://www.heureka.sk/direct/xml-export/shops/heureka-sekce.xml
SK;5194;Cylindrické vložky;Heureka.sk | Dielňa, stavba, záhrada | Stavba | Železiarstvo | Kovanie a zámky | Cylindrické vložky;6;https://www.heureka.sk/direct/xml-export/shops/heureka-sekce.xml
SK;6217;Dverové kovania;Heureka.sk | Dielňa, stavba, záhrada | Stavba | Železiarstvo | Kovanie a zámky | Dverové kovania;6;https://www.heureka.sk/direct/xml-export/shops/heureka-sekce.xml
SK;6218;Dverové kukátka;Heureka.sk | Dielňa, stavba, záhrada | Stavba | Železiarstvo | Kovanie a zámky | Dverové kukátka;6;https://www.heureka.sk/direct/xml-export/shops/heureka-sekce.xml
SK;6219;Dverové pánty;Heureka.sk | Dielňa, stavba, záhrada | Stavba | Železiarstvo | Kovanie a zámky | Dverové pánty;6;https://www.heureka.sk/direct/xml-export/shops/heureka-sekce.xml
SK;6220;Klopadlá;Heureka.sk | Dielňa, stavba, záhrada | Stavba | Železiarstvo | Kovanie a zámky | Klopadlá;6;https://www.heureka.sk/direct/xml-export/shops/heureka-sekce.xml
SK;2808;Nábytkové kovania;Heureka.sk | Dielňa, stavba, záhrada | Stavba | Železiarstvo | Kovanie a zámky | Nábytkové kovania;6;https://www.heureka.sk/direct/xml-export/shops/heureka-sekce.xml
SK;6221;Nábytkové úchytky;Heureka.sk | Dielňa, stavba, záhrada | Stavba | Železiarstvo | Kovanie a zámky | Nábytkové úchytky;6;https://www.heureka.sk/direct/xml-export/shops/heureka-sekce.xml
SK;6201;Okenné a balkónové kľučky;Heureka.sk | Dielňa, stavba, záhrada | Stavba | Železiarstvo | Kovanie a zámky | Okenné a balkónové kľučky;6;https://www.heureka.sk/direct/xml-export/shops/heureka-sekce.xml
SK;5210;Okenné kovania;Heureka.sk | Dielňa, stavba, záhrada | Stavba | Železiarstvo | Kovanie a zámky | Okenné kovania;6;https://www.heureka.sk/direct/xml-export/shops/heureka-sekce.xml
SK;6222;Revízne dvierka;Heureka.sk | Dielňa, stavba, záhrada | Stavba | Železiarstvo | Kovanie a zámky | Revízne dvierka;6;https://www.heureka.sk/direct/xml-export/shops/heureka-sekce.xml
SK;6223;Tesárske kovania;Heureka.sk | Dielňa, stavba, záhrada | Stavba | Železiarstvo | Kovanie a zámky | Tesárske kovania;6;https://www.heureka.sk/direct/xml-export/shops/heureka-sekce.xml
SK;5920;Visiace zámky;Heureka.sk | Dielňa, stavba, záhrada | Stavba | Železiarstvo | Kovanie a zámky | Visiace zámky;6;https://www.heureka.sk/direct/xml-export/shops/heureka-sekce.xml
SK;5214;Zadlabávacie zámky;Heureka.sk | Dielňa, stavba, záhrada | Stavba | Železiarstvo | Kovanie a zámky | Zadlabávacie zámky;6;https://www.heureka.sk/direct/xml-export/shops/heureka-sekce.xml
SK;5218;Zatvárače dverí;Heureka.sk | Dielňa, stavba, záhrada | Stavba | Železiarstvo | Kovanie a zámky | Zatvárače dverí;6;https://www.heureka.sk/direct/xml-export/shops/heureka-sekce.xml
SK;3766;Poštové schránky;Heureka.sk | Dielňa, stavba, záhrada | Stavba | Železiarstvo | Poštové schránky;5;https://www.heureka.sk/direct/xml-export/shops/heureka-sekce.xml
SK;3320;Hmoždinky natĺkacie;Heureka.sk | Dielňa, stavba, záhrada | Stavba | Železiarstvo | Spojovací materiál | Hmoždinky | Hmoždinky natĺkacie;7;https://www.heureka.sk/direct/xml-export/shops/heureka-sekce.xml
SK;3321;Hmoždinky tanierové;Heureka.sk | Dielňa, stavba, záhrada | Stavba | Železiarstvo | Spojovací materiál | Hmoždinky | Hmoždinky tanierové;7;https://www.heureka.sk/direct/xml-export/shops/heureka-sekce.xml
SK;3244;Klince;Heureka.sk | Dielňa, stavba, záhrada | Stavba | Železiarstvo | Spojovací materiál | Klince;6;https://www.heureka.sk/direct/xml-export/shops/heureka-sekce.xml
SK;3431;Matice narážacie;Heureka.sk | Dielňa, stavba, záhrada | Stavba | Železiarstvo | Spojovací materiál | Matice | Matice narážacie;7;https://www.heureka.sk/direct/xml-export/shops/heureka-sekce.xml
SK;3311;Matice vtlačovacie;Heureka.sk | Dielňa, stavba, záhrada | Stavba | Železiarstvo | Spojovací materiál | Matice | Matice vtlačovacie;7;https://www.heureka.sk/direct/xml-export/shops/heureka-sekce.xml
SK;3417;Matice šesťhranné;Heureka.sk | Dielňa, stavba, záhrada | Stavba | Železiarstvo | Spojovací materiál | Matice | Matice šesťhranné;7;https://www.heureka.sk/direct/xml-export/shops/heureka-sekce.xml
SK;3416;Matice šesťhranné nízke;Heureka.sk | Dielňa, stavba, záhrada | Stavba | Železiarstvo | Spojovací materiál | Matice | Matice šesťhranné nízke;7;https://www.heureka.sk/direct/xml-export/shops/heureka-sekce.xml
SK;3429;Matice štvorhranné;Heureka.sk | Dielňa, stavba, záhrada | Stavba | Železiarstvo | Spojovací materiál | Matice | Matice štvorhranné;7;https://www.heureka.sk/direct/xml-export/shops/heureka-sekce.xml
SK;3318;Nity trhacie;Heureka.sk | Dielňa, stavba, záhrada | Stavba | Železiarstvo | Spojovací materiál | Nity trhacie;6;https://www.heureka.sk/direct/xml-export/shops/heureka-sekce.xml
SK;3288;Podložky dištančné;Heureka.sk | Dielňa, stavba, záhrada | Stavba | Železiarstvo | Spojovací materiál | Podložky | Podložky dištančné;7;https://www.heureka.sk/direct/xml-export/shops/heureka-sekce.xml
SK;3293;Podložky ozubené;Heureka.sk | Dielňa, stavba, záhrada | Stavba | Železiarstvo | Spojovací materiál | Podložky | Podložky ozubené;7;https://www.heureka.sk/direct/xml-export/shops/heureka-sekce.xml
SK;3277;Podložky pružné;Heureka.sk | Dielňa, stavba, záhrada | Stavba | Železiarstvo | Spojovací materiál | Podložky | Podložky pružné;7;https://www.heureka.sk/direct/xml-export/shops/heureka-sekce.xml
SK;6256;Priemyselné spony;Heureka.sk | Dielňa, stavba, záhrada | Stavba | Železiarstvo | Spojovací materiál | Priemyselné spony;6;https://www.heureka.sk/direct/xml-export/shops/heureka-sekce.xml
SK;3298;Skrutky bimetalové;Heureka.sk | Dielňa, stavba, záhrada | Stavba | Železiarstvo | Spojovací materiál | Skrutky | Skrutky bimetalové;7;https://www.heureka.sk/direct/xml-export/shops/heureka-sekce.xml
SK;3300;Skrutky do plastu;Heureka.sk | Dielňa, stavba, záhrada | Stavba | Železiarstvo | Spojovací materiál | Skrutky | Skrutky do plastu;7;https://www.heureka.sk/direct/xml-export/shops/heureka-sekce.xml
SK;3297;Skrutky do plechu Al;Heureka.sk | Dielňa, stavba, záhrada | Stavba | Železiarstvo | Spojovací materiál | Skrutky | Skrutky do plechu Al;7;https://www.heureka.sk/direct/xml-export/shops/heureka-sekce.xml
SK;3299;Skrutky do plechu Al s vrtáčikom;Heureka.sk | Dielňa, stavba, záhrada | Stavba | Železiarstvo | Spojovací materiál | Skrutky | Skrutky do plechu Al s vrtáčikom;7;https://www.heureka.sk/direct/xml-export/shops/heureka-sekce.xml
SK;3290;Skrutky nastavovacie (červík);Heureka.sk | Dielňa, stavba, záhrada | Stavba | Železiarstvo | Spojovací materiál | Skrutky | Skrutky nastavovacie (červík);7;https://www.heureka.sk/direct/xml-export/shops/heureka-sekce.xml
SK;3275;Skrutky s okom;Heureka.sk | Dielňa, stavba, záhrada | Stavba | Železiarstvo | Spojovací materiál | Skrutky | Skrutky s okom;7;https://www.heureka.sk/direct/xml-export/shops/heureka-sekce.xml
SK;3294;Skrutky s polguľatou hlavou;Heureka.sk | Dielňa, stavba, záhrada | Stavba | Železiarstvo | Spojovací materiál | Skrutky | Skrutky s polguľatou hlavou;7;https://www.heureka.sk/direct/xml-export/shops/heureka-sekce.xml
SK;3285;Skrutky s valcovou hlavou;Heureka.sk | Dielňa, stavba, záhrada | Stavba | Železiarstvo | Spojovací materiál | Skrutky | Skrutky s valcovou hlavou;7;https://www.heureka.sk/direct/xml-export/shops/heureka-sekce.xml
SK;3292;Skrutky so zápustnou hlavou;Heureka.sk | Dielňa, stavba, záhrada | Stavba | Železiarstvo | Spojovací materiál | Skrutky | Skrutky so zápustnou hlavou;7;https://www.heureka.sk/direct/xml-export/shops/heureka-sekce.xml
SK;3266;Skrutky so šesťhrannou hlavou;Heureka.sk | Dielňa, stavba, záhrada | Stavba | Železiarstvo | Spojovací materiál | Skrutky | Skrutky so šesťhrannou hlavou;7;https://www.heureka.sk/direct/xml-export/shops/heureka-sekce.xml
SK;3286;Skrutky vratové;Heureka.sk | Dielňa, stavba, záhrada | Stavba | Železiarstvo | Spojovací materiál | Skrutky | Skrutky vratové;7;https://www.heureka.sk/direct/xml-export/shops/heureka-sekce.xml
SK;3271;Skrutky závesné;Heureka.sk | Dielňa, stavba, záhrada | Stavba | Železiarstvo | Spojovací materiál | Skrutky | Skrutky závesné;7;https://www.heureka.sk/direct/xml-export/shops/heureka-sekce.xml
SK;3322;Spony hadicové;Heureka.sk | Dielňa, stavba, záhrada | Stavba | Železiarstvo | Spojovací materiál | Spony hadicové;6;https://www.heureka.sk/direct/xml-export/shops/heureka-sekce.xml
SK;3308;Univerzálne vruty;Heureka.sk | Dielňa, stavba, záhrada | Stavba | Železiarstvo | Spojovací materiál | Vruty | Univerzálne vruty;7;https://www.heureka.sk/direct/xml-export/shops/heureka-sekce.xml
SK;3310;Vruty do dreva;Heureka.sk | Dielňa, stavba, záhrada | Stavba | Železiarstvo | Spojovací materiál | Vruty | Vruty do dreva;7;https://www.heureka.sk/direct/xml-export/shops/heureka-sekce.xml
SK;3314;Vruty závitové;Heureka.sk | Dielňa, stavba, záhrada | Stavba | Železiarstvo | Spojovací materiál | Vruty | Vruty závitové;7;https://www.heureka.sk/direct/xml-export/shops/heureka-sekce.xml
SK;3315;Vruty špeciálne;Heureka.sk | Dielňa, stavba, záhrada | Stavba | Železiarstvo | Spojovací materiál | Vruty | Vruty špeciálne;7;https://www.heureka.sk/direct/xml-export/shops/heureka-sekce.xml
SK;3267;Závitové tyče;Heureka.sk | Dielňa, stavba, záhrada | Stavba | Železiarstvo | Spojovací materiál | Závitové tyče;6;https://www.heureka.sk/direct/xml-export/shops/heureka-sekce.xml
SK;3319;Závlačky;Heureka.sk | Dielňa, stavba, záhrada | Stavba | Železiarstvo | Spojovací materiál | Závlačky;6;https://www.heureka.sk/direct/xml-export/shops/heureka-sekce.xml
SK;3998;Chrliče a fontánové trysky;Heureka.sk | Dielňa, stavba, záhrada | Záhrada | Jazierka a doplnky | Chrliče a fontánové trysky;5;https://www.heureka.sk/direct/xml-export/shops/heureka-sekce.xml
SK;4001;Hubenie vláknitých rias;Heureka.sk | Dielňa, stavba, záhrada | Záhrada | Jazierka a doplnky | Hubenie vláknitých rias;5;https://www.heureka.sk/direct/xml-export/shops/heureka-sekce.xml
SK;4870;Jazierkové dekorácie;Heureka.sk | Dielňa, stavba, záhrada | Záhrada | Jazierka a doplnky | Jazierkové dekorácie;5;https://www.heureka.sk/direct/xml-export/shops/heureka-sekce.xml
SK;3995;Jazierkové fólie;Heureka.sk | Dielňa, stavba, záhrada | Záhrada | Jazierka a doplnky | Jazierkové fólie;5;https://www.heureka.sk/direct/xml-export/shops/heureka-sekce.xml
SK;3997;Jazierkové čerpadlá;Heureka.sk | Dielňa, stavba, záhrada | Záhrada | Jazierka a doplnky | Jazierkové čerpadlá;5;https://www.heureka.sk/direct/xml-export/shops/heureka-sekce.xml
SK;4003;Osvetlenie jazierka;Heureka.sk | Dielňa, stavba, záhrada | Záhrada | Jazierka a doplnky | Osvetlenie jazierka;5;https://www.heureka.sk/direct/xml-export/shops/heureka-sekce.xml
SK;4871;Potôčiky a vodopády;Heureka.sk | Dielňa, stavba, záhrada | Záhrada | Jazierka a doplnky | Potôčiky a vodopády;5;https://www.heureka.sk/direct/xml-export/shops/heureka-sekce.xml
SK;3999;Jazierkové filtrácie;Heureka.sk | Dielňa, stavba, záhrada | Záhrada | Jazierka a doplnky | Starostlivosť o jazierka | Jazierkové filtrácie;6;https://www.heureka.sk/direct/xml-export/shops/heureka-sekce.xml
SK;4002;Skimmery pre jazierka;Heureka.sk | Dielňa, stavba, záhrada | Záhrada | Jazierka a doplnky | Starostlivosť o jazierka | Skimmery pre jazierka;6;https://www.heureka.sk/direct/xml-export/shops/heureka-sekce.xml
SK;4000;UV lampy do jazierka;Heureka.sk | Dielňa, stavba, záhrada | Záhrada | Jazierka a doplnky | Starostlivosť o jazierka | UV lampy do jazierka;6;https://www.heureka.sk/direct/xml-export/shops/heureka-sekce.xml
SK;4874;Vzduchovanie pre jazierka;Heureka.sk | Dielňa, stavba, záhrada | Záhrada | Jazierka a doplnky | Starostlivosť o jazierka | Vzduchovanie pre jazierka;6;https://www.heureka.sk/direct/xml-export/shops/heureka-sekce.xml
SK;4004;Údržba vody v jazierkach;Heureka.sk | Dielňa, stavba, záhrada | Záhrada | Jazierka a doplnky | Starostlivosť o jazierka | Údržba vody v jazierkach;6;https://www.heureka.sk/direct/xml-export/shops/heureka-sekce.xml
SK;4872;Tvarové rybníčky;Heureka.sk | Dielňa, stavba, záhrada | Záhrada | Jazierka a doplnky | Tvarové rybníčky;5;https://www.heureka.sk/direct/xml-export/shops/heureka-sekce.xml
SK;2518;Lapače a odpudzovače;Heureka.sk | Dielňa, stavba, záhrada | Záhrada | Lapače a odpudzovače;4;https://www.heureka.sk/direct/xml-export/shops/heureka-sekce.xml
SK;2317;Infrasauny a sauny;Heureka.sk | Dielňa, stavba, záhrada | Záhrada | Saunovanie | Infrasauny a sauny;5;https://www.heureka.sk/direct/xml-export/shops/heureka-sekce.xml
SK;6481;Saunové pece;Heureka.sk | Dielňa, stavba, záhrada | Záhrada | Saunovanie | Saunové pece;5;https://www.heureka.sk/direct/xml-export/shops/heureka-sekce.xml
SK;8525;Saunové vedrá a naberačky;Heureka.sk | Dielňa, stavba, záhrada | Záhrada | Saunovanie | Saunové vedrá a naberačky;5;https://www.heureka.sk/direct/xml-export/shops/heureka-sekce.xml
SK;6510;Klobúky a čiapky do sauny;Heureka.sk | Dielňa, stavba, záhrada | Záhrada | Saunovanie | Textil do sauny | Klobúky a čiapky do sauny;6;https://www.heureka.sk/direct/xml-export/shops/heureka-sekce.xml
SK;6511;Vonné esencie do sauny;Heureka.sk | Dielňa, stavba, záhrada | Záhrada | Saunovanie | Vonné esencie do sauny;5;https://www.heureka.sk/direct/xml-export/shops/heureka-sekce.xml
SK;5455;Fóliovníky;Heureka.sk | Dielňa, stavba, záhrada | Záhrada | Starostlivosť o rastliny a pestovanie rastlín | Fóliovníky;5;https://www.heureka.sk/direct/xml-export/shops/heureka-sekce.xml
SK;4961;Kvetináče a truhlíky;Heureka.sk | Dielňa, stavba, záhrada | Záhrada | Starostlivosť o rastliny a pestovanie rastlín | Kvetináče a truhlíky;5;https://www.heureka.sk/direct/xml-export/shops/heureka-sekce.xml
SK;4960;Misky pod kvetináče a truhlíky;Heureka.sk | Dielňa, stavba, záhrada | Záhrada | Starostlivosť o rastliny a pestovanie rastlín | Misky pod kvetináče a truhlíky;5;https://www.heureka.sk/direct/xml-export/shops/heureka-sekce.xml
SK;3920;Osivá a semená;Heureka.sk | Dielňa, stavba, záhrada | Záhrada | Starostlivosť o rastliny a pestovanie rastlín | Osivá a semená;5;https://www.heureka.sk/direct/xml-export/shops/heureka-sekce.xml
SK;5456;Pareniská;Heureka.sk | Dielňa, stavba, záhrada | Záhrada | Starostlivosť o rastliny a pestovanie rastlín | Pareniská;5;https://www.heureka.sk/direct/xml-export/shops/heureka-sekce.xml
SK;5476;Pestovateľské boxy;Heureka.sk | Dielňa, stavba, záhrada | Záhrada | Starostlivosť o rastliny a pestovanie rastlín | Pestovateľské boxy;5;https://www.heureka.sk/direct/xml-export/shops/heureka-sekce.xml
SK;3116;Príslušenstvo pre záhradné skleníky;Heureka.sk | Dielňa, stavba, záhrada | Záhrada | Starostlivosť o rastliny a pestovanie rastlín | Príslušenstvo pre záhradné skleníky;5;https://www.heureka.sk/direct/xml-export/shops/heureka-sekce.xml
SK;4979;Hnojivá;Heureka.sk | Dielňa, stavba, záhrada | Záhrada | Starostlivosť o rastliny a pestovanie rastlín | Starostlivosť o rastliny | Hnojivá;6;https://www.heureka.sk/direct/xml-export/shops/heureka-sekce.xml
SK;5365;Mulčovacie kôry;Heureka.sk | Dielňa, stavba, záhrada | Záhrada | Starostlivosť o rastliny a pestovanie rastlín | Starostlivosť o rastliny | Mulčovacie kôry;6;https://www.heureka.sk/direct/xml-export/shops/heureka-sekce.xml
SK;5240;Prípravky na ochranu rastlín;Heureka.sk | Dielňa, stavba, záhrada | Záhrada | Starostlivosť o rastliny a pestovanie rastlín | Starostlivosť o rastliny | Prípravky na ochranu rastlín;6;https://www.heureka.sk/direct/xml-export/shops/heureka-sekce.xml
SK;1190;Záhradné skleníky;Heureka.sk | Dielňa, stavba, záhrada | Záhrada | Starostlivosť o rastliny a pestovanie rastlín | Záhradné skleníky;5;https://www.heureka.sk/direct/xml-export/shops/heureka-sekce.xml
SK;6387;Záhradné substráty;Heureka.sk | Dielňa, stavba, záhrada | Záhrada | Starostlivosť o rastliny a pestovanie rastlín | Záhradné substráty;5;https://www.heureka.sk/direct/xml-export/shops/heureka-sekce.xml
SK;6690;Základne pre skleníky;Heureka.sk | Dielňa, stavba, záhrada | Záhrada | Starostlivosť o rastliny a pestovanie rastlín | Základne pre skleníky;5;https://www.heureka.sk/direct/xml-export/shops/heureka-sekce.xml
SK;8295;Hadicové spojky;Heureka.sk | Dielňa, stavba, záhrada | Záhrada | Zavlažovanie | Hadicové spojky;5;https://www.heureka.sk/direct/xml-export/shops/heureka-sekce.xml
SK;1163;Postrekovače;Heureka.sk | Dielňa, stavba, záhrada | Záhrada | Zavlažovanie | Postrekovače;5;https://www.heureka.sk/direct/xml-export/shops/heureka-sekce.xml
SK;5361;Sudy na vodu;Heureka.sk | Dielňa, stavba, záhrada | Záhrada | Zavlažovanie | Sudy na vodu;5;https://www.heureka.sk/direct/xml-export/shops/heureka-sekce.xml
SK;1180;Vozíky na hadice;Heureka.sk | Dielňa, stavba, záhrada | Záhrada | Zavlažovanie | Vozíky na hadice;5;https://www.heureka.sk/direct/xml-export/shops/heureka-sekce.xml
SK;6344;Zavlažovacie hodiny a automaty;Heureka.sk | Dielňa, stavba, záhrada | Záhrada | Zavlažovanie | Zavlažovacie hodiny a automaty;5;https://www.heureka.sk/direct/xml-export/shops/heureka-sekce.xml
SK;1188;Zavlažovače;Heureka.sk | Dielňa, stavba, záhrada | Záhrada | Zavlažovanie | Zavlažovače;5;https://www.heureka.sk/direct/xml-export/shops/heureka-sekce.xml
SK;1187;Záhradné hadice;Heureka.sk | Dielňa, stavba, záhrada | Záhrada | Zavlažovanie | Záhradné hadice;5;https://www.heureka.sk/direct/xml-export/shops/heureka-sekce.xml
SK;6193;Záhradné kanvy a kanvičky;Heureka.sk | Dielňa, stavba, záhrada | Záhrada | Zavlažovanie | Záhradné kanvy a kanvičky;5;https://www.heureka.sk/direct/xml-export/shops/heureka-sekce.xml
SK;6108;Záhradné pištole;Heureka.sk | Dielňa, stavba, záhrada | Záhrada | Zavlažovanie | Záhradné pištole;5;https://www.heureka.sk/direct/xml-export/shops/heureka-sekce.xml
SK;1909;Kosačky;Heureka.sk | Dielňa, stavba, záhrada | Záhrada | Záhradná technika | Kosačky;5;https://www.heureka.sk/direct/xml-export/shops/heureka-sekce.xml
SK;1159;Krovinorezy a strunové kosačky;Heureka.sk | Dielňa, stavba, záhrada | Záhrada | Záhradná technika | Krovinorezy a strunové kosačky;5;https://www.heureka.sk/direct/xml-export/shops/heureka-sekce.xml
SK;1152;Kultivátory a rotavátory;Heureka.sk | Dielňa, stavba, záhrada | Záhrada | Záhradná technika | Kultivátory a rotavátory;5;https://www.heureka.sk/direct/xml-export/shops/heureka-sekce.xml
SK;4094;Kanistre;Heureka.sk | Dielňa, stavba, záhrada | Záhrada | Záhradná technika | Príslušenstvo k záhradnej technike | Kanistre;6;https://www.heureka.sk/direct/xml-export/shops/heureka-sekce.xml
SK;2967;Príslušenstvo k vysokotlakovým čističom;Heureka.sk | Dielňa, stavba, záhrada | Záhrada | Záhradná technika | Príslušenstvo k záhradnej technike | Príslušenstvo k vysokotlakovým čističom;6;https://www.heureka.sk/direct/xml-export/shops/heureka-sekce.xml
SK;2879;Príslušenstvo k záhradným traktorom;Heureka.sk | Dielňa, stavba, záhrada | Záhrada | Záhradná technika | Príslušenstvo k záhradnej technike | Príslušenstvo k záhradným traktorom;6;https://www.heureka.sk/direct/xml-export/shops/heureka-sekce.xml
SK;1183;Príslušenstvo k čerpadlám;Heureka.sk | Dielňa, stavba, záhrada | Záhrada | Záhradná technika | Príslušenstvo k záhradnej technike | Príslušenstvo k čerpadlám;6;https://www.heureka.sk/direct/xml-export/shops/heureka-sekce.xml
SK;6684;Strunové hlavy ku krovinorezom;Heureka.sk | Dielňa, stavba, záhrada | Záhrada | Záhradná technika | Príslušenstvo k záhradnej technike | Strunové hlavy ku krovinorezom;6;https://www.heureka.sk/direct/xml-export/shops/heureka-sekce.xml
SK;1670;Reťazové dlabačky;Heureka.sk | Dielňa, stavba, záhrada | Záhrada | Záhradná technika | Reťazové dlabačky;5;https://www.heureka.sk/direct/xml-export/shops/heureka-sekce.xml
SK;8578;Robotické kosačky;Heureka.sk | Dielňa, stavba, záhrada | Záhrada | Záhradná technika | Robotické kosačky;5;https://www.heureka.sk/direct/xml-export/shops/heureka-sekce.xml
SK;1164;Rozmetadlá a sypacie vozíky;Heureka.sk | Dielňa, stavba, záhrada | Záhrada | Záhradná technika | Rozmetadlá a sypacie vozíky;5;https://www.heureka.sk/direct/xml-export/shops/heureka-sekce.xml
SK;1166;Snehové frézy;Heureka.sk | Dielňa, stavba, záhrada | Záhrada | Záhradná technika | Snehové frézy;5;https://www.heureka.sk/direct/xml-export/shops/heureka-sekce.xml
SK;1167;Vertikutátory;Heureka.sk | Dielňa, stavba, záhrada | Záhrada | Záhradná technika | Vertikutátory;5;https://www.heureka.sk/direct/xml-export/shops/heureka-sekce.xml
SK;1691;Vysokotlakové čističe;Heureka.sk | Dielňa, stavba, záhrada | Záhrada | Záhradná technika | Vysokotlakové čističe;5;https://www.heureka.sk/direct/xml-export/shops/heureka-sekce.xml
SK;1168;Vysávače lístia;Heureka.sk | Dielňa, stavba, záhrada | Záhrada | Záhradná technika | Vysávače lístia;5;https://www.heureka.sk/direct/xml-export/shops/heureka-sekce.xml
SK;4225;Zemné vrtáky;Heureka.sk | Dielňa, stavba, záhrada | Záhrada | Záhradná technika | Zemné vrtáky;5;https://www.heureka.sk/direct/xml-export/shops/heureka-sekce.xml
SK;1169;Záhradné drviče konárov;Heureka.sk | Dielňa, stavba, záhrada | Záhrada | Záhradná technika | Záhradné drviče konárov;5;https://www.heureka.sk/direct/xml-export/shops/heureka-sekce.xml
SK;1155;Záhradné traktory a ridery;Heureka.sk | Dielňa, stavba, záhrada | Záhrada | Záhradná technika | Záhradné traktory a ridery;5;https://www.heureka.sk/direct/xml-export/shops/heureka-sekce.xml
SK;1151;Čerpadlá;Heureka.sk | Dielňa, stavba, záhrada | Záhrada | Záhradná technika | Čerpadlá;5;https://www.heureka.sk/direct/xml-export/shops/heureka-sekce.xml
SK;1972;Štiepače dreva;Heureka.sk | Dielňa, stavba, záhrada | Záhrada | Záhradná technika | Štiepače dreva;5;https://www.heureka.sk/direct/xml-export/shops/heureka-sekce.xml
SK;5326;Prenosné ohniská;Heureka.sk | Dielňa, stavba, záhrada | Záhrada | Záhradné grily, krby a udiarne | Prenosné ohniská;5;https://www.heureka.sk/direct/xml-export/shops/heureka-sekce.xml
SK;6203;Grilovacie náradie;Heureka.sk | Dielňa, stavba, záhrada | Záhrada | Záhradné grily, krby a udiarne | Príslušenstvo k záhradným grilom | Grilovacie náradie;6;https://www.heureka.sk/direct/xml-export/shops/heureka-sekce.xml
SK;8368;Grilovacie rošty;Heureka.sk | Dielňa, stavba, záhrada | Záhrada | Záhradné grily, krby a udiarne | Príslušenstvo k záhradným grilom | Grilovacie rošty;6;https://www.heureka.sk/direct/xml-export/shops/heureka-sekce.xml
SK;6530;Komínové podpaľovače;Heureka.sk | Dielňa, stavba, záhrada | Záhrada | Záhradné grily, krby a udiarne | Príslušenstvo k záhradným grilom | Komínové podpaľovače;6;https://www.heureka.sk/direct/xml-export/shops/heureka-sekce.xml
SK;6746;Obaly na gril;Heureka.sk | Dielňa, stavba, záhrada | Záhrada | Záhradné grily, krby a udiarne | Príslušenstvo k záhradným grilom | Obaly na gril;6;https://www.heureka.sk/direct/xml-export/shops/heureka-sekce.xml
SK;2826;Udiarne;Heureka.sk | Dielňa, stavba, záhrada | Záhrada | Záhradné grily, krby a udiarne | Udiarne;5;https://www.heureka.sk/direct/xml-export/shops/heureka-sekce.xml
SK;2184;Záhradné grily;Heureka.sk | Dielňa, stavba, záhrada | Záhrada | Záhradné grily, krby a udiarne | Záhradné grily;5;https://www.heureka.sk/direct/xml-export/shops/heureka-sekce.xml
SK;5523;Záhradné krby;Heureka.sk | Dielňa, stavba, záhrada | Záhrada | Záhradné grily, krby a udiarne | Záhradné krby;5;https://www.heureka.sk/direct/xml-export/shops/heureka-sekce.xml
SK;2619;Záhradné lampy;Heureka.sk | Dielňa, stavba, záhrada | Záhrada | Záhradné osvetlenie | Záhradné lampy;5;https://www.heureka.sk/direct/xml-export/shops/heureka-sekce.xml
SK;5375;Netkané textílie;Heureka.sk | Dielňa, stavba, záhrada | Záhrada | Záhradné plachty, fólie a textílie | Netkané textílie;5;https://www.heureka.sk/direct/xml-export/shops/heureka-sekce.xml
SK;5403;Tieniace textílie;Heureka.sk | Dielňa, stavba, záhrada | Záhrada | Záhradné plachty, fólie a textílie | Tieniace textílie;5;https://www.heureka.sk/direct/xml-export/shops/heureka-sekce.xml
SK;5376;Záhradné plachty;Heureka.sk | Dielňa, stavba, záhrada | Záhrada | Záhradné plachty, fólie a textílie | Záhradné plachty;5;https://www.heureka.sk/direct/xml-export/shops/heureka-sekce.xml
SK;5253;Drevníky;Heureka.sk | Dielňa, stavba, záhrada | Záhrada | Záhradný nábytok a ďalšie vybavenie | Drevníky;5;https://www.heureka.sk/direct/xml-export/shops/heureka-sekce.xml
SK;5307;Hmyzie hotely;Heureka.sk | Dielňa, stavba, záhrada | Záhrada | Záhradný nábytok a ďalšie vybavenie | Hmyzie hotely;5;https://www.heureka.sk/direct/xml-export/shops/heureka-sekce.xml
SK;1969;Kompostéry;Heureka.sk | Dielňa, stavba, záhrada | Záhrada | Záhradný nábytok a ďalšie vybavenie | Kompostéry;5;https://www.heureka.sk/direct/xml-export/shops/heureka-sekce.xml
SK;2391;Popolnice;Heureka.sk | Dielňa, stavba, záhrada | Záhrada | Záhradný nábytok a ďalšie vybavenie | Popolnice;5;https://www.heureka.sk/direct/xml-export/shops/heureka-sekce.xml
SK;5382;Posypové soli;Heureka.sk | Dielňa, stavba, záhrada | Záhrada | Záhradný nábytok a ďalšie vybavenie | Posypové soli;5;https://www.heureka.sk/direct/xml-export/shops/heureka-sekce.xml
SK;6531;Prístrešky na popolnice;Heureka.sk | Dielňa, stavba, záhrada | Záhrada | Záhradný nábytok a ďalšie vybavenie | Prístrešky na popolnice;5;https://www.heureka.sk/direct/xml-export/shops/heureka-sekce.xml
SK;6668;Umelé trávniky;Heureka.sk | Dielňa, stavba, záhrada | Záhrada | Záhradný nábytok a ďalšie vybavenie | Umelé trávniky;5;https://www.heureka.sk/direct/xml-export/shops/heureka-sekce.xml
SK;5292;Záhradné kŕmidlá a búdky;Heureka.sk | Dielňa, stavba, záhrada | Záhrada | Záhradný nábytok a ďalšie vybavenie | Záhradné kŕmidlá a búdky;5;https://www.heureka.sk/direct/xml-export/shops/heureka-sekce.xml
SK;1038;Domáce ventilátory;Heureka.sk | Domáce a osobné spotrebiče | Chladenie a kúrenie | Domáce ventilátory;4;https://www.heureka.sk/direct/xml-export/shops/heureka-sekce.xml
SK;1044;Klimatizácie;Heureka.sk | Domáce a osobné spotrebiče | Chladenie a kúrenie | Klimatizácie;4;https://www.heureka.sk/direct/xml-export/shops/heureka-sekce.xml
SK;5947;Mobilné klimatizácie;Heureka.sk | Domáce a osobné spotrebiče | Chladenie a kúrenie | Mobilné klimatizácie;4;https://www.heureka.sk/direct/xml-export/shops/heureka-sekce.xml
SK;5981;Ochladzovače vzduchu;Heureka.sk | Domáce a osobné spotrebiče | Chladenie a kúrenie | Ochladzovače vzduchu;4;https://www.heureka.sk/direct/xml-export/shops/heureka-sekce.xml
SK;6445;Stropné ventilátory;Heureka.sk | Domáce a osobné spotrebiče | Chladenie a kúrenie | Stropné ventilátory;4;https://www.heureka.sk/direct/xml-export/shops/heureka-sekce.xml
SK;2191;Destilačné prístroje;Heureka.sk | Domáce a osobné spotrebiče | Kuchynské spotrebiče | Filtrácia vody | Destilačné prístroje;5;https://www.heureka.sk/direct/xml-export/shops/heureka-sekce.xml
SK;8418;Filtračné fľaše;Heureka.sk | Domáce a osobné spotrebiče | Kuchynské spotrebiče | Filtrácia vody | Filtračné fľaše;5;https://www.heureka.sk/direct/xml-export/shops/heureka-sekce.xml
SK;5404;Filtračné kanvice;Heureka.sk | Domáce a osobné spotrebiče | Kuchynské spotrebiče | Filtrácia vody | Filtračné kanvice;5;https://www.heureka.sk/direct/xml-export/shops/heureka-sekce.xml
SK;8372;Filtračné patróny;Heureka.sk | Domáce a osobné spotrebiče | Kuchynské spotrebiče | Filtrácia vody | Filtračné patróny;5;https://www.heureka.sk/direct/xml-export/shops/heureka-sekce.xml
SK;3004;Príslušenstvo k vodným filtrom;Heureka.sk | Domáce a osobné spotrebiče | Kuchynské spotrebiče | Filtrácia vody | Príslušenstvo k vodným filtrom;5;https://www.heureka.sk/direct/xml-export/shops/heureka-sekce.xml
SK;948;Vodné filtre;Heureka.sk | Domáce a osobné spotrebiče | Kuchynské spotrebiče | Filtrácia vody | Vodné filtre;5;https://www.heureka.sk/direct/xml-export/shops/heureka-sekce.xml
SK;970;Elektrické kuchynské krájače;Heureka.sk | Domáce a osobné spotrebiče | Kuchynské spotrebiče | Príprava jedla | Malé kuchynské spotrebiče | Krájanie a strúhanie | Elektrické kuchynské krájače;7;https://www.heureka.sk/direct/xml-export/shops/heureka-sekce.xml
SK;6423;Elektrické kuchynské mlynčeky;Heureka.sk | Domáce a osobné spotrebiče | Kuchynské spotrebiče | Príprava jedla | Malé kuchynské spotrebiče | Krájanie a strúhanie | Elektrické kuchynské mlynčeky;7;https://www.heureka.sk/direct/xml-export/shops/heureka-sekce.xml
SK;6474;Elektrické strúhadlá;Heureka.sk | Domáce a osobné spotrebiče | Kuchynské spotrebiče | Príprava jedla | Malé kuchynské spotrebiče | Krájanie a strúhanie | Elektrické strúhadlá;7;https://www.heureka.sk/direct/xml-export/shops/heureka-sekce.xml
SK;1013;Kuchynské mlynčeky;Heureka.sk | Domáce a osobné spotrebiče | Kuchynské spotrebiče | Príprava jedla | Malé kuchynské spotrebiče | Krájanie a strúhanie | Kuchynské mlynčeky;7;https://www.heureka.sk/direct/xml-export/shops/heureka-sekce.xml
SK;6993;Mlynčeky na korenie;Heureka.sk | Domáce a osobné spotrebiče | Kuchynské spotrebiče | Príprava jedla | Malé kuchynské spotrebiče | Krájanie a strúhanie | Mlynčeky na korenie;7;https://www.heureka.sk/direct/xml-export/shops/heureka-sekce.xml
SK;6557;Ručné kuchynské krájače;Heureka.sk | Domáce a osobné spotrebiče | Kuchynské spotrebiče | Príprava jedla | Malé kuchynské spotrebiče | Krájanie a strúhanie | Ručné kuchynské krájače;7;https://www.heureka.sk/direct/xml-export/shops/heureka-sekce.xml
SK;953;Kuchynské roboty;Heureka.sk | Domáce a osobné spotrebiče | Kuchynské spotrebiče | Príprava jedla | Malé kuchynské spotrebiče | Mixovanie a šľahanie | Kuchynské roboty;7;https://www.heureka.sk/direct/xml-export/shops/heureka-sekce.xml
SK;952;Mixéry;Heureka.sk | Domáce a osobné spotrebiče | Kuchynské spotrebiče | Príprava jedla | Malé kuchynské spotrebiče | Mixovanie a šľahanie | Mixéry;7;https://www.heureka.sk/direct/xml-export/shops/heureka-sekce.xml
SK;6258;Šľahače;Heureka.sk | Domáce a osobné spotrebiče | Kuchynské spotrebiče | Príprava jedla | Malé kuchynské spotrebiče | Mixovanie a šľahanie | Šľahače;7;https://www.heureka.sk/direct/xml-export/shops/heureka-sekce.xml
SK;6260;Domáce grily;Heureka.sk | Domáce a osobné spotrebiče | Kuchynské spotrebiče | Príprava jedla | Malé kuchynské spotrebiče | Pečenie a opekanie | Domáce grily;7;https://www.heureka.sk/direct/xml-export/shops/heureka-sekce.xml
SK;955;Domáce pekárne;Heureka.sk | Domáce a osobné spotrebiče | Kuchynské spotrebiče | Príprava jedla | Malé kuchynské spotrebiče | Pečenie a opekanie | Domáce pekárne;7;https://www.heureka.sk/direct/xml-export/shops/heureka-sekce.xml
SK;2831;Elektrické pečiace panvice;Heureka.sk | Domáce a osobné spotrebiče | Kuchynské spotrebiče | Príprava jedla | Malé kuchynské spotrebiče | Pečenie a opekanie | Elektrické pečiace panvice;7;https://www.heureka.sk/direct/xml-export/shops/heureka-sekce.xml
SK;951;Hriankovače;Heureka.sk | Domáce a osobné spotrebiče | Kuchynské spotrebiče | Príprava jedla | Malé kuchynské spotrebiče | Pečenie a opekanie | Hriankovače;7;https://www.heureka.sk/direct/xml-export/shops/heureka-sekce.xml
SK;2999;Palacinkovače;Heureka.sk | Domáce a osobné spotrebiče | Kuchynské spotrebiče | Príprava jedla | Malé kuchynské spotrebiče | Pečenie a opekanie | Palacinkovače;7;https://www.heureka.sk/direct/xml-export/shops/heureka-sekce.xml
SK;3778;Pece na pizzu;Heureka.sk | Domáce a osobné spotrebiče | Kuchynské spotrebiče | Príprava jedla | Malé kuchynské spotrebiče | Pečenie a opekanie | Pece na pizzu;7;https://www.heureka.sk/direct/xml-export/shops/heureka-sekce.xml
SK;950;Sendvičovače;Heureka.sk | Domáce a osobné spotrebiče | Kuchynské spotrebiče | Príprava jedla | Malé kuchynské spotrebiče | Pečenie a opekanie | Sendvičovače;7;https://www.heureka.sk/direct/xml-export/shops/heureka-sekce.xml
SK;2435;Vaflovače;Heureka.sk | Domáce a osobné spotrebiče | Kuchynské spotrebiče | Príprava jedla | Malé kuchynské spotrebiče | Pečenie a opekanie | Vaflovače;7;https://www.heureka.sk/direct/xml-export/shops/heureka-sekce.xml
SK;4007;Elektrické hrnce;Heureka.sk | Domáce a osobné spotrebiče | Kuchynské spotrebiče | Príprava jedla | Malé kuchynské spotrebiče | Varenie a vyprážanie | Elektrické hrnce;7;https://www.heureka.sk/direct/xml-export/shops/heureka-sekce.xml
SK;949;Fritézy;Heureka.sk | Domáce a osobné spotrebiče | Kuchynské spotrebiče | Príprava jedla | Malé kuchynské spotrebiče | Varenie a vyprážanie | Fritézy;7;https://www.heureka.sk/direct/xml-export/shops/heureka-sekce.xml
SK;2495;Parné hrnce;Heureka.sk | Domáce a osobné spotrebiče | Kuchynské spotrebiče | Príprava jedla | Malé kuchynské spotrebiče | Varenie a vyprážanie | Parné hrnce;7;https://www.heureka.sk/direct/xml-export/shops/heureka-sekce.xml
SK;6519;Parné hrnce na príkrmy;Heureka.sk | Domáce a osobné spotrebiče | Kuchynské spotrebiče | Príprava jedla | Malé kuchynské spotrebiče | Varenie a vyprážanie | Parné hrnce na príkrmy;7;https://www.heureka.sk/direct/xml-export/shops/heureka-sekce.xml
SK;3782;Ryžovary;Heureka.sk | Domáce a osobné spotrebiče | Kuchynské spotrebiče | Príprava jedla | Malé kuchynské spotrebiče | Varenie a vyprážanie | Ryžovary;7;https://www.heureka.sk/direct/xml-export/shops/heureka-sekce.xml
SK;1958;Variče;Heureka.sk | Domáce a osobné spotrebiče | Kuchynské spotrebiče | Príprava jedla | Malé kuchynské spotrebiče | Varenie a vyprážanie | Variče;7;https://www.heureka.sk/direct/xml-export/shops/heureka-sekce.xml
SK;3781;Variče vajec;Heureka.sk | Domáce a osobné spotrebiče | Kuchynské spotrebiče | Príprava jedla | Malé kuchynské spotrebiče | Varenie a vyprážanie | Variče vajec;7;https://www.heureka.sk/direct/xml-export/shops/heureka-sekce.xml
SK;6439;Varné roboty;Heureka.sk | Domáce a osobné spotrebiče | Kuchynské spotrebiče | Príprava jedla | Malé kuchynské spotrebiče | Varenie a vyprážanie | Varné roboty;7;https://www.heureka.sk/direct/xml-export/shops/heureka-sekce.xml
SK;6539;Elektrické lisy na citrusy;Heureka.sk | Domáce a osobné spotrebiče | Kuchynské spotrebiče | Príprava jedla | Malé kuchynské spotrebiče | Vychytávky do kuchyne | Elektrické lisy na citrusy;7;https://www.heureka.sk/direct/xml-export/shops/heureka-sekce.xml
SK;6916;Flambovacie pištole;Heureka.sk | Domáce a osobné spotrebiče | Kuchynské spotrebiče | Príprava jedla | Malé kuchynské spotrebiče | Vychytávky do kuchyne | Flambovacie pištole;7;https://www.heureka.sk/direct/xml-export/shops/heureka-sekce.xml
SK;3779;Hotdogovače;Heureka.sk | Domáce a osobné spotrebiče | Kuchynské spotrebiče | Príprava jedla | Malé kuchynské spotrebiče | Vychytávky do kuchyne | Hotdogovače;7;https://www.heureka.sk/direct/xml-export/shops/heureka-sekce.xml
SK;6467;Jogurtovače;Heureka.sk | Domáce a osobné spotrebiče | Kuchynské spotrebiče | Príprava jedla | Malé kuchynské spotrebiče | Vychytávky do kuchyne | Jogurtovače;7;https://www.heureka.sk/direct/xml-export/shops/heureka-sekce.xml
SK;1012;Kuchynské váhy;Heureka.sk | Domáce a osobné spotrebiče | Kuchynské spotrebiče | Príprava jedla | Malé kuchynské spotrebiče | Vychytávky do kuchyne | Kuchynské váhy;7;https://www.heureka.sk/direct/xml-export/shops/heureka-sekce.xml
SK;954;Odšťavovače;Heureka.sk | Domáce a osobné spotrebiče | Kuchynské spotrebiče | Príprava jedla | Malé kuchynské spotrebiče | Vychytávky do kuchyne | Odšťavovače;7;https://www.heureka.sk/direct/xml-export/shops/heureka-sekce.xml
SK;1014;Ostatné kuchynské spotrebiče;Heureka.sk | Domáce a osobné spotrebiče | Kuchynské spotrebiče | Príprava jedla | Malé kuchynské spotrebiče | Vychytávky do kuchyne | Ostatné kuchynské spotrebiče;7;https://www.heureka.sk/direct/xml-export/shops/heureka-sekce.xml
SK;6468;Popkornovače;Heureka.sk | Domáce a osobné spotrebiče | Kuchynské spotrebiče | Príprava jedla | Malé kuchynské spotrebiče | Vychytávky do kuchyne | Popkornovače;7;https://www.heureka.sk/direct/xml-export/shops/heureka-sekce.xml
SK;6469;Prístroje na výrobu muffinov a šišiek;Heureka.sk | Domáce a osobné spotrebiče | Kuchynské spotrebiče | Príprava jedla | Malé kuchynské spotrebiče | Vychytávky do kuchyne | Prístroje na výrobu muffinov a šišiek;7;https://www.heureka.sk/direct/xml-export/shops/heureka-sekce.xml
SK;6656;Sous-vide;Heureka.sk | Domáce a osobné spotrebiče | Kuchynské spotrebiče | Príprava jedla | Malé kuchynské spotrebiče | Vychytávky do kuchyne | Sous-vide;7;https://www.heureka.sk/direct/xml-export/shops/heureka-sekce.xml
SK;1747;Stroje na cukrovú vatu;Heureka.sk | Domáce a osobné spotrebiče | Kuchynské spotrebiče | Príprava jedla | Malé kuchynské spotrebiče | Vychytávky do kuchyne | Stroje na cukrovú vatu;7;https://www.heureka.sk/direct/xml-export/shops/heureka-sekce.xml
SK;1006;Sušičky potravín;Heureka.sk | Domáce a osobné spotrebiče | Kuchynské spotrebiče | Príprava jedla | Malé kuchynské spotrebiče | Vychytávky do kuchyne | Sušičky potravín;7;https://www.heureka.sk/direct/xml-export/shops/heureka-sekce.xml
SK;1699;Zmrzlinovače;Heureka.sk | Domáce a osobné spotrebiče | Kuchynské spotrebiče | Príprava jedla | Malé kuchynské spotrebiče | Vychytávky do kuchyne | Zmrzlinovače;7;https://www.heureka.sk/direct/xml-export/shops/heureka-sekce.xml
SK;3065;Zváračky fólií a vákuovačky;Heureka.sk | Domáce a osobné spotrebiče | Kuchynské spotrebiče | Príprava jedla | Malé kuchynské spotrebiče | Vychytávky do kuchyne | Zváračky fólií a vákuovačky;7;https://www.heureka.sk/direct/xml-export/shops/heureka-sekce.xml
SK;6915;Údiace pištole;Heureka.sk | Domáce a osobné spotrebiče | Kuchynské spotrebiče | Príprava jedla | Malé kuchynské spotrebiče | Vychytávky do kuchyne | Údiace pištole;7;https://www.heureka.sk/direct/xml-export/shops/heureka-sekce.xml
SK;5027;Drtiče ľadu;Heureka.sk | Domáce a osobné spotrebiče | Kuchynské spotrebiče | Príprava nápojov | Drtiče ľadu;5;https://www.heureka.sk/direct/xml-export/shops/heureka-sekce.xml
SK;4369;Kanvice na varenie vody;Heureka.sk | Domáce a osobné spotrebiče | Kuchynské spotrebiče | Príprava nápojov | Kanvice na varenie vody;5;https://www.heureka.sk/direct/xml-export/shops/heureka-sekce.xml
SK;6705;Alternatívna príprava kávy;Heureka.sk | Domáce a osobné spotrebiče | Kuchynské spotrebiče | Príprava nápojov | Kávovary a príprava kávy | Alternatívna príprava kávy;6;https://www.heureka.sk/direct/xml-export/shops/heureka-sekce.xml
SK;946;Automatické kávovary;Heureka.sk | Domáce a osobné spotrebiče | Kuchynské spotrebiče | Príprava nápojov | Kávovary a príprava kávy | Automatické kávovary;6;https://www.heureka.sk/direct/xml-export/shops/heureka-sekce.xml
SK;5203;Džezvy;Heureka.sk | Domáce a osobné spotrebiče | Kuchynské spotrebiče | Príprava nápojov | Kávovary a príprava kávy | Džezvy;6;https://www.heureka.sk/direct/xml-export/shops/heureka-sekce.xml
SK;8437;French pressy;Heureka.sk | Domáce a osobné spotrebiče | Kuchynské spotrebiče | Príprava nápojov | Kávovary a príprava kávy | French pressy;6;https://www.heureka.sk/direct/xml-export/shops/heureka-sekce.xml
SK;6706;Kávovary na kapsuly;Heureka.sk | Domáce a osobné spotrebiče | Kuchynské spotrebiče | Príprava nápojov | Kávovary a príprava kávy | Kávovary na kapsuly;6;https://www.heureka.sk/direct/xml-export/shops/heureka-sekce.xml
SK;1595;Mlynčeky na kávu;Heureka.sk | Domáce a osobné spotrebiče | Kuchynské spotrebiče | Príprava nápojov | Kávovary a príprava kávy | Mlynčeky na kávu;6;https://www.heureka.sk/direct/xml-export/shops/heureka-sekce.xml
SK;5204;Moka kanvice;Heureka.sk | Domáce a osobné spotrebiče | Kuchynské spotrebiče | Príprava nápojov | Kávovary a príprava kávy | Moka kanvice;6;https://www.heureka.sk/direct/xml-export/shops/heureka-sekce.xml
SK;3780;Napeňovače mlieka;Heureka.sk | Domáce a osobné spotrebiče | Kuchynské spotrebiče | Príprava nápojov | Kávovary a príprava kávy | Napeňovače mlieka;6;https://www.heureka.sk/direct/xml-export/shops/heureka-sekce.xml
SK;6707;Prekvapkávače;Heureka.sk | Domáce a osobné spotrebiče | Kuchynské spotrebiče | Príprava nápojov | Kávovary a príprava kávy | Prekvapkávače;6;https://www.heureka.sk/direct/xml-export/shops/heureka-sekce.xml
SK;6202;Filtre do kávovarov;Heureka.sk | Domáce a osobné spotrebiče | Kuchynské spotrebiče | Príprava nápojov | Kávovary a príprava kávy | Príslušenstvo ku kávovarom | Filtre do kávovarov;7;https://www.heureka.sk/direct/xml-export/shops/heureka-sekce.xml
SK;6870;Mazivá pre kávovary;Heureka.sk | Domáce a osobné spotrebiče | Kuchynské spotrebiče | Príprava nápojov | Kávovary a príprava kávy | Príslušenstvo ku kávovarom | Mazivá pre kávovary;7;https://www.heureka.sk/direct/xml-export/shops/heureka-sekce.xml
SK;6871;Mliečne systémy pre kávovary;Heureka.sk | Domáce a osobné spotrebiče | Kuchynské spotrebiče | Príprava nápojov | Kávovary a príprava kávy | Príslušenstvo ku kávovarom | Mliečne systémy pre kávovary;7;https://www.heureka.sk/direct/xml-export/shops/heureka-sekce.xml
SK;6199;Odklepávače kávy;Heureka.sk | Domáce a osobné spotrebiče | Kuchynské spotrebiče | Príprava nápojov | Kávovary a príprava kávy | Príslušenstvo ku kávovarom | Odklepávače kávy;7;https://www.heureka.sk/direct/xml-export/shops/heureka-sekce.xml
SK;6157;Odvápňovače a čistiace prostriedky pre kávovary;Heureka.sk | Domáce a osobné spotrebiče | Kuchynské spotrebiče | Príprava nápojov | Kávovary a príprava kávy | Príslušenstvo ku kávovarom | Odvápňovače a čistiace prostriedky pre kávovary;7;https://www.heureka.sk/direct/xml-export/shops/heureka-sekce.xml
SK;5057;Ostatné príslušenstvo pre kávovary;Heureka.sk | Domáce a osobné spotrebiče | Kuchynské spotrebiče | Príprava nápojov | Kávovary a príprava kávy | Príslušenstvo ku kávovarom | Ostatné príslušenstvo pre kávovary;7;https://www.heureka.sk/direct/xml-export/shops/heureka-sekce.xml
SK;6873;Plniteľné kapsule do kávovarov;Heureka.sk | Domáce a osobné spotrebiče | Kuchynské spotrebiče | Príprava nápojov | Kávovary a príprava kávy | Príslušenstvo ku kávovarom | Plniteľné kapsule do kávovarov;7;https://www.heureka.sk/direct/xml-export/shops/heureka-sekce.xml
SK;6872;Páky ku kávovarom;Heureka.sk | Domáce a osobné spotrebiče | Kuchynské spotrebiče | Príprava nápojov | Kávovary a príprava kávy | Príslušenstvo ku kávovarom | Páky ku kávovarom;7;https://www.heureka.sk/direct/xml-export/shops/heureka-sekce.xml
SK;6874;Sitká do kávovarov;Heureka.sk | Domáce a osobné spotrebiče | Kuchynské spotrebiče | Príprava nápojov | Kávovary a príprava kávy | Príslušenstvo ku kávovarom | Sitká do kávovarov;7;https://www.heureka.sk/direct/xml-export/shops/heureka-sekce.xml
SK;6197;Stojany na kávové kapsuly;Heureka.sk | Domáce a osobné spotrebiče | Kuchynské spotrebiče | Príprava nápojov | Kávovary a príprava kávy | Príslušenstvo ku kávovarom | Stojany na kávové kapsuly;7;https://www.heureka.sk/direct/xml-export/shops/heureka-sekce.xml
SK;6247;Tampery a príslušenstvo;Heureka.sk | Domáce a osobné spotrebiče | Kuchynské spotrebiče | Príprava nápojov | Kávovary a príprava kávy | Príslušenstvo ku kávovarom | Tampery a príslušenstvo;7;https://www.heureka.sk/direct/xml-export/shops/heureka-sekce.xml
SK;6139;Čistiace tablety do kávovarov;Heureka.sk | Domáce a osobné spotrebiče | Kuchynské spotrebiče | Príprava nápojov | Kávovary a príprava kávy | Príslušenstvo ku kávovarom | Čistiace tablety do kávovarov;7;https://www.heureka.sk/direct/xml-export/shops/heureka-sekce.xml
SK;6708;Pákové kávovary;Heureka.sk | Domáce a osobné spotrebiče | Kuchynské spotrebiče | Príprava nápojov | Kávovary a príprava kávy | Pákové kávovary;6;https://www.heureka.sk/direct/xml-export/shops/heureka-sekce.xml
SK;3783;Mliekovary;Heureka.sk | Domáce a osobné spotrebiče | Kuchynské spotrebiče | Príprava nápojov | Mliekovary;5;https://www.heureka.sk/direct/xml-export/shops/heureka-sekce.xml
SK;947;Rýchlovarné kanvice;Heureka.sk | Domáce a osobné spotrebiče | Kuchynské spotrebiče | Príprava nápojov | Rýchlovarné kanvice;5;https://www.heureka.sk/direct/xml-export/shops/heureka-sekce.xml
SK;2927;Sódobary;Heureka.sk | Domáce a osobné spotrebiče | Kuchynské spotrebiče | Príprava nápojov | Sódobary;5;https://www.heureka.sk/direct/xml-export/shops/heureka-sekce.xml
SK;5774;Výdajníky vody;Heureka.sk | Domáce a osobné spotrebiče | Kuchynské spotrebiče | Príprava nápojov | Výdajníky vody;5;https://www.heureka.sk/direct/xml-export/shops/heureka-sekce.xml
SK;1698;Výrobníky ľadu;Heureka.sk | Domáce a osobné spotrebiče | Kuchynské spotrebiče | Príprava nápojov | Výrobníky ľadu;5;https://www.heureka.sk/direct/xml-export/shops/heureka-sekce.xml
SK;2362;Výčapné zariadenie;Heureka.sk | Domáce a osobné spotrebiče | Kuchynské spotrebiče | Príprava nápojov | Výčapné zariadenie;5;https://www.heureka.sk/direct/xml-export/shops/heureka-sekce.xml
SK;6776;Čajovary;Heureka.sk | Domáce a osobné spotrebiče | Kuchynské spotrebiče | Príprava nápojov | Čajovary;5;https://www.heureka.sk/direct/xml-export/shops/heureka-sekce.xml
SK;7039;Bombičky pre sódobary;Heureka.sk | Domáce a osobné spotrebiče | Kuchynské spotrebiče | Príslušenstvo ku kuchynským spotrebičom | Bombičky pre sódobary;5;https://www.heureka.sk/direct/xml-export/shops/heureka-sekce.xml
SK;8431;Nadstavce a sitá pre odšťavovače;Heureka.sk | Domáce a osobné spotrebiče | Kuchynské spotrebiče | Príslušenstvo ku kuchynským spotrebičom | Nadstavce a sitá pre odšťavovače;5;https://www.heureka.sk/direct/xml-export/shops/heureka-sekce.xml
SK;7040;Náhradné fľaše pre sódobary;Heureka.sk | Domáce a osobné spotrebiče | Kuchynské spotrebiče | Príslušenstvo ku kuchynským spotrebičom | Náhradné fľaše pre sódobary;5;https://www.heureka.sk/direct/xml-export/shops/heureka-sekce.xml
SK;8622;Príslušenstvo k fritézam;Heureka.sk | Domáce a osobné spotrebiče | Kuchynské spotrebiče | Príslušenstvo ku kuchynským spotrebičom | Príslušenstvo k fritézam;5;https://www.heureka.sk/direct/xml-export/shops/heureka-sekce.xml
SK;5784;Príslušenstvo k výrobníkom sódy;Heureka.sk | Domáce a osobné spotrebiče | Kuchynské spotrebiče | Príslušenstvo ku kuchynským spotrebičom | Príslušenstvo k výrobníkom sódy;5;https://www.heureka.sk/direct/xml-export/shops/heureka-sekce.xml
SK;2970;Príslušenstvo k výčapným zariadeniam;Heureka.sk | Domáce a osobné spotrebiče | Kuchynské spotrebiče | Príslušenstvo ku kuchynským spotrebičom | Príslušenstvo k výčapným zariadeniam;5;https://www.heureka.sk/direct/xml-export/shops/heureka-sekce.xml
SK;6919;Metly a háky ku kuchynským robotom;Heureka.sk | Domáce a osobné spotrebiče | Kuchynské spotrebiče | Príslušenstvo ku kuchynským spotrebičom | Príslušenstvo ku kuchynským robotom | Metly a háky ku kuchynským robotom;6;https://www.heureka.sk/direct/xml-export/shops/heureka-sekce.xml
SK;6920;Misy ku kuchynským robotom;Heureka.sk | Domáce a osobné spotrebiče | Kuchynské spotrebiče | Príslušenstvo ku kuchynským spotrebičom | Príslušenstvo ku kuchynským robotom | Misy ku kuchynským robotom;6;https://www.heureka.sk/direct/xml-export/shops/heureka-sekce.xml
SK;6921;Nadstavce ku kuchynským robotom;Heureka.sk | Domáce a osobné spotrebiče | Kuchynské spotrebiče | Príslušenstvo ku kuchynským spotrebičom | Príslušenstvo ku kuchynským robotom | Nadstavce ku kuchynským robotom;6;https://www.heureka.sk/direct/xml-export/shops/heureka-sekce.xml
SK;2278;Ostatné príslušenstvo ku kuchynským robotom;Heureka.sk | Domáce a osobné spotrebiče | Kuchynské spotrebiče | Príslušenstvo ku kuchynským spotrebičom | Príslušenstvo ku kuchynským robotom | Ostatné príslušenstvo ku kuchynským robotom;6;https://www.heureka.sk/direct/xml-export/shops/heureka-sekce.xml
SK;6682;Príslušenstvo pre krájače;Heureka.sk | Domáce a osobné spotrebiče | Kuchynské spotrebiče | Príslušenstvo ku kuchynským spotrebičom | Príslušenstvo pre krájače;5;https://www.heureka.sk/direct/xml-export/shops/heureka-sekce.xml
SK;6967;Metly k šľahačom;Heureka.sk | Domáce a osobné spotrebiče | Kuchynské spotrebiče | Príslušenstvo ku kuchynským spotrebičom | Príslušenstvo pre mixéry a šľahače | Metly k šľahačom;6;https://www.heureka.sk/direct/xml-export/shops/heureka-sekce.xml
SK;6968;Mixovacie nádoby k mixérom;Heureka.sk | Domáce a osobné spotrebiče | Kuchynské spotrebiče | Príslušenstvo ku kuchynským spotrebičom | Príslušenstvo pre mixéry a šľahače | Mixovacie nádoby k mixérom;6;https://www.heureka.sk/direct/xml-export/shops/heureka-sekce.xml
SK;6966;Nohy k tyčovým mixérom;Heureka.sk | Domáce a osobné spotrebiče | Kuchynské spotrebiče | Príslušenstvo ku kuchynským spotrebičom | Príslušenstvo pre mixéry a šľahače | Nohy k tyčovým mixérom;6;https://www.heureka.sk/direct/xml-export/shops/heureka-sekce.xml
SK;6102;Príslušenstvo pre sušičky potravín;Heureka.sk | Domáce a osobné spotrebiče | Kuchynské spotrebiče | Príslušenstvo ku kuchynským spotrebičom | Príslušenstvo pre sušičky potravín;5;https://www.heureka.sk/direct/xml-export/shops/heureka-sekce.xml
SK;6623;Príslušenstvo pre vaflovače a sendvičovače;Heureka.sk | Domáce a osobné spotrebiče | Kuchynské spotrebiče | Príslušenstvo ku kuchynským spotrebičom | Príslušenstvo pre vaflovače a sendvičovače;5;https://www.heureka.sk/direct/xml-export/shops/heureka-sekce.xml
SK;6631;Vákuovacie vrecká a fólie;Heureka.sk | Domáce a osobné spotrebiče | Kuchynské spotrebiče | Príslušenstvo ku kuchynským spotrebičom | Vákuovacie vrecká a fólie;5;https://www.heureka.sk/direct/xml-export/shops/heureka-sekce.xml
SK;1968;Parné čističe;Heureka.sk | Domáce a osobné spotrebiče | Spotrebiče na upratovanie | Parné čističe;4;https://www.heureka.sk/direct/xml-export/shops/heureka-sekce.xml
SK;6520;Adaptéry na vysávače;Heureka.sk | Domáce a osobné spotrebiče | Spotrebiče na upratovanie | Príslušenstvo pre upratovacie spotrebiče | Adaptéry na vysávače;5;https://www.heureka.sk/direct/xml-export/shops/heureka-sekce.xml
SK;6810;Batérie do vysávačov;Heureka.sk | Domáce a osobné spotrebiče | Spotrebiče na upratovanie | Príslušenstvo pre upratovacie spotrebiče | Batérie do vysávačov;5;https://www.heureka.sk/direct/xml-export/shops/heureka-sekce.xml
SK;4213;Dobíjacie základne;Heureka.sk | Domáce a osobné spotrebiče | Spotrebiče na upratovanie | Príslušenstvo pre upratovacie spotrebiče | Dobíjacie základne;5;https://www.heureka.sk/direct/xml-export/shops/heureka-sekce.xml
SK;4216;Dózy na prach;Heureka.sk | Domáce a osobné spotrebiče | Spotrebiče na upratovanie | Príslušenstvo pre upratovacie spotrebiče | Dózy na prach;5;https://www.heureka.sk/direct/xml-export/shops/heureka-sekce.xml
SK;4211;Filtre do vysávačov;Heureka.sk | Domáce a osobné spotrebiče | Spotrebiče na upratovanie | Príslušenstvo pre upratovacie spotrebiče | Filtre do vysávačov;5;https://www.heureka.sk/direct/xml-export/shops/heureka-sekce.xml
SK;4212;Hadice na vysávače;Heureka.sk | Domáce a osobné spotrebiče | Spotrebiče na upratovanie | Príslušenstvo pre upratovacie spotrebiče | Hadice na vysávače;5;https://www.heureka.sk/direct/xml-export/shops/heureka-sekce.xml
SK;4209;Hubice a kefy k vysávačom;Heureka.sk | Domáce a osobné spotrebiče | Spotrebiče na upratovanie | Príslušenstvo pre upratovacie spotrebiče | Hubice a kefy k vysávačom;5;https://www.heureka.sk/direct/xml-export/shops/heureka-sekce.xml
SK;6766;Kefy a mopy k robotickým vysávačom;Heureka.sk | Domáce a osobné spotrebiče | Spotrebiče na upratovanie | Príslušenstvo pre upratovacie spotrebiče | Kefy a mopy k robotickým vysávačom;5;https://www.heureka.sk/direct/xml-export/shops/heureka-sekce.xml
SK;6824;Príslušenstvo k parným čističom;Heureka.sk | Domáce a osobné spotrebiče | Spotrebiče na upratovanie | Príslušenstvo pre upratovacie spotrebiče | Príslušenstvo k parným čističom;5;https://www.heureka.sk/direct/xml-export/shops/heureka-sekce.xml
SK;4214;Rúrky a tyče k vysávačom;Heureka.sk | Domáce a osobné spotrebiče | Spotrebiče na upratovanie | Príslušenstvo pre upratovacie spotrebiče | Rúrky a tyče k vysávačom;5;https://www.heureka.sk/direct/xml-export/shops/heureka-sekce.xml
SK;4210;Vrecká do vysávačov;Heureka.sk | Domáce a osobné spotrebiče | Spotrebiče na upratovanie | Príslušenstvo pre upratovacie spotrebiče | Vrecká do vysávačov;5;https://www.heureka.sk/direct/xml-export/shops/heureka-sekce.xml
SK;4215;Vône do vysávačov;Heureka.sk | Domáce a osobné spotrebiče | Spotrebiče na upratovanie | Príslušenstvo pre upratovacie spotrebiče | Vône do vysávačov;5;https://www.heureka.sk/direct/xml-export/shops/heureka-sekce.xml
SK;5527;Robotické vysávače;Heureka.sk | Domáce a osobné spotrebiče | Spotrebiče na upratovanie | Robotické vysávače;4;https://www.heureka.sk/direct/xml-export/shops/heureka-sekce.xml
SK;6440;Robotické čističe okien;Heureka.sk | Domáce a osobné spotrebiče | Spotrebiče na upratovanie | Robotické čističe okien;4;https://www.heureka.sk/direct/xml-export/shops/heureka-sekce.xml
SK;943;Vysávače;Heureka.sk | Domáce a osobné spotrebiče | Spotrebiče na upratovanie | Vysávače;4;https://www.heureka.sk/direct/xml-export/shops/heureka-sekce.xml
SK;6321;Naparovače odevov;Heureka.sk | Domáce a osobné spotrebiče | Starostlivosť o bielizeň | Naparovače odevov;4;https://www.heureka.sk/direct/xml-export/shops/heureka-sekce.xml
SK;2998;Odžmolkovače;Heureka.sk | Domáce a osobné spotrebiče | Starostlivosť o bielizeň | Odžmolkovače;4;https://www.heureka.sk/direct/xml-export/shops/heureka-sekce.xml
SK;6516;Parné žehliace lisy;Heureka.sk | Domáce a osobné spotrebiče | Starostlivosť o bielizeň | Parné žehliace lisy;4;https://www.heureka.sk/direct/xml-export/shops/heureka-sekce.xml
SK;6677;Príslušenstvo k žehličkám;Heureka.sk | Domáce a osobné spotrebiče | Starostlivosť o bielizeň | Príslušenstvo k žehličkám;4;https://www.heureka.sk/direct/xml-export/shops/heureka-sekce.xml
SK;3408;Cievky do šijacích strojov;Heureka.sk | Domáce a osobné spotrebiče | Starostlivosť o bielizeň | Šijacie stroje a príslušenstvo | Cievky do šijacích strojov;5;https://www.heureka.sk/direct/xml-export/shops/heureka-sekce.xml
SK;957;Šijacie stroje;Heureka.sk | Domáce a osobné spotrebiče | Starostlivosť o bielizeň | Šijacie stroje a príslušenstvo | Šijacie stroje;5;https://www.heureka.sk/direct/xml-export/shops/heureka-sekce.xml
SK;944;Žehličky;Heureka.sk | Domáce a osobné spotrebiče | Starostlivosť o bielizeň | Žehličky;4;https://www.heureka.sk/direct/xml-export/shops/heureka-sekce.xml
SK;6257;Depilátory;Heureka.sk | Domáce a osobné spotrebiče | Starostlivosť o telo a zdravie | Starostlivosť o telo | Depilátory;5;https://www.heureka.sk/direct/xml-export/shops/heureka-sekce.xml
SK;2200;Elektrické manikúry;Heureka.sk | Domáce a osobné spotrebiče | Starostlivosť o telo a zdravie | Starostlivosť o telo | Elektrické manikúry;5;https://www.heureka.sk/direct/xml-export/shops/heureka-sekce.xml
SK;6484;Elektrické pedikúry;Heureka.sk | Domáce a osobné spotrebiče | Starostlivosť o telo a zdravie | Starostlivosť o telo | Elektrické pedikúry;5;https://www.heureka.sk/direct/xml-export/shops/heureka-sekce.xml
SK;1490;Epilátory;Heureka.sk | Domáce a osobné spotrebiče | Starostlivosť o telo a zdravie | Starostlivosť o telo | Epilátory;5;https://www.heureka.sk/direct/xml-export/shops/heureka-sekce.xml
SK;5841;Lampy pre svetelnú terapiu;Heureka.sk | Domáce a osobné spotrebiče | Starostlivosť o telo a zdravie | Starostlivosť o telo | Lampy pre svetelnú terapiu;5;https://www.heureka.sk/direct/xml-export/shops/heureka-sekce.xml
SK;1024;Masážne prístroje;Heureka.sk | Domáce a osobné spotrebiče | Starostlivosť o telo a zdravie | Starostlivosť o telo | Masážne prístroje;5;https://www.heureka.sk/direct/xml-export/shops/heureka-sekce.xml
SK;6476;Nadstavce k elektrickým manikúram a pedikúram;Heureka.sk | Domáce a osobné spotrebiče | Starostlivosť o telo a zdravie | Starostlivosť o telo | Nadstavce k elektrickým manikúram a pedikúram;5;https://www.heureka.sk/direct/xml-export/shops/heureka-sekce.xml
SK;7024;Náhradné hlavice k epilátorom a depilátorom;Heureka.sk | Domáce a osobné spotrebiče | Starostlivosť o telo a zdravie | Starostlivosť o telo | Náhradné hlavice k epilátorom a depilátorom;5;https://www.heureka.sk/direct/xml-export/shops/heureka-sekce.xml
SK;6683;Príslušenstvo k masážnym prístrojom;Heureka.sk | Domáce a osobné spotrebiče | Starostlivosť o telo a zdravie | Starostlivosť o telo | Príslušenstvo k masážnym prístrojom;5;https://www.heureka.sk/direct/xml-export/shops/heureka-sekce.xml
SK;1050;Solária;Heureka.sk | Domáce a osobné spotrebiče | Starostlivosť o telo a zdravie | Starostlivosť o telo | Solária;5;https://www.heureka.sk/direct/xml-export/shops/heureka-sekce.xml
SK;6598;Stimulátory svalov;Heureka.sk | Domáce a osobné spotrebiče | Starostlivosť o telo a zdravie | Starostlivosť o telo | Stimulátory svalov;5;https://www.heureka.sk/direct/xml-export/shops/heureka-sekce.xml
SK;1049;Sušiče rúk;Heureka.sk | Domáce a osobné spotrebiče | Starostlivosť o telo a zdravie | Starostlivosť o telo | Sušiče rúk;5;https://www.heureka.sk/direct/xml-export/shops/heureka-sekce.xml
SK;6259;Zastrihávače chĺpkov;Heureka.sk | Domáce a osobné spotrebiče | Starostlivosť o telo a zdravie | Starostlivosť o telo | Zastrihávače chĺpkov;5;https://www.heureka.sk/direct/xml-export/shops/heureka-sekce.xml
SK;4439;Elektrické natáčky na vlasy;Heureka.sk | Domáce a osobné spotrebiče | Starostlivosť o telo a zdravie | Starostlivosť o vlasy a fúzy | Elektrické natáčky na vlasy;5;https://www.heureka.sk/direct/xml-export/shops/heureka-sekce.xml
SK;1011;Holiace strojčeky;Heureka.sk | Domáce a osobné spotrebiče | Starostlivosť o telo a zdravie | Starostlivosť o vlasy a fúzy | Holiace strojčeky;5;https://www.heureka.sk/direct/xml-export/shops/heureka-sekce.xml
SK;1029;Kulmy;Heureka.sk | Domáce a osobné spotrebiče | Starostlivosť o telo a zdravie | Starostlivosť o vlasy a fúzy | Kulmy;5;https://www.heureka.sk/direct/xml-export/shops/heureka-sekce.xml
SK;6390;Elektrické hlavice a planžety;Heureka.sk | Domáce a osobné spotrebiče | Starostlivosť o telo a zdravie | Starostlivosť o vlasy a fúzy | Príslušenstvo na starostlivosť o vlasy a fúzy | Elektrické hlavice a planžety;6;https://www.heureka.sk/direct/xml-export/shops/heureka-sekce.xml
SK;8254;Misky na holenie;Heureka.sk | Domáce a osobné spotrebiče | Starostlivosť o telo a zdravie | Starostlivosť o vlasy a fúzy | Príslušenstvo na starostlivosť o vlasy a fúzy | Misky na holenie;6;https://www.heureka.sk/direct/xml-export/shops/heureka-sekce.xml
SK;8319;Náhradné hlavice pre zastrihávače;Heureka.sk | Domáce a osobné spotrebiče | Starostlivosť o telo a zdravie | Starostlivosť o vlasy a fúzy | Príslušenstvo na starostlivosť o vlasy a fúzy | Náhradné hlavice pre zastrihávače;6;https://www.heureka.sk/direct/xml-export/shops/heureka-sekce.xml
SK;8255;Obťahovacie remene;Heureka.sk | Domáce a osobné spotrebiče | Starostlivosť o telo a zdravie | Starostlivosť o vlasy a fúzy | Príslušenstvo na starostlivosť o vlasy a fúzy | Obťahovacie remene;6;https://www.heureka.sk/direct/xml-export/shops/heureka-sekce.xml
SK;2356;Príslušenstvo k holiacím strojčekom;Heureka.sk | Domáce a osobné spotrebiče | Starostlivosť o telo a zdravie | Starostlivosť o vlasy a fúzy | Príslušenstvo na starostlivosť o vlasy a fúzy | Príslušenstvo k holiacím strojčekom;6;https://www.heureka.sk/direct/xml-export/shops/heureka-sekce.xml
SK;6578;Príslušenstvo ku kulmám a sušičom vlasov;Heureka.sk | Domáce a osobné spotrebiče | Starostlivosť o telo a zdravie | Starostlivosť o vlasy a fúzy | Príslušenstvo na starostlivosť o vlasy a fúzy | Príslušenstvo ku kulmám a sušičom vlasov;6;https://www.heureka.sk/direct/xml-export/shops/heureka-sekce.xml
SK;8256;Stojančeky na holenie;Heureka.sk | Domáce a osobné spotrebiče | Starostlivosť o telo a zdravie | Starostlivosť o vlasy a fúzy | Príslušenstvo na starostlivosť o vlasy a fúzy | Stojančeky na holenie;6;https://www.heureka.sk/direct/xml-export/shops/heureka-sekce.xml
SK;8253;Čistiace náplne a stanice pre holiace strojčeky;Heureka.sk | Domáce a osobné spotrebiče | Starostlivosť o telo a zdravie | Starostlivosť o vlasy a fúzy | Príslušenstvo na starostlivosť o vlasy a fúzy | Čistiace náplne a stanice pre holiace strojčeky;6;https://www.heureka.sk/direct/xml-export/shops/heureka-sekce.xml
SK;8257;Štetce na holenie;Heureka.sk | Domáce a osobné spotrebiče | Starostlivosť o telo a zdravie | Starostlivosť o vlasy a fúzy | Príslušenstvo na starostlivosť o vlasy a fúzy | Štetce na holenie;6;https://www.heureka.sk/direct/xml-export/shops/heureka-sekce.xml
SK;6036;Sušiče vlasov;Heureka.sk | Domáce a osobné spotrebiče | Starostlivosť o telo a zdravie | Starostlivosť o vlasy a fúzy | Sušiče vlasov;5;https://www.heureka.sk/direct/xml-export/shops/heureka-sekce.xml
SK;6246;Teplovzdušné kefy;Heureka.sk | Domáce a osobné spotrebiče | Starostlivosť o telo a zdravie | Starostlivosť o vlasy a fúzy | Teplovzdušné kefy;5;https://www.heureka.sk/direct/xml-export/shops/heureka-sekce.xml
SK;2746;Zastrihávače vlasov a fúzov;Heureka.sk | Domáce a osobné spotrebiče | Starostlivosť o telo a zdravie | Starostlivosť o vlasy a fúzy | Zastrihávače vlasov a fúzov;5;https://www.heureka.sk/direct/xml-export/shops/heureka-sekce.xml
SK;1045;Žehličky na vlasy;Heureka.sk | Domáce a osobné spotrebiče | Starostlivosť o telo a zdravie | Starostlivosť o vlasy a fúzy | Žehličky na vlasy;5;https://www.heureka.sk/direct/xml-export/shops/heureka-sekce.xml
SK;1051;Elektrické deky;Heureka.sk | Domáce a osobné spotrebiče | Starostlivosť o telo a zdravie | Starostlivosť o zdravie | Elektrické deky;5;https://www.heureka.sk/direct/xml-export/shops/heureka-sekce.xml
SK;6643;Adaptéry a puzdrá na elektrické zubné kefky;Heureka.sk | Domáce a osobné spotrebiče | Starostlivosť o telo a zdravie | Starostlivosť o zdravie | Elektrické zubné kefky a príslušenstvo | Adaptéry a puzdrá na elektrické zubné kefky;6;https://www.heureka.sk/direct/xml-export/shops/heureka-sekce.xml
SK;1022;Elektrické zubné kefky;Heureka.sk | Domáce a osobné spotrebiče | Starostlivosť o telo a zdravie | Starostlivosť o zdravie | Elektrické zubné kefky a príslušenstvo | Elektrické zubné kefky;6;https://www.heureka.sk/direct/xml-export/shops/heureka-sekce.xml
SK;4931;Náhradné hlavice pre elektrické zubné kefky;Heureka.sk | Domáce a osobné spotrebiče | Starostlivosť o telo a zdravie | Starostlivosť o zdravie | Elektrické zubné kefky a príslušenstvo | Náhradné hlavice pre elektrické zubné kefky;6;https://www.heureka.sk/direct/xml-export/shops/heureka-sekce.xml
SK;1023;Horské slnká a infralampy;Heureka.sk | Domáce a osobné spotrebiče | Starostlivosť o telo a zdravie | Starostlivosť o zdravie | Horské slnká a infralampy;5;https://www.heureka.sk/direct/xml-export/shops/heureka-sekce.xml
SK;1046;Osobné teplomery;Heureka.sk | Domáce a osobné spotrebiče | Starostlivosť o telo a zdravie | Starostlivosť o zdravie | Osobné teplomery;5;https://www.heureka.sk/direct/xml-export/shops/heureka-sekce.xml
SK;1018;Osobné váhy;Heureka.sk | Domáce a osobné spotrebiče | Starostlivosť o telo a zdravie | Starostlivosť o zdravie | Osobné váhy;5;https://www.heureka.sk/direct/xml-export/shops/heureka-sekce.xml
SK;1048;Tlakomery;Heureka.sk | Domáce a osobné spotrebiče | Starostlivosť o telo a zdravie | Starostlivosť o zdravie | Tlakomery;5;https://www.heureka.sk/direct/xml-export/shops/heureka-sekce.xml
SK;3121;Tukomery;Heureka.sk | Domáce a osobné spotrebiče | Starostlivosť o telo a zdravie | Starostlivosť o zdravie | Tukomery;5;https://www.heureka.sk/direct/xml-export/shops/heureka-sekce.xml
SK;4850;Ultrazvukové čističky;Heureka.sk | Domáce a osobné spotrebiče | Starostlivosť o telo a zdravie | Starostlivosť o zdravie | Ultrazvukové čističky;5;https://www.heureka.sk/direct/xml-export/shops/heureka-sekce.xml
SK;6600;Náhradné hlavice k ústnym sprchám;Heureka.sk | Domáce a osobné spotrebiče | Starostlivosť o telo a zdravie | Starostlivosť o zdravie | Ústne sprchy a príslušenstvo | Náhradné hlavice k ústnym sprchám;6;https://www.heureka.sk/direct/xml-export/shops/heureka-sekce.xml
SK;5393;Ústne sprchy;Heureka.sk | Domáce a osobné spotrebiče | Starostlivosť o telo a zdravie | Starostlivosť o zdravie | Ústne sprchy a príslušenstvo | Ústne sprchy;6;https://www.heureka.sk/direct/xml-export/shops/heureka-sekce.xml
SK;6825;Filtre k odvlhčovačom vzduchu;Heureka.sk | Domáce a osobné spotrebiče | Úprava vzduchu | Filtre k odvlhčovačom vzduchu;4;https://www.heureka.sk/direct/xml-export/shops/heureka-sekce.xml
SK;6826;Filtre k zvlhčovačom vzduchu;Heureka.sk | Domáce a osobné spotrebiče | Úprava vzduchu | Filtre k zvlhčovačom vzduchu;4;https://www.heureka.sk/direct/xml-export/shops/heureka-sekce.xml
SK;5953;Filtre k čističkám vzduchu;Heureka.sk | Domáce a osobné spotrebiče | Úprava vzduchu | Filtre k čističkám vzduchu;4;https://www.heureka.sk/direct/xml-export/shops/heureka-sekce.xml
SK;1700;Odvlhčovače vzduchu;Heureka.sk | Domáce a osobné spotrebiče | Úprava vzduchu | Odvlhčovače vzduchu;4;https://www.heureka.sk/direct/xml-export/shops/heureka-sekce.xml
SK;5690;Ozónové čističe;Heureka.sk | Domáce a osobné spotrebiče | Úprava vzduchu | Ozónové čističe;4;https://www.heureka.sk/direct/xml-export/shops/heureka-sekce.xml
SK;6302;Pohlcovače vlhkosti;Heureka.sk | Domáce a osobné spotrebiče | Úprava vzduchu | Pohlcovače vlhkosti;4;https://www.heureka.sk/direct/xml-export/shops/heureka-sekce.xml
SK;885;Zvlhčovače a čističky vzduchu;Heureka.sk | Domáce a osobné spotrebiče | Úprava vzduchu | Zvlhčovače a čističky vzduchu;4;https://www.heureka.sk/direct/xml-export/shops/heureka-sekce.xml
SK;3701;Ekologické dezinfekčné prostriedky;Heureka.sk | Drogéria | Ekologická domácnosť | Ekologické dezinfekčné prostriedky;4;https://www.heureka.sk/direct/xml-export/shops/heureka-sekce.xml
SK;3697;Ekologické umývanie riadu;Heureka.sk | Drogéria | Ekologická domácnosť | Ekologické umývanie riadu;4;https://www.heureka.sk/direct/xml-export/shops/heureka-sekce.xml
SK;3700;Ekologické čistiace prostriedky;Heureka.sk | Drogéria | Ekologická domácnosť | Ekologické čistiace prostriedky;4;https://www.heureka.sk/direct/xml-export/shops/heureka-sekce.xml
SK;3698;Prípravky na ekologické pranie;Heureka.sk | Drogéria | Ekologická domácnosť | Prípravky na ekologické pranie;4;https://www.heureka.sk/direct/xml-export/shops/heureka-sekce.xml
SK;3683;Osviežovače vzduchu;Heureka.sk | Drogéria | Osviežovače vzduchu;3;https://www.heureka.sk/direct/xml-export/shops/heureka-sekce.xml
SK;3663;Aviváže;Heureka.sk | Drogéria | Pranie bielizne | Aviváže;4;https://www.heureka.sk/direct/xml-export/shops/heureka-sekce.xml
SK;8363;Bielidlá na bielizeň;Heureka.sk | Drogéria | Pranie bielizne | Bielidlá na bielizeň;4;https://www.heureka.sk/direct/xml-export/shops/heureka-sekce.xml
SK;3665;Bielidlá, zmäkčovadlá, škroby;Heureka.sk | Drogéria | Pranie bielizne | Bielidlá, zmäkčovadlá, škroby;4;https://www.heureka.sk/direct/xml-export/shops/heureka-sekce.xml
SK;3667;Odstraňovače škvŕn;Heureka.sk | Drogéria | Pranie bielizne | Odstraňovače škvŕn;4;https://www.heureka.sk/direct/xml-export/shops/heureka-sekce.xml
SK;6550;Pracie gule;Heureka.sk | Drogéria | Pranie bielizne | Pracie gule;4;https://www.heureka.sk/direct/xml-export/shops/heureka-sekce.xml
SK;3666;Mydlá na pranie;Heureka.sk | Drogéria | Pranie bielizne | Pracie prostriedky | Mydlá na pranie;5;https://www.heureka.sk/direct/xml-export/shops/heureka-sekce.xml
SK;7401;Obrúsky proti zafarbeniu bielizne;Heureka.sk | Drogéria | Pranie bielizne | Pracie prostriedky | Obrúsky proti zafarbeniu bielizne;5;https://www.heureka.sk/direct/xml-export/shops/heureka-sekce.xml
SK;8281;Pracie gély;Heureka.sk | Drogéria | Pranie bielizne | Pracie prostriedky | Pracie gély;5;https://www.heureka.sk/direct/xml-export/shops/heureka-sekce.xml
SK;8280;Pracie kapsule a tablety;Heureka.sk | Drogéria | Pranie bielizne | Pracie prostriedky | Pracie kapsule a tablety;5;https://www.heureka.sk/direct/xml-export/shops/heureka-sekce.xml
SK;3664;Pracie prášky;Heureka.sk | Drogéria | Pranie bielizne | Pracie prostriedky | Pracie prášky;5;https://www.heureka.sk/direct/xml-export/shops/heureka-sekce.xml
SK;8580;Loptičky do sušičky;Heureka.sk | Drogéria | Pranie bielizne | Prostriedky do sušičky | Loptičky do sušičky;5;https://www.heureka.sk/direct/xml-export/shops/heureka-sekce.xml
SK;8579;Obrúsky do sušičky;Heureka.sk | Drogéria | Pranie bielizne | Prostriedky do sušičky | Obrúsky do sušičky;5;https://www.heureka.sk/direct/xml-export/shops/heureka-sekce.xml
SK;8576;Vône do sušičky;Heureka.sk | Drogéria | Pranie bielizne | Prostriedky do sušičky | Vône do sušičky;5;https://www.heureka.sk/direct/xml-export/shops/heureka-sekce.xml
SK;2969;Repelenty;Heureka.sk | Drogéria | Prípravky proti hmyzu a škodcom | Repelenty;4;https://www.heureka.sk/direct/xml-export/shops/heureka-sekce.xml
SK;3692;Drôtenky a hubky;Heureka.sk | Drogéria | Upratovacie pomôcky | Drôtenky a hubky;4;https://www.heureka.sk/direct/xml-export/shops/heureka-sekce.xml
SK;3694;Handry a utierky na umývanie;Heureka.sk | Drogéria | Upratovacie pomôcky | Handry a utierky na umývanie;4;https://www.heureka.sk/direct/xml-export/shops/heureka-sekce.xml
SK;3690;Kefy na odev;Heureka.sk | Drogéria | Upratovacie pomôcky | Kefy na odev;4;https://www.heureka.sk/direct/xml-export/shops/heureka-sekce.xml
SK;3689;Metly a zmetáky;Heureka.sk | Drogéria | Upratovacie pomôcky | Metly a zmetáky;4;https://www.heureka.sk/direct/xml-export/shops/heureka-sekce.xml
SK;3693;Mopy a upratovacie súpravy;Heureka.sk | Drogéria | Upratovacie pomôcky | Mopy a upratovacie súpravy;4;https://www.heureka.sk/direct/xml-export/shops/heureka-sekce.xml
SK;1710;Papierové utierky;Heureka.sk | Drogéria | Upratovacie pomôcky | Papierové utierky;4;https://www.heureka.sk/direct/xml-export/shops/heureka-sekce.xml
SK;3688;Prachovky;Heureka.sk | Drogéria | Upratovacie pomôcky | Prachovky;4;https://www.heureka.sk/direct/xml-export/shops/heureka-sekce.xml
SK;3691;Stierky na sklo;Heureka.sk | Drogéria | Upratovacie pomôcky | Stierky na sklo;4;https://www.heureka.sk/direct/xml-export/shops/heureka-sekce.xml
SK;3749;Upratovacie kefy;Heureka.sk | Drogéria | Upratovacie pomôcky | Upratovacie kefy;4;https://www.heureka.sk/direct/xml-export/shops/heureka-sekce.xml
SK;3726;Upratovacie vedrá;Heureka.sk | Drogéria | Upratovacie pomôcky | Upratovacie vedrá;4;https://www.heureka.sk/direct/xml-export/shops/heureka-sekce.xml
SK;3706;Zmetáky a lopatky;Heureka.sk | Drogéria | Upratovacie pomôcky | Zmetáky a lopatky;4;https://www.heureka.sk/direct/xml-export/shops/heureka-sekce.xml
SK;3670;Dezinfekčné prostriedky na WC;Heureka.sk | Drogéria | Čistiace prostriedky | Dezinfekčné prostriedky na WC;4;https://www.heureka.sk/direct/xml-export/shops/heureka-sekce.xml
SK;3685;Leštidlá na nábytok a prípravky proti prachu;Heureka.sk | Drogéria | Čistiace prostriedky | Leštiace prostriedky | Leštidlá na nábytok a prípravky proti prachu;5;https://www.heureka.sk/direct/xml-export/shops/heureka-sekce.xml
SK;3686;Leštidlá na podlahy;Heureka.sk | Drogéria | Čistiace prostriedky | Leštiace prostriedky | Leštidlá na podlahy;5;https://www.heureka.sk/direct/xml-export/shops/heureka-sekce.xml
SK;3672;Odstraňovače vodného kameňa;Heureka.sk | Drogéria | Čistiace prostriedky | Odstraňovače vodného kameňa;4;https://www.heureka.sk/direct/xml-export/shops/heureka-sekce.xml
SK;8331;Gély do umývačky;Heureka.sk | Drogéria | Čistiace prostriedky | Prostriedky na umývanie riadu | Prostriedky do umývaček | Gély do umývačky;6;https://www.heureka.sk/direct/xml-export/shops/heureka-sekce.xml
SK;8325;Leštidlá do umývačky;Heureka.sk | Drogéria | Čistiace prostriedky | Prostriedky na umývanie riadu | Prostriedky do umývaček | Leštidlá do umývačky;6;https://www.heureka.sk/direct/xml-export/shops/heureka-sekce.xml
SK;8277;Osviežovače do umývačky;Heureka.sk | Drogéria | Čistiace prostriedky | Prostriedky na umývanie riadu | Prostriedky do umývaček | Osviežovače do umývačky;6;https://www.heureka.sk/direct/xml-export/shops/heureka-sekce.xml
SK;8323;Prášky do umývačky;Heureka.sk | Drogéria | Čistiace prostriedky | Prostriedky na umývanie riadu | Prostriedky do umývaček | Prášky do umývačky;6;https://www.heureka.sk/direct/xml-export/shops/heureka-sekce.xml
SK;8356;Soli do umývačky;Heureka.sk | Drogéria | Čistiace prostriedky | Prostriedky na umývanie riadu | Prostriedky do umývaček | Soli do umývačky;6;https://www.heureka.sk/direct/xml-export/shops/heureka-sekce.xml
SK;3661;Tablety a kapsule do umývačky;Heureka.sk | Drogéria | Čistiace prostriedky | Prostriedky na umývanie riadu | Prostriedky do umývaček | Tablety a kapsule do umývačky;6;https://www.heureka.sk/direct/xml-export/shops/heureka-sekce.xml
SK;8347;Čističe umývačky;Heureka.sk | Drogéria | Čistiace prostriedky | Prostriedky na umývanie riadu | Prostriedky do umývaček | Čističe umývačky;6;https://www.heureka.sk/direct/xml-export/shops/heureka-sekce.xml
SK;3702;Prostriedky na ručné umývanie riadu;Heureka.sk | Drogéria | Čistiace prostriedky | Prostriedky na umývanie riadu | Prostriedky na ručné umývanie riadu;5;https://www.heureka.sk/direct/xml-export/shops/heureka-sekce.xml
SK;3765;Prípravky pre žumpy, septiky a čističky;Heureka.sk | Drogéria | Čistiace prostriedky | Prípravky pre žumpy, septiky a čističky;4;https://www.heureka.sk/direct/xml-export/shops/heureka-sekce.xml
SK;3729;Univerzálne čistiace prostriedky;Heureka.sk | Drogéria | Čistiace prostriedky | Univerzálne čistiace prostriedky;4;https://www.heureka.sk/direct/xml-export/shops/heureka-sekce.xml
SK;3681;Upratovacie dezinfekcie;Heureka.sk | Drogéria | Čistiace prostriedky | Upratovacie dezinfekcie;4;https://www.heureka.sk/direct/xml-export/shops/heureka-sekce.xml
SK;3669;Čistiace obrúsky;Heureka.sk | Drogéria | Čistiace prostriedky | Čistiace obrúsky;4;https://www.heureka.sk/direct/xml-export/shops/heureka-sekce.xml
SK;3676;Čistiace prostriedky na koberce a čalúnenie;Heureka.sk | Drogéria | Čistiace prostriedky | Čistiace prostriedky na koberce a čalúnenie;4;https://www.heureka.sk/direct/xml-export/shops/heureka-sekce.xml
SK;3671;Čistiace prostriedky na kúpeľne a kuchyne;Heureka.sk | Drogéria | Čistiace prostriedky | Čistiace prostriedky na kúpeľne a kuchyne;4;https://www.heureka.sk/direct/xml-export/shops/heureka-sekce.xml
SK;3708;Čistiace prostriedky na nábytok;Heureka.sk | Drogéria | Čistiace prostriedky | Čistiace prostriedky na nábytok;4;https://www.heureka.sk/direct/xml-export/shops/heureka-sekce.xml
SK;3673;Čistiace prostriedky na okná a sklá;Heureka.sk | Drogéria | Čistiace prostriedky | Čistiace prostriedky na okná a sklá;4;https://www.heureka.sk/direct/xml-export/shops/heureka-sekce.xml
SK;3674;Čistiace prostriedky na podlahy;Heureka.sk | Drogéria | Čistiace prostriedky | Čistiace prostriedky na podlahy;4;https://www.heureka.sk/direct/xml-export/shops/heureka-sekce.xml
SK;3678;Čistiace prostriedky na spotrebiče;Heureka.sk | Drogéria | Čistiace prostriedky | Čistiace prostriedky na spotrebiče;4;https://www.heureka.sk/direct/xml-export/shops/heureka-sekce.xml
SK;3675;Čističe odpadu;Heureka.sk | Drogéria | Čistiace prostriedky | Čističe odpadu;4;https://www.heureka.sk/direct/xml-export/shops/heureka-sekce.xml
SK;3728;Špeciálne čistiace prostriedky;Heureka.sk | Drogéria | Čistiace prostriedky | Špeciálne čistiace prostriedky;4;https://www.heureka.sk/direct/xml-export/shops/heureka-sekce.xml
SK;8521;LiFePO4 batérie;Heureka.sk | Elektronika | Batérie a nabíjanie | Batérie | LiFePO4 batérie;5;https://www.heureka.sk/direct/xml-export/shops/heureka-sekce.xml
SK;2972;Nabíjacie batérie;Heureka.sk | Elektronika | Batérie a nabíjanie | Batérie | Nabíjacie batérie;5;https://www.heureka.sk/direct/xml-export/shops/heureka-sekce.xml
SK;2973;Olovené batérie;Heureka.sk | Elektronika | Batérie a nabíjanie | Batérie | Olovené batérie;5;https://www.heureka.sk/direct/xml-export/shops/heureka-sekce.xml
SK;2513;Primárne batérie;Heureka.sk | Elektronika | Batérie a nabíjanie | Batérie | Primárne batérie;5;https://www.heureka.sk/direct/xml-export/shops/heureka-sekce.xml
SK;5925;Cestovné adaptéry;Heureka.sk | Elektronika | Batérie a nabíjanie | Cestovné adaptéry;4;https://www.heureka.sk/direct/xml-export/shops/heureka-sekce.xml
SK;2256;Klasické nabíjačky;Heureka.sk | Elektronika | Batérie a nabíjanie | Nabíjačky | Klasické nabíjačky;5;https://www.heureka.sk/direct/xml-export/shops/heureka-sekce.xml
SK;5062;Solárne nabíjačky;Heureka.sk | Elektronika | Batérie a nabíjanie | Nabíjačky | Solárne nabíjačky;5;https://www.heureka.sk/direct/xml-export/shops/heureka-sekce.xml
SK;4835;Powerbanky;Heureka.sk | Elektronika | Batérie a nabíjanie | Powerbanky;4;https://www.heureka.sk/direct/xml-export/shops/heureka-sekce.xml
SK;3335;Foto pozadia a foto stoly;Heureka.sk | Elektronika | Foto, kamery, optika | Ateliérové ​​vybavenie | Foto pozadia a foto stoly;5;https://www.heureka.sk/direct/xml-export/shops/heureka-sekce.xml
SK;864;Fotodoplnky;Heureka.sk | Elektronika | Foto, kamery, optika | Ateliérové ​​vybavenie | Fotodoplnky;5;https://www.heureka.sk/direct/xml-export/shops/heureka-sekce.xml
SK;5952;Fotodáždniky;Heureka.sk | Elektronika | Foto, kamery, optika | Ateliérové ​​vybavenie | Fotodáždniky;5;https://www.heureka.sk/direct/xml-export/shops/heureka-sekce.xml
SK;6103;Fotostany;Heureka.sk | Elektronika | Foto, kamery, optika | Ateliérové ​​vybavenie | Fotostany;5;https://www.heureka.sk/direct/xml-export/shops/heureka-sekce.xml
SK;3334;Odrazové dosky;Heureka.sk | Elektronika | Foto, kamery, optika | Ateliérové ​​vybavenie | Odrazové dosky;5;https://www.heureka.sk/direct/xml-export/shops/heureka-sekce.xml
SK;5961;Softboxy;Heureka.sk | Elektronika | Foto, kamery, optika | Ateliérové ​​vybavenie | Softboxy;5;https://www.heureka.sk/direct/xml-export/shops/heureka-sekce.xml
SK;4240;Statívy na štúdiové svetlá;Heureka.sk | Elektronika | Foto, kamery, optika | Ateliérové ​​vybavenie | Statívy na štúdiové svetlá;5;https://www.heureka.sk/direct/xml-export/shops/heureka-sekce.xml
SK;4239;Štúdiové blesky;Heureka.sk | Elektronika | Foto, kamery, optika | Ateliérové ​​vybavenie | Štúdiové blesky;5;https://www.heureka.sk/direct/xml-export/shops/heureka-sekce.xml
SK;4238;Štúdiové svetlá;Heureka.sk | Elektronika | Foto, kamery, optika | Ateliérové ​​vybavenie | Štúdiové svetlá;5;https://www.heureka.sk/direct/xml-export/shops/heureka-sekce.xml
SK;5065;Drony;Heureka.sk | Elektronika | Foto, kamery, optika | Drony a príslušenstvo | Drony;5;https://www.heureka.sk/direct/xml-export/shops/heureka-sekce.xml
SK;5081;Príslušenstvo k dronom;Heureka.sk | Elektronika | Foto, kamery, optika | Drony a príslušenstvo | Príslušenstvo k dronom;5;https://www.heureka.sk/direct/xml-export/shops/heureka-sekce.xml
SK;665;Digitálne fotoaparáty;Heureka.sk | Elektronika | Foto, kamery, optika | Foto a kamery | Digitálne fotoaparáty;5;https://www.heureka.sk/direct/xml-export/shops/heureka-sekce.xml
SK;702;Digitálne kamery;Heureka.sk | Elektronika | Foto, kamery, optika | Foto a kamery | Digitálne kamery;5;https://www.heureka.sk/direct/xml-export/shops/heureka-sekce.xml
SK;5058;Fotopasce;Heureka.sk | Elektronika | Foto, kamery, optika | Foto a kamery | Fotopasce;5;https://www.heureka.sk/direct/xml-export/shops/heureka-sekce.xml
SK;666;Klasické fotoaparáty;Heureka.sk | Elektronika | Foto, kamery, optika | Foto a kamery | Klasické fotoaparáty;5;https://www.heureka.sk/direct/xml-export/shops/heureka-sekce.xml
SK;5924;Nočné videnie;Heureka.sk | Elektronika | Foto, kamery, optika | Foto a kamery | Nočné videnie;5;https://www.heureka.sk/direct/xml-export/shops/heureka-sekce.xml
SK;5967;Termokamery;Heureka.sk | Elektronika | Foto, kamery, optika | Foto a kamery | Termokamery;5;https://www.heureka.sk/direct/xml-export/shops/heureka-sekce.xml
SK;6021;Športové kamery;Heureka.sk | Elektronika | Foto, kamery, optika | Foto a kamery | Športové kamery;5;https://www.heureka.sk/direct/xml-export/shops/heureka-sekce.xml
SK;7311;Fotochémia;Heureka.sk | Elektronika | Foto, kamery, optika | Fotokomory | Vybavenie fotokomory | Fotochémia;6;https://www.heureka.sk/direct/xml-export/shops/heureka-sekce.xml
SK;7314;Laboratórne vybavenie;Heureka.sk | Elektronika | Foto, kamery, optika | Fotokomory | Vybavenie fotokomory | Laboratórne vybavenie;6;https://www.heureka.sk/direct/xml-export/shops/heureka-sekce.xml
SK;7315;Presvetľovacie pulty;Heureka.sk | Elektronika | Foto, kamery, optika | Fotokomory | Vybavenie fotokomory | Presvetľovacie pulty;6;https://www.heureka.sk/direct/xml-export/shops/heureka-sekce.xml
SK;7321;Svetlá do fotokomory;Heureka.sk | Elektronika | Foto, kamery, optika | Fotokomory | Vybavenie fotokomory | Svetlá do fotokomory;6;https://www.heureka.sk/direct/xml-export/shops/heureka-sekce.xml
SK;7320;Zväčšovacie prístroje a doplnky;Heureka.sk | Elektronika | Foto, kamery, optika | Fotokomory | Vybavenie fotokomory | Zväčšovacie prístroje a doplnky;6;https://www.heureka.sk/direct/xml-export/shops/heureka-sekce.xml
SK;2135;Batériové gripy;Heureka.sk | Elektronika | Foto, kamery, optika | Príslušenstvo k fotoaparátom | Batérie a nabíjačky pre foto a video | Batériové gripy;6;https://www.heureka.sk/direct/xml-export/shops/heureka-sekce.xml
SK;876;Foto - Video batérie;Heureka.sk | Elektronika | Foto, kamery, optika | Príslušenstvo k fotoaparátom | Batérie a nabíjačky pre foto a video | Foto - Video batérie;6;https://www.heureka.sk/direct/xml-export/shops/heureka-sekce.xml
SK;672;Foto - Video nabíjačky;Heureka.sk | Elektronika | Foto, kamery, optika | Príslušenstvo k fotoaparátom | Batérie a nabíjačky pre foto a video | Foto - Video nabíjačky;6;https://www.heureka.sk/direct/xml-export/shops/heureka-sekce.xml
SK;669;Blesky k fotoaparátom;Heureka.sk | Elektronika | Foto, kamery, optika | Príslušenstvo k fotoaparátom | Blesky a príslušenstvo | Blesky k fotoaparátom;6;https://www.heureka.sk/direct/xml-export/shops/heureka-sekce.xml
SK;678;Diaľkové ovládanie k fotoaparátom;Heureka.sk | Elektronika | Foto, kamery, optika | Príslušenstvo k fotoaparátom | Diaľkové spúšte a káble | Diaľkové ovládanie k fotoaparátom;6;https://www.heureka.sk/direct/xml-export/shops/heureka-sekce.xml
SK;676;Káble k fotoaparátom;Heureka.sk | Elektronika | Foto, kamery, optika | Príslušenstvo k fotoaparátom | Diaľkové spúšte a káble | Káble k fotoaparátom;6;https://www.heureka.sk/direct/xml-export/shops/heureka-sekce.xml
SK;2132;Expozimetre;Heureka.sk | Elektronika | Foto, kamery, optika | Príslušenstvo k fotoaparátom | Expozimetre;5;https://www.heureka.sk/direct/xml-export/shops/heureka-sekce.xml
SK;5029;Kinofilmy;Heureka.sk | Elektronika | Foto, kamery, optika | Príslušenstvo k fotoaparátom | Kinofilmy;5;https://www.heureka.sk/direct/xml-export/shops/heureka-sekce.xml
SK;865;Filtre k objektívom;Heureka.sk | Elektronika | Foto, kamery, optika | Príslušenstvo k fotoaparátom | Objektívy a doplnky | Filtre k objektívom;6;https://www.heureka.sk/direct/xml-export/shops/heureka-sekce.xml
SK;832;Krytky na objektívy;Heureka.sk | Elektronika | Foto, kamery, optika | Príslušenstvo k fotoaparátom | Objektívy a doplnky | Krytky na objektívy;6;https://www.heureka.sk/direct/xml-export/shops/heureka-sekce.xml
SK;866;Objektívy;Heureka.sk | Elektronika | Foto, kamery, optika | Príslušenstvo k fotoaparátom | Objektívy a doplnky | Objektívy;6;https://www.heureka.sk/direct/xml-export/shops/heureka-sekce.xml
SK;674;Predsádky a redukcie;Heureka.sk | Elektronika | Foto, kamery, optika | Príslušenstvo k fotoaparátom | Objektívy a doplnky | Predsádky a redukcie;6;https://www.heureka.sk/direct/xml-export/shops/heureka-sekce.xml
SK;867;Puzdrá na objektívy;Heureka.sk | Elektronika | Foto, kamery, optika | Príslušenstvo k fotoaparátom | Objektívy a doplnky | Puzdrá na objektívy;6;https://www.heureka.sk/direct/xml-export/shops/heureka-sekce.xml
SK;677;Slnečné clony;Heureka.sk | Elektronika | Foto, kamery, optika | Príslušenstvo k fotoaparátom | Objektívy a doplnky | Slnečné clony;6;https://www.heureka.sk/direct/xml-export/shops/heureka-sekce.xml
SK;675;Telekonvertory;Heureka.sk | Elektronika | Foto, kamery, optika | Príslušenstvo k fotoaparátom | Objektívy a doplnky | Telekonvertory;6;https://www.heureka.sk/direct/xml-export/shops/heureka-sekce.xml
SK;4244;Ochranné fólie na fotoaparáty;Heureka.sk | Elektronika | Foto, kamery, optika | Príslušenstvo k fotoaparátom | Ochranné fólie na fotoaparáty;5;https://www.heureka.sk/direct/xml-export/shops/heureka-sekce.xml
SK;909;Digitálne fotorámiky;Heureka.sk | Elektronika | Foto, kamery, optika | Príslušenstvo k fotoaparátom | Rámčeky, albumy, fotopapiere | Digitálne fotorámiky;6;https://www.heureka.sk/direct/xml-export/shops/heureka-sekce.xml
SK;4680;Fotoalbumy;Heureka.sk | Elektronika | Foto, kamery, optika | Príslušenstvo k fotoaparátom | Rámčeky, albumy, fotopapiere | Fotoalbumy;6;https://www.heureka.sk/direct/xml-export/shops/heureka-sekce.xml
SK;2632;Fotopapiere;Heureka.sk | Elektronika | Foto, kamery, optika | Príslušenstvo k fotoaparátom | Rámčeky, albumy, fotopapiere | Fotopapiere;6;https://www.heureka.sk/direct/xml-export/shops/heureka-sekce.xml
SK;3256;Klasické fotorámiky;Heureka.sk | Elektronika | Foto, kamery, optika | Príslušenstvo k fotoaparátom | Rámčeky, albumy, fotopapiere | Klasické fotorámiky;6;https://www.heureka.sk/direct/xml-export/shops/heureka-sekce.xml
SK;4246;Rýchloupínacie doštičky;Heureka.sk | Elektronika | Foto, kamery, optika | Príslušenstvo k fotoaparátom | Statívy a príslušenstvo | Rýchloupínacie doštičky;6;https://www.heureka.sk/direct/xml-export/shops/heureka-sekce.xml
SK;5783;Stabilizátory a gimbaly;Heureka.sk | Elektronika | Foto, kamery, optika | Príslušenstvo k fotoaparátom | Statívy a príslušenstvo | Stabilizátory a gimbaly;6;https://www.heureka.sk/direct/xml-export/shops/heureka-sekce.xml
SK;856;Statívové hlavy;Heureka.sk | Elektronika | Foto, kamery, optika | Príslušenstvo k fotoaparátom | Statívy a príslušenstvo | Statívové hlavy;6;https://www.heureka.sk/direct/xml-export/shops/heureka-sekce.xml
SK;855;Statívy;Heureka.sk | Elektronika | Foto, kamery, optika | Príslušenstvo k fotoaparátom | Statívy a príslušenstvo | Statívy;6;https://www.heureka.sk/direct/xml-export/shops/heureka-sekce.xml
SK;861;Tašky a popruhy na statívy;Heureka.sk | Elektronika | Foto, kamery, optika | Príslušenstvo k fotoaparátom | Statívy a príslušenstvo | Tašky a popruhy na statívy;6;https://www.heureka.sk/direct/xml-export/shops/heureka-sekce.xml
SK;673;Tašky a puzdrá na fotoaparáty;Heureka.sk | Elektronika | Foto, kamery, optika | Príslušenstvo k fotoaparátom | Tašky, puzdrá, batohy | Tašky a puzdrá na fotoaparáty;6;https://www.heureka.sk/direct/xml-export/shops/heureka-sekce.xml
SK;4237;Čistenie fotoaparátov;Heureka.sk | Elektronika | Foto, kamery, optika | Príslušenstvo k fotoaparátom | Čistenie fotoaparátov;5;https://www.heureka.sk/direct/xml-export/shops/heureka-sekce.xml
SK;6759;Batérie ku kamerám;Heureka.sk | Elektronika | Foto, kamery, optika | Príslušenstvo ku kamerám | Batérie ku kamerám;5;https://www.heureka.sk/direct/xml-export/shops/heureka-sekce.xml
SK;6754;Diaľkové ovládače ku kamerám;Heureka.sk | Elektronika | Foto, kamery, optika | Príslušenstvo ku kamerám | Diaľkové ovládače ku kamerám;5;https://www.heureka.sk/direct/xml-export/shops/heureka-sekce.xml
SK;6756;Displeje ku kamerám;Heureka.sk | Elektronika | Foto, kamery, optika | Príslušenstvo ku kamerám | Displeje ku kamerám;5;https://www.heureka.sk/direct/xml-export/shops/heureka-sekce.xml
SK;6752;Držiaky ku kamerám;Heureka.sk | Elektronika | Foto, kamery, optika | Príslušenstvo ku kamerám | Držiaky ku kamerám;5;https://www.heureka.sk/direct/xml-export/shops/heureka-sekce.xml
SK;6755;Filtre ku kamerám;Heureka.sk | Elektronika | Foto, kamery, optika | Príslušenstvo ku kamerám | Filtre ku kamerám;5;https://www.heureka.sk/direct/xml-export/shops/heureka-sekce.xml
SK;6758;Nabíjačky ku kamerám;Heureka.sk | Elektronika | Foto, kamery, optika | Príslušenstvo ku kamerám | Nabíjačky ku kamerám;5;https://www.heureka.sk/direct/xml-export/shops/heureka-sekce.xml
SK;6753;Obaly a kryty pre kamery;Heureka.sk | Elektronika | Foto, kamery, optika | Príslušenstvo ku kamerám | Obaly a kryty pre kamery;5;https://www.heureka.sk/direct/xml-export/shops/heureka-sekce.xml
SK;6757;Ostatné príslušenstvo ku kamerám;Heureka.sk | Elektronika | Foto, kamery, optika | Príslušenstvo ku kamerám | Ostatné príslušenstvo ku kamerám;5;https://www.heureka.sk/direct/xml-export/shops/heureka-sekce.xml
SK;787;Tašky a puzdrá na videokamery;Heureka.sk | Elektronika | Foto, kamery, optika | Príslušenstvo ku kamerám | Tašky a puzdrá na videokamery;5;https://www.heureka.sk/direct/xml-export/shops/heureka-sekce.xml
SK;2165;Mikroskopy;Heureka.sk | Elektronika | Foto, kamery, optika | Ďalekohľady, mikroskopy | Mikroskopy;5;https://www.heureka.sk/direct/xml-export/shops/heureka-sekce.xml
SK;679;Okuláre;Heureka.sk | Elektronika | Foto, kamery, optika | Ďalekohľady, mikroskopy | Okuláre;5;https://www.heureka.sk/direct/xml-export/shops/heureka-sekce.xml
SK;780;Ďalekohľady;Heureka.sk | Elektronika | Foto, kamery, optika | Ďalekohľady, mikroskopy | Ďalekohľady;5;https://www.heureka.sk/direct/xml-export/shops/heureka-sekce.xml
SK;5828;Centrálne jednotky;Heureka.sk | Elektronika | Inteligentná domácnosť | Centrálne jednotky;4;https://www.heureka.sk/direct/xml-export/shops/heureka-sekce.xml
SK;5859;Hlasoví asistenti;Heureka.sk | Elektronika | Inteligentná domácnosť | Hlasoví asistenti;4;https://www.heureka.sk/direct/xml-export/shops/heureka-sekce.xml
SK;6241;Štartovacie balíčky inteligentného osvetlenia;Heureka.sk | Elektronika | Inteligentná domácnosť | Inteligentné osvetlenie | Štartovacie balíčky inteligentného osvetlenia;5;https://www.heureka.sk/direct/xml-export/shops/heureka-sekce.xml
SK;882;Meteostanice;Heureka.sk | Elektronika | Inteligentná domácnosť | Meteostanice;4;https://www.heureka.sk/direct/xml-export/shops/heureka-sekce.xml
SK;5860;Ovládače a spínače pre inteligentnú domácnosť;Heureka.sk | Elektronika | Inteligentná domácnosť | Ovládače a spínače pre inteligentnú domácnosť;4;https://www.heureka.sk/direct/xml-export/shops/heureka-sekce.xml
SK;5880;Programovateľné stavebnice;Heureka.sk | Elektronika | Inteligentná domácnosť | Programovateľné stavebnice;4;https://www.heureka.sk/direct/xml-export/shops/heureka-sekce.xml
SK;3774;Príslušenstvo k meteostaniciam;Heureka.sk | Elektronika | Inteligentná domácnosť | Príslušenstvo k meteostaniciam;4;https://www.heureka.sk/direct/xml-export/shops/heureka-sekce.xml
SK;6240;Inteligentné lokátory;Heureka.sk | Elektronika | Inteligentná domácnosť | Wearables | Inteligentné lokátory;5;https://www.heureka.sk/direct/xml-export/shops/heureka-sekce.xml
SK;4939;Inteligentné okuliare;Heureka.sk | Elektronika | Inteligentná domácnosť | Wearables | Inteligentné okuliare;5;https://www.heureka.sk/direct/xml-export/shops/heureka-sekce.xml
SK;7432;Inteligentné prstene;Heureka.sk | Elektronika | Inteligentná domácnosť | Wearables | Inteligentné prstene;5;https://www.heureka.sk/direct/xml-export/shops/heureka-sekce.xml
SK;4922;iHealth;Heureka.sk | Elektronika | Inteligentná domácnosť | Wearables | iHealth;5;https://www.heureka.sk/direct/xml-export/shops/heureka-sekce.xml
SK;6527;Pohybové detektory a senzory;Heureka.sk | Elektronika | Inteligentná domácnosť | Zabezpečenie inteligentnej domácnosti | Pohybové detektory a senzory;5;https://www.heureka.sk/direct/xml-export/shops/heureka-sekce.xml
SK;5879;Zásuvky pre inteligentnú domácnosť;Heureka.sk | Elektronika | Inteligentná domácnosť | Zásuvky pre inteligentnú domácnosť;4;https://www.heureka.sk/direct/xml-export/shops/heureka-sekce.xml
SK;5827;Štartovacie súpravy;Heureka.sk | Elektronika | Inteligentná domácnosť | Štartovacie súpravy;4;https://www.heureka.sk/direct/xml-export/shops/heureka-sekce.xml
SK;4800;Inteligentné hodinky;Heureka.sk | Elektronika | Mobily, tablety, nositeľná elektronika | Inteligentné hodinky;4;https://www.heureka.sk/direct/xml-export/shops/heureka-sekce.xml
SK;4897;Inteligentné náramky;Heureka.sk | Elektronika | Mobily, tablety, nositeľná elektronika | Inteligentné náramky;4;https://www.heureka.sk/direct/xml-export/shops/heureka-sekce.xml
SK;3238;Batérie pre bezdrôtové telefóny;Heureka.sk | Elektronika | Mobily, tablety, nositeľná elektronika | Klasické a bezdrôtové telefóny | Batérie pre bezdrôtové telefóny;5;https://www.heureka.sk/direct/xml-export/shops/heureka-sekce.xml
SK;733;Bezdrôtové telefóny;Heureka.sk | Elektronika | Mobily, tablety, nositeľná elektronika | Klasické a bezdrôtové telefóny | Bezdrôtové telefóny;5;https://www.heureka.sk/direct/xml-export/shops/heureka-sekce.xml
SK;732;Klasické telefóny;Heureka.sk | Elektronika | Mobily, tablety, nositeľná elektronika | Klasické a bezdrôtové telefóny | Klasické telefóny;5;https://www.heureka.sk/direct/xml-export/shops/heureka-sekce.xml
SK;734;VoIP telefóny;Heureka.sk | Elektronika | Mobily, tablety, nositeľná elektronika | Klasické a bezdrôtové telefóny | VoIP telefóny;5;https://www.heureka.sk/direct/xml-export/shops/heureka-sekce.xml
SK;731;Mobilné telefóny;Heureka.sk | Elektronika | Mobily, tablety, nositeľná elektronika | Mobilné telefóny;4;https://www.heureka.sk/direct/xml-export/shops/heureka-sekce.xml
SK;743;Adaptéry a redukcie k mobilom;Heureka.sk | Elektronika | Mobily, tablety, nositeľná elektronika | Príslušenstvo k mobilom | Adaptéry a redukcie k mobilom;5;https://www.heureka.sk/direct/xml-export/shops/heureka-sekce.xml
SK;739;Batérie pre mobilné telefóny;Heureka.sk | Elektronika | Mobily, tablety, nositeľná elektronika | Príslušenstvo k mobilom | Batérie a nabíjačky pre mobily | Batérie pre mobilné telefóny;6;https://www.heureka.sk/direct/xml-export/shops/heureka-sekce.xml
SK;5417;Bezdrôtové nabíjačky;Heureka.sk | Elektronika | Mobily, tablety, nositeľná elektronika | Príslušenstvo k mobilom | Batérie a nabíjačky pre mobily | Bezdrôtové nabíjačky;6;https://www.heureka.sk/direct/xml-export/shops/heureka-sekce.xml
SK;738;Nabíjačky pre mobilné telefóny;Heureka.sk | Elektronika | Mobily, tablety, nositeľná elektronika | Príslušenstvo k mobilom | Batérie a nabíjačky pre mobily | Nabíjačky pre mobilné telefóny;6;https://www.heureka.sk/direct/xml-export/shops/heureka-sekce.xml
SK;6104;Držiaky do auta;Heureka.sk | Elektronika | Mobily, tablety, nositeľná elektronika | Príslušenstvo k mobilom | Držiaky a statívy | Držiaky do auta;6;https://www.heureka.sk/direct/xml-export/shops/heureka-sekce.xml
SK;742;Držiaky na mobily;Heureka.sk | Elektronika | Mobily, tablety, nositeľná elektronika | Príslušenstvo k mobilom | Držiaky a statívy | Držiaky na mobily;6;https://www.heureka.sk/direct/xml-export/shops/heureka-sekce.xml
SK;5781;Držiaky na selfie;Heureka.sk | Elektronika | Mobily, tablety, nositeľná elektronika | Príslušenstvo k mobilom | Držiaky a statívy | Držiaky na selfie;6;https://www.heureka.sk/direct/xml-export/shops/heureka-sekce.xml
SK;6429;Kruhové selfie svetlá;Heureka.sk | Elektronika | Mobily, tablety, nositeľná elektronika | Príslušenstvo k mobilom | Držiaky a statívy | Kruhové selfie svetlá;6;https://www.heureka.sk/direct/xml-export/shops/heureka-sekce.xml
SK;744;Antény k mobilným telefónom;Heureka.sk | Elektronika | Mobily, tablety, nositeľná elektronika | Príslušenstvo k mobilom | Náhradné diely pre mobilné telefóny | Antény k mobilným telefónom;6;https://www.heureka.sk/direct/xml-export/shops/heureka-sekce.xml
SK;892;Klávesnice k mobilným telefónom;Heureka.sk | Elektronika | Mobily, tablety, nositeľná elektronika | Príslušenstvo k mobilom | Náhradné diely pre mobilné telefóny | Klávesnice k mobilným telefónom;6;https://www.heureka.sk/direct/xml-export/shops/heureka-sekce.xml
SK;4992;LCD displeje k mobilným telefónom;Heureka.sk | Elektronika | Mobily, tablety, nositeľná elektronika | Príslušenstvo k mobilom | Náhradné diely pre mobilné telefóny | LCD displeje k mobilným telefónom;6;https://www.heureka.sk/direct/xml-export/shops/heureka-sekce.xml
SK;4252;Náhradné flex káble pre mobilné telefóny;Heureka.sk | Elektronika | Mobily, tablety, nositeľná elektronika | Príslušenstvo k mobilom | Náhradné diely pre mobilné telefóny | Náhradné flex káble pre mobilné telefóny;6;https://www.heureka.sk/direct/xml-export/shops/heureka-sekce.xml
SK;740;Náhradné kryty na mobilné telefóny;Heureka.sk | Elektronika | Mobily, tablety, nositeľná elektronika | Príslušenstvo k mobilom | Náhradné diely pre mobilné telefóny | Náhradné kryty na mobilné telefóny;6;https://www.heureka.sk/direct/xml-export/shops/heureka-sekce.xml
SK;4249;Náhradné mikrofóny pre mobilné telefóny;Heureka.sk | Elektronika | Mobily, tablety, nositeľná elektronika | Príslušenstvo k mobilom | Náhradné diely pre mobilné telefóny | Náhradné mikrofóny pre mobilné telefóny;6;https://www.heureka.sk/direct/xml-export/shops/heureka-sekce.xml
SK;4248;Náhradné reproduktory pre mobilné telefóny;Heureka.sk | Elektronika | Mobily, tablety, nositeľná elektronika | Príslušenstvo k mobilom | Náhradné diely pre mobilné telefóny | Náhradné reproduktory pre mobilné telefóny;6;https://www.heureka.sk/direct/xml-export/shops/heureka-sekce.xml
SK;3236;Prívesky na mobil;Heureka.sk | Elektronika | Mobily, tablety, nositeľná elektronika | Príslušenstvo k mobilom | Prívesky na mobil;5;https://www.heureka.sk/direct/xml-export/shops/heureka-sekce.xml
SK;4993;Ochranné fólie na mobilné telefóny;Heureka.sk | Elektronika | Mobily, tablety, nositeľná elektronika | Príslušenstvo k mobilom | Puzdrá, sklá, fólie | Ochranné fólie na mobilné telefóny;6;https://www.heureka.sk/direct/xml-export/shops/heureka-sekce.xml
SK;8307;Puzdrá a kryty na mobilné telefóny Apple;Heureka.sk | Elektronika | Mobily, tablety, nositeľná elektronika | Príslušenstvo k mobilom | Puzdrá, sklá, fólie | Puzdrá a kryty na mobilné telefóny | Puzdrá a kryty na mobilné telefóny Apple;7;https://www.heureka.sk/direct/xml-export/shops/heureka-sekce.xml
SK;8309;Puzdrá a kryty na mobilné telefóny Honor;Heureka.sk | Elektronika | Mobily, tablety, nositeľná elektronika | Príslušenstvo k mobilom | Puzdrá, sklá, fólie | Puzdrá a kryty na mobilné telefóny | Puzdrá a kryty na mobilné telefóny Honor;7;https://www.heureka.sk/direct/xml-export/shops/heureka-sekce.xml
SK;8308;Puzdrá a kryty na mobilné telefóny Huawei;Heureka.sk | Elektronika | Mobily, tablety, nositeľná elektronika | Príslušenstvo k mobilom | Puzdrá, sklá, fólie | Puzdrá a kryty na mobilné telefóny | Puzdrá a kryty na mobilné telefóny Huawei;7;https://www.heureka.sk/direct/xml-export/shops/heureka-sekce.xml
SK;8310;Puzdrá a kryty na mobilné telefóny Motorola;Heureka.sk | Elektronika | Mobily, tablety, nositeľná elektronika | Príslušenstvo k mobilom | Puzdrá, sklá, fólie | Puzdrá a kryty na mobilné telefóny | Puzdrá a kryty na mobilné telefóny Motorola;7;https://www.heureka.sk/direct/xml-export/shops/heureka-sekce.xml
SK;8311;Puzdrá a kryty na mobilné telefóny Nokia;Heureka.sk | Elektronika | Mobily, tablety, nositeľná elektronika | Príslušenstvo k mobilom | Puzdrá, sklá, fólie | Puzdrá a kryty na mobilné telefóny | Puzdrá a kryty na mobilné telefóny Nokia;7;https://www.heureka.sk/direct/xml-export/shops/heureka-sekce.xml
SK;8312;Puzdrá a kryty na mobilné telefóny Realme;Heureka.sk | Elektronika | Mobily, tablety, nositeľná elektronika | Príslušenstvo k mobilom | Puzdrá, sklá, fólie | Puzdrá a kryty na mobilné telefóny | Puzdrá a kryty na mobilné telefóny Realme;7;https://www.heureka.sk/direct/xml-export/shops/heureka-sekce.xml
SK;8305;Puzdrá a kryty na mobilné telefóny Samsung;Heureka.sk | Elektronika | Mobily, tablety, nositeľná elektronika | Príslušenstvo k mobilom | Puzdrá, sklá, fólie | Puzdrá a kryty na mobilné telefóny | Puzdrá a kryty na mobilné telefóny Samsung;7;https://www.heureka.sk/direct/xml-export/shops/heureka-sekce.xml
SK;8313;Puzdrá a kryty na mobilné telefóny Sony;Heureka.sk | Elektronika | Mobily, tablety, nositeľná elektronika | Príslušenstvo k mobilom | Puzdrá, sklá, fólie | Puzdrá a kryty na mobilné telefóny | Puzdrá a kryty na mobilné telefóny Sony;7;https://www.heureka.sk/direct/xml-export/shops/heureka-sekce.xml
SK;8306;Puzdrá a kryty na mobilné telefóny Xiaomi;Heureka.sk | Elektronika | Mobily, tablety, nositeľná elektronika | Príslušenstvo k mobilom | Puzdrá, sklá, fólie | Puzdrá a kryty na mobilné telefóny | Puzdrá a kryty na mobilné telefóny Xiaomi;7;https://www.heureka.sk/direct/xml-export/shops/heureka-sekce.xml
SK;741;Puzdrá a kryty na mobilné telefóny dalších značek;Heureka.sk | Elektronika | Mobily, tablety, nositeľná elektronika | Príslušenstvo k mobilom | Puzdrá, sklá, fólie | Puzdrá a kryty na mobilné telefóny | Puzdrá a kryty na mobilné telefóny dalších značek;7;https://www.heureka.sk/direct/xml-export/shops/heureka-sekce.xml
SK;4994;Tvrdené sklá na mobilné telefóny;Heureka.sk | Elektronika | Mobily, tablety, nositeľná elektronika | Príslušenstvo k mobilom | Puzdrá, sklá, fólie | Tvrdené sklá na mobilné telefóny;6;https://www.heureka.sk/direct/xml-export/shops/heureka-sekce.xml
SK;3234;Sim karty a kupóny;Heureka.sk | Elektronika | Mobily, tablety, nositeľná elektronika | Príslušenstvo k mobilom | Sim karty a kupóny;5;https://www.heureka.sk/direct/xml-export/shops/heureka-sekce.xml
SK;737;Handsfree;Heureka.sk | Elektronika | Mobily, tablety, nositeľná elektronika | Príslušenstvo k mobilom | Slúchadlá, reproduktory, handsfree | Handsfree;6;https://www.heureka.sk/direct/xml-export/shops/heureka-sekce.xml
SK;5746;Stylusy;Heureka.sk | Elektronika | Mobily, tablety, nositeľná elektronika | Príslušenstvo k mobilom | Stylusy;5;https://www.heureka.sk/direct/xml-export/shops/heureka-sekce.xml
SK;6854;Dobíjacie káble pre inteligentné hodinky;Heureka.sk | Elektronika | Mobily, tablety, nositeľná elektronika | Príslušenstvo k prenosnej elektronike | Príslušenstvo k inteligentným hodinkám | Dobíjacie káble pre inteligentné hodinky;6;https://www.heureka.sk/direct/xml-export/shops/heureka-sekce.xml
SK;6855;Držiaky a nabíjačky k inteligentným hodinkám;Heureka.sk | Elektronika | Mobily, tablety, nositeľná elektronika | Príslušenstvo k prenosnej elektronike | Príslušenstvo k inteligentným hodinkám | Držiaky a nabíjačky k inteligentným hodinkám;6;https://www.heureka.sk/direct/xml-export/shops/heureka-sekce.xml
SK;6853;Obaly a kryty k inteligentným hodinkám;Heureka.sk | Elektronika | Mobily, tablety, nositeľná elektronika | Príslušenstvo k prenosnej elektronike | Príslušenstvo k inteligentným hodinkám | Obaly a kryty k inteligentným hodinkám;6;https://www.heureka.sk/direct/xml-export/shops/heureka-sekce.xml
SK;6852;Ochranné sklá a fólie pre inteligentné hodinky;Heureka.sk | Elektronika | Mobily, tablety, nositeľná elektronika | Príslušenstvo k prenosnej elektronike | Príslušenstvo k inteligentným hodinkám | Ochranné sklá a fólie pre inteligentné hodinky;6;https://www.heureka.sk/direct/xml-export/shops/heureka-sekce.xml
SK;6851;Remienky pre inteligentné hodinky;Heureka.sk | Elektronika | Mobily, tablety, nositeľná elektronika | Príslušenstvo k prenosnej elektronike | Príslušenstvo k inteligentným hodinkám | Remienky pre inteligentné hodinky;6;https://www.heureka.sk/direct/xml-export/shops/heureka-sekce.xml
SK;6859;Dobíjacie káble pre inteligentné náramky;Heureka.sk | Elektronika | Mobily, tablety, nositeľná elektronika | Príslušenstvo k prenosnej elektronike | Príslušenstvo k inteligentným náramkom | Dobíjacie káble pre inteligentné náramky;6;https://www.heureka.sk/direct/xml-export/shops/heureka-sekce.xml
SK;6857;Ochranné sklá a fólie pre inteligentné náramky;Heureka.sk | Elektronika | Mobily, tablety, nositeľná elektronika | Príslušenstvo k prenosnej elektronike | Príslušenstvo k inteligentným náramkom | Ochranné sklá a fólie pre inteligentné náramky;6;https://www.heureka.sk/direct/xml-export/shops/heureka-sekce.xml
SK;6856;Remienky k inteligentným náramkom;Heureka.sk | Elektronika | Mobily, tablety, nositeľná elektronika | Príslušenstvo k prenosnej elektronike | Príslušenstvo k inteligentným náramkom | Remienky k inteligentným náramkom;6;https://www.heureka.sk/direct/xml-export/shops/heureka-sekce.xml
SK;8534;Príslušenstvo k inteligentným prsteňom;Heureka.sk | Elektronika | Mobily, tablety, nositeľná elektronika | Príslušenstvo k prenosnej elektronike | Príslušenstvo k inteligentným prsteňom;5;https://www.heureka.sk/direct/xml-export/shops/heureka-sekce.xml
SK;6322;Ochranné fólie pre tablety;Heureka.sk | Elektronika | Mobily, tablety, nositeľná elektronika | Tablety a čítačky | Príslušenstvo k tabletom | Ochranné fólie pre tablety;6;https://www.heureka.sk/direct/xml-export/shops/heureka-sekce.xml
SK;3149;Puzdrá na tablety;Heureka.sk | Elektronika | Mobily, tablety, nositeľná elektronika | Tablety a čítačky | Príslušenstvo k tabletom | Puzdrá na tablety;6;https://www.heureka.sk/direct/xml-export/shops/heureka-sekce.xml
SK;6323;Ochranné fólie pre čítačky kníh;Heureka.sk | Elektronika | Mobily, tablety, nositeľná elektronika | Tablety a čítačky | Príslušenstvo k čítačkám kníh | Ochranné fólie pre čítačky kníh;6;https://www.heureka.sk/direct/xml-export/shops/heureka-sekce.xml
SK;6261;Puzdrá na čítačky kníh;Heureka.sk | Elektronika | Mobily, tablety, nositeľná elektronika | Tablety a čítačky | Príslušenstvo k čítačkám kníh | Puzdrá na čítačky kníh;6;https://www.heureka.sk/direct/xml-export/shops/heureka-sekce.xml
SK;3021;Tablety;Heureka.sk | Elektronika | Mobily, tablety, nositeľná elektronika | Tablety a čítačky | Tablety;5;https://www.heureka.sk/direct/xml-export/shops/heureka-sekce.xml
SK;2839;Čítačky kníh;Heureka.sk | Elektronika | Mobily, tablety, nositeľná elektronika | Tablety a čítačky | Čítačky kníh;5;https://www.heureka.sk/direct/xml-export/shops/heureka-sekce.xml
SK;3237;Batérie pre vysielačky;Heureka.sk | Elektronika | Mobily, tablety, nositeľná elektronika | Vysielačky, príslušenstvo | Batérie pre vysielačky;5;https://www.heureka.sk/direct/xml-export/shops/heureka-sekce.xml
SK;735;Vysielačky a rádiostanice;Heureka.sk | Elektronika | Mobily, tablety, nositeľná elektronika | Vysielačky, príslušenstvo | Vysielačky a rádiostanice;5;https://www.heureka.sk/direct/xml-export/shops/heureka-sekce.xml
SK;752;Grafické tablety;Heureka.sk | Elektronika | Počítače a notebooky | Grafické tablety;4;https://www.heureka.sk/direct/xml-export/shops/heureka-sekce.xml
SK;763;Klávesnice;Heureka.sk | Elektronika | Počítače a notebooky | Klávesnice a myši | Klávesnice;5;https://www.heureka.sk/direct/xml-export/shops/heureka-sekce.xml
SK;8415;Mechanické spínače;Heureka.sk | Elektronika | Počítače a notebooky | Klávesnice a myši | Mechanické spínače;5;https://www.heureka.sk/direct/xml-export/shops/heureka-sekce.xml
SK;765;Myši;Heureka.sk | Elektronika | Počítače a notebooky | Klávesnice a myši | Myši;5;https://www.heureka.sk/direct/xml-export/shops/heureka-sekce.xml
SK;8416;Náhradné klávesy;Heureka.sk | Elektronika | Počítače a notebooky | Klávesnice a myši | Náhradné klávesy;5;https://www.heureka.sk/direct/xml-export/shops/heureka-sekce.xml
SK;8577;Podložky pod myš;Heureka.sk | Elektronika | Počítače a notebooky | Klávesnice a myši | Podložky pod myš;5;https://www.heureka.sk/direct/xml-export/shops/heureka-sekce.xml
SK;764;Súpravy klávesníc a myší;Heureka.sk | Elektronika | Počítače a notebooky | Klávesnice a myši | Súpravy klávesníc a myší;5;https://www.heureka.sk/direct/xml-export/shops/heureka-sekce.xml
SK;816;Monitory;Heureka.sk | Elektronika | Počítače a notebooky | Monitory;4;https://www.heureka.sk/direct/xml-export/shops/heureka-sekce.xml
SK;750;Notebooky;Heureka.sk | Elektronika | Počítače a notebooky | Notebooky;4;https://www.heureka.sk/direct/xml-export/shops/heureka-sekce.xml
SK;779;Chladiče;Heureka.sk | Elektronika | Počítače a notebooky | Počítačové komponenty | Chladiče;5;https://www.heureka.sk/direct/xml-export/shops/heureka-sekce.xml
SK;931;Externé výmenné boxy;Heureka.sk | Elektronika | Počítače a notebooky | Počítačové komponenty | Externé výmenné boxy;5;https://www.heureka.sk/direct/xml-export/shops/heureka-sekce.xml
SK;771;Grafické karty;Heureka.sk | Elektronika | Počítače a notebooky | Počítačové komponenty | Grafické karty;5;https://www.heureka.sk/direct/xml-export/shops/heureka-sekce.xml
SK;6303;Interné rámčeky;Heureka.sk | Elektronika | Počítače a notebooky | Počítačové komponenty | Interné rámčeky;5;https://www.heureka.sk/direct/xml-export/shops/heureka-sekce.xml
SK;773;Mechaniky;Heureka.sk | Elektronika | Počítače a notebooky | Počítačové komponenty | Mechaniky;5;https://www.heureka.sk/direct/xml-export/shops/heureka-sekce.xml
SK;775;PC skrine;Heureka.sk | Elektronika | Počítače a notebooky | Počítačové komponenty | PC skrine;5;https://www.heureka.sk/direct/xml-export/shops/heureka-sekce.xml
SK;768;Pamäte;Heureka.sk | Elektronika | Počítače a notebooky | Počítačové komponenty | Pamäte;5;https://www.heureka.sk/direct/xml-export/shops/heureka-sekce.xml
SK;5946;Pevné disky externé;Heureka.sk | Elektronika | Počítače a notebooky | Počítačové komponenty | Pevné disky externé;5;https://www.heureka.sk/direct/xml-export/shops/heureka-sekce.xml
SK;772;Pevné disky interné;Heureka.sk | Elektronika | Počítače a notebooky | Počítačové komponenty | Pevné disky interné;5;https://www.heureka.sk/direct/xml-export/shops/heureka-sekce.xml
SK;767;Procesory;Heureka.sk | Elektronika | Počítače a notebooky | Počítačové komponenty | Procesory;5;https://www.heureka.sk/direct/xml-export/shops/heureka-sekce.xml
SK;770;Radiče;Heureka.sk | Elektronika | Počítače a notebooky | Počítačové komponenty | Rozširujúce karty do počítača | Radiče;6;https://www.heureka.sk/direct/xml-export/shops/heureka-sekce.xml
SK;913;Sieťové karty;Heureka.sk | Elektronika | Počítače a notebooky | Počítačové komponenty | Rozširujúce karty do počítača | Sieťové karty;6;https://www.heureka.sk/direct/xml-export/shops/heureka-sekce.xml
SK;2167;Strihové karty;Heureka.sk | Elektronika | Počítače a notebooky | Počítačové komponenty | Rozširujúce karty do počítača | Strihové karty;6;https://www.heureka.sk/direct/xml-export/shops/heureka-sekce.xml
SK;848;TV tunery;Heureka.sk | Elektronika | Počítače a notebooky | Počítačové komponenty | Rozširujúce karty do počítača | TV tunery;6;https://www.heureka.sk/direct/xml-export/shops/heureka-sekce.xml
SK;908;Zvukové karty;Heureka.sk | Elektronika | Počítače a notebooky | Počítačové komponenty | Rozširujúce karty do počítača | Zvukové karty;6;https://www.heureka.sk/direct/xml-export/shops/heureka-sekce.xml
SK;7028;Ventilátory do PC;Heureka.sk | Elektronika | Počítače a notebooky | Počítačové komponenty | Ventilátory do PC;5;https://www.heureka.sk/direct/xml-export/shops/heureka-sekce.xml
SK;776;Zdroje;Heureka.sk | Elektronika | Počítače a notebooky | Počítačové komponenty | Zdroje;5;https://www.heureka.sk/direct/xml-export/shops/heureka-sekce.xml
SK;769;Základné dosky;Heureka.sk | Elektronika | Počítače a notebooky | Počítačové komponenty | Základné dosky;5;https://www.heureka.sk/direct/xml-export/shops/heureka-sekce.xml
SK;2033;Prekladače;Heureka.sk | Elektronika | Počítače a notebooky | Prekladače;4;https://www.heureka.sk/direct/xml-export/shops/heureka-sekce.xml
SK;4206;AC adaptéry;Heureka.sk | Elektronika | Počítače a notebooky | Príslušenstvo k notebookom | AC adaptéry;5;https://www.heureka.sk/direct/xml-export/shops/heureka-sekce.xml
SK;4207;Batérie do notebookov;Heureka.sk | Elektronika | Počítače a notebooky | Príslušenstvo k notebookom | Batérie do notebookov;5;https://www.heureka.sk/direct/xml-export/shops/heureka-sekce.xml
SK;4144;Displeje pre notebooky;Heureka.sk | Elektronika | Počítače a notebooky | Príslušenstvo k notebookom | Displeje pre notebooky;5;https://www.heureka.sk/direct/xml-export/shops/heureka-sekce.xml
SK;5349;Dokovacie stanice a replikátory portov;Heureka.sk | Elektronika | Počítače a notebooky | Príslušenstvo k notebookom | Dokovacie stanice a replikátory portov;5;https://www.heureka.sk/direct/xml-export/shops/heureka-sekce.xml
SK;4679;Náhradné klávesnice pre notebooky;Heureka.sk | Elektronika | Počítače a notebooky | Príslušenstvo k notebookom | Náhradné klávesnice pre notebooky;5;https://www.heureka.sk/direct/xml-export/shops/heureka-sekce.xml
SK;8609;Náhradné ventilátory pre notebooky;Heureka.sk | Elektronika | Počítače a notebooky | Príslušenstvo k notebookom | Náhradné ventilátory pre notebooky;5;https://www.heureka.sk/direct/xml-export/shops/heureka-sekce.xml
SK;3231;Podložky a stojany k notebookom;Heureka.sk | Elektronika | Počítače a notebooky | Príslušenstvo k notebookom | Podložky a stojany k notebookom;5;https://www.heureka.sk/direct/xml-export/shops/heureka-sekce.xml
SK;3188;Samolepky na notebooky;Heureka.sk | Elektronika | Počítače a notebooky | Príslušenstvo k notebookom | Samolepky na notebooky;5;https://www.heureka.sk/direct/xml-export/shops/heureka-sekce.xml
SK;821;Tašky a batohy na notebooky;Heureka.sk | Elektronika | Počítače a notebooky | Príslušenstvo k notebookom | Tašky a batohy na notebooky;5;https://www.heureka.sk/direct/xml-export/shops/heureka-sekce.xml
SK;5743;Hardwarové peňaženky a trezory;Heureka.sk | Elektronika | Počítače a notebooky | Príslušenstvo k počítačom | Hardwarové peňaženky a trezory;5;https://www.heureka.sk/direct/xml-export/shops/heureka-sekce.xml
SK;2769;Audio - video káble;Heureka.sk | Elektronika | Počítače a notebooky | Príslušenstvo k počítačom | Káble a konektory | Audio - video káble;6;https://www.heureka.sk/direct/xml-export/shops/heureka-sekce.xml
SK;2780;Dátové prepínače;Heureka.sk | Elektronika | Počítače a notebooky | Príslušenstvo k počítačom | Káble a konektory | Dátové prepínače;6;https://www.heureka.sk/direct/xml-export/shops/heureka-sekce.xml
SK;2774;FireWire káble;Heureka.sk | Elektronika | Počítače a notebooky | Príslušenstvo k počítačom | Káble a konektory | FireWire káble;6;https://www.heureka.sk/direct/xml-export/shops/heureka-sekce.xml
SK;2776;Interné káble do PC;Heureka.sk | Elektronika | Počítače a notebooky | Príslušenstvo k počítačom | Káble a konektory | Interné káble do PC;6;https://www.heureka.sk/direct/xml-export/shops/heureka-sekce.xml
SK;2770;KVM káble;Heureka.sk | Elektronika | Počítače a notebooky | Príslušenstvo k počítačom | Káble a konektory | KVM káble;6;https://www.heureka.sk/direct/xml-export/shops/heureka-sekce.xml
SK;2771;Napájacie káble;Heureka.sk | Elektronika | Počítače a notebooky | Príslušenstvo k počítačom | Káble a konektory | Napájacie káble;6;https://www.heureka.sk/direct/xml-export/shops/heureka-sekce.xml
SK;2786;Paralelné, sériové káble;Heureka.sk | Elektronika | Počítače a notebooky | Príslušenstvo k počítačom | Káble a konektory | Paralelné, sériové káble;6;https://www.heureka.sk/direct/xml-export/shops/heureka-sekce.xml
SK;2772;Sieťové káble;Heureka.sk | Elektronika | Počítače a notebooky | Príslušenstvo k počítačom | Káble a konektory | Sieťové káble;6;https://www.heureka.sk/direct/xml-export/shops/heureka-sekce.xml
SK;3655;USB huby;Heureka.sk | Elektronika | Počítače a notebooky | Príslušenstvo k počítačom | Káble a konektory | USB huby;6;https://www.heureka.sk/direct/xml-export/shops/heureka-sekce.xml
SK;1487;USB káble;Heureka.sk | Elektronika | Počítače a notebooky | Príslušenstvo k počítačom | Káble a konektory | USB káble;6;https://www.heureka.sk/direct/xml-export/shops/heureka-sekce.xml
SK;2773;VGA, DVI, HDMI káble;Heureka.sk | Elektronika | Počítače a notebooky | Príslušenstvo k počítačom | Káble a konektory | VGA, DVI, HDMI káble;6;https://www.heureka.sk/direct/xml-export/shops/heureka-sekce.xml
SK;2038;Médiá na napaľovanie;Heureka.sk | Elektronika | Počítače a notebooky | Príslušenstvo k počítačom | Médiá na napaľovanie;5;https://www.heureka.sk/direct/xml-export/shops/heureka-sekce.xml
SK;5371;Organizéry káblov;Heureka.sk | Elektronika | Počítače a notebooky | Príslušenstvo k počítačom | Organizéry káblov;5;https://www.heureka.sk/direct/xml-export/shops/heureka-sekce.xml
SK;822;Pamäťové karty;Heureka.sk | Elektronika | Počítače a notebooky | Príslušenstvo k počítačom | Pamäťové karty;5;https://www.heureka.sk/direct/xml-export/shops/heureka-sekce.xml
SK;5898;Počítačové mikrofóny;Heureka.sk | Elektronika | Počítače a notebooky | Príslušenstvo k počítačom | Počítačové mikrofóny;5;https://www.heureka.sk/direct/xml-export/shops/heureka-sekce.xml
SK;5773;Počítačové okuliare;Heureka.sk | Elektronika | Počítače a notebooky | Príslušenstvo k počítačom | Počítačové okuliare;5;https://www.heureka.sk/direct/xml-export/shops/heureka-sekce.xml
SK;5300;Privátne a antireflexné filtre;Heureka.sk | Elektronika | Počítače a notebooky | Príslušenstvo k počítačom | Privátne a antireflexné filtre;5;https://www.heureka.sk/direct/xml-export/shops/heureka-sekce.xml
SK;3082;Príslušenstvo pre chladiče;Heureka.sk | Elektronika | Počítače a notebooky | Príslušenstvo k počítačom | Príslušenstvo pre chladiče;5;https://www.heureka.sk/direct/xml-export/shops/heureka-sekce.xml
SK;6421;Teplovodivé pasty a pásky;Heureka.sk | Elektronika | Počítače a notebooky | Príslušenstvo k počítačom | Teplovodivé pasty a pásky;5;https://www.heureka.sk/direct/xml-export/shops/heureka-sekce.xml
SK;834;USB flash disky;Heureka.sk | Elektronika | Počítače a notebooky | Príslušenstvo k počítačom | USB flash disky;5;https://www.heureka.sk/direct/xml-export/shops/heureka-sekce.xml
SK;766;Webkamery;Heureka.sk | Elektronika | Počítače a notebooky | Príslušenstvo k počítačom | Webkamery;5;https://www.heureka.sk/direct/xml-export/shops/heureka-sekce.xml
SK;877;Čítačky pamäťových kariet;Heureka.sk | Elektronika | Počítače a notebooky | Príslušenstvo k počítačom | Čítačky pamäťových kariet;5;https://www.heureka.sk/direct/xml-export/shops/heureka-sekce.xml
SK;1789;Access pointy a routery;Heureka.sk | Elektronika | Počítače a notebooky | Sieťové prvky | Access pointy a routery;5;https://www.heureka.sk/direct/xml-export/shops/heureka-sekce.xml
SK;1899;IP kamery;Heureka.sk | Elektronika | Počítače a notebooky | Sieťové prvky | IP kamery;5;https://www.heureka.sk/direct/xml-export/shops/heureka-sekce.xml
SK;2123;KVM prepínače;Heureka.sk | Elektronika | Počítače a notebooky | Sieťové prvky | KVM prepínače;5;https://www.heureka.sk/direct/xml-export/shops/heureka-sekce.xml
SK;774;Modemy;Heureka.sk | Elektronika | Počítače a notebooky | Sieťové prvky | Modemy;5;https://www.heureka.sk/direct/xml-export/shops/heureka-sekce.xml
SK;6601;Powerline adaptéry;Heureka.sk | Elektronika | Počítače a notebooky | Sieťové prvky | Powerline adaptéry;5;https://www.heureka.sk/direct/xml-export/shops/heureka-sekce.xml
SK;5405;Rekordéry DVR/NVR;Heureka.sk | Elektronika | Počítače a notebooky | Sieťové prvky | Rekordéry DVR/NVR;5;https://www.heureka.sk/direct/xml-export/shops/heureka-sekce.xml
SK;1907;Diskové polia;Heureka.sk | Elektronika | Počítače a notebooky | Sieťové prvky | Servery a príslušenstvo | Diskové polia;6;https://www.heureka.sk/direct/xml-export/shops/heureka-sekce.xml
SK;2314;Rackové skrine;Heureka.sk | Elektronika | Počítače a notebooky | Sieťové prvky | Servery a príslušenstvo | Rackové skrine;6;https://www.heureka.sk/direct/xml-export/shops/heureka-sekce.xml
SK;1834;Servery;Heureka.sk | Elektronika | Počítače a notebooky | Sieťové prvky | Servery a príslušenstvo | Servery;6;https://www.heureka.sk/direct/xml-export/shops/heureka-sekce.xml
SK;1942;Switche;Heureka.sk | Elektronika | Počítače a notebooky | Sieťové prvky | Switche;5;https://www.heureka.sk/direct/xml-export/shops/heureka-sekce.xml
SK;1923;WiFi antény;Heureka.sk | Elektronika | Počítače a notebooky | Sieťové prvky | WiFi antény;5;https://www.heureka.sk/direct/xml-export/shops/heureka-sekce.xml
SK;6602;WiFi zosilňovače;Heureka.sk | Elektronika | Počítače a notebooky | Sieťové prvky | WiFi zosilňovače;5;https://www.heureka.sk/direct/xml-export/shops/heureka-sekce.xml
SK;825;Antivírusy;Heureka.sk | Elektronika | Počítače a notebooky | Software | Antivírusy;5;https://www.heureka.sk/direct/xml-export/shops/heureka-sekce.xml
SK;5015;CAD software;Heureka.sk | Elektronika | Počítače a notebooky | Software | CAD software;5;https://www.heureka.sk/direct/xml-export/shops/heureka-sekce.xml
SK;781;Grafika a design;Heureka.sk | Elektronika | Počítače a notebooky | Software | Grafika a design;5;https://www.heureka.sk/direct/xml-export/shops/heureka-sekce.xml
SK;782;Kancelárske aplikácie;Heureka.sk | Elektronika | Počítače a notebooky | Software | Kancelárske aplikácie;5;https://www.heureka.sk/direct/xml-export/shops/heureka-sekce.xml
SK;907;Napaľovací software;Heureka.sk | Elektronika | Počítače a notebooky | Software | Napaľovací software;5;https://www.heureka.sk/direct/xml-export/shops/heureka-sekce.xml
SK;783;Operačné systémy;Heureka.sk | Elektronika | Počítače a notebooky | Software | Operačné systémy;5;https://www.heureka.sk/direct/xml-export/shops/heureka-sekce.xml
SK;5013;Optimalizácia a ladenie;Heureka.sk | Elektronika | Počítače a notebooky | Software | Optimalizácia a ladenie;5;https://www.heureka.sk/direct/xml-export/shops/heureka-sekce.xml
SK;6312;Programy na úpravu fotografií;Heureka.sk | Elektronika | Počítače a notebooky | Software | Programy na úpravu fotografií;5;https://www.heureka.sk/direct/xml-export/shops/heureka-sekce.xml
SK;6313;Programy na úpravu hudby;Heureka.sk | Elektronika | Počítače a notebooky | Software | Programy na úpravu hudby;5;https://www.heureka.sk/direct/xml-export/shops/heureka-sekce.xml
SK;906;Programy na úpravu videa;Heureka.sk | Elektronika | Počítače a notebooky | Software | Programy na úpravu videa;5;https://www.heureka.sk/direct/xml-export/shops/heureka-sekce.xml
SK;5056;Práca so súbormi;Heureka.sk | Elektronika | Počítače a notebooky | Software | Práca so súbormi;5;https://www.heureka.sk/direct/xml-export/shops/heureka-sekce.xml
SK;4217;Rozšírené záruky;Heureka.sk | Elektronika | Počítače a notebooky | Software | Rozšírené záruky;5;https://www.heureka.sk/direct/xml-export/shops/heureka-sekce.xml
SK;917;Serverové aplikácie;Heureka.sk | Elektronika | Počítače a notebooky | Software | Serverové aplikácie;5;https://www.heureka.sk/direct/xml-export/shops/heureka-sekce.xml
SK;916;Vzdelávacie aplikácie;Heureka.sk | Elektronika | Počítače a notebooky | Software | Vzdelávacie aplikácie;5;https://www.heureka.sk/direct/xml-export/shops/heureka-sekce.xml
SK;2073;Účtovný a ekonomický software;Heureka.sk | Elektronika | Počítače a notebooky | Software | Účtovný a ekonomický software;5;https://www.heureka.sk/direct/xml-export/shops/heureka-sekce.xml
SK;748;Stolné počítače;Heureka.sk | Elektronika | Počítače a notebooky | Stolné počítače;4;https://www.heureka.sk/direct/xml-export/shops/heureka-sekce.xml
SK;5191;3D perá;Heureka.sk | Elektronika | Počítače a notebooky | Tlačiarne a príslušenstvo | 3D perá;5;https://www.heureka.sk/direct/xml-export/shops/heureka-sekce.xml
SK;5689;3D skenery;Heureka.sk | Elektronika | Počítače a notebooky | Tlačiarne a príslušenstvo | 3D skenery;5;https://www.heureka.sk/direct/xml-export/shops/heureka-sekce.xml
SK;5632;3D tlačiarne;Heureka.sk | Elektronika | Počítače a notebooky | Tlačiarne a príslušenstvo | 3D tlačiarne;5;https://www.heureka.sk/direct/xml-export/shops/heureka-sekce.xml
SK;8450;Gravírovacie stroje;Heureka.sk | Elektronika | Počítače a notebooky | Tlačiarne a príslušenstvo | Gravírovacie stroje;5;https://www.heureka.sk/direct/xml-export/shops/heureka-sekce.xml
SK;761;Multifunkčné zariadenia;Heureka.sk | Elektronika | Počítače a notebooky | Tlačiarne a príslušenstvo | Multifunkčné zariadenia;5;https://www.heureka.sk/direct/xml-export/shops/heureka-sekce.xml
SK;3134;Atramenty a refillkity;Heureka.sk | Elektronika | Počítače a notebooky | Tlačiarne a príslušenstvo | Náplne a farby do tlačiarní | Atramenty a refillkity;6;https://www.heureka.sk/direct/xml-export/shops/heureka-sekce.xml
SK;4106;Náplne a tonery - kompatibilné;Heureka.sk | Elektronika | Počítače a notebooky | Tlačiarne a príslušenstvo | Náplne a farby do tlačiarní | Náplne a tonery - kompatibilné;6;https://www.heureka.sk/direct/xml-export/shops/heureka-sekce.xml
SK;796;Náplne a tonery - originálne;Heureka.sk | Elektronika | Počítače a notebooky | Tlačiarne a príslušenstvo | Náplne a farby do tlačiarní | Náplne a tonery - originálne;6;https://www.heureka.sk/direct/xml-export/shops/heureka-sekce.xml
SK;6216;Tlačové struny;Heureka.sk | Elektronika | Počítače a notebooky | Tlačiarne a príslušenstvo | Náplne a farby do tlačiarní | Tlačové struny;6;https://www.heureka.sk/direct/xml-export/shops/heureka-sekce.xml
SK;7053;Vývojnice;Heureka.sk | Elektronika | Počítače a notebooky | Tlačiarne a príslušenstvo | Náplne a farby do tlačiarní | Vývojnice;6;https://www.heureka.sk/direct/xml-export/shops/heureka-sekce.xml
SK;8373;Zobrazovacie valce;Heureka.sk | Elektronika | Počítače a notebooky | Tlačiarne a príslušenstvo | Náplne a farby do tlačiarní | Zobrazovacie valce;6;https://www.heureka.sk/direct/xml-export/shops/heureka-sekce.xml
SK;8286;Odpadové nádobky;Heureka.sk | Elektronika | Počítače a notebooky | Tlačiarne a príslušenstvo | Odpadové nádobky;5;https://www.heureka.sk/direct/xml-export/shops/heureka-sekce.xml
SK;1898;Plotre;Heureka.sk | Elektronika | Počítače a notebooky | Tlačiarne a príslušenstvo | Plotre;5;https://www.heureka.sk/direct/xml-export/shops/heureka-sekce.xml
SK;5614;Resiny;Heureka.sk | Elektronika | Počítače a notebooky | Tlačiarne a príslušenstvo | Resiny;5;https://www.heureka.sk/direct/xml-export/shops/heureka-sekce.xml
SK;760;Skenery;Heureka.sk | Elektronika | Počítače a notebooky | Tlačiarne a príslušenstvo | Skenery;5;https://www.heureka.sk/direct/xml-export/shops/heureka-sekce.xml
SK;795;Tlačiarne;Heureka.sk | Elektronika | Počítače a notebooky | Tlačiarne a príslušenstvo | Tlačiarne;5;https://www.heureka.sk/direct/xml-export/shops/heureka-sekce.xml
SK;3253;Zapekacie jednotky;Heureka.sk | Elektronika | Počítače a notebooky | Tlačiarne a príslušenstvo | Zapekacie jednotky;5;https://www.heureka.sk/direct/xml-export/shops/heureka-sekce.xml
SK;2283;Prepäťové ochrany;Heureka.sk | Elektronika | Počítače a notebooky | Záložné zdroje | Prepäťové ochrany;5;https://www.heureka.sk/direct/xml-export/shops/heureka-sekce.xml
SK;1906;UPS;Heureka.sk | Elektronika | Počítače a notebooky | Záložné zdroje | UPS;5;https://www.heureka.sk/direct/xml-export/shops/heureka-sekce.xml
SK;6012;CD prehrávače pre DJ;Heureka.sk | Elektronika | TV, audio, video | DJ technika | CD prehrávače pre DJ;5;https://www.heureka.sk/direct/xml-export/shops/heureka-sekce.xml
SK;3112;DJ kontroléry;Heureka.sk | Elektronika | TV, audio, video | DJ technika | DJ kontroléry;5;https://www.heureka.sk/direct/xml-export/shops/heureka-sekce.xml
SK;2034;Mixážne pulty;Heureka.sk | Elektronika | TV, audio, video | DJ technika | Mixážne pulty;5;https://www.heureka.sk/direct/xml-export/shops/heureka-sekce.xml
SK;804;AV prijímače;Heureka.sk | Elektronika | TV, audio, video | Hi-Fi komponenty | AV prijímače;5;https://www.heureka.sk/direct/xml-export/shops/heureka-sekce.xml
SK;1940;CD prehrávače;Heureka.sk | Elektronika | TV, audio, video | Hi-Fi komponenty | CD prehrávače;5;https://www.heureka.sk/direct/xml-export/shops/heureka-sekce.xml
SK;801;Gramofóny;Heureka.sk | Elektronika | TV, audio, video | Hi-Fi komponenty | Gramofóny;5;https://www.heureka.sk/direct/xml-export/shops/heureka-sekce.xml
SK;1944;Sieťové prehrávače;Heureka.sk | Elektronika | TV, audio, video | Hi-Fi komponenty | Sieťové prehrávače;5;https://www.heureka.sk/direct/xml-export/shops/heureka-sekce.xml
SK;2115;Subwoofery;Heureka.sk | Elektronika | TV, audio, video | Hi-Fi komponenty | Subwoofery;5;https://www.heureka.sk/direct/xml-export/shops/heureka-sekce.xml
SK;803;Tunery;Heureka.sk | Elektronika | TV, audio, video | Hi-Fi komponenty | Tunery;5;https://www.heureka.sk/direct/xml-export/shops/heureka-sekce.xml
SK;805;Zosilňovače;Heureka.sk | Elektronika | TV, audio, video | Hi-Fi komponenty | Zosilňovače;5;https://www.heureka.sk/direct/xml-export/shops/heureka-sekce.xml
SK;712;Hi-Fi systémy;Heureka.sk | Elektronika | TV, audio, video | Hi-Fi systémy;4;https://www.heureka.sk/direct/xml-export/shops/heureka-sekce.xml
SK;710;Mikrofóny;Heureka.sk | Elektronika | TV, audio, video | Mikrofóny;4;https://www.heureka.sk/direct/xml-export/shops/heureka-sekce.xml
SK;713;Diktafóny;Heureka.sk | Elektronika | TV, audio, video | Prenosné audio | Diktafóny;5;https://www.heureka.sk/direct/xml-export/shops/heureka-sekce.xml
SK;717;Discmany;Heureka.sk | Elektronika | TV, audio, video | Prenosné audio | Discmany;5;https://www.heureka.sk/direct/xml-export/shops/heureka-sekce.xml
SK;715;MP3 a MP4 prehrávače;Heureka.sk | Elektronika | TV, audio, video | Prenosné audio | MP3 a MP4 prehrávače;5;https://www.heureka.sk/direct/xml-export/shops/heureka-sekce.xml
SK;5966;Rádiobudíky;Heureka.sk | Elektronika | TV, audio, video | Prenosné audio | Rádiobudíky;5;https://www.heureka.sk/direct/xml-export/shops/heureka-sekce.xml
SK;707;Rádiomagnetofóny;Heureka.sk | Elektronika | TV, audio, video | Prenosné audio | Rádiomagnetofóny;5;https://www.heureka.sk/direct/xml-export/shops/heureka-sekce.xml
SK;706;Rádioprijímače;Heureka.sk | Elektronika | TV, audio, video | Prenosné audio | Rádioprijímače;5;https://www.heureka.sk/direct/xml-export/shops/heureka-sekce.xml
SK;699;Projektory;Heureka.sk | Elektronika | TV, audio, video | Projekčná technika | Projektory;5;https://www.heureka.sk/direct/xml-export/shops/heureka-sekce.xml
SK;698;Projekčné plátna;Heureka.sk | Elektronika | TV, audio, video | Projekčná technika | Projekčné plátna;5;https://www.heureka.sk/direct/xml-export/shops/heureka-sekce.xml
SK;3255;Držiaky k projektorom;Heureka.sk | Elektronika | TV, audio, video | Projekčná technika | Príslušenstvo k projektorom | Držiaky k projektorom;6;https://www.heureka.sk/direct/xml-export/shops/heureka-sekce.xml
SK;837;Lampy do projektorov;Heureka.sk | Elektronika | TV, audio, video | Projekčná technika | Príslušenstvo k projektorom | Lampy do projektorov;6;https://www.heureka.sk/direct/xml-export/shops/heureka-sekce.xml
SK;5897;Laserové ukazovadlá a prezentéry;Heureka.sk | Elektronika | TV, audio, video | Projekčná technika | Príslušenstvo k projektorom | Laserové ukazovadlá a prezentéry;6;https://www.heureka.sk/direct/xml-export/shops/heureka-sekce.xml
SK;8545;Náušníky a štuple pre slúchadlá;Heureka.sk | Elektronika | TV, audio, video | Príslušenstvo k TV, audio-video | Audio príslušenstvo | Príslušenstvo k slúchadlám | Náušníky a štuple pre slúchadlá;7;https://www.heureka.sk/direct/xml-export/shops/heureka-sekce.xml
SK;5569;Puzdrá na slúchadlá;Heureka.sk | Elektronika | TV, audio, video | Príslušenstvo k TV, audio-video | Audio príslušenstvo | Príslušenstvo k slúchadlám | Puzdrá na slúchadlá;7;https://www.heureka.sk/direct/xml-export/shops/heureka-sekce.xml
SK;6458;Stojany na slúchadlá;Heureka.sk | Elektronika | TV, audio, video | Príslušenstvo k TV, audio-video | Audio príslušenstvo | Príslušenstvo k slúchadlám | Stojany na slúchadlá;7;https://www.heureka.sk/direct/xml-export/shops/heureka-sekce.xml
SK;6958;Fingerlifty pre gramofóny;Heureka.sk | Elektronika | TV, audio, video | Príslušenstvo k TV, audio-video | Audio príslušenstvo | Príslušenstvo pre gramofóny | Fingerlifty pre gramofóny;7;https://www.heureka.sk/direct/xml-export/shops/heureka-sekce.xml
SK;6952;Gramofónové prenosky;Heureka.sk | Elektronika | TV, audio, video | Príslušenstvo k TV, audio-video | Audio príslušenstvo | Príslušenstvo pre gramofóny | Gramofónové prenosky;7;https://www.heureka.sk/direct/xml-export/shops/heureka-sekce.xml
SK;6954;Headshelly pre gramofóny;Heureka.sk | Elektronika | TV, audio, video | Príslušenstvo k TV, audio-video | Audio príslušenstvo | Príslušenstvo pre gramofóny | Headshelly pre gramofóny;7;https://www.heureka.sk/direct/xml-export/shops/heureka-sekce.xml
SK;6953;Hroty a ihly pre gramofóny;Heureka.sk | Elektronika | TV, audio, video | Príslušenstvo k TV, audio-video | Audio príslušenstvo | Príslušenstvo pre gramofóny | Hroty a ihly pre gramofóny;7;https://www.heureka.sk/direct/xml-export/shops/heureka-sekce.xml
SK;6957;Puzdrá a obaly pre gramofóny;Heureka.sk | Elektronika | TV, audio, video | Príslušenstvo k TV, audio-video | Audio príslušenstvo | Príslušenstvo pre gramofóny | Puzdrá a obaly pre gramofóny;7;https://www.heureka.sk/direct/xml-export/shops/heureka-sekce.xml
SK;6956;Slipmaty pre gramofóny;Heureka.sk | Elektronika | TV, audio, video | Príslušenstvo k TV, audio-video | Audio príslušenstvo | Príslušenstvo pre gramofóny | Slipmaty pre gramofóny;7;https://www.heureka.sk/direct/xml-export/shops/heureka-sekce.xml
SK;6959;Stredové redukcie pre gramofóny;Heureka.sk | Elektronika | TV, audio, video | Príslušenstvo k TV, audio-video | Audio príslušenstvo | Príslušenstvo pre gramofóny | Stredové redukcie pre gramofóny;7;https://www.heureka.sk/direct/xml-export/shops/heureka-sekce.xml
SK;6955;Čistenie pre gramofóny;Heureka.sk | Elektronika | TV, audio, video | Príslušenstvo k TV, audio-video | Audio príslušenstvo | Príslušenstvo pre gramofóny | Čistenie pre gramofóny;7;https://www.heureka.sk/direct/xml-export/shops/heureka-sekce.xml
SK;3199;Puzdrá na MP3 a MP4;Heureka.sk | Elektronika | TV, audio, video | Príslušenstvo k TV, audio-video | Audio príslušenstvo | Puzdrá na MP3 a MP4;6;https://www.heureka.sk/direct/xml-export/shops/heureka-sekce.xml
SK;2874;3D okuliare;Heureka.sk | Elektronika | TV, audio, video | Príslušenstvo k TV, audio-video | Príslušenstvo k TV | 3D okuliare;6;https://www.heureka.sk/direct/xml-export/shops/heureka-sekce.xml
SK;694;Satelitné antény;Heureka.sk | Elektronika | TV, audio, video | Príslušenstvo k TV, audio-video | Príslušenstvo k TV | Antény | Satelitné antény;7;https://www.heureka.sk/direct/xml-export/shops/heureka-sekce.xml
SK;4981;Televízne antény DVB-T a DVB-T2;Heureka.sk | Elektronika | TV, audio, video | Príslušenstvo k TV, audio-video | Príslušenstvo k TV | Antény | Televízne antény DVB-T a DVB-T2;7;https://www.heureka.sk/direct/xml-export/shops/heureka-sekce.xml
SK;869;Diaľkové ovládače;Heureka.sk | Elektronika | TV, audio, video | Príslušenstvo k TV, audio-video | Príslušenstvo k TV | Diaľkové ovládače;6;https://www.heureka.sk/direct/xml-export/shops/heureka-sekce.xml
SK;5241;Držiaky a stojany na TV a monitory;Heureka.sk | Elektronika | TV, audio, video | Príslušenstvo k TV, audio-video | Príslušenstvo k TV | Držiaky a stolíky | Držiaky a stojany na TV a monitory;7;https://www.heureka.sk/direct/xml-export/shops/heureka-sekce.xml
SK;2838;Predlžovacie káble;Heureka.sk | Elektronika | TV, audio, video | Príslušenstvo k TV, audio-video | Príslušenstvo k TV | Predlžovacie káble;6;https://www.heureka.sk/direct/xml-export/shops/heureka-sekce.xml
SK;5948;Bluetooth reproduktory;Heureka.sk | Elektronika | TV, audio, video | Reproduktory, soundbary | Bluetooth reproduktory;5;https://www.heureka.sk/direct/xml-export/shops/heureka-sekce.xml
SK;811;Stojany a držiaky na reproduktory;Heureka.sk | Elektronika | TV, audio, video | Reproduktory, soundbary | Príslušenstvo k reproduktorom | Stojany a držiaky na reproduktory;6;https://www.heureka.sk/direct/xml-export/shops/heureka-sekce.xml
SK;705;Reprosústavy a reproduktory;Heureka.sk | Elektronika | TV, audio, video | Reproduktory, soundbary | Reprosústavy a reproduktory;5;https://www.heureka.sk/direct/xml-export/shops/heureka-sekce.xml
SK;5090;Soundbary;Heureka.sk | Elektronika | TV, audio, video | Reproduktory, soundbary | Soundbary;5;https://www.heureka.sk/direct/xml-export/shops/heureka-sekce.xml
SK;5949;Stĺpové reproduktory;Heureka.sk | Elektronika | TV, audio, video | Reproduktory, soundbary | Stĺpové reproduktory;5;https://www.heureka.sk/direct/xml-export/shops/heureka-sekce.xml
SK;3249;Bluetooth audio adaptéry;Heureka.sk | Elektronika | TV, audio, video | Satelitná a digitálna technika | Bluetooth audio adaptéry;5;https://www.heureka.sk/direct/xml-export/shops/heureka-sekce.xml
SK;3195;Dekódovacie moduly;Heureka.sk | Elektronika | TV, audio, video | Satelitná a digitálna technika | Dekódovacie moduly;5;https://www.heureka.sk/direct/xml-export/shops/heureka-sekce.xml
SK;3193;Diseqc prepínače;Heureka.sk | Elektronika | TV, audio, video | Satelitná a digitálna technika | Diseqc prepínače;5;https://www.heureka.sk/direct/xml-export/shops/heureka-sekce.xml
SK;692;LNB konvertory;Heureka.sk | Elektronika | TV, audio, video | Satelitná a digitálna technika | LNB konvertory;5;https://www.heureka.sk/direct/xml-export/shops/heureka-sekce.xml
SK;903;Satelitné karty;Heureka.sk | Elektronika | TV, audio, video | Satelitná a digitálna technika | Satelitné karty;5;https://www.heureka.sk/direct/xml-export/shops/heureka-sekce.xml
SK;691;Satelitné komplety;Heureka.sk | Elektronika | TV, audio, video | Satelitná a digitálna technika | Satelitné komplety;5;https://www.heureka.sk/direct/xml-export/shops/heureka-sekce.xml
SK;2189;Satelitné prijímače;Heureka.sk | Elektronika | TV, audio, video | Satelitná a digitálna technika | Satelitné prijímače;5;https://www.heureka.sk/direct/xml-export/shops/heureka-sekce.xml
SK;799;Set-top boxy;Heureka.sk | Elektronika | TV, audio, video | Satelitná a digitálna technika | Set-top boxy;5;https://www.heureka.sk/direct/xml-export/shops/heureka-sekce.xml
SK;6314;Zosilňovače a rozbočovače;Heureka.sk | Elektronika | TV, audio, video | Satelitná a digitálna technika | Zosilňovače a rozbočovače;5;https://www.heureka.sk/direct/xml-export/shops/heureka-sekce.xml
SK;709;Slúchadlá;Heureka.sk | Elektronika | TV, audio, video | Slúchadlá;4;https://www.heureka.sk/direct/xml-export/shops/heureka-sekce.xml
SK;2873;Televízory;Heureka.sk | Elektronika | TV, audio, video | Televízory;4;https://www.heureka.sk/direct/xml-export/shops/heureka-sekce.xml
SK;6023;Blu-ray prehrávače a rekordéry;Heureka.sk | Elektronika | TV, audio, video | Videoprehrávače a rekordéry | Blu-ray prehrávače a rekordéry;5;https://www.heureka.sk/direct/xml-export/shops/heureka-sekce.xml
SK;6022;DVD prehrávače a rekordéry;Heureka.sk | Elektronika | TV, audio, video | Videoprehrávače a rekordéry | DVD prehrávače a rekordéry;5;https://www.heureka.sk/direct/xml-export/shops/heureka-sekce.xml
SK;936;Domáce kiná;Heureka.sk | Elektronika | TV, audio, video | Videoprehrávače a rekordéry | Domáce kiná;5;https://www.heureka.sk/direct/xml-export/shops/heureka-sekce.xml
SK;719;Multimediálne centrá;Heureka.sk | Elektronika | TV, audio, video | Videoprehrávače a rekordéry | Multimediálne centrá;5;https://www.heureka.sk/direct/xml-export/shops/heureka-sekce.xml
SK;745;Prenosné DVD a Blu-Ray prehrávače;Heureka.sk | Elektronika | TV, audio, video | Videoprehrávače a rekordéry | Prenosné DVD a Blu-Ray prehrávače;5;https://www.heureka.sk/direct/xml-export/shops/heureka-sekce.xml
SK;2057;Análne hračky, kolíky, guličky;Heureka.sk | Erotické pomôcky | Análne pomôcky | Análne hračky, kolíky, guličky;4;https://www.heureka.sk/direct/xml-export/shops/heureka-sekce.xml
SK;2176;Clinic pomôcky;Heureka.sk | Erotické pomôcky | BDSM a fetiš | Clinic pomôcky;4;https://www.heureka.sk/direct/xml-export/shops/heureka-sekce.xml
SK;4130;Elektro sex;Heureka.sk | Erotické pomôcky | BDSM a fetiš | Elektro sex;4;https://www.heureka.sk/direct/xml-export/shops/heureka-sekce.xml
SK;2065;SM, BDSM, fetiš;Heureka.sk | Erotické pomôcky | BDSM a fetiš | SM, BDSM, fetiš;4;https://www.heureka.sk/direct/xml-export/shops/heureka-sekce.xml
SK;1626;Afrodiziaká;Heureka.sk | Erotické pomôcky | Erotická kozmetika a kondómy | Afrodiziaká;4;https://www.heureka.sk/direct/xml-export/shops/heureka-sekce.xml
SK;4128;Erotická kozmetika;Heureka.sk | Erotické pomôcky | Erotická kozmetika a kondómy | Erotická kozmetika;4;https://www.heureka.sk/direct/xml-export/shops/heureka-sekce.xml
SK;2059;Feromóny;Heureka.sk | Erotické pomôcky | Erotická kozmetika a kondómy | Feromóny;4;https://www.heureka.sk/direct/xml-export/shops/heureka-sekce.xml
SK;1624;Kondómy;Heureka.sk | Erotické pomôcky | Erotická kozmetika a kondómy | Kondómy;4;https://www.heureka.sk/direct/xml-export/shops/heureka-sekce.xml
SK;1625;Lubrikačné gély;Heureka.sk | Erotické pomôcky | Erotická kozmetika a kondómy | Lubrikačné gély;4;https://www.heureka.sk/direct/xml-export/shops/heureka-sekce.xml
SK;2177;Čistiace prostriedky na erotické pomôcky;Heureka.sk | Erotické pomôcky | Erotická kozmetika a kondómy | Čistiace prostriedky na erotické pomôcky;4;https://www.heureka.sk/direct/xml-export/shops/heureka-sekce.xml
SK;2056;Erotické filmy a porno;Heureka.sk | Erotické pomôcky | Erotická literatúra a filmy | Erotické filmy a porno;4;https://www.heureka.sk/direct/xml-export/shops/heureka-sekce.xml
SK;5771;Erotické kalendáre;Heureka.sk | Erotické pomôcky | Erotická literatúra a filmy | Erotické kalendáre;4;https://www.heureka.sk/direct/xml-export/shops/heureka-sekce.xml
SK;2266;Erotické gadgety;Heureka.sk | Erotické pomôcky | Erotické hry a hračky | Erotické gadgety;4;https://www.heureka.sk/direct/xml-export/shops/heureka-sekce.xml
SK;8344;Erotické hry na PC;Heureka.sk | Erotické pomôcky | Erotické hry a hračky | Erotické hry na PC;4;https://www.heureka.sk/direct/xml-export/shops/heureka-sekce.xml
SK;2178;Erotické pochúťky;Heureka.sk | Erotické pomôcky | Erotické hry a hračky | Erotické pochúťky;4;https://www.heureka.sk/direct/xml-export/shops/heureka-sekce.xml
SK;2173;Erotické žartovné predmety;Heureka.sk | Erotické pomôcky | Erotické hry a hračky | Erotické žartovné predmety;4;https://www.heureka.sk/direct/xml-export/shops/heureka-sekce.xml
SK;4390;Bodystocking;Heureka.sk | Erotické pomôcky | Erotické oblečenie, bielizeň a doplnky | Dámska erotická bielizeň | Bodystocking;5;https://www.heureka.sk/direct/xml-export/shops/heureka-sekce.xml
SK;4391;Doplnky dámskej erotickej bielizne;Heureka.sk | Erotické pomôcky | Erotické oblečenie, bielizeň a doplnky | Dámska erotická bielizeň | Doplnky dámskej erotickej bielizne;5;https://www.heureka.sk/direct/xml-export/shops/heureka-sekce.xml
SK;4383;Dámske erotické body;Heureka.sk | Erotické pomôcky | Erotické oblečenie, bielizeň a doplnky | Dámska erotická bielizeň | Dámske erotické body;5;https://www.heureka.sk/direct/xml-export/shops/heureka-sekce.xml
SK;4381;Dámske erotické korzety;Heureka.sk | Erotické pomôcky | Erotické oblečenie, bielizeň a doplnky | Dámska erotická bielizeň | Dámske erotické korzety;5;https://www.heureka.sk/direct/xml-export/shops/heureka-sekce.xml
SK;4387;Dámske erotické košieľky;Heureka.sk | Erotické pomôcky | Erotické oblečenie, bielizeň a doplnky | Dámska erotická bielizeň | Dámske erotické košieľky;5;https://www.heureka.sk/direct/xml-export/shops/heureka-sekce.xml
SK;4379;Dámske erotické nohavičky a tangá;Heureka.sk | Erotické pomôcky | Erotické oblečenie, bielizeň a doplnky | Dámska erotická bielizeň | Dámske erotické nohavičky a tangá;5;https://www.heureka.sk/direct/xml-export/shops/heureka-sekce.xml
SK;4388;Dámske erotické pančuchy;Heureka.sk | Erotické pomôcky | Erotické oblečenie, bielizeň a doplnky | Dámska erotická bielizeň | Dámske erotické pančuchy;5;https://www.heureka.sk/direct/xml-export/shops/heureka-sekce.xml
SK;4384;Dámske erotické plavky;Heureka.sk | Erotické pomôcky | Erotické oblečenie, bielizeň a doplnky | Dámska erotická bielizeň | Dámske erotické plavky;5;https://www.heureka.sk/direct/xml-export/shops/heureka-sekce.xml
SK;4380;Dámske erotické podprsenky;Heureka.sk | Erotické pomôcky | Erotické oblečenie, bielizeň a doplnky | Dámska erotická bielizeň | Dámske erotické podprsenky;5;https://www.heureka.sk/direct/xml-export/shops/heureka-sekce.xml
SK;4389;Dámske erotické podväzky a podväzkové pásy;Heureka.sk | Erotické pomôcky | Erotické oblečenie, bielizeň a doplnky | Dámska erotická bielizeň | Dámske erotické podväzky a podväzkové pásy;5;https://www.heureka.sk/direct/xml-export/shops/heureka-sekce.xml
SK;4386;Dámske erotické súpravy;Heureka.sk | Erotické pomôcky | Erotické oblečenie, bielizeň a doplnky | Dámska erotická bielizeň | Dámske erotické súpravy;5;https://www.heureka.sk/direct/xml-export/shops/heureka-sekce.xml
SK;4385;Dámske erotické šaty;Heureka.sk | Erotické pomôcky | Erotické oblečenie, bielizeň a doplnky | Dámska erotická bielizeň | Dámske erotické šaty;5;https://www.heureka.sk/direct/xml-export/shops/heureka-sekce.xml
SK;4378;Dámske erotické župany;Heureka.sk | Erotické pomôcky | Erotické oblečenie, bielizeň a doplnky | Dámska erotická bielizeň | Dámske erotické župany;5;https://www.heureka.sk/direct/xml-export/shops/heureka-sekce.xml
SK;4382;Dámske sexy kostýmy;Heureka.sk | Erotické pomôcky | Erotické oblečenie, bielizeň a doplnky | Dámska erotická bielizeň | Dámske sexy kostýmy;5;https://www.heureka.sk/direct/xml-export/shops/heureka-sekce.xml
SK;2064;Erotické šperky;Heureka.sk | Erotické pomôcky | Erotické oblečenie, bielizeň a doplnky | Erotické šperky;4;https://www.heureka.sk/direct/xml-export/shops/heureka-sekce.xml
SK;2062;Pánska erotická bielizeň;Heureka.sk | Erotické pomôcky | Erotické oblečenie, bielizeň a doplnky | Pánska erotická bielizeň;4;https://www.heureka.sk/direct/xml-export/shops/heureka-sekce.xml
SK;1622;Nafukovacie panny a páni;Heureka.sk | Erotické pomôcky | Erotické pomôcky pre mužov | Nafukovacie panny a páni;4;https://www.heureka.sk/direct/xml-export/shops/heureka-sekce.xml
SK;2175;Návleky, nadstavce a krúžky na penis;Heureka.sk | Erotické pomôcky | Erotické pomôcky pre mužov | Návleky, nadstavce a krúžky na penis;4;https://www.heureka.sk/direct/xml-export/shops/heureka-sekce.xml
SK;6504;Realistické panny a páni;Heureka.sk | Erotické pomôcky | Erotické pomôcky pre mužov | Realistické panny a páni;4;https://www.heureka.sk/direct/xml-export/shops/heureka-sekce.xml
SK;2063;Umelé vaginy, orály, anály, masturbátory;Heureka.sk | Erotické pomôcky | Erotické pomôcky pre mužov | Umelé vaginy, orály, anály, masturbátory;4;https://www.heureka.sk/direct/xml-export/shops/heureka-sekce.xml
SK;2066;Venušine guličky a vibračné vajíčka;Heureka.sk | Erotické pomôcky | Erotické pomôcky pre ženy | Venušine guličky a vibračné vajíčka;4;https://www.heureka.sk/direct/xml-export/shops/heureka-sekce.xml
SK;2174;Sady erotických pomôcok;Heureka.sk | Erotické pomôcky | Sady erotických pomôcok;3;https://www.heureka.sk/direct/xml-export/shops/heureka-sekce.xml
SK;5565;Dildá;Heureka.sk | Erotické pomôcky | Vibrátory a dildá | Dildá;4;https://www.heureka.sk/direct/xml-export/shops/heureka-sekce.xml
SK;5564;Penisy;Heureka.sk | Erotické pomôcky | Vibrátory a dildá | Penisy;4;https://www.heureka.sk/direct/xml-export/shops/heureka-sekce.xml
SK;1623;Vibrátory;Heureka.sk | Erotické pomôcky | Vibrátory a dildá | Vibrátory;4;https://www.heureka.sk/direct/xml-export/shops/heureka-sekce.xml
SK;2172;Vákuové pumpy;Heureka.sk | Erotické pomôcky | Vákuové pumpy;3;https://www.heureka.sk/direct/xml-export/shops/heureka-sekce.xml
SK;6836;Čističe kože;Heureka.sk | Erotické pomôcky | Čističe kože;3;https://www.heureka.sk/direct/xml-export/shops/heureka-sekce.xml
SK;1054;Filmy;Heureka.sk | Filmy, knihy, hry | Filmy;3;https://www.heureka.sk/direct/xml-export/shops/heureka-sekce.xml
SK;1470;Kalendáre;Heureka.sk | Filmy, knihy, hry | Kalendáre;3;https://www.heureka.sk/direct/xml-export/shops/heureka-sekce.xml
SK;2641;Mapy a sprievodcovia;Heureka.sk | Filmy, knihy, hry | Mapy, sprievodcovia a nástenné mapy | Mapy a sprievodcovia;4;https://www.heureka.sk/direct/xml-export/shops/heureka-sekce.xml
SK;4410;Nástenné mapy;Heureka.sk | Filmy, knihy, hry | Mapy, sprievodcovia a nástenné mapy | Nástenné mapy;4;https://www.heureka.sk/direct/xml-export/shops/heureka-sekce.xml
SK;2640;Audioknihy;Heureka.sk | Filmy, knihy, hry | Počúvanie | Audioknihy;4;https://www.heureka.sk/direct/xml-export/shops/heureka-sekce.xml
SK;1347;Hudba;Heureka.sk | Filmy, knihy, hry | Počúvanie | Hudobné nosiče | Hudba;5;https://www.heureka.sk/direct/xml-export/shops/heureka-sekce.xml
SK;5470;3D puzzle;Heureka.sk | Filmy, knihy, hry | Spoločenské hry a zábava | 3D puzzle;4;https://www.heureka.sk/direct/xml-export/shops/heureka-sekce.xml
SK;1733;Hlavolamy;Heureka.sk | Filmy, knihy, hry | Spoločenské hry a zábava | Logické a vedomostné hry | Hlavolamy;5;https://www.heureka.sk/direct/xml-export/shops/heureka-sekce.xml
SK;3036;Ostatné spoločenské hry;Heureka.sk | Filmy, knihy, hry | Spoločenské hry a zábava | Ostatné spoločenské hry;4;https://www.heureka.sk/direct/xml-export/shops/heureka-sekce.xml
SK;1456;Stolné futbaly;Heureka.sk | Filmy, knihy, hry | Spoločenské hry a zábava | Pohybové a športové hry | Stolné futbaly;5;https://www.heureka.sk/direct/xml-export/shops/heureka-sekce.xml
SK;1457;Stolné hokeje;Heureka.sk | Filmy, knihy, hry | Spoločenské hry a zábava | Pohybové a športové hry | Stolné hokeje;5;https://www.heureka.sk/direct/xml-export/shops/heureka-sekce.xml
SK;2623;Pokerové karty;Heureka.sk | Filmy, knihy, hry | Spoločenské hry a zábava | Poker | Pokerové karty;5;https://www.heureka.sk/direct/xml-export/shops/heureka-sekce.xml
SK;2624;Pokerové sady;Heureka.sk | Filmy, knihy, hry | Spoločenské hry a zábava | Poker | Pokerové sady;5;https://www.heureka.sk/direct/xml-export/shops/heureka-sekce.xml
SK;2627;Príslušenstvo pre poker;Heureka.sk | Filmy, knihy, hry | Spoločenské hry a zábava | Poker | Príslušenstvo pre poker;5;https://www.heureka.sk/direct/xml-export/shops/heureka-sekce.xml
SK;2625;Stoly na poker;Heureka.sk | Filmy, knihy, hry | Spoločenské hry a zábava | Poker | Stoly na poker;5;https://www.heureka.sk/direct/xml-export/shops/heureka-sekce.xml
SK;2626;Žetóny na poker;Heureka.sk | Filmy, knihy, hry | Spoločenské hry a zábava | Poker | Žetóny na poker;5;https://www.heureka.sk/direct/xml-export/shops/heureka-sekce.xml
SK;5819;Príslušenstvo k puzzle;Heureka.sk | Filmy, knihy, hry | Spoločenské hry a zábava | Príslušenstvo k puzzle;4;https://www.heureka.sk/direct/xml-export/shops/heureka-sekce.xml
SK;2351;Príslušenstvo k spoločenským hrám;Heureka.sk | Filmy, knihy, hry | Spoločenské hry a zábava | Príslušenstvo k spoločenským hrám;4;https://www.heureka.sk/direct/xml-export/shops/heureka-sekce.xml
SK;1303;Puzzle;Heureka.sk | Filmy, knihy, hry | Spoločenské hry a zábava | Puzzle;4;https://www.heureka.sk/direct/xml-export/shops/heureka-sekce.xml
SK;1476;Cestovné hry;Heureka.sk | Filmy, knihy, hry | Spoločenské hry a zábava | Stolové hry | Cestovné hry;5;https://www.heureka.sk/direct/xml-export/shops/heureka-sekce.xml
SK;1475;Doskové hry;Heureka.sk | Filmy, knihy, hry | Spoločenské hry a zábava | Stolové hry | Doskové hry;5;https://www.heureka.sk/direct/xml-export/shops/heureka-sekce.xml
SK;1305;Kartové hry;Heureka.sk | Filmy, knihy, hry | Spoločenské hry a zábava | Stolové hry | Kartové hry;5;https://www.heureka.sk/direct/xml-export/shops/heureka-sekce.xml
SK;2183;Šachové figúrky a šachovnice;Heureka.sk | Filmy, knihy, hry | Spoločenské hry a zábava | Šach, šachové figúrky a šachovnice | Šachové figúrky a šachovnice;5;https://www.heureka.sk/direct/xml-export/shops/heureka-sekce.xml
SK;2151;Šachy;Heureka.sk | Filmy, knihy, hry | Spoločenské hry a zábava | Šach, šachové figúrky a šachovnice | Šachy;5;https://www.heureka.sk/direct/xml-export/shops/heureka-sekce.xml
SK;4170;Lampičky na knihy;Heureka.sk | Filmy, knihy, hry | Čítanie | Doplnky ku knihám a čítačkám | Lampičky na knihy;5;https://www.heureka.sk/direct/xml-export/shops/heureka-sekce.xml
SK;4169;Obaly na knihy;Heureka.sk | Filmy, knihy, hry | Čítanie | Doplnky ku knihám a čítačkám | Obaly na knihy;5;https://www.heureka.sk/direct/xml-export/shops/heureka-sekce.xml
SK;3654;Záložky do knih;Heureka.sk | Filmy, knihy, hry | Čítanie | Doplnky ku knihám a čítačkám | Záložky do knih;5;https://www.heureka.sk/direct/xml-export/shops/heureka-sekce.xml
SK;3006;E-book elektronické knihy;Heureka.sk | Filmy, knihy, hry | Čítanie | E-book elektronické knihy;4;https://www.heureka.sk/direct/xml-export/shops/heureka-sekce.xml
SK;1469;Knihy;Heureka.sk | Filmy, knihy, hry | Čítanie | Knihy;4;https://www.heureka.sk/direct/xml-export/shops/heureka-sekce.xml
SK;3097;Komiksy a manga;Heureka.sk | Filmy, knihy, hry | Čítanie | Komiksy a manga;4;https://www.heureka.sk/direct/xml-export/shops/heureka-sekce.xml
SK;3038;Učebnice;Heureka.sk | Filmy, knihy, hry | Čítanie | Učebnice;4;https://www.heureka.sk/direct/xml-export/shops/heureka-sekce.xml
SK;835;Herné konzoly;Heureka.sk | Gaming | Herné konzoly;3;https://www.heureka.sk/direct/xml-export/shops/heureka-sekce.xml
SK;6546;Diely na stavbu kokpitu;Heureka.sk | Gaming | Herné príslušenstvo | Diely na stavbu kokpitu;4;https://www.heureka.sk/direct/xml-export/shops/heureka-sekce.xml
SK;812;Gamepady;Heureka.sk | Gaming | Herné príslušenstvo | Herné ovládače | Gamepady;5;https://www.heureka.sk/direct/xml-export/shops/heureka-sekce.xml
SK;813;Joysticky;Heureka.sk | Gaming | Herné príslušenstvo | Herné ovládače | Joysticky;5;https://www.heureka.sk/direct/xml-export/shops/heureka-sekce.xml
SK;814;Volanty;Heureka.sk | Gaming | Herné príslušenstvo | Herné ovládače | Volanty;5;https://www.heureka.sk/direct/xml-export/shops/heureka-sekce.xml
SK;6545;Herné sedadlá a kokpity;Heureka.sk | Gaming | Herné príslušenstvo | Herné sedadlá a kokpity;4;https://www.heureka.sk/direct/xml-export/shops/heureka-sekce.xml
SK;6542;Dokovacie stanice pre gamepady a konzoly;Heureka.sk | Gaming | Herné príslušenstvo | Príslušenstvo k herným konzolám | Dokovacie stanice pre gamepady a konzoly;5;https://www.heureka.sk/direct/xml-export/shops/heureka-sekce.xml
SK;6544;Obaly a kryty na herné konzoly a gamepady;Heureka.sk | Gaming | Herné príslušenstvo | Príslušenstvo k herným konzolám | Obaly a kryty na herné konzoly a gamepady;5;https://www.heureka.sk/direct/xml-export/shops/heureka-sekce.xml
SK;912;Ostatné príslušenstvo k herným konzolám;Heureka.sk | Gaming | Herné príslušenstvo | Príslušenstvo k herným konzolám | Ostatné príslušenstvo k herným konzolám;5;https://www.heureka.sk/direct/xml-export/shops/heureka-sekce.xml
SK;3039;Tanečné podložky;Heureka.sk | Gaming | Herné príslušenstvo | Tanečné podložky;4;https://www.heureka.sk/direct/xml-export/shops/heureka-sekce.xml
SK;5749;Herné kupony;Heureka.sk | Gaming | Hry na PC a konzoly | Herné kupony;4;https://www.heureka.sk/direct/xml-export/shops/heureka-sekce.xml
SK;3166;Hry na Nintendo 3DS;Heureka.sk | Gaming | Hry na PC a konzoly | Hry na Nintendo | Hry na Nintendo 3DS;5;https://www.heureka.sk/direct/xml-export/shops/heureka-sekce.xml
SK;2472;Hry na Nintendo DS;Heureka.sk | Gaming | Hry na PC a konzoly | Hry na Nintendo | Hry na Nintendo DS;5;https://www.heureka.sk/direct/xml-export/shops/heureka-sekce.xml
SK;5301;Hry na Nintendo Switch;Heureka.sk | Gaming | Hry na PC a konzoly | Hry na Nintendo | Hry na Nintendo Switch;5;https://www.heureka.sk/direct/xml-export/shops/heureka-sekce.xml
SK;8548;Hry na Nintendo Switch 2;Heureka.sk | Gaming | Hry na PC a konzoly | Hry na Nintendo | Hry na Nintendo Switch 2;5;https://www.heureka.sk/direct/xml-export/shops/heureka-sekce.xml
SK;2473;Hry na Nintendo Wii;Heureka.sk | Gaming | Hry na PC a konzoly | Hry na Nintendo | Hry na Nintendo Wii;5;https://www.heureka.sk/direct/xml-export/shops/heureka-sekce.xml
SK;3165;Hry na Nintendo WiiU;Heureka.sk | Gaming | Hry na PC a konzoly | Hry na Nintendo | Hry na Nintendo WiiU;5;https://www.heureka.sk/direct/xml-export/shops/heureka-sekce.xml
SK;824;Hry na PC;Heureka.sk | Gaming | Hry na PC a konzoly | Hry na PC;4;https://www.heureka.sk/direct/xml-export/shops/heureka-sekce.xml
SK;3164;Hry na PS Vita;Heureka.sk | Gaming | Hry na PC a konzoly | Hry na PlayStation | Hry na PS Vita;5;https://www.heureka.sk/direct/xml-export/shops/heureka-sekce.xml
SK;2470;Hry na PS2;Heureka.sk | Gaming | Hry na PC a konzoly | Hry na PlayStation | Hry na PS2;5;https://www.heureka.sk/direct/xml-export/shops/heureka-sekce.xml
SK;2471;Hry na PS3;Heureka.sk | Gaming | Hry na PC a konzoly | Hry na PlayStation | Hry na PS3;5;https://www.heureka.sk/direct/xml-export/shops/heureka-sekce.xml
SK;4373;Hry na PS4;Heureka.sk | Gaming | Hry na PC a konzoly | Hry na PlayStation | Hry na PS4;5;https://www.heureka.sk/direct/xml-export/shops/heureka-sekce.xml
SK;5753;Hry na PS5;Heureka.sk | Gaming | Hry na PC a konzoly | Hry na PlayStation | Hry na PS5;5;https://www.heureka.sk/direct/xml-export/shops/heureka-sekce.xml
SK;2469;Hry na PSP;Heureka.sk | Gaming | Hry na PC a konzoly | Hry na PlayStation | Hry na PSP;5;https://www.heureka.sk/direct/xml-export/shops/heureka-sekce.xml
SK;2468;Hry na Xbox 360;Heureka.sk | Gaming | Hry na PC a konzoly | Hry na Xbox | Hry na Xbox 360;5;https://www.heureka.sk/direct/xml-export/shops/heureka-sekce.xml
SK;4401;Hry na Xbox One;Heureka.sk | Gaming | Hry na PC a konzoly | Hry na Xbox | Hry na Xbox One;5;https://www.heureka.sk/direct/xml-export/shops/heureka-sekce.xml
SK;6635;Hry na Xbox Series X/S;Heureka.sk | Gaming | Hry na PC a konzoly | Hry na Xbox | Hry na Xbox Series X/S;5;https://www.heureka.sk/direct/xml-export/shops/heureka-sekce.xml
SK;2474;Hry na ostatné konzoly;Heureka.sk | Gaming | Hry na PC a konzoly | Hry na ostatné konzoly;4;https://www.heureka.sk/direct/xml-export/shops/heureka-sekce.xml
SK;5155;VR okuliare;Heureka.sk | Gaming | Virtuálna realita | VR okuliare;4;https://www.heureka.sk/direct/xml-export/shops/heureka-sekce.xml
SK;5346;Bázy pre miešanie e-liquidov;Heureka.sk | Hobby | Fajčiarske potreby | Elektronické cigarety | E-cigarety | Bázy pre miešanie e-liquidov;6;https://www.heureka.sk/direct/xml-export/shops/heureka-sekce.xml
SK;2697;E-liquidy;Heureka.sk | Hobby | Fajčiarske potreby | Elektronické cigarety | E-cigarety | E-liquidy;6;https://www.heureka.sk/direct/xml-export/shops/heureka-sekce.xml
SK;6835;Jednorazové e-cigarety;Heureka.sk | Hobby | Fajčiarske potreby | Elektronické cigarety | E-cigarety | Jednorazové e-cigarety;6;https://www.heureka.sk/direct/xml-export/shops/heureka-sekce.xml
SK;4016;Atomizéry, clearomizéry, cartomizéry do e-cigariet;Heureka.sk | Hobby | Fajčiarske potreby | Elektronické cigarety | E-cigarety | Komponenty pre zostavenie e-cigariet | Atomizéry, clearomizéry, cartomizéry do e-cigariet;7;https://www.heureka.sk/direct/xml-export/shops/heureka-sekce.xml
SK;4014;Batérie do e-cigariet;Heureka.sk | Hobby | Fajčiarske potreby | Elektronické cigarety | E-cigarety | Komponenty pre zostavenie e-cigariet | Batérie do e-cigariet;7;https://www.heureka.sk/direct/xml-export/shops/heureka-sekce.xml
SK;4013;Cartridge do e-cigariet;Heureka.sk | Hobby | Fajčiarske potreby | Elektronické cigarety | E-cigarety | Komponenty pre zostavenie e-cigariet | Cartridge do e-cigariet;7;https://www.heureka.sk/direct/xml-export/shops/heureka-sekce.xml
SK;5070;Gripy a módy e-cigariet;Heureka.sk | Hobby | Fajčiarske potreby | Elektronické cigarety | E-cigarety | Komponenty pre zostavenie e-cigariet | Gripy a módy e-cigariet;7;https://www.heureka.sk/direct/xml-export/shops/heureka-sekce.xml
SK;5345;Žhaviace hlavy do atomizérov;Heureka.sk | Hobby | Fajčiarske potreby | Elektronické cigarety | E-cigarety | Komponenty pre zostavenie e-cigariet | Žhaviace hlavy do atomizérov;7;https://www.heureka.sk/direct/xml-export/shops/heureka-sekce.xml
SK;5347;Príchute pre miešanie e-liquidov;Heureka.sk | Hobby | Fajčiarske potreby | Elektronické cigarety | E-cigarety | Príchute pre miešanie e-liquidov;6;https://www.heureka.sk/direct/xml-export/shops/heureka-sekce.xml
SK;4015;Príslušenstvo pre e-cigarety;Heureka.sk | Hobby | Fajčiarske potreby | Elektronické cigarety | E-cigarety | Príslušenstvo pre e-cigarety;6;https://www.heureka.sk/direct/xml-export/shops/heureka-sekce.xml
SK;2442;Sety e-cigariet;Heureka.sk | Hobby | Fajčiarske potreby | Elektronické cigarety | E-cigarety | Sety e-cigariet;6;https://www.heureka.sk/direct/xml-export/shops/heureka-sekce.xml
SK;8337;Beztabakové náplne do nahrievaných zariadení;Heureka.sk | Hobby | Fajčiarske potreby | Elektronické cigarety | Zahrievaný tabak a príslušenstvo | Náplne do nahrievaných zariadení | Beztabakové náplne do nahrievaných zariadení;7;https://www.heureka.sk/direct/xml-export/shops/heureka-sekce.xml
SK;5529;Náplne pre zahrievaný tabak;Heureka.sk | Hobby | Fajčiarske potreby | Elektronické cigarety | Zahrievaný tabak a príslušenstvo | Náplne do nahrievaných zariadení | Náplne pre zahrievaný tabak;7;https://www.heureka.sk/direct/xml-export/shops/heureka-sekce.xml
SK;5528;Príslušenstvo pre zahrievaný tabak;Heureka.sk | Hobby | Fajčiarske potreby | Elektronické cigarety | Zahrievaný tabak a príslušenstvo | Príslušenstvo pre zahrievaný tabak;6;https://www.heureka.sk/direct/xml-export/shops/heureka-sekce.xml
SK;6002;Zariadenia pre zahrievaný tabak;Heureka.sk | Hobby | Fajčiarske potreby | Elektronické cigarety | Zahrievaný tabak a príslušenstvo | Zariadenia pre zahrievaný tabak;6;https://www.heureka.sk/direct/xml-export/shops/heureka-sekce.xml
SK;4962;Elektronické fajky;Heureka.sk | Hobby | Fajčiarske potreby | Elektronické fajky;4;https://www.heureka.sk/direct/xml-export/shops/heureka-sekce.xml
SK;2515;Cigarety;Heureka.sk | Hobby | Fajčiarske potreby | Tabakové výrobky a príslušenstvo | Cigarety a príslušenstvo | Cigarety;6;https://www.heureka.sk/direct/xml-export/shops/heureka-sekce.xml
SK;5744;Plničky cigariet;Heureka.sk | Hobby | Fajčiarske potreby | Tabakové výrobky a príslušenstvo | Cigarety a príslušenstvo | Plničky cigariet;6;https://www.heureka.sk/direct/xml-export/shops/heureka-sekce.xml
SK;6347;Príslušenstvo k cigaretám;Heureka.sk | Hobby | Fajčiarske potreby | Tabakové výrobky a príslušenstvo | Cigarety a príslušenstvo | Príslušenstvo k cigaretám;6;https://www.heureka.sk/direct/xml-export/shops/heureka-sekce.xml
SK;5348;Puzdrá na cigarety;Heureka.sk | Hobby | Fajčiarske potreby | Tabakové výrobky a príslušenstvo | Cigarety a príslušenstvo | Puzdrá na cigarety;6;https://www.heureka.sk/direct/xml-export/shops/heureka-sekce.xml
SK;2516;Cigary;Heureka.sk | Hobby | Fajčiarske potreby | Tabakové výrobky a príslušenstvo | Cigary a príslušenstvo | Cigary;6;https://www.heureka.sk/direct/xml-export/shops/heureka-sekce.xml
SK;3916;Fajky;Heureka.sk | Hobby | Fajčiarske potreby | Tabakové výrobky a príslušenstvo | Fajky a príslušenstvo | Fajky;6;https://www.heureka.sk/direct/xml-export/shops/heureka-sekce.xml
SK;3917;Tabak do fajky;Heureka.sk | Hobby | Fajčiarske potreby | Tabakové výrobky a príslušenstvo | Fajky a príslušenstvo | Tabak do fajky;6;https://www.heureka.sk/direct/xml-export/shops/heureka-sekce.xml
SK;6024;Nikotínové vrecká;Heureka.sk | Hobby | Fajčiarske potreby | Tabakové výrobky a príslušenstvo | Nikotínové vrecká;5;https://www.heureka.sk/direct/xml-export/shops/heureka-sekce.xml
SK;3772;Popolníky;Heureka.sk | Hobby | Fajčiarske potreby | Tabakové výrobky a príslušenstvo | Popolníky;5;https://www.heureka.sk/direct/xml-export/shops/heureka-sekce.xml
SK;4010;Puzdrá na tabak;Heureka.sk | Hobby | Fajčiarske potreby | Tabakové výrobky a príslušenstvo | Puzdrá na tabak;5;https://www.heureka.sk/direct/xml-export/shops/heureka-sekce.xml
SK;2336;Zapaľovače;Heureka.sk | Hobby | Fajčiarske potreby | Tabakové výrobky a príslušenstvo | Zapaľovače;5;https://www.heureka.sk/direct/xml-export/shops/heureka-sekce.xml
SK;1523;Gumy a tesnenia k vodným fajkám;Heureka.sk | Hobby | Fajčiarske potreby | Vodné fajky a príslušenstvo | Gumy a tesnenia k vodným fajkám;5;https://www.heureka.sk/direct/xml-export/shops/heureka-sekce.xml
SK;1520;Hadice k vodným fajkám;Heureka.sk | Hobby | Fajčiarske potreby | Vodné fajky a príslušenstvo | Hadice k vodným fajkám;5;https://www.heureka.sk/direct/xml-export/shops/heureka-sekce.xml
SK;1524;Korunky a tarbuše;Heureka.sk | Hobby | Fajčiarske potreby | Vodné fajky a príslušenstvo | Korunky a tarbuše;5;https://www.heureka.sk/direct/xml-export/shops/heureka-sekce.xml
SK;1521;Náustky k vodným fajkám;Heureka.sk | Hobby | Fajčiarske potreby | Vodné fajky a príslušenstvo | Náustky k vodným fajkám;5;https://www.heureka.sk/direct/xml-export/shops/heureka-sekce.xml
SK;1525;Ostatné príslušenstvo k vodným fajkám;Heureka.sk | Hobby | Fajčiarske potreby | Vodné fajky a príslušenstvo | Ostatné príslušenstvo k vodným fajkám;5;https://www.heureka.sk/direct/xml-export/shops/heureka-sekce.xml
SK;1517;Tabaky do vodnej fajky;Heureka.sk | Hobby | Fajčiarske potreby | Vodné fajky a príslušenstvo | Tabaky do vodnej fajky;5;https://www.heureka.sk/direct/xml-export/shops/heureka-sekce.xml
SK;1518;Uhlíky do vodnej fajky;Heureka.sk | Hobby | Fajčiarske potreby | Vodné fajky a príslušenstvo | Uhlíky do vodnej fajky;5;https://www.heureka.sk/direct/xml-export/shops/heureka-sekce.xml
SK;1516;Vodné fajky;Heureka.sk | Hobby | Fajčiarske potreby | Vodné fajky a príslušenstvo | Vodné fajky;5;https://www.heureka.sk/direct/xml-export/shops/heureka-sekce.xml
SK;1522;Vázy k vodným fajkám;Heureka.sk | Hobby | Fajčiarske potreby | Vodné fajky a príslušenstvo | Vázy k vodným fajkám;5;https://www.heureka.sk/direct/xml-export/shops/heureka-sekce.xml
SK;4075;Kazety na šitie;Heureka.sk | Hobby | Galantéria a metráž | Kazety na šitie;4;https://www.heureka.sk/direct/xml-export/shops/heureka-sekce.xml
SK;4085;Ihelníčky;Heureka.sk | Hobby | Galantéria a metráž | Krajčírske potreby | Ihelníčky;5;https://www.heureka.sk/direct/xml-export/shops/heureka-sekce.xml
SK;4087;Krajčírske kriedy a mydlá;Heureka.sk | Hobby | Galantéria a metráž | Krajčírske potreby | Krajčírske kriedy a mydlá;5;https://www.heureka.sk/direct/xml-export/shops/heureka-sekce.xml
SK;4088;Krajčírske lepidlá;Heureka.sk | Hobby | Galantéria a metráž | Krajčírske potreby | Krajčírske lepidlá;5;https://www.heureka.sk/direct/xml-export/shops/heureka-sekce.xml
SK;4089;Krajčírske metre;Heureka.sk | Hobby | Galantéria a metráž | Krajčírske potreby | Krajčírske metre;5;https://www.heureka.sk/direct/xml-export/shops/heureka-sekce.xml
SK;4082;Krajčírske strihy;Heureka.sk | Hobby | Galantéria a metráž | Krajčírske strihy;4;https://www.heureka.sk/direct/xml-export/shops/heureka-sekce.xml
SK;3411;Metráž;Heureka.sk | Hobby | Galantéria a metráž | Metráž;4;https://www.heureka.sk/direct/xml-export/shops/heureka-sekce.xml
SK;4071;Gumy a pruženky;Heureka.sk | Hobby | Galantéria a metráž | Textilná galantéria | Mäkká galantéria | Gumy a pruženky;6;https://www.heureka.sk/direct/xml-export/shops/heureka-sekce.xml
SK;3409;Nite;Heureka.sk | Hobby | Galantéria a metráž | Textilná galantéria | Mäkká galantéria | Nite;6;https://www.heureka.sk/direct/xml-export/shops/heureka-sekce.xml
SK;3257;Nášivky;Heureka.sk | Hobby | Galantéria a metráž | Textilná galantéria | Mäkká galantéria | Nášivky;6;https://www.heureka.sk/direct/xml-export/shops/heureka-sekce.xml
SK;3407;Priadze;Heureka.sk | Hobby | Galantéria a metráž | Textilná galantéria | Mäkká galantéria | Priadze;6;https://www.heureka.sk/direct/xml-export/shops/heureka-sekce.xml
SK;4067;Prámiky, stuhy, mašle, lemovky;Heureka.sk | Hobby | Galantéria a metráž | Textilná galantéria | Mäkká galantéria | Prámiky, stuhy, mašle, lemovky;6;https://www.heureka.sk/direct/xml-export/shops/heureka-sekce.xml
SK;4098;Čipky a madeiry;Heureka.sk | Hobby | Galantéria a metráž | Textilná galantéria | Mäkká galantéria | Čipky a madeiry;6;https://www.heureka.sk/direct/xml-export/shops/heureka-sekce.xml
SK;4068;Šnúry a špagáty;Heureka.sk | Hobby | Galantéria a metráž | Textilná galantéria | Mäkká galantéria | Šnúry a špagáty;6;https://www.heureka.sk/direct/xml-export/shops/heureka-sekce.xml
SK;4122;Podprsenkové ramienka;Heureka.sk | Hobby | Galantéria a metráž | Textilná galantéria | Podprsenkové a plavkové polotovary | Podprsenkové ramienka;6;https://www.heureka.sk/direct/xml-export/shops/heureka-sekce.xml
SK;3412;Gombíky;Heureka.sk | Hobby | Galantéria a metráž | Textilná galantéria | Tvrdá galantéria | Gombíky;6;https://www.heureka.sk/direct/xml-export/shops/heureka-sekce.xml
SK;4079;Patenty a nity;Heureka.sk | Hobby | Galantéria a metráž | Textilná galantéria | Tvrdá galantéria | Patenty a nity;6;https://www.heureka.sk/direct/xml-export/shops/heureka-sekce.xml
SK;4063;Pletacie háčiky;Heureka.sk | Hobby | Galantéria a metráž | Textilná galantéria | Tvrdá galantéria | Pletacie ihlice a háčiky | Pletacie háčiky;7;https://www.heureka.sk/direct/xml-export/shops/heureka-sekce.xml
SK;4064;Pletacie ihlice;Heureka.sk | Hobby | Galantéria a metráž | Textilná galantéria | Tvrdá galantéria | Pletacie ihlice a háčiky | Pletacie ihlice;7;https://www.heureka.sk/direct/xml-export/shops/heureka-sekce.xml
SK;4069;Spony a ostatné;Heureka.sk | Hobby | Galantéria a metráž | Textilná galantéria | Tvrdá galantéria | Spony a ostatné;6;https://www.heureka.sk/direct/xml-export/shops/heureka-sekce.xml
SK;3410;Zipsy;Heureka.sk | Hobby | Galantéria a metráž | Textilná galantéria | Tvrdá galantéria | Zipsy;6;https://www.heureka.sk/direct/xml-export/shops/heureka-sekce.xml
SK;3389;Šijacie ihly;Heureka.sk | Hobby | Galantéria a metráž | Textilná galantéria | Tvrdá galantéria | Šijacie ihly a špendlíky | Šijacie ihly;7;https://www.heureka.sk/direct/xml-export/shops/heureka-sekce.xml
SK;4065;Špendlíky a zatváracie špendlíky;Heureka.sk | Hobby | Galantéria a metráž | Textilná galantéria | Tvrdá galantéria | Šijacie ihly a špendlíky | Špendlíky a zatváracie špendlíky;7;https://www.heureka.sk/direct/xml-export/shops/heureka-sekce.xml
SK;4118;Záclonovky;Heureka.sk | Hobby | Galantéria a metráž | Textilná galantéria | Záclonová galantéria | Záclonovky;6;https://www.heureka.sk/direct/xml-export/shops/heureka-sekce.xml
SK;4115;Výplňový materiál;Heureka.sk | Hobby | Galantéria a metráž | Výplňový materiál;4;https://www.heureka.sk/direct/xml-export/shops/heureka-sekce.xml
SK;6669;Noty a spevníky;Heureka.sk | Hobby | Hudobniny | Hudobné nosiče a noty | Noty a spevníky;5;https://www.heureka.sk/direct/xml-export/shops/heureka-sekce.xml
SK;2968;Stojany na noty;Heureka.sk | Hobby | Hudobniny | Hudobné nosiče a noty | Stojany na noty;5;https://www.heureka.sk/direct/xml-export/shops/heureka-sekce.xml
SK;1532;Akustické bicie súpravy;Heureka.sk | Hobby | Hudobniny | Hudobné nástroje | Bicie nástroje | Bicie súpravy | Akustické bicie súpravy;7;https://www.heureka.sk/direct/xml-export/shops/heureka-sekce.xml
SK;6606;Elektronické bicie súpravy;Heureka.sk | Hobby | Hudobniny | Hudobné nástroje | Bicie nástroje | Bicie súpravy | Elektronické bicie súpravy;7;https://www.heureka.sk/direct/xml-export/shops/heureka-sekce.xml
SK;1534;Blany na bicie;Heureka.sk | Hobby | Hudobniny | Hudobné nástroje | Bicie nástroje | Blany na bicie;6;https://www.heureka.sk/direct/xml-export/shops/heureka-sekce.xml
SK;6691;Bubenícke stoličky;Heureka.sk | Hobby | Hudobniny | Hudobné nástroje | Bicie nástroje | Bubenícke stoličky;6;https://www.heureka.sk/direct/xml-export/shops/heureka-sekce.xml
SK;1533;Jednotlivé bubny;Heureka.sk | Hobby | Hudobniny | Hudobné nástroje | Bicie nástroje | Jednotlivé bubny;6;https://www.heureka.sk/direct/xml-export/shops/heureka-sekce.xml
SK;8430;Bubenícke metličky;Heureka.sk | Hobby | Hudobniny | Hudobné nástroje | Bicie nástroje | Paličky a metličky | Bubenícke metličky;7;https://www.heureka.sk/direct/xml-export/shops/heureka-sekce.xml
SK;1535;Bubenícke paličky;Heureka.sk | Hobby | Hudobniny | Hudobné nástroje | Bicie nástroje | Paličky a metličky | Bubenícke paličky;7;https://www.heureka.sk/direct/xml-export/shops/heureka-sekce.xml
SK;6616;Pedále pre bubny;Heureka.sk | Hobby | Hudobniny | Hudobné nástroje | Bicie nástroje | Pedále pre bubny;6;https://www.heureka.sk/direct/xml-export/shops/heureka-sekce.xml
SK;8327;Cajony;Heureka.sk | Hobby | Hudobniny | Hudobné nástroje | Bicie nástroje | Perkusie | Cajony;7;https://www.heureka.sk/direct/xml-export/shops/heureka-sekce.xml
SK;1531;Ostatné perkusie;Heureka.sk | Hobby | Hudobniny | Hudobné nástroje | Bicie nástroje | Perkusie | Ostatné perkusie;7;https://www.heureka.sk/direct/xml-export/shops/heureka-sekce.xml
SK;8346;Tamburíny;Heureka.sk | Hobby | Hudobniny | Hudobné nástroje | Bicie nástroje | Perkusie | Tamburíny;7;https://www.heureka.sk/direct/xml-export/shops/heureka-sekce.xml
SK;2015;Príslušenstvo pre bicie;Heureka.sk | Hobby | Hudobniny | Hudobné nástroje | Bicie nástroje | Príslušenstvo pre bicie;6;https://www.heureka.sk/direct/xml-export/shops/heureka-sekce.xml
SK;6813;Rampy pre bicie súpravy;Heureka.sk | Hobby | Hudobniny | Hudobné nástroje | Bicie nástroje | Rampy pre bicie súpravy;6;https://www.heureka.sk/direct/xml-export/shops/heureka-sekce.xml
SK;6908;Stojany na bicie;Heureka.sk | Hobby | Hudobniny | Hudobné nástroje | Bicie nástroje | Stojany na bicie;6;https://www.heureka.sk/direct/xml-export/shops/heureka-sekce.xml
SK;1530;Činely;Heureka.sk | Hobby | Hudobniny | Hudobné nástroje | Bicie nástroje | Činely;6;https://www.heureka.sk/direct/xml-export/shops/heureka-sekce.xml
SK;2919;Panové flauty;Heureka.sk | Hobby | Hudobniny | Hudobné nástroje | Dychové nástroje | Flauty | Panové flauty;7;https://www.heureka.sk/direct/xml-export/shops/heureka-sekce.xml
SK;1993;Priečne flauty;Heureka.sk | Hobby | Hudobniny | Hudobné nástroje | Dychové nástroje | Flauty | Priečne flauty;7;https://www.heureka.sk/direct/xml-export/shops/heureka-sekce.xml
SK;1550;Zobcové flauty;Heureka.sk | Hobby | Hudobniny | Hudobné nástroje | Dychové nástroje | Flauty | Zobcové flauty;7;https://www.heureka.sk/direct/xml-export/shops/heureka-sekce.xml
SK;1551;Fúkacie harmoniky;Heureka.sk | Hobby | Hudobniny | Hudobné nástroje | Dychové nástroje | Fúkacie harmoniky;6;https://www.heureka.sk/direct/xml-export/shops/heureka-sekce.xml
SK;1543;Klarinety;Heureka.sk | Hobby | Hudobniny | Hudobné nástroje | Dychové nástroje | Klarinety;6;https://www.heureka.sk/direct/xml-export/shops/heureka-sekce.xml
SK;1546;Lesné rohy;Heureka.sk | Hobby | Hudobniny | Hudobné nástroje | Dychové nástroje | Lesné rohy;6;https://www.heureka.sk/direct/xml-export/shops/heureka-sekce.xml
SK;1542;Pozauny;Heureka.sk | Hobby | Hudobniny | Hudobné nástroje | Dychové nástroje | Pozauny;6;https://www.heureka.sk/direct/xml-export/shops/heureka-sekce.xml
SK;2017;Príslušenstvo pre dychové nástroje;Heureka.sk | Hobby | Hudobniny | Hudobné nástroje | Dychové nástroje | Príslušenstvo pre dychové nástroje;6;https://www.heureka.sk/direct/xml-export/shops/heureka-sekce.xml
SK;1541;Saxofóny;Heureka.sk | Hobby | Hudobniny | Hudobné nástroje | Dychové nástroje | Saxofóny;6;https://www.heureka.sk/direct/xml-export/shops/heureka-sekce.xml
SK;1540;Tenory;Heureka.sk | Hobby | Hudobniny | Hudobné nástroje | Dychové nástroje | Tenory;6;https://www.heureka.sk/direct/xml-export/shops/heureka-sekce.xml
SK;3080;Kornety;Heureka.sk | Hobby | Hudobniny | Hudobné nástroje | Dychové nástroje | Trúbky, kornety a krídlovky | Kornety;7;https://www.heureka.sk/direct/xml-export/shops/heureka-sekce.xml
SK;1545;Krídlovky;Heureka.sk | Hobby | Hudobniny | Hudobné nástroje | Dychové nástroje | Trúbky, kornety a krídlovky | Krídlovky;7;https://www.heureka.sk/direct/xml-export/shops/heureka-sekce.xml
SK;1538;Trúbky;Heureka.sk | Hobby | Hudobniny | Hudobné nástroje | Dychové nástroje | Trúbky, kornety a krídlovky | Trúbky;7;https://www.heureka.sk/direct/xml-export/shops/heureka-sekce.xml
SK;1537;Tuby;Heureka.sk | Hobby | Hudobniny | Hudobné nástroje | Dychové nástroje | Tuby;6;https://www.heureka.sk/direct/xml-export/shops/heureka-sekce.xml
SK;1992;Akordeóny;Heureka.sk | Hobby | Hudobniny | Hudobné nástroje | Klávesové nástroje | Akordeóny;6;https://www.heureka.sk/direct/xml-export/shops/heureka-sekce.xml
SK;2032;Digitálne piana;Heureka.sk | Hobby | Hudobniny | Hudobné nástroje | Klávesové nástroje | Digitálne piana;6;https://www.heureka.sk/direct/xml-export/shops/heureka-sekce.xml
SK;1995;Keyboardy;Heureka.sk | Hobby | Hudobniny | Hudobné nástroje | Klávesové nástroje | Keyboardy;6;https://www.heureka.sk/direct/xml-export/shops/heureka-sekce.xml
SK;6642;Klávesové stojany;Heureka.sk | Hobby | Hudobniny | Hudobné nástroje | Klávesové nástroje | Klávesové stojany;6;https://www.heureka.sk/direct/xml-export/shops/heureka-sekce.xml
SK;1996;Midi klávesy;Heureka.sk | Hobby | Hudobniny | Hudobné nástroje | Klávesové nástroje | Midi klávesy;6;https://www.heureka.sk/direct/xml-export/shops/heureka-sekce.xml
SK;2000;Organy;Heureka.sk | Hobby | Hudobniny | Hudobné nástroje | Klávesové nástroje | Organy;6;https://www.heureka.sk/direct/xml-export/shops/heureka-sekce.xml
SK;1997;Piana;Heureka.sk | Hobby | Hudobniny | Hudobné nástroje | Klávesové nástroje | Piana;6;https://www.heureka.sk/direct/xml-export/shops/heureka-sekce.xml
SK;2016;Príslušenstvo pre klávesové nástroje;Heureka.sk | Hobby | Hudobniny | Hudobné nástroje | Klávesové nástroje | Príslušenstvo pre klávesové nástroje;6;https://www.heureka.sk/direct/xml-export/shops/heureka-sekce.xml
SK;1998;Samplery;Heureka.sk | Hobby | Hudobniny | Hudobné nástroje | Klávesové nástroje | Samplery;6;https://www.heureka.sk/direct/xml-export/shops/heureka-sekce.xml
SK;1999;Syntezátory;Heureka.sk | Hobby | Hudobniny | Hudobné nástroje | Klávesové nástroje | Syntezátory;6;https://www.heureka.sk/direct/xml-export/shops/heureka-sekce.xml
SK;2187;Kombá;Heureka.sk | Hobby | Hudobniny | Hudobné nástroje | Kombá;5;https://www.heureka.sk/direct/xml-export/shops/heureka-sekce.xml
SK;1553;Akustické husle;Heureka.sk | Hobby | Hudobniny | Hudobné nástroje | Sláčikové nástroje | Akustické husle;6;https://www.heureka.sk/direct/xml-export/shops/heureka-sekce.xml
SK;6215;Elektrické husle;Heureka.sk | Hobby | Hudobniny | Hudobné nástroje | Sláčikové nástroje | Elektrické husle;6;https://www.heureka.sk/direct/xml-export/shops/heureka-sekce.xml
SK;1554;Kolofónie;Heureka.sk | Hobby | Hudobniny | Hudobné nástroje | Sláčikové nástroje | Kolofónie;6;https://www.heureka.sk/direct/xml-export/shops/heureka-sekce.xml
SK;2020;Kontrabasy;Heureka.sk | Hobby | Hudobniny | Hudobné nástroje | Sláčikové nástroje | Kontrabasy;6;https://www.heureka.sk/direct/xml-export/shops/heureka-sekce.xml
SK;2021;Puzdrá na sláčikové nástroje;Heureka.sk | Hobby | Hudobniny | Hudobné nástroje | Sláčikové nástroje | Puzdrá na sláčikové nástroje;6;https://www.heureka.sk/direct/xml-export/shops/heureka-sekce.xml
SK;2022;Sláky;Heureka.sk | Hobby | Hudobniny | Hudobné nástroje | Sláčikové nástroje | Sláky;6;https://www.heureka.sk/direct/xml-export/shops/heureka-sekce.xml
SK;2019;Violončelá;Heureka.sk | Hobby | Hudobniny | Hudobné nástroje | Sláčikové nástroje | Violončelá;6;https://www.heureka.sk/direct/xml-export/shops/heureka-sekce.xml
SK;1555;Violy;Heureka.sk | Hobby | Hudobniny | Hudobné nástroje | Sláčikové nástroje | Violy;6;https://www.heureka.sk/direct/xml-export/shops/heureka-sekce.xml
SK;3145;Banjá;Heureka.sk | Hobby | Hudobniny | Hudobné nástroje | Strunové nástroje | Banjá;6;https://www.heureka.sk/direct/xml-export/shops/heureka-sekce.xml
SK;5239;Brnkátka;Heureka.sk | Hobby | Hudobniny | Hudobné nástroje | Strunové nástroje | Brnkátka;6;https://www.heureka.sk/direct/xml-export/shops/heureka-sekce.xml
SK;2002;Akustické gitary;Heureka.sk | Hobby | Hudobniny | Hudobné nástroje | Strunové nástroje | Gitary | Akustické gitary;7;https://www.heureka.sk/direct/xml-export/shops/heureka-sekce.xml
SK;2003;Basgitary;Heureka.sk | Hobby | Hudobniny | Hudobné nástroje | Strunové nástroje | Gitary | Basgitary;7;https://www.heureka.sk/direct/xml-export/shops/heureka-sekce.xml
SK;2004;Elektrické gitary;Heureka.sk | Hobby | Hudobniny | Hudobné nástroje | Strunové nástroje | Gitary | Elektrické gitary;7;https://www.heureka.sk/direct/xml-export/shops/heureka-sekce.xml
SK;2005;Elektroakustické gitary;Heureka.sk | Hobby | Hudobniny | Hudobné nástroje | Strunové nástroje | Gitary | Elektroakustické gitary;7;https://www.heureka.sk/direct/xml-export/shops/heureka-sekce.xml
SK;2006;Klasické gitary;Heureka.sk | Hobby | Hudobniny | Hudobné nástroje | Strunové nástroje | Gitary | Klasické gitary;7;https://www.heureka.sk/direct/xml-export/shops/heureka-sekce.xml
SK;2186;Kapodastry;Heureka.sk | Hobby | Hudobniny | Hudobné nástroje | Strunové nástroje | Kapodastry;6;https://www.heureka.sk/direct/xml-export/shops/heureka-sekce.xml
SK;2185;Mandolíny;Heureka.sk | Hobby | Hudobniny | Hudobné nástroje | Strunové nástroje | Mandolíny;6;https://www.heureka.sk/direct/xml-export/shops/heureka-sekce.xml
SK;2007;Príslušenstvo pre gitary;Heureka.sk | Hobby | Hudobniny | Hudobné nástroje | Strunové nástroje | Príslušenstvo pre gitary;6;https://www.heureka.sk/direct/xml-export/shops/heureka-sekce.xml
SK;2179;Struny;Heureka.sk | Hobby | Hudobniny | Hudobné nástroje | Strunové nástroje | Struny;6;https://www.heureka.sk/direct/xml-export/shops/heureka-sekce.xml
SK;4982;Ukulele;Heureka.sk | Hobby | Hudobniny | Hudobné nástroje | Strunové nástroje | Ukulele;6;https://www.heureka.sk/direct/xml-export/shops/heureka-sekce.xml
SK;2013;Ladičky;Heureka.sk | Hobby | Hudobniny | Ladičky;4;https://www.heureka.sk/direct/xml-export/shops/heureka-sekce.xml
SK;2014;Metronómy;Heureka.sk | Hobby | Hudobniny | Metronómy;4;https://www.heureka.sk/direct/xml-export/shops/heureka-sekce.xml
SK;6777;Gitarové efekty;Heureka.sk | Hobby | Hudobniny | Zvuková technika | Gitarové efekty;5;https://www.heureka.sk/direct/xml-export/shops/heureka-sekce.xml
SK;5343;Megafóny;Heureka.sk | Hobby | Hudobniny | Zvuková technika | Megafóny;5;https://www.heureka.sk/direct/xml-export/shops/heureka-sekce.xml
SK;5450;Stojany na mikrofóny;Heureka.sk | Hobby | Hudobniny | Zvuková technika | Stojany na mikrofóny;5;https://www.heureka.sk/direct/xml-export/shops/heureka-sekce.xml
SK;2011;Aparatúry pre gitary;Heureka.sk | Hobby | Hudobniny | Zvuková technika | Zvukové aparatúry a príslušenstvo | Aparatúry pre gitary;6;https://www.heureka.sk/direct/xml-export/shops/heureka-sekce.xml
SK;2010;Aparatúry pre klávesové nástroje;Heureka.sk | Hobby | Hudobniny | Zvuková technika | Zvukové aparatúry a príslušenstvo | Aparatúry pre klávesové nástroje;6;https://www.heureka.sk/direct/xml-export/shops/heureka-sekce.xml
SK;2012;Aparatúry pre univerzálne použitie;Heureka.sk | Hobby | Hudobniny | Zvuková technika | Zvukové aparatúry a príslušenstvo | Aparatúry pre univerzálne použitie;6;https://www.heureka.sk/direct/xml-export/shops/heureka-sekce.xml
SK;5552;Etue a kazety na mince;Heureka.sk | Hobby | Investičné kovy | Etue a kazety na mince;4;https://www.heureka.sk/direct/xml-export/shops/heureka-sekce.xml
SK;3823;Investičné striebro;Heureka.sk | Hobby | Investičné kovy | Investičné striebro;4;https://www.heureka.sk/direct/xml-export/shops/heureka-sekce.xml
SK;3822;Investičné zlato;Heureka.sk | Hobby | Investičné kovy | Investičné zlato;4;https://www.heureka.sk/direct/xml-export/shops/heureka-sekce.xml
SK;4821;Hobby detektory;Heureka.sk | Hobby | Pre domácich majstrov a záhradkárov | Hobby detektory;4;https://www.heureka.sk/direct/xml-export/shops/heureka-sekce.xml
SK;6014;Semená konope;Heureka.sk | Hobby | Prírodné produkty | Konopné produkty | Semená konope;5;https://www.heureka.sk/direct/xml-export/shops/heureka-sekce.xml
SK;3719;Echoloty a sonary;Heureka.sk | Hobby | Rybárske potreby | Echoloty a sonary;4;https://www.heureka.sk/direct/xml-export/shops/heureka-sekce.xml
SK;3046;Olovené záťaže a broky;Heureka.sk | Hobby | Rybárske potreby | Rybárska bižutéria | Olovené záťaže a broky;5;https://www.heureka.sk/direct/xml-export/shops/heureka-sekce.xml
SK;3045;Rybárske háčiky;Heureka.sk | Hobby | Rybárske potreby | Rybárska bižutéria | Rybárske háčiky;5;https://www.heureka.sk/direct/xml-export/shops/heureka-sekce.xml
SK;3716;Rybárske karabínky a obratlíky;Heureka.sk | Hobby | Rybárske potreby | Rybárska bižutéria | Rybárske karabínky a obratlíky;5;https://www.heureka.sk/direct/xml-export/shops/heureka-sekce.xml
SK;3714;Rybárske zarážky;Heureka.sk | Hobby | Rybárske potreby | Rybárska bižutéria | Rybárske zarážky;5;https://www.heureka.sk/direct/xml-export/shops/heureka-sekce.xml
SK;2700;Navijaky;Heureka.sk | Hobby | Rybárske potreby | Rybárske navijaky a príslušenstvo | Navijaky;5;https://www.heureka.sk/direct/xml-export/shops/heureka-sekce.xml
SK;3712;Príslušenstvo k navijakom;Heureka.sk | Hobby | Rybárske potreby | Rybárske navijaky a príslušenstvo | Príslušenstvo k navijakom;5;https://www.heureka.sk/direct/xml-export/shops/heureka-sekce.xml
SK;8252;Arómy pre rybárske návnady;Heureka.sk | Hobby | Rybárske potreby | Rybárske návnady, nástrahy a príslušenstvo | Arómy pre rybárske návnady;5;https://www.heureka.sk/direct/xml-export/shops/heureka-sekce.xml
SK;3704;Návnady a nástrahy;Heureka.sk | Hobby | Rybárske potreby | Rybárske návnady, nástrahy a príslušenstvo | Návnady a nástrahy;5;https://www.heureka.sk/direct/xml-export/shops/heureka-sekce.xml
SK;1778;Pilkre;Heureka.sk | Hobby | Rybárske potreby | Rybárske návnady, nástrahy a príslušenstvo | Pilkre;5;https://www.heureka.sk/direct/xml-export/shops/heureka-sekce.xml
SK;3723;Rybárske kŕmidlá;Heureka.sk | Hobby | Rybárske potreby | Rybárske návnady, nástrahy a príslušenstvo | Rybárske kŕmidlá;5;https://www.heureka.sk/direct/xml-export/shops/heureka-sekce.xml
SK;3718;Rybárske vrhače návnad;Heureka.sk | Hobby | Rybárske potreby | Rybárske návnady, nástrahy a príslušenstvo | Rybárske vrhače návnad;5;https://www.heureka.sk/direct/xml-export/shops/heureka-sekce.xml
SK;3727;Výroba nástrah;Heureka.sk | Hobby | Rybárske potreby | Rybárske návnady, nástrahy a príslušenstvo | Výroba nástrah;5;https://www.heureka.sk/direct/xml-export/shops/heureka-sekce.xml
SK;8514;Zavážacie loďky;Heureka.sk | Hobby | Rybárske potreby | Rybárske návnady, nástrahy a príslušenstvo | Zavážacie loďky;5;https://www.heureka.sk/direct/xml-export/shops/heureka-sekce.xml
SK;5264;Rybárska obuv;Heureka.sk | Hobby | Rybárske potreby | Rybárske oblečenie | Rybárska obuv;5;https://www.heureka.sk/direct/xml-export/shops/heureka-sekce.xml
SK;5263;Rybárske bundy a vesty;Heureka.sk | Hobby | Rybárske potreby | Rybárske oblečenie | Rybárske bundy a vesty;5;https://www.heureka.sk/direct/xml-export/shops/heureka-sekce.xml
SK;5265;Rybárske doplnky;Heureka.sk | Hobby | Rybárske potreby | Rybárske oblečenie | Rybárske doplnky;5;https://www.heureka.sk/direct/xml-export/shops/heureka-sekce.xml
SK;5262;Rybárske nohavice a kraťasy;Heureka.sk | Hobby | Rybárske potreby | Rybárske oblečenie | Rybárske nohavice a kraťasy;5;https://www.heureka.sk/direct/xml-export/shops/heureka-sekce.xml
SK;3799;Rybárske prsačky;Heureka.sk | Hobby | Rybárske potreby | Rybárske oblečenie | Rybárske prsačky;5;https://www.heureka.sk/direct/xml-export/shops/heureka-sekce.xml
SK;5260;Rybárske tričká, svetry, mikiny;Heureka.sk | Hobby | Rybárske potreby | Rybárske oblečenie | Rybárske tričká, svetry, mikiny;5;https://www.heureka.sk/direct/xml-export/shops/heureka-sekce.xml
SK;5261;Rybárske šiltovky, čiapky, rukavice;Heureka.sk | Hobby | Rybárske potreby | Rybárske oblečenie | Rybárske šiltovky, čiapky, rukavice;5;https://www.heureka.sk/direct/xml-export/shops/heureka-sekce.xml
SK;5259;Rybárské komplety;Heureka.sk | Hobby | Rybárske potreby | Rybárske oblečenie | Rybárské komplety;5;https://www.heureka.sk/direct/xml-export/shops/heureka-sekce.xml
SK;3770;Príslušenstvo pre prúty;Heureka.sk | Hobby | Rybárske potreby | Rybárske prúty a príslušenstvo | Príslušenstvo pre prúty;5;https://www.heureka.sk/direct/xml-export/shops/heureka-sekce.xml
SK;3724;Pásky a koncovky na prúty;Heureka.sk | Hobby | Rybárske potreby | Rybárske prúty a príslušenstvo | Pásky a koncovky na prúty;5;https://www.heureka.sk/direct/xml-export/shops/heureka-sekce.xml
SK;6714;Rybárske obaly na prúty;Heureka.sk | Hobby | Rybárske potreby | Rybárske prúty a príslušenstvo | Rybárske obaly na prúty;5;https://www.heureka.sk/direct/xml-export/shops/heureka-sekce.xml
SK;2328;Rybárske prúty;Heureka.sk | Hobby | Rybárske potreby | Rybárske prúty a príslušenstvo | Rybárske prúty;5;https://www.heureka.sk/direct/xml-export/shops/heureka-sekce.xml
SK;3050;Stojany a vidlice na prúty;Heureka.sk | Hobby | Rybárske potreby | Rybárske prúty a príslušenstvo | Stojany a vidlice na prúty;5;https://www.heureka.sk/direct/xml-export/shops/heureka-sekce.xml
SK;3049;Rybárske signalizátory;Heureka.sk | Hobby | Rybárske potreby | Rybárske signalizátory;4;https://www.heureka.sk/direct/xml-export/shops/heureka-sekce.xml
SK;6964;Príslušenstvo pre vlasce a oceľové lanká;Heureka.sk | Hobby | Rybárske potreby | Rybárske vlasce a lanká | Príslušenstvo pre vlasce a oceľové lanká;5;https://www.heureka.sk/direct/xml-export/shops/heureka-sekce.xml
SK;3720;Rybárske lanká;Heureka.sk | Hobby | Rybárske potreby | Rybárske vlasce a lanká | Rybárske lanká;5;https://www.heureka.sk/direct/xml-export/shops/heureka-sekce.xml
SK;3044;Rybárske vlasce;Heureka.sk | Hobby | Rybárske potreby | Rybárske vlasce a lanká | Rybárske vlasce;5;https://www.heureka.sk/direct/xml-export/shops/heureka-sekce.xml
SK;3732;Chemické svetlá;Heureka.sk | Hobby | Rybárske potreby | Rybársky camping | Chemické svetlá;5;https://www.heureka.sk/direct/xml-export/shops/heureka-sekce.xml
SK;4377;Rybárske bivaky a prístrešky;Heureka.sk | Hobby | Rybárske potreby | Rybársky camping | Rybárske bivaky a prístrešky;5;https://www.heureka.sk/direct/xml-export/shops/heureka-sekce.xml
SK;3715;Rybárske krabičky a boxy;Heureka.sk | Hobby | Rybárske potreby | Rybársky camping | Rybárske krabičky a boxy;5;https://www.heureka.sk/direct/xml-export/shops/heureka-sekce.xml
SK;3717;Rybárske kreslá a ležadlá;Heureka.sk | Hobby | Rybárske potreby | Rybársky camping | Rybárske kreslá a ležadlá;5;https://www.heureka.sk/direct/xml-export/shops/heureka-sekce.xml
SK;3052;Rybárské obaly a batohy;Heureka.sk | Hobby | Rybárske potreby | Rybársky camping | Rybárské obaly a batohy;5;https://www.heureka.sk/direct/xml-export/shops/heureka-sekce.xml
SK;3063;Rybárské plaváky;Heureka.sk | Hobby | Rybárske potreby | Rybárské plaváky;4;https://www.heureka.sk/direct/xml-export/shops/heureka-sekce.xml
SK;3713;Peany a vyslobodzovače;Heureka.sk | Hobby | Rybárske potreby | Vylovenie a starostlivosť o úlovok | Peany a vyslobodzovače;5;https://www.heureka.sk/direct/xml-export/shops/heureka-sekce.xml
SK;3047;Podberáky a vezírky;Heureka.sk | Hobby | Rybárske potreby | Vylovenie a starostlivosť o úlovok | Podberáky a vezírky;5;https://www.heureka.sk/direct/xml-export/shops/heureka-sekce.xml
SK;3196;Podložky pod ryby;Heureka.sk | Hobby | Rybárske potreby | Vylovenie a starostlivosť o úlovok | Podložky pod ryby;5;https://www.heureka.sk/direct/xml-export/shops/heureka-sekce.xml
SK;3745;Rybárske nože a dýky;Heureka.sk | Hobby | Rybárske potreby | Vylovenie a starostlivosť o úlovok | Rybárske nože a dýky;5;https://www.heureka.sk/direct/xml-export/shops/heureka-sekce.xml
SK;3048;Rybárske saky a vážiace tašky;Heureka.sk | Hobby | Rybárske potreby | Vylovenie a starostlivosť o úlovok | Rybárske saky a vážiace tašky;5;https://www.heureka.sk/direct/xml-export/shops/heureka-sekce.xml
SK;3742;Rybárske tašky na krmivo;Heureka.sk | Hobby | Rybárske potreby | Vylovenie a starostlivosť o úlovok | Rybárske tašky na krmivo;5;https://www.heureka.sk/direct/xml-export/shops/heureka-sekce.xml
SK;1779;Rybárske vrtáky na ľad;Heureka.sk | Hobby | Rybárske potreby | Vylovenie a starostlivosť o úlovok | Rybárske vrtáky na ľad;5;https://www.heureka.sk/direct/xml-export/shops/heureka-sekce.xml
SK;3722;Rybárske váhy;Heureka.sk | Hobby | Rybárske potreby | Vylovenie a starostlivosť o úlovok | Rybárske váhy;5;https://www.heureka.sk/direct/xml-export/shops/heureka-sekce.xml
SK;6868;Odznaky;Heureka.sk | Hobby | Zberateľstvo | Odznaky;4;https://www.heureka.sk/direct/xml-export/shops/heureka-sekce.xml
SK;3161;Zberateľské figúrky;Heureka.sk | Hobby | Zberateľstvo | Zberateľské figúrky;4;https://www.heureka.sk/direct/xml-export/shops/heureka-sekce.xml
SK;5379;Zberateľské karty;Heureka.sk | Hobby | Zberateľstvo | Zberateľské karty;4;https://www.heureka.sk/direct/xml-export/shops/heureka-sekce.xml
SK;1854;Zberateľské modely;Heureka.sk | Hobby | Zberateľstvo | Zberateľské modely;4;https://www.heureka.sk/direct/xml-export/shops/heureka-sekce.xml
SK;4826;Darčekové tašky;Heureka.sk | Hobby | Zábava | Balenie darčekov a darčekové potreby | Darčekové tašky;5;https://www.heureka.sk/direct/xml-export/shops/heureka-sekce.xml
SK;2820;Darčekové koše;Heureka.sk | Hobby | Zábava | Originálne darčeky | Darčekové koše;5;https://www.heureka.sk/direct/xml-export/shops/heureka-sekce.xml
SK;4226;Darčekové poukazy;Heureka.sk | Hobby | Zábava | Originálne darčeky | Darčekové poukazy;5;https://www.heureka.sk/direct/xml-export/shops/heureka-sekce.xml
SK;2182;Zážitky;Heureka.sk | Hobby | Zábava | Originálne darčeky | Zážitky;5;https://www.heureka.sk/direct/xml-export/shops/heureka-sekce.xml
SK;2728;Gadgets;Heureka.sk | Hobby | Zábava | Originálne darčeky | Žartovné predmety a Gadgets | Gadgets;6;https://www.heureka.sk/direct/xml-export/shops/heureka-sekce.xml
SK;2710;Žartovné predmety;Heureka.sk | Hobby | Zábava | Originálne darčeky | Žartovné predmety a Gadgets | Žartovné predmety;6;https://www.heureka.sk/direct/xml-export/shops/heureka-sekce.xml
SK;5277;Jednorazový riad;Heureka.sk | Hobby | Zábava | Párty a oslavy | Jednorazový riad;5;https://www.heureka.sk/direct/xml-export/shops/heureka-sekce.xml
SK;3034;Karaoke;Heureka.sk | Hobby | Zábava | Párty a oslavy | Karaoke;5;https://www.heureka.sk/direct/xml-export/shops/heureka-sekce.xml
SK;6595;Frkačky na oslavu;Heureka.sk | Hobby | Zábava | Párty a oslavy | Kostýmy a rekvizity | Frkačky na oslavu;6;https://www.heureka.sk/direct/xml-export/shops/heureka-sekce.xml
SK;2868;Karnevalové kostýmy;Heureka.sk | Hobby | Zábava | Párty a oslavy | Kostýmy a rekvizity | Karnevalové kostýmy;6;https://www.heureka.sk/direct/xml-export/shops/heureka-sekce.xml
SK;5275;Párty klobúčiky;Heureka.sk | Hobby | Zábava | Párty a oslavy | Kostýmy a rekvizity | Párty klobúčiky;6;https://www.heureka.sk/direct/xml-export/shops/heureka-sekce.xml
SK;5290;Párty okuliare;Heureka.sk | Hobby | Zábava | Párty a oslavy | Kostýmy a rekvizity | Párty okuliare;6;https://www.heureka.sk/direct/xml-export/shops/heureka-sekce.xml
SK;5283;Párty šerpy;Heureka.sk | Hobby | Zábava | Párty a oslavy | Kostýmy a rekvizity | Párty šerpy;6;https://www.heureka.sk/direct/xml-export/shops/heureka-sekce.xml
SK;3071;Pyrotechnika;Heureka.sk | Hobby | Zábava | Párty a oslavy | Pyrotechnika;5;https://www.heureka.sk/direct/xml-export/shops/heureka-sekce.xml
SK;5274;Balóniky;Heureka.sk | Hobby | Zábava | Párty a oslavy | Párty dekorácie | Balóniky;6;https://www.heureka.sk/direct/xml-export/shops/heureka-sekce.xml
SK;5280;Girlandy, rozety, vlajky;Heureka.sk | Hobby | Zábava | Párty a oslavy | Párty dekorácie | Girlandy, rozety, vlajky;6;https://www.heureka.sk/direct/xml-export/shops/heureka-sekce.xml
SK;5279;Konfety a serpentíny;Heureka.sk | Hobby | Zábava | Párty a oslavy | Párty dekorácie | Konfety a serpentíny;6;https://www.heureka.sk/direct/xml-export/shops/heureka-sekce.xml
SK;5276;Lampióny;Heureka.sk | Hobby | Zábava | Párty a oslavy | Párty dekorácie | Lampióny;6;https://www.heureka.sk/direct/xml-export/shops/heureka-sekce.xml
SK;6596;Svietiace párty doplnky;Heureka.sk | Hobby | Zábava | Párty a oslavy | Párty dekorácie | Svietiace párty doplnky;6;https://www.heureka.sk/direct/xml-export/shops/heureka-sekce.xml
SK;5281;Zrkadlové gule;Heureka.sk | Hobby | Zábava | Párty a oslavy | Párty dekorácie | Zrkadlové gule;6;https://www.heureka.sk/direct/xml-export/shops/heureka-sekce.xml
SK;5282;Párty pozvánky;Heureka.sk | Hobby | Zábava | Párty a oslavy | Párty pozvánky;5;https://www.heureka.sk/direct/xml-export/shops/heureka-sekce.xml
SK;5213;Svadobné autodekorácie;Heureka.sk | Hobby | Zábava | Svadobné doplnky | Svadobná výzdoba a dekorácie | Svadobné autodekorácie;6;https://www.heureka.sk/direct/xml-export/shops/heureka-sekce.xml
SK;5215;Svadobné dekorácie;Heureka.sk | Hobby | Zábava | Svadobné doplnky | Svadobná výzdoba a dekorácie | Svadobné dekorácie;6;https://www.heureka.sk/direct/xml-export/shops/heureka-sekce.xml
SK;5208;Svadobné menovky;Heureka.sk | Hobby | Zábava | Svadobné doplnky | Svadobná výzdoba a dekorácie | Svadobné menovky;6;https://www.heureka.sk/direct/xml-export/shops/heureka-sekce.xml
SK;5212;Svadobné pierka;Heureka.sk | Hobby | Zábava | Svadobné doplnky | Svadobné pierka;5;https://www.heureka.sk/direct/xml-export/shops/heureka-sekce.xml
SK;1798;Diplomy;Heureka.sk | Hobby | Športové ocenenia a vlajky | Diplomy;4;https://www.heureka.sk/direct/xml-export/shops/heureka-sekce.xml
SK;1797;Emblémy;Heureka.sk | Hobby | Športové ocenenia a vlajky | Emblémy;4;https://www.heureka.sk/direct/xml-export/shops/heureka-sekce.xml
SK;1795;Poháre a trofeje;Heureka.sk | Hobby | Športové ocenenia a vlajky | Poháre a trofeje;4;https://www.heureka.sk/direct/xml-export/shops/heureka-sekce.xml
SK;5633;Vešiaky na medaily;Heureka.sk | Hobby | Športové ocenenia a vlajky | Vešiaky na medaily;4;https://www.heureka.sk/direct/xml-export/shops/heureka-sekce.xml
SK;3258;Vlajky;Heureka.sk | Hobby | Športové ocenenia a vlajky | Vlajky;4;https://www.heureka.sk/direct/xml-export/shops/heureka-sekce.xml
SK;2113;Športové medaily;Heureka.sk | Hobby | Športové ocenenia a vlajky | Športové medaily;4;https://www.heureka.sk/direct/xml-export/shops/heureka-sekce.xml
SK;1480;Bábiky;Heureka.sk | Hračky | Bábiky a doplnky pre bábiky | Bábiky;4;https://www.heureka.sk/direct/xml-export/shops/heureka-sekce.xml
SK;5782;Bábiky Barbie;Heureka.sk | Hračky | Bábiky a doplnky pre bábiky | Bábiky Barbie;4;https://www.heureka.sk/direct/xml-export/shops/heureka-sekce.xml
SK;1731;Domčeky pre bábiky;Heureka.sk | Hračky | Bábiky a doplnky pre bábiky | Domčeky pre bábiky;4;https://www.heureka.sk/direct/xml-export/shops/heureka-sekce.xml
SK;1732;Doplnky pre bábiky;Heureka.sk | Hračky | Bábiky a doplnky pre bábiky | Doplnky pre bábiky;4;https://www.heureka.sk/direct/xml-export/shops/heureka-sekce.xml
SK;1729;Kočíky pre bábiky;Heureka.sk | Hračky | Bábiky a doplnky pre bábiky | Kočíky pre bábiky;4;https://www.heureka.sk/direct/xml-export/shops/heureka-sekce.xml
SK;8546;Oblečenie pre bábiky;Heureka.sk | Hračky | Bábiky a doplnky pre bábiky | Oblečenie pre bábiky;4;https://www.heureka.sk/direct/xml-export/shops/heureka-sekce.xml
SK;1730;Postieľky pre bábiky;Heureka.sk | Hračky | Bábiky a doplnky pre bábiky | Postieľky pre bábiky;4;https://www.heureka.sk/direct/xml-export/shops/heureka-sekce.xml
SK;5829;Bábkové divadlá;Heureka.sk | Hračky | Bábky a bábkové divadlá | Bábkové divadlá;4;https://www.heureka.sk/direct/xml-export/shops/heureka-sekce.xml
SK;1736;Bábky;Heureka.sk | Hračky | Bábky a bábkové divadlá | Bábky;4;https://www.heureka.sk/direct/xml-export/shops/heureka-sekce.xml
SK;1308;Autá na autodráhu;Heureka.sk | Hračky | Detské autá a doprava | Autodráhy | Autá na autodráhu;5;https://www.heureka.sk/direct/xml-export/shops/heureka-sekce.xml
SK;1307;Príslušenstvo k autodráham;Heureka.sk | Hračky | Detské autá a doprava | Autodráhy | Príslušenstvo k autodráham;5;https://www.heureka.sk/direct/xml-export/shops/heureka-sekce.xml
SK;1306;Súpravy autodráh;Heureka.sk | Hračky | Detské autá a doprava | Autodráhy | Súpravy autodráh;5;https://www.heureka.sk/direct/xml-export/shops/heureka-sekce.xml
SK;1838;Autá, lietadlá, lode;Heureka.sk | Hračky | Detské autá a doprava | Autá, lietadlá, lode;4;https://www.heureka.sk/direct/xml-export/shops/heureka-sekce.xml
SK;6250;Diaľkové ovládanie k RC modelom;Heureka.sk | Hračky | Detské autá a doprava | RC modely a príslušenstvo | Diaľkové ovládanie k RC modelom;5;https://www.heureka.sk/direct/xml-export/shops/heureka-sekce.xml
SK;6310;Káble a konektory pre RC modely;Heureka.sk | Hračky | Detské autá a doprava | RC modely a príslušenstvo | Káble a konektory pre RC modely;5;https://www.heureka.sk/direct/xml-export/shops/heureka-sekce.xml
SK;6309;Motory k RC modelom;Heureka.sk | Hračky | Detské autá a doprava | RC modely a príslušenstvo | Motory k RC modelom;5;https://www.heureka.sk/direct/xml-export/shops/heureka-sekce.xml
SK;6308;Nabíjačky a batérie k RC modelom;Heureka.sk | Hračky | Detské autá a doprava | RC modely a príslušenstvo | Nabíjačky a batérie k RC modelom;5;https://www.heureka.sk/direct/xml-export/shops/heureka-sekce.xml
SK;6307;Oleje a lepidlá k RC modelom;Heureka.sk | Hračky | Detské autá a doprava | RC modely a príslušenstvo | Oleje a lepidlá k RC modelom;5;https://www.heureka.sk/direct/xml-export/shops/heureka-sekce.xml
SK;2092;Príslušenstvo k RC modelom;Heureka.sk | Hračky | Detské autá a doprava | RC modely a príslušenstvo | Príslušenstvo k RC modelom;5;https://www.heureka.sk/direct/xml-export/shops/heureka-sekce.xml
SK;2318;RC modely;Heureka.sk | Hračky | Detské autá a doprava | RC modely a príslušenstvo | RC modely;5;https://www.heureka.sk/direct/xml-export/shops/heureka-sekce.xml
SK;2721;Drevené vláčiky;Heureka.sk | Hračky | Detské autá a doprava | Vláčiky pre deti | Drevené vláčiky;5;https://www.heureka.sk/direct/xml-export/shops/heureka-sekce.xml
SK;3024;Kovové vláčiky;Heureka.sk | Hračky | Detské autá a doprava | Vláčiky pre deti | Kovové vláčiky;5;https://www.heureka.sk/direct/xml-export/shops/heureka-sekce.xml
SK;1842;Koľajnice k detským vláčikom;Heureka.sk | Hračky | Detské autá a doprava | Vláčiky pre deti | Koľajnice k detským vláčikom;5;https://www.heureka.sk/direct/xml-export/shops/heureka-sekce.xml
SK;2086;Budovy a domčeky;Heureka.sk | Hračky | Detské autá a doprava | Vláčiky pre deti | Modelové vláčiky | Budovy a domčeky;6;https://www.heureka.sk/direct/xml-export/shops/heureka-sekce.xml
SK;1843;Lokomotívy a vagóny;Heureka.sk | Hračky | Detské autá a doprava | Vláčiky pre deti | Modelové vláčiky | Lokomotívy a vagóny;6;https://www.heureka.sk/direct/xml-export/shops/heureka-sekce.xml
SK;1844;Tunely a mosty;Heureka.sk | Hračky | Detské autá a doprava | Vláčiky pre deti | Modelové vláčiky | Tunely a mosty;6;https://www.heureka.sk/direct/xml-export/shops/heureka-sekce.xml
SK;3023;Plastové vláčiky;Heureka.sk | Hračky | Detské autá a doprava | Vláčiky pre deti | Plastové vláčiky;5;https://www.heureka.sk/direct/xml-export/shops/heureka-sekce.xml
SK;2327;Detské chodítka;Heureka.sk | Hračky | Detské chodítka;3;https://www.heureka.sk/direct/xml-export/shops/heureka-sekce.xml
SK;1848;Detské zbrane;Heureka.sk | Hračky | Detské zbrane a príslušenstvo | Detské zbrane;4;https://www.heureka.sk/direct/xml-export/shops/heureka-sekce.xml
SK;6196;Príslušenstvo pre detské zbrane;Heureka.sk | Hračky | Detské zbrane a príslušenstvo | Príslušenstvo pre detské zbrane;4;https://www.heureka.sk/direct/xml-export/shops/heureka-sekce.xml
SK;1478;Drevené hračky;Heureka.sk | Hračky | Drevené hračky;3;https://www.heureka.sk/direct/xml-export/shops/heureka-sekce.xml
SK;1479;Figúrky a zvieratká;Heureka.sk | Hračky | Figúrky a zvieratká;3;https://www.heureka.sk/direct/xml-export/shops/heureka-sekce.xml
SK;2141;Hojdacie koníky;Heureka.sk | Hračky | Hojdacie koníky;3;https://www.heureka.sk/direct/xml-export/shops/heureka-sekce.xml
SK;3026;Bublifuky;Heureka.sk | Hračky | Hračky na záhradu | Bublifuky;4;https://www.heureka.sk/direct/xml-export/shops/heureka-sekce.xml
SK;1481;Detské hojdačky a hojdadlá;Heureka.sk | Hračky | Hračky na záhradu | Detské hojdačky a hojdadlá;4;https://www.heureka.sk/direct/xml-export/shops/heureka-sekce.xml
SK;2733;Detské ihriská;Heureka.sk | Hračky | Hračky na záhradu | Detské ihriská a preliezačky | Detské ihriská;5;https://www.heureka.sk/direct/xml-export/shops/heureka-sekce.xml
SK;1483;Detské preliezačky;Heureka.sk | Hračky | Hračky na záhradu | Detské ihriská a preliezačky | Detské preliezačky;5;https://www.heureka.sk/direct/xml-export/shops/heureka-sekce.xml
SK;5931;Detské tunely;Heureka.sk | Hračky | Hračky na záhradu | Detské ihriská a preliezačky | Detské tunely;5;https://www.heureka.sk/direct/xml-export/shops/heureka-sekce.xml
SK;1482;Detské šmýkačky;Heureka.sk | Hračky | Hračky na záhradu | Detské ihriská a preliezačky | Detské šmýkačky;5;https://www.heureka.sk/direct/xml-export/shops/heureka-sekce.xml
SK;3014;Doplnky na detské ihriská;Heureka.sk | Hračky | Hračky na záhradu | Detské ihriská a preliezačky | Doplnky na detské ihriská;5;https://www.heureka.sk/direct/xml-export/shops/heureka-sekce.xml
SK;5921;Skákacie hrady;Heureka.sk | Hračky | Hračky na záhradu | Detské ihriská a preliezačky | Skákacie hrady;5;https://www.heureka.sk/direct/xml-export/shops/heureka-sekce.xml
SK;8316;Detské stany;Heureka.sk | Hračky | Hračky na záhradu | Detské stany;4;https://www.heureka.sk/direct/xml-export/shops/heureka-sekce.xml
SK;6381;Detské balančné bicykle;Heureka.sk | Hračky | Hračky na záhradu | Detské vozidlá a príslušenstvo | Detské balančné bicykle;5;https://www.heureka.sk/direct/xml-export/shops/heureka-sekce.xml
SK;4806;Detské benzínové vozidlá;Heureka.sk | Hračky | Hračky na záhradu | Detské vozidlá a príslušenstvo | Detské benzínové vozidlá;5;https://www.heureka.sk/direct/xml-export/shops/heureka-sekce.xml
SK;2431;Detské elektrické vozidlá;Heureka.sk | Hračky | Hračky na záhradu | Detské vozidlá a príslušenstvo | Detské elektrické vozidlá;5;https://www.heureka.sk/direct/xml-export/shops/heureka-sekce.xml
SK;2366;Detské odrážadlá;Heureka.sk | Hračky | Hračky na záhradu | Detské vozidlá a príslušenstvo | Detské odrážadlá;5;https://www.heureka.sk/direct/xml-export/shops/heureka-sekce.xml
SK;2332;Detské trojkolky;Heureka.sk | Hračky | Hračky na záhradu | Detské vozidlá a príslušenstvo | Detské trojkolky;5;https://www.heureka.sk/direct/xml-export/shops/heureka-sekce.xml
SK;2386;Detské šliapacie vozidlá;Heureka.sk | Hračky | Hračky na záhradu | Detské vozidlá a príslušenstvo | Detské šliapacie vozidlá;5;https://www.heureka.sk/direct/xml-export/shops/heureka-sekce.xml
SK;3124;Príslušenstvo pre vozítka;Heureka.sk | Hračky | Hračky na záhradu | Detské vozidlá a príslušenstvo | Príslušenstvo pre vozítka;5;https://www.heureka.sk/direct/xml-export/shops/heureka-sekce.xml
SK;8317;Detské záhradné náradie;Heureka.sk | Hračky | Hračky na záhradu | Detské záhradné náradie;4;https://www.heureka.sk/direct/xml-export/shops/heureka-sekce.xml
SK;3132;Hopsadlá;Heureka.sk | Hračky | Hračky na záhradu | Hopsadlá;4;https://www.heureka.sk/direct/xml-export/shops/heureka-sekce.xml
SK;1485;Hracie domčeky;Heureka.sk | Hračky | Hračky na záhradu | Hracie domčeky;4;https://www.heureka.sk/direct/xml-export/shops/heureka-sekce.xml
SK;5793;Hračky do piesku;Heureka.sk | Hračky | Hračky na záhradu | Pieskoviská a doplnky | Hračky do piesku;5;https://www.heureka.sk/direct/xml-export/shops/heureka-sekce.xml
SK;1484;Pieskoviská;Heureka.sk | Hračky | Hračky na záhradu | Pieskoviská a doplnky | Pieskoviská;5;https://www.heureka.sk/direct/xml-export/shops/heureka-sekce.xml
SK;8623;Piesok do pieskoviska;Heureka.sk | Hračky | Hračky na záhradu | Pieskoviská a doplnky | Piesok do pieskoviska;5;https://www.heureka.sk/direct/xml-export/shops/heureka-sekce.xml
SK;1477;Hračky do vody;Heureka.sk | Hračky | Hračky na záhradu | Vodné radovánky | Hračky do vody;5;https://www.heureka.sk/direct/xml-export/shops/heureka-sekce.xml
SK;5945;Vodné pištole;Heureka.sk | Hračky | Hračky na záhradu | Vodné radovánky | Vodné pištole;5;https://www.heureka.sk/direct/xml-export/shops/heureka-sekce.xml
SK;1850;Detské lopty a balóniky;Heureka.sk | Hračky | Hračky na záhradu | Vonkajšie hry | Detské lopty a balóniky;5;https://www.heureka.sk/direct/xml-export/shops/heureka-sekce.xml
SK;2639;Lietajúci draci;Heureka.sk | Hračky | Hračky na záhradu | Vonkajšie hry | Lietajúci draci;5;https://www.heureka.sk/direct/xml-export/shops/heureka-sekce.xml
SK;2685;Detské boby a sane;Heureka.sk | Hračky | Hračky na záhradu | Zimné radovánky | Detské boby a sane;5;https://www.heureka.sk/direct/xml-export/shops/heureka-sekce.xml
SK;2316;Hrkálky;Heureka.sk | Hračky | Hrkálky a hryzadlá | Hrkálky;4;https://www.heureka.sk/direct/xml-export/shops/heureka-sekce.xml
SK;2423;Hryzátka;Heureka.sk | Hračky | Hrkálky a hryzadlá | Hryzátka;4;https://www.heureka.sk/direct/xml-export/shops/heureka-sekce.xml
SK;1853;Detské hudobné hračky a nástroje;Heureka.sk | Hračky | Hry na profesie a napodobňovanie | Detské hudobné hračky a nástroje;4;https://www.heureka.sk/direct/xml-export/shops/heureka-sekce.xml
SK;2644;Detské kostýmy;Heureka.sk | Hračky | Hry na profesie a napodobňovanie | Detské kostýmy;4;https://www.heureka.sk/direct/xml-export/shops/heureka-sekce.xml
SK;3016;Detské kuchynky;Heureka.sk | Hračky | Hry na profesie a napodobňovanie | Detské kuchynky a príslušenstvo | Detské kuchynky;5;https://www.heureka.sk/direct/xml-export/shops/heureka-sekce.xml
SK;5893;Príslušenstvo k detským kuchynkám;Heureka.sk | Hračky | Hry na profesie a napodobňovanie | Detské kuchynky a príslušenstvo | Príslušenstvo k detským kuchynkám;5;https://www.heureka.sk/direct/xml-export/shops/heureka-sekce.xml
SK;5892;Spotrebiče do detskej kuchynky;Heureka.sk | Hračky | Hry na profesie a napodobňovanie | Detské kuchynky a príslušenstvo | Spotrebiče do detskej kuchynky;5;https://www.heureka.sk/direct/xml-export/shops/heureka-sekce.xml
SK;1849;Detské náradie;Heureka.sk | Hračky | Hry na profesie a napodobňovanie | Detské náradie;4;https://www.heureka.sk/direct/xml-export/shops/heureka-sekce.xml
SK;3079;Detské obchodíky;Heureka.sk | Hračky | Hry na profesie a napodobňovanie | Detské obchodíky a príslušenstvo | Detské obchodíky;5;https://www.heureka.sk/direct/xml-export/shops/heureka-sekce.xml
SK;3141;Hry na profesie;Heureka.sk | Hračky | Hry na profesie a napodobňovanie | Hry na profesie;4;https://www.heureka.sk/direct/xml-export/shops/heureka-sekce.xml
SK;3140;Hry na upratovanie a starostlivosť o domácnosť;Heureka.sk | Hračky | Hry na profesie a napodobňovanie | Hry na upratovanie a starostlivosť o domácnosť;4;https://www.heureka.sk/direct/xml-export/shops/heureka-sekce.xml
SK;4008;Malé parádnice;Heureka.sk | Hračky | Hry na profesie a napodobňovanie | Malé parádnice;4;https://www.heureka.sk/direct/xml-export/shops/heureka-sekce.xml
SK;3003;Igráčky;Heureka.sk | Hračky | Igráčky;3;https://www.heureka.sk/direct/xml-export/shops/heureka-sekce.xml
SK;8510;ALBI Kúzelné čítanie;Heureka.sk | Hračky | Interaktívne a robotické hračky | ALBI Kúzelné čítanie;4;https://www.heureka.sk/direct/xml-export/shops/heureka-sekce.xml
SK;8440;Detské notebooky;Heureka.sk | Hračky | Interaktívne a robotické hračky | Elektronika pre deti | Detské notebooky;5;https://www.heureka.sk/direct/xml-export/shops/heureka-sekce.xml
SK;3018;Interaktívne hračky;Heureka.sk | Hračky | Interaktívne a robotické hračky | Interaktívne hračky;4;https://www.heureka.sk/direct/xml-export/shops/heureka-sekce.xml
SK;6251;Interaktívne roboty;Heureka.sk | Hračky | Interaktívne a robotické hračky | Interaktívne roboty;4;https://www.heureka.sk/direct/xml-export/shops/heureka-sekce.xml
SK;8447;Interaktívne stolíky a kocky;Heureka.sk | Hračky | Interaktívne a robotické hračky | Interaktívne stolíky a kocky;4;https://www.heureka.sk/direct/xml-export/shops/heureka-sekce.xml
SK;3143;Živé a vzdelávacie súpravy;Heureka.sk | Hračky | Interaktívne a robotické hračky | Živé a vzdelávacie súpravy;4;https://www.heureka.sk/direct/xml-export/shops/heureka-sekce.xml
SK;8524;Céčka;Heureka.sk | Hračky | Kreatívne hračky a tvorenie pre deti | Céčka;4;https://www.heureka.sk/direct/xml-export/shops/heureka-sekce.xml
SK;4786;Detské koráliky;Heureka.sk | Hračky | Kreatívne hračky a tvorenie pre deti | Detské koráliky;4;https://www.heureka.sk/direct/xml-export/shops/heureka-sekce.xml
SK;2989;Detské vyšívanie;Heureka.sk | Hračky | Kreatívne hračky a tvorenie pre deti | Detské vyšívanie;4;https://www.heureka.sk/direct/xml-export/shops/heureka-sekce.xml
SK;4895;Loom bands;Heureka.sk | Hračky | Kreatívne hračky a tvorenie pre deti | Loom bands;4;https://www.heureka.sk/direct/xml-export/shops/heureka-sekce.xml
SK;8366;Kinetické piesky;Heureka.sk | Hračky | Kreatívne hračky a tvorenie pre deti | Modelovacie hmoty | Kinetické piesky;5;https://www.heureka.sk/direct/xml-export/shops/heureka-sekce.xml
SK;2333;Modelíny;Heureka.sk | Hračky | Kreatívne hračky a tvorenie pre deti | Modelovacie hmoty | Modelíny;5;https://www.heureka.sk/direct/xml-export/shops/heureka-sekce.xml
SK;8540;Pomôcky na výrobu slizu;Heureka.sk | Hračky | Kreatívne hračky a tvorenie pre deti | Modelovacie hmoty | Slizy a ich výroba | Pomôcky na výrobu slizu;6;https://www.heureka.sk/direct/xml-export/shops/heureka-sekce.xml
SK;8539;Sady na výrobu slizu;Heureka.sk | Hračky | Kreatívne hračky a tvorenie pre deti | Modelovacie hmoty | Slizy a ich výroba | Sady na výrobu slizu;6;https://www.heureka.sk/direct/xml-export/shops/heureka-sekce.xml
SK;8538;Slizy;Heureka.sk | Hračky | Kreatívne hračky a tvorenie pre deti | Modelovacie hmoty | Slizy a ich výroba | Slizy;6;https://www.heureka.sk/direct/xml-export/shops/heureka-sekce.xml
SK;3150;Pečiatky pre deti;Heureka.sk | Hračky | Kreatívne hračky a tvorenie pre deti | Pečiatky pre deti;4;https://www.heureka.sk/direct/xml-export/shops/heureka-sekce.xml
SK;5381;Pieskovanie obrázkov;Heureka.sk | Hračky | Kreatívne hračky a tvorenie pre deti | Pieskovanie obrázkov;4;https://www.heureka.sk/direct/xml-export/shops/heureka-sekce.xml
SK;2987;Škrábacie obrázky;Heureka.sk | Hračky | Kreatívne hračky a tvorenie pre deti | Škrábacie obrázky;4;https://www.heureka.sk/direct/xml-export/shops/heureka-sekce.xml
SK;8557;Activity boardy;Heureka.sk | Hračky | Motorické a didaktické hračky | Activity boardy;4;https://www.heureka.sk/direct/xml-export/shops/heureka-sekce.xml
SK;5313;Fidget spinnery;Heureka.sk | Hračky | Motorické a didaktické hračky | Fidget spinnery;4;https://www.heureka.sk/direct/xml-export/shops/heureka-sekce.xml
SK;2701;Fingerboardy;Heureka.sk | Hračky | Motorické a didaktické hračky | Fingerboardy;4;https://www.heureka.sk/direct/xml-export/shops/heureka-sekce.xml
SK;3873;Jojá;Heureka.sk | Hračky | Motorické a didaktické hračky | Jojá;4;https://www.heureka.sk/direct/xml-export/shops/heureka-sekce.xml
SK;3769;Magnetky pre deti;Heureka.sk | Hračky | Motorické a didaktické hračky | Magnetky pre deti;4;https://www.heureka.sk/direct/xml-export/shops/heureka-sekce.xml
SK;4810;Montessori zmyslové pomôcky;Heureka.sk | Hračky | Motorické a didaktické hračky | Montessori zmyslové pomôcky;4;https://www.heureka.sk/direct/xml-export/shops/heureka-sekce.xml
SK;8556;Pop it;Heureka.sk | Hračky | Motorické a didaktické hračky | Pop it;4;https://www.heureka.sk/direct/xml-export/shops/heureka-sekce.xml
SK;8555;Vĺčiky;Heureka.sk | Hračky | Motorické a didaktické hračky | Vĺčiky;4;https://www.heureka.sk/direct/xml-export/shops/heureka-sekce.xml
SK;1845;Plechové hračky;Heureka.sk | Hračky | Plechové hračky;3;https://www.heureka.sk/direct/xml-export/shops/heureka-sekce.xml
SK;3653;Hrejivé plyšové hračky;Heureka.sk | Hračky | Plyšové hračky | Hrejivé plyšové hračky;4;https://www.heureka.sk/direct/xml-export/shops/heureka-sekce.xml
SK;1304;Plyšáci;Heureka.sk | Hračky | Plyšové hračky | Plyšáci;4;https://www.heureka.sk/direct/xml-export/shops/heureka-sekce.xml
SK;1852;Pre najmenších;Heureka.sk | Hračky | Pre najmenších;3;https://www.heureka.sk/direct/xml-export/shops/heureka-sekce.xml
SK;3020;Elektronické stavebnice;Heureka.sk | Hračky | Stavebnice a kocky | Elektronické stavebnice;4;https://www.heureka.sk/direct/xml-export/shops/heureka-sekce.xml
SK;5875;Guľočkové dráhy;Heureka.sk | Hračky | Stavebnice a kocky | Guľočkové dráhy;4;https://www.heureka.sk/direct/xml-export/shops/heureka-sekce.xml
SK;6195;LEGO® doplnky;Heureka.sk | Hračky | Stavebnice a kocky | LEGO® doplnky;4;https://www.heureka.sk/direct/xml-export/shops/heureka-sekce.xml
SK;2181;Ostatné stavebnice;Heureka.sk | Hračky | Stavebnice a kocky | Ostatné stavebnice;4;https://www.heureka.sk/direct/xml-export/shops/heureka-sekce.xml
SK;5464;Stavebnice Ausini;Heureka.sk | Hračky | Stavebnice a kocky | Stavebnice Ausini;4;https://www.heureka.sk/direct/xml-export/shops/heureka-sekce.xml
SK;5457;Stavebnice BanBao;Heureka.sk | Hračky | Stavebnice a kocky | Stavebnice BanBao;4;https://www.heureka.sk/direct/xml-export/shops/heureka-sekce.xml
SK;1473;Stavebnice Cheva;Heureka.sk | Hračky | Stavebnice a kocky | Stavebnice Cheva;4;https://www.heureka.sk/direct/xml-export/shops/heureka-sekce.xml
SK;5458;Stavebnice Cobi;Heureka.sk | Hračky | Stavebnice a kocky | Stavebnice Cobi;4;https://www.heureka.sk/direct/xml-export/shops/heureka-sekce.xml
SK;5459;Stavebnice Dromader;Heureka.sk | Hračky | Stavebnice a kocky | Stavebnice Dromader;4;https://www.heureka.sk/direct/xml-export/shops/heureka-sekce.xml
SK;5556;Stavebnice Edukie;Heureka.sk | Hračky | Stavebnice a kocky | Stavebnice Edukie;4;https://www.heureka.sk/direct/xml-export/shops/heureka-sekce.xml
SK;5467;Stavebnice Eitech;Heureka.sk | Hračky | Stavebnice a kocky | Stavebnice Eitech;4;https://www.heureka.sk/direct/xml-export/shops/heureka-sekce.xml
SK;5468;Stavebnice Enlighten Brick;Heureka.sk | Hračky | Stavebnice a kocky | Stavebnice Enlighten Brick;4;https://www.heureka.sk/direct/xml-export/shops/heureka-sekce.xml
SK;2180;Stavebnice Geomag;Heureka.sk | Hračky | Stavebnice a kocky | Stavebnice Geomag;4;https://www.heureka.sk/direct/xml-export/shops/heureka-sekce.xml
SK;5461;Stavebnice Grimm's;Heureka.sk | Hračky | Stavebnice a kocky | Stavebnice Grimm's;4;https://www.heureka.sk/direct/xml-export/shops/heureka-sekce.xml
SK;5469;Stavebnice ICOM;Heureka.sk | Hračky | Stavebnice a kocky | Stavebnice ICOM;4;https://www.heureka.sk/direct/xml-export/shops/heureka-sekce.xml
SK;1474;Stavebnice LEGO®;Heureka.sk | Hračky | Stavebnice a kocky | Stavebnice LEGO®;4;https://www.heureka.sk/direct/xml-export/shops/heureka-sekce.xml
SK;5465;Stavebnice LaQ;Heureka.sk | Hračky | Stavebnice a kocky | Stavebnice LaQ;4;https://www.heureka.sk/direct/xml-export/shops/heureka-sekce.xml
SK;5954;Stavebnice Light Stax;Heureka.sk | Hračky | Stavebnice a kocky | Stavebnice Light Stax;4;https://www.heureka.sk/direct/xml-export/shops/heureka-sekce.xml
SK;1847;Stavebnice Lori;Heureka.sk | Hračky | Stavebnice a kocky | Stavebnice Lori;4;https://www.heureka.sk/direct/xml-export/shops/heureka-sekce.xml
SK;5462;Stavebnice Magformers;Heureka.sk | Hračky | Stavebnice a kocky | Stavebnice Magformers;4;https://www.heureka.sk/direct/xml-export/shops/heureka-sekce.xml
SK;3117;Stavebnice Meccano;Heureka.sk | Hračky | Stavebnice a kocky | Stavebnice Meccano;4;https://www.heureka.sk/direct/xml-export/shops/heureka-sekce.xml
SK;2732;Stavebnice Megabloks;Heureka.sk | Hračky | Stavebnice a kocky | Stavebnice Megabloks;4;https://www.heureka.sk/direct/xml-export/shops/heureka-sekce.xml
SK;1472;Stavebnice Merkur;Heureka.sk | Hračky | Stavebnice a kocky | Stavebnice Merkur;4;https://www.heureka.sk/direct/xml-export/shops/heureka-sekce.xml
SK;2731;Stavebnice Playmobil;Heureka.sk | Hračky | Stavebnice a kocky | Stavebnice Playmobil;4;https://www.heureka.sk/direct/xml-export/shops/heureka-sekce.xml
SK;5463;Stavebnice Quercetti;Heureka.sk | Hračky | Stavebnice a kocky | Stavebnice Quercetti;4;https://www.heureka.sk/direct/xml-export/shops/heureka-sekce.xml
SK;2072;Stavebnice Seva;Heureka.sk | Hračky | Stavebnice a kocky | Stavebnice Seva;4;https://www.heureka.sk/direct/xml-export/shops/heureka-sekce.xml
SK;5466;Stavebnice Sluban;Heureka.sk | Hračky | Stavebnice a kocky | Stavebnice Sluban;4;https://www.heureka.sk/direct/xml-export/shops/heureka-sekce.xml
SK;2962;Stavebnice Supermag;Heureka.sk | Hračky | Stavebnice a kocky | Stavebnice Supermag;4;https://www.heureka.sk/direct/xml-export/shops/heureka-sekce.xml
SK;5460;Stavebnice Écoiffier;Heureka.sk | Hračky | Stavebnice a kocky | Stavebnice Écoiffier;4;https://www.heureka.sk/direct/xml-export/shops/heureka-sekce.xml
SK;1840;Vojaci;Heureka.sk | Hračky | Vojaci;3;https://www.heureka.sk/direct/xml-export/shops/heureka-sekce.xml
SK;5877;Absinthy;Heureka.sk | Jedlo a nápoje | Alkoholické nápoje | Absinthy;4;https://www.heureka.sk/direct/xml-export/shops/heureka-sekce.xml
SK;5876;Armaňaky;Heureka.sk | Jedlo a nápoje | Alkoholické nápoje | Armaňaky;4;https://www.heureka.sk/direct/xml-export/shops/heureka-sekce.xml
SK;5874;Brandy;Heureka.sk | Jedlo a nápoje | Alkoholické nápoje | Brandy;4;https://www.heureka.sk/direct/xml-export/shops/heureka-sekce.xml
SK;6006;Cidery;Heureka.sk | Jedlo a nápoje | Alkoholické nápoje | Cidery;4;https://www.heureka.sk/direct/xml-export/shops/heureka-sekce.xml
SK;5863;Giny;Heureka.sk | Jedlo a nápoje | Alkoholické nápoje | Giny;4;https://www.heureka.sk/direct/xml-export/shops/heureka-sekce.xml
SK;5872;Likéry;Heureka.sk | Jedlo a nápoje | Alkoholické nápoje | Likéry;4;https://www.heureka.sk/direct/xml-export/shops/heureka-sekce.xml
SK;3966;Medoviny;Heureka.sk | Jedlo a nápoje | Alkoholické nápoje | Medoviny;4;https://www.heureka.sk/direct/xml-export/shops/heureka-sekce.xml
SK;6009;Miešané nápoje;Heureka.sk | Jedlo a nápoje | Alkoholické nápoje | Miešané nápoje;4;https://www.heureka.sk/direct/xml-export/shops/heureka-sekce.xml
SK;2163;Ostatné liehoviny;Heureka.sk | Jedlo a nápoje | Alkoholické nápoje | Ostatné liehoviny;4;https://www.heureka.sk/direct/xml-export/shops/heureka-sekce.xml
SK;3804;Pivá;Heureka.sk | Jedlo a nápoje | Alkoholické nápoje | Pivá;4;https://www.heureka.sk/direct/xml-export/shops/heureka-sekce.xml
SK;5866;Pálenky;Heureka.sk | Jedlo a nápoje | Alkoholické nápoje | Pálenky;4;https://www.heureka.sk/direct/xml-export/shops/heureka-sekce.xml
SK;5840;Rumy;Heureka.sk | Jedlo a nápoje | Alkoholické nápoje | Rumy;4;https://www.heureka.sk/direct/xml-export/shops/heureka-sekce.xml
SK;5873;Tequily;Heureka.sk | Jedlo a nápoje | Alkoholické nápoje | Tequily;4;https://www.heureka.sk/direct/xml-export/shops/heureka-sekce.xml
SK;6005;Vermuty;Heureka.sk | Jedlo a nápoje | Alkoholické nápoje | Vermuty;4;https://www.heureka.sk/direct/xml-export/shops/heureka-sekce.xml
SK;5870;Vodky;Heureka.sk | Jedlo a nápoje | Alkoholické nápoje | Vodky;4;https://www.heureka.sk/direct/xml-export/shops/heureka-sekce.xml
SK;999;Vína;Heureka.sk | Jedlo a nápoje | Alkoholické nápoje | Vína;4;https://www.heureka.sk/direct/xml-export/shops/heureka-sekce.xml
SK;5867;Whisky;Heureka.sk | Jedlo a nápoje | Alkoholické nápoje | Whisky;4;https://www.heureka.sk/direct/xml-export/shops/heureka-sekce.xml
SK;6007;Šumivé vína a šampanské;Heureka.sk | Jedlo a nápoje | Alkoholické nápoje | Šumivé vína a šampanské;4;https://www.heureka.sk/direct/xml-export/shops/heureka-sekce.xml
SK;3805;Energetické nápoje;Heureka.sk | Jedlo a nápoje | Instantné a energetické nápoje | Energetické nápoje;4;https://www.heureka.sk/direct/xml-export/shops/heureka-sekce.xml
SK;3984;Horké čokolády a kakao;Heureka.sk | Jedlo a nápoje | Instantné a energetické nápoje | Horké čokolády a kakao;4;https://www.heureka.sk/direct/xml-export/shops/heureka-sekce.xml
SK;5288;Instantné nápoje;Heureka.sk | Jedlo a nápoje | Instantné a energetické nápoje | Instantné nápoje;4;https://www.heureka.sk/direct/xml-export/shops/heureka-sekce.xml
SK;6796;Instantná káva;Heureka.sk | Jedlo a nápoje | Káva a kávové kapsule | Káva | Instantná káva;5;https://www.heureka.sk/direct/xml-export/shops/heureka-sekce.xml
SK;6797;Kávoviny a alternatívy kávy;Heureka.sk | Jedlo a nápoje | Káva a kávové kapsule | Káva | Kávoviny a alternatívy kávy;5;https://www.heureka.sk/direct/xml-export/shops/heureka-sekce.xml
SK;6794;Mletá káva;Heureka.sk | Jedlo a nápoje | Káva a kávové kapsule | Káva | Mletá káva;5;https://www.heureka.sk/direct/xml-export/shops/heureka-sekce.xml
SK;6795;Zrnková káva;Heureka.sk | Jedlo a nápoje | Káva a kávové kapsule | Káva | Zrnková káva;5;https://www.heureka.sk/direct/xml-export/shops/heureka-sekce.xml
SK;6798;Ľadová káva;Heureka.sk | Jedlo a nápoje | Káva a kávové kapsule | Káva | Ľadová káva;5;https://www.heureka.sk/direct/xml-export/shops/heureka-sekce.xml
SK;4011;Kávové kapsule;Heureka.sk | Jedlo a nápoje | Káva a kávové kapsule | Kávové kapsule;4;https://www.heureka.sk/direct/xml-export/shops/heureka-sekce.xml
SK;3854;Jogurty;Heureka.sk | Jedlo a nápoje | Mliečne a chladené potraviny | Jogurty;4;https://www.heureka.sk/direct/xml-export/shops/heureka-sekce.xml
SK;3809;Mlieka;Heureka.sk | Jedlo a nápoje | Mliečne a chladené potraviny | Mlieka;4;https://www.heureka.sk/direct/xml-export/shops/heureka-sekce.xml
SK;4296;Mliečne, jogurtové a kyslé nápoje;Heureka.sk | Jedlo a nápoje | Mliečne a chladené potraviny | Mliečne, jogurtové a kyslé nápoje;4;https://www.heureka.sk/direct/xml-export/shops/heureka-sekce.xml
SK;5997;Smotany do kávy;Heureka.sk | Jedlo a nápoje | Mliečne a chladené potraviny | Smotany do kávy;4;https://www.heureka.sk/direct/xml-export/shops/heureka-sekce.xml
SK;3848;Syry;Heureka.sk | Jedlo a nápoje | Mliečne a chladené potraviny | Syry;4;https://www.heureka.sk/direct/xml-export/shops/heureka-sekce.xml
SK;6359;Tvarohy;Heureka.sk | Jedlo a nápoje | Mliečne a chladené potraviny | Tvarohy;4;https://www.heureka.sk/direct/xml-export/shops/heureka-sekce.xml
SK;4361;Mrazené jedlá;Heureka.sk | Jedlo a nápoje | Mrazené potraviny | Mrazené jedlá;4;https://www.heureka.sk/direct/xml-export/shops/heureka-sekce.xml
SK;4362;Mrazené ovocie a zelenina;Heureka.sk | Jedlo a nápoje | Mrazené potraviny | Mrazené ovocie a zelenina;4;https://www.heureka.sk/direct/xml-export/shops/heureka-sekce.xml
SK;6370;Mrazené pizze;Heureka.sk | Jedlo a nápoje | Mrazené potraviny | Mrazené pizze;4;https://www.heureka.sk/direct/xml-export/shops/heureka-sekce.xml
SK;4364;Zmrzliny;Heureka.sk | Jedlo a nápoje | Mrazené potraviny | Zmrzliny;4;https://www.heureka.sk/direct/xml-export/shops/heureka-sekce.xml
SK;3806;Džúsy a ovocné nápoje;Heureka.sk | Jedlo a nápoje | Nealkoholické nápoje | Džúsy a ovocné nápoje;4;https://www.heureka.sk/direct/xml-export/shops/heureka-sekce.xml
SK;3808;Limonády;Heureka.sk | Jedlo a nápoje | Nealkoholické nápoje | Limonády;4;https://www.heureka.sk/direct/xml-export/shops/heureka-sekce.xml
SK;4989;Mušty;Heureka.sk | Jedlo a nápoje | Nealkoholické nápoje | Mušty;4;https://www.heureka.sk/direct/xml-export/shops/heureka-sekce.xml
SK;3810;Vody;Heureka.sk | Jedlo a nápoje | Nealkoholické nápoje | Vody;4;https://www.heureka.sk/direct/xml-export/shops/heureka-sekce.xml
SK;6442;Ľadové čaje;Heureka.sk | Jedlo a nápoje | Nealkoholické nápoje | Ľadové čaje;4;https://www.heureka.sk/direct/xml-export/shops/heureka-sekce.xml
SK;3807;Šťavy a sirupy;Heureka.sk | Jedlo a nápoje | Nealkoholické nápoje | Šťavy a sirupy;4;https://www.heureka.sk/direct/xml-export/shops/heureka-sekce.xml
SK;5763;Orechy a semienka;Heureka.sk | Jedlo a nápoje | Oriešky, sušené plody a semienka | Orechy a semienka;4;https://www.heureka.sk/direct/xml-export/shops/heureka-sekce.xml
SK;4294;Sušené plody;Heureka.sk | Jedlo a nápoje | Oriešky, sušené plody a semienka | Sušené plody;4;https://www.heureka.sk/direct/xml-export/shops/heureka-sekce.xml
SK;4312;Chlieb;Heureka.sk | Jedlo a nápoje | Pekáreň a cukráreň | Pečivo | Chlieb;5;https://www.heureka.sk/direct/xml-export/shops/heureka-sekce.xml
SK;4314;Sladké pečivo;Heureka.sk | Jedlo a nápoje | Pekáreň a cukráreň | Pečivo | Sladké pečivo;5;https://www.heureka.sk/direct/xml-export/shops/heureka-sekce.xml
SK;4313;Slané pečivo;Heureka.sk | Jedlo a nápoje | Pekáreň a cukráreň | Pečivo | Slané pečivo;5;https://www.heureka.sk/direct/xml-export/shops/heureka-sekce.xml
SK;6881;Tortilly a pitta chleby;Heureka.sk | Jedlo a nápoje | Pekáreň a cukráreň | Pečivo | Tortilly a pitta chleby;5;https://www.heureka.sk/direct/xml-export/shops/heureka-sekce.xml
SK;4311;Trvanlivé pečivo;Heureka.sk | Jedlo a nápoje | Pekáreň a cukráreň | Pečivo | Trvanlivé pečivo;5;https://www.heureka.sk/direct/xml-export/shops/heureka-sekce.xml
SK;6885;Racio a Knäckebroty;Heureka.sk | Jedlo a nápoje | Pekáreň a cukráreň | Racio a Knäckebroty;4;https://www.heureka.sk/direct/xml-export/shops/heureka-sekce.xml
SK;4360;Bezlepkové potraviny;Heureka.sk | Jedlo a nápoje | Rastlinné alternatívy | Bezlepkové potraviny;4;https://www.heureka.sk/direct/xml-export/shops/heureka-sekce.xml
SK;5972;Rastlinné mlieka a nápoje;Heureka.sk | Jedlo a nápoje | Rastlinné alternatívy | Rastlinné mlieka a nápoje;4;https://www.heureka.sk/direct/xml-export/shops/heureka-sekce.xml
SK;5973;Rastlinné smotany;Heureka.sk | Jedlo a nápoje | Rastlinné alternatívy | Rastlinné smotany;4;https://www.heureka.sk/direct/xml-export/shops/heureka-sekce.xml
SK;4318;Bonboniéry;Heureka.sk | Jedlo a nápoje | Sladkosti | Bonboniéry;4;https://www.heureka.sk/direct/xml-export/shops/heureka-sekce.xml
SK;4319;Cukríky a lízanky;Heureka.sk | Jedlo a nápoje | Sladkosti | Cukríky a lízanky;4;https://www.heureka.sk/direct/xml-export/shops/heureka-sekce.xml
SK;2128;Müsli tyčinky;Heureka.sk | Jedlo a nápoje | Sladkosti | Müsli tyčinky;4;https://www.heureka.sk/direct/xml-export/shops/heureka-sekce.xml
SK;4322;Oblátky;Heureka.sk | Jedlo a nápoje | Sladkosti | Oblátky;4;https://www.heureka.sk/direct/xml-export/shops/heureka-sekce.xml
SK;6555;Perníky;Heureka.sk | Jedlo a nápoje | Sladkosti | Perníky;4;https://www.heureka.sk/direct/xml-export/shops/heureka-sekce.xml
SK;6367;Piškóty;Heureka.sk | Jedlo a nápoje | Sladkosti | Piškóty;4;https://www.heureka.sk/direct/xml-export/shops/heureka-sekce.xml
SK;4323;Sušienky;Heureka.sk | Jedlo a nápoje | Sladkosti | Sušienky;4;https://www.heureka.sk/direct/xml-export/shops/heureka-sekce.xml
SK;6880;Torty a zákusky;Heureka.sk | Jedlo a nápoje | Sladkosti | Torty a zákusky;4;https://www.heureka.sk/direct/xml-export/shops/heureka-sekce.xml
SK;6556;Trubičky;Heureka.sk | Jedlo a nápoje | Sladkosti | Trubičky;4;https://www.heureka.sk/direct/xml-export/shops/heureka-sekce.xml
SK;6879;Čajové pečivo;Heureka.sk | Jedlo a nápoje | Sladkosti | Čajové pečivo;4;https://www.heureka.sk/direct/xml-export/shops/heureka-sekce.xml
SK;6372;Čokoládové figúrky;Heureka.sk | Jedlo a nápoje | Sladkosti | Čokoládové figúrky;4;https://www.heureka.sk/direct/xml-export/shops/heureka-sekce.xml
SK;4321;Čokoládové tyčinky;Heureka.sk | Jedlo a nápoje | Sladkosti | Čokoládové tyčinky;4;https://www.heureka.sk/direct/xml-export/shops/heureka-sekce.xml
SK;4317;Čokolády;Heureka.sk | Jedlo a nápoje | Sladkosti | Čokolády;4;https://www.heureka.sk/direct/xml-export/shops/heureka-sekce.xml
SK;4320;Žuvačky;Heureka.sk | Jedlo a nápoje | Sladkosti | Žuvačky;4;https://www.heureka.sk/direct/xml-export/shops/heureka-sekce.xml
SK;4315;Cereálie a müsli;Heureka.sk | Jedlo a nápoje | Trvanlivé potraviny | Cereálie a müsli;4;https://www.heureka.sk/direct/xml-export/shops/heureka-sekce.xml
SK;3837;Cestoviny;Heureka.sk | Jedlo a nápoje | Trvanlivé potraviny | Cestoviny, ryža, strukoviny | Cestoviny;5;https://www.heureka.sk/direct/xml-export/shops/heureka-sekce.xml
SK;4333;Obilniny;Heureka.sk | Jedlo a nápoje | Trvanlivé potraviny | Cestoviny, ryža, strukoviny | Obilniny;5;https://www.heureka.sk/direct/xml-export/shops/heureka-sekce.xml
SK;3849;Ryža;Heureka.sk | Jedlo a nápoje | Trvanlivé potraviny | Cestoviny, ryža, strukoviny | Ryža;5;https://www.heureka.sk/direct/xml-export/shops/heureka-sekce.xml
SK;3840;Strukoviny;Heureka.sk | Jedlo a nápoje | Trvanlivé potraviny | Cestoviny, ryža, strukoviny | Strukoviny;5;https://www.heureka.sk/direct/xml-export/shops/heureka-sekce.xml
SK;4891;Potravinárske arómy;Heureka.sk | Jedlo a nápoje | Trvanlivé potraviny | Cukrárské suroviny | Potravinárske arómy;5;https://www.heureka.sk/direct/xml-export/shops/heureka-sekce.xml
SK;4890;Potravinárske farby a farbivá;Heureka.sk | Jedlo a nápoje | Trvanlivé potraviny | Cukrárské suroviny | Potravinárske farby a farbivá;5;https://www.heureka.sk/direct/xml-export/shops/heureka-sekce.xml
SK;4889;Poťahovacie hmoty na torty a marcipán;Heureka.sk | Jedlo a nápoje | Trvanlivé potraviny | Cukrárské suroviny | Poťahovacie hmoty na torty a marcipán;5;https://www.heureka.sk/direct/xml-export/shops/heureka-sekce.xml
SK;4329;Džemy a marmelády;Heureka.sk | Jedlo a nápoje | Trvanlivé potraviny | Džemy, medy a čokoládové nátierky | Džemy a marmelády;5;https://www.heureka.sk/direct/xml-export/shops/heureka-sekce.xml
SK;4330;Medy;Heureka.sk | Jedlo a nápoje | Trvanlivé potraviny | Džemy, medy a čokoládové nátierky | Medy;5;https://www.heureka.sk/direct/xml-export/shops/heureka-sekce.xml
SK;4331;Čokoládové a orechové nátierky;Heureka.sk | Jedlo a nápoje | Trvanlivé potraviny | Džemy, medy a čokoládové nátierky | Čokoládové a orechové nátierky;5;https://www.heureka.sk/direct/xml-export/shops/heureka-sekce.xml
SK;6883;Hotové cestá;Heureka.sk | Jedlo a nápoje | Trvanlivé potraviny | Hotové a instantné jedlá | Hotové cestá;5;https://www.heureka.sk/direct/xml-export/shops/heureka-sekce.xml
SK;6368;Hotové jedlá;Heureka.sk | Jedlo a nápoje | Trvanlivé potraviny | Hotové a instantné jedlá | Hotové jedlá;5;https://www.heureka.sk/direct/xml-export/shops/heureka-sekce.xml
SK;4336;Instantné jedlá;Heureka.sk | Jedlo a nápoje | Trvanlivé potraviny | Hotové a instantné jedlá | Instantné jedlá a prílohy | Instantné jedlá;6;https://www.heureka.sk/direct/xml-export/shops/heureka-sekce.xml
SK;3846;Instantné polievky;Heureka.sk | Jedlo a nápoje | Trvanlivé potraviny | Hotové a instantné jedlá | Instantné jedlá a prílohy | Instantné polievky;6;https://www.heureka.sk/direct/xml-export/shops/heureka-sekce.xml
SK;4350;Chlebové a pizza zmesi;Heureka.sk | Jedlo a nápoje | Trvanlivé potraviny | Hotové a instantné jedlá | Instantné jedlá a prílohy | Instantné zmesi na pečenie | Chlebové a pizza zmesi;7;https://www.heureka.sk/direct/xml-export/shops/heureka-sekce.xml
SK;4339;Konzervovaná a nakladaná zelenina;Heureka.sk | Jedlo a nápoje | Trvanlivé potraviny | Konzervované potraviny | Konzervovaná a nakladaná zelenina;5;https://www.heureka.sk/direct/xml-export/shops/heureka-sekce.xml
SK;6878;Konzervované a nakladané huby;Heureka.sk | Jedlo a nápoje | Trvanlivé potraviny | Konzervované potraviny | Konzervované a nakladané huby;5;https://www.heureka.sk/direct/xml-export/shops/heureka-sekce.xml
SK;4338;Konzervované ovocie;Heureka.sk | Jedlo a nápoje | Trvanlivé potraviny | Konzervované potraviny | Konzervované ovocie;5;https://www.heureka.sk/direct/xml-export/shops/heureka-sekce.xml
SK;4340;Mäsa v konzerve;Heureka.sk | Jedlo a nápoje | Trvanlivé potraviny | Konzervované potraviny | Mäsa v konzerve;5;https://www.heureka.sk/direct/xml-export/shops/heureka-sekce.xml
SK;3852;Paštéty;Heureka.sk | Jedlo a nápoje | Trvanlivé potraviny | Konzervované potraviny | Paštéty;5;https://www.heureka.sk/direct/xml-export/shops/heureka-sekce.xml
SK;4341;Ryby v konzerve;Heureka.sk | Jedlo a nápoje | Trvanlivé potraviny | Konzervované potraviny | Ryby v konzerve;5;https://www.heureka.sk/direct/xml-export/shops/heureka-sekce.xml
SK;4335;Bujóny;Heureka.sk | Jedlo a nápoje | Trvanlivé potraviny | Korenie a dochucovadlá | Bujóny;5;https://www.heureka.sk/direct/xml-export/shops/heureka-sekce.xml
SK;1599;Cukor;Heureka.sk | Jedlo a nápoje | Trvanlivé potraviny | Korenie a dochucovadlá | Cukor;5;https://www.heureka.sk/direct/xml-export/shops/heureka-sekce.xml
SK;3839;Dochucovadlá;Heureka.sk | Jedlo a nápoje | Trvanlivé potraviny | Korenie a dochucovadlá | Dochucovadlá;5;https://www.heureka.sk/direct/xml-export/shops/heureka-sekce.xml
SK;1857;Jednodruhové korenie;Heureka.sk | Jedlo a nápoje | Trvanlivé potraviny | Korenie a dochucovadlá | Korenie | Jednodruhové korenie;6;https://www.heureka.sk/direct/xml-export/shops/heureka-sekce.xml
SK;6932;Koreniace zmesi;Heureka.sk | Jedlo a nápoje | Trvanlivé potraviny | Korenie a dochucovadlá | Korenie | Koreniace zmesi;6;https://www.heureka.sk/direct/xml-export/shops/heureka-sekce.xml
SK;4343;Kuchyňská soľ;Heureka.sk | Jedlo a nápoje | Trvanlivé potraviny | Korenie a dochucovadlá | Kuchyňská soľ;5;https://www.heureka.sk/direct/xml-export/shops/heureka-sekce.xml
SK;6933;Marinády;Heureka.sk | Jedlo a nápoje | Trvanlivé potraviny | Korenie a dochucovadlá | Marinády;5;https://www.heureka.sk/direct/xml-export/shops/heureka-sekce.xml
SK;3913;Octy;Heureka.sk | Jedlo a nápoje | Trvanlivé potraviny | Korenie a dochucovadlá | Octy;5;https://www.heureka.sk/direct/xml-export/shops/heureka-sekce.xml
SK;3853;Sladidlá;Heureka.sk | Jedlo a nápoje | Trvanlivé potraviny | Korenie a dochucovadlá | Sladidlá;5;https://www.heureka.sk/direct/xml-export/shops/heureka-sekce.xml
SK;6358;Dresingy;Heureka.sk | Jedlo a nápoje | Trvanlivé potraviny | Majonézy, tatárske omáčky a dresingy | Dresingy;5;https://www.heureka.sk/direct/xml-export/shops/heureka-sekce.xml
SK;4306;Majonézy;Heureka.sk | Jedlo a nápoje | Trvanlivé potraviny | Majonézy, tatárske omáčky a dresingy | Majonézy;5;https://www.heureka.sk/direct/xml-export/shops/heureka-sekce.xml
SK;6357;Tatárske omáčky;Heureka.sk | Jedlo a nápoje | Trvanlivé potraviny | Majonézy, tatárske omáčky a dresingy | Tatárske omáčky;5;https://www.heureka.sk/direct/xml-export/shops/heureka-sekce.xml
SK;4354;Horčice;Heureka.sk | Jedlo a nápoje | Trvanlivé potraviny | Omáčky, kečupy a horčice | Horčice;5;https://www.heureka.sk/direct/xml-export/shops/heureka-sekce.xml
SK;4353;Kečupy a pretlaky;Heureka.sk | Jedlo a nápoje | Trvanlivé potraviny | Omáčky, kečupy a horčice | Kečupy a pretlaky;5;https://www.heureka.sk/direct/xml-export/shops/heureka-sekce.xml
SK;4355;Omáčky;Heureka.sk | Jedlo a nápoje | Trvanlivé potraviny | Omáčky, kečupy a horčice | Omáčky;5;https://www.heureka.sk/direct/xml-export/shops/heureka-sekce.xml
SK;4345;Kuchynské oleje;Heureka.sk | Jedlo a nápoje | Trvanlivé potraviny | Prísady na varenie a pečenie | Kuchynské oleje;5;https://www.heureka.sk/direct/xml-export/shops/heureka-sekce.xml
SK;2844;Kuchynské oleje v spreji;Heureka.sk | Jedlo a nápoje | Trvanlivé potraviny | Prísady na varenie a pečenie | Kuchynské oleje v spreji;5;https://www.heureka.sk/direct/xml-export/shops/heureka-sekce.xml
SK;3838;Múky;Heureka.sk | Jedlo a nápoje | Trvanlivé potraviny | Prísady na varenie a pečenie | Múky;5;https://www.heureka.sk/direct/xml-export/shops/heureka-sekce.xml
SK;4351;Prísady na pečenie a konzervovanie;Heureka.sk | Jedlo a nápoje | Trvanlivé potraviny | Prísady na varenie a pečenie | Prísady na pečenie a konzervovanie;5;https://www.heureka.sk/direct/xml-export/shops/heureka-sekce.xml
SK;4346;Pudingy v prášku;Heureka.sk | Jedlo a nápoje | Trvanlivé potraviny | Prísady na varenie a pečenie | Pudingy v prášku;5;https://www.heureka.sk/direct/xml-export/shops/heureka-sekce.xml
SK;4325;Chipsy a lupienky;Heureka.sk | Jedlo a nápoje | Trvanlivé potraviny | Slané snacky | Chipsy a lupienky;5;https://www.heureka.sk/direct/xml-export/shops/heureka-sekce.xml
SK;4326;Krekry a snacky;Heureka.sk | Jedlo a nápoje | Trvanlivé potraviny | Slané snacky | Krekry a snacky;5;https://www.heureka.sk/direct/xml-export/shops/heureka-sekce.xml
SK;4327;Popcorn;Heureka.sk | Jedlo a nápoje | Trvanlivé potraviny | Slané snacky | Popcorn;5;https://www.heureka.sk/direct/xml-export/shops/heureka-sekce.xml
SK;6884;Strúhanky a zmesi na obaľovanie;Heureka.sk | Jedlo a nápoje | Trvanlivé potraviny | Strúhanky a zmesi na obaľovanie;4;https://www.heureka.sk/direct/xml-export/shops/heureka-sekce.xml
SK;2520;Sušené mäso;Heureka.sk | Jedlo a nápoje | Trvanlivé potraviny | Sušené mäso;4;https://www.heureka.sk/direct/xml-export/shops/heureka-sekce.xml
SK;3855;Bylinky;Heureka.sk | Jedlo a nápoje | Čaje a bylinky | Bylinky;4;https://www.heureka.sk/direct/xml-export/shops/heureka-sekce.xml
SK;1593;Čaje;Heureka.sk | Jedlo a nápoje | Čaje a bylinky | Čaje;4;https://www.heureka.sk/direct/xml-export/shops/heureka-sekce.xml
SK;4302;Margaríny;Heureka.sk | Jedlo a nápoje | Čerstvé potraviny | Maslá, margaríny a nátierky | Margaríny;5;https://www.heureka.sk/direct/xml-export/shops/heureka-sekce.xml
SK;4301;Maslá;Heureka.sk | Jedlo a nápoje | Čerstvé potraviny | Maslá, margaríny a nátierky | Maslá;5;https://www.heureka.sk/direct/xml-export/shops/heureka-sekce.xml
SK;3890;Nátierky;Heureka.sk | Jedlo a nápoje | Čerstvé potraviny | Maslá, margaríny a nátierky | Nátierky;5;https://www.heureka.sk/direct/xml-export/shops/heureka-sekce.xml
SK;6365;Huspeniny;Heureka.sk | Jedlo a nápoje | Čerstvé potraviny | Údeniny a lahôdky | Huspeniny;5;https://www.heureka.sk/direct/xml-export/shops/heureka-sekce.xml
SK;6363;Lahôdkové šaláty;Heureka.sk | Jedlo a nápoje | Čerstvé potraviny | Údeniny a lahôdky | Lahôdkové šaláty;5;https://www.heureka.sk/direct/xml-export/shops/heureka-sekce.xml
SK;6364;Nakladané syry;Heureka.sk | Jedlo a nápoje | Čerstvé potraviny | Údeniny a lahôdky | Nakladané syry;5;https://www.heureka.sk/direct/xml-export/shops/heureka-sekce.xml
SK;6362;Rybie špeciality;Heureka.sk | Jedlo a nápoje | Čerstvé potraviny | Údeniny a lahôdky | Rybie špeciality;5;https://www.heureka.sk/direct/xml-export/shops/heureka-sekce.xml
SK;6366;Tapas, predjedlá a špeciality;Heureka.sk | Jedlo a nápoje | Čerstvé potraviny | Údeniny a lahôdky | Tapas, predjedlá a špeciality;5;https://www.heureka.sk/direct/xml-export/shops/heureka-sekce.xml
SK;3914;Údeniny;Heureka.sk | Jedlo a nápoje | Čerstvé potraviny | Údeniny a lahôdky | Údeniny;5;https://www.heureka.sk/direct/xml-export/shops/heureka-sekce.xml
SK;8401;Dochádzkové systémy;Heureka.sk | Kancelária a papiernictvo | Kancelárska technika a vybavenie prevádzok | Dochádzkové systémy;4;https://www.heureka.sk/direct/xml-export/shops/heureka-sekce.xml
SK;826;Faxy;Heureka.sk | Kancelária a papiernictvo | Kancelárska technika a vybavenie prevádzok | Faxy;4;https://www.heureka.sk/direct/xml-export/shops/heureka-sekce.xml
SK;6913;Interaktívne displeje;Heureka.sk | Kancelária a papiernictvo | Kancelárska technika a vybavenie prevádzok | Interaktívne displeje;4;https://www.heureka.sk/direct/xml-export/shops/heureka-sekce.xml
SK;6914;Komerčné panely;Heureka.sk | Kancelária a papiernictvo | Kancelárska technika a vybavenie prevádzok | Komerčné panely;4;https://www.heureka.sk/direct/xml-export/shops/heureka-sekce.xml
SK;1893;Laminátory;Heureka.sk | Kancelária a papiernictvo | Kancelárska technika a vybavenie prevádzok | Laminátory;4;https://www.heureka.sk/direct/xml-export/shops/heureka-sekce.xml
SK;2081;Elektronické registračné pokladnice;Heureka.sk | Kancelária a papiernictvo | Kancelárska technika a vybavenie prevádzok | Pokladničné systémy | Elektronické registračné pokladnice;5;https://www.heureka.sk/direct/xml-export/shops/heureka-sekce.xml
SK;2080;Monitory pre pokladničné systémy;Heureka.sk | Kancelária a papiernictvo | Kancelárska technika a vybavenie prevádzok | Pokladničné systémy | Monitory pre pokladničné systémy;5;https://www.heureka.sk/direct/xml-export/shops/heureka-sekce.xml
SK;2106;Pokladničné terminály;Heureka.sk | Kancelária a papiernictvo | Kancelárska technika a vybavenie prevádzok | Pokladničné systémy | Pokladničné terminály;5;https://www.heureka.sk/direct/xml-export/shops/heureka-sekce.xml
SK;2075;Pokladničné tlačiarne;Heureka.sk | Kancelária a papiernictvo | Kancelárska technika a vybavenie prevádzok | Pokladničné systémy | Pokladničné tlačiarne;5;https://www.heureka.sk/direct/xml-export/shops/heureka-sekce.xml
SK;4020;Počítačky peňazí;Heureka.sk | Kancelária a papiernictvo | Kancelárska technika a vybavenie prevádzok | Pokladničné systémy | Počítačky peňazí;5;https://www.heureka.sk/direct/xml-export/shops/heureka-sekce.xml
SK;3703;Termopapiere;Heureka.sk | Kancelária a papiernictvo | Kancelárska technika a vybavenie prevádzok | Pokladničné systémy | Termopapiere;5;https://www.heureka.sk/direct/xml-export/shops/heureka-sekce.xml
SK;5372;Tlačiarne plastových kariet;Heureka.sk | Kancelária a papiernictvo | Kancelárska technika a vybavenie prevádzok | Pokladničné systémy | Tlačiarne plastových kariet;5;https://www.heureka.sk/direct/xml-export/shops/heureka-sekce.xml
SK;2077;Zákaznícke displeje;Heureka.sk | Kancelária a papiernictvo | Kancelárska technika a vybavenie prevádzok | Pokladničné systémy | Zákaznícke displeje;5;https://www.heureka.sk/direct/xml-export/shops/heureka-sekce.xml
SK;2076;Čítačky kariet;Heureka.sk | Kancelária a papiernictvo | Kancelárska technika a vybavenie prevádzok | Pokladničné systémy | Čítačky kariet;5;https://www.heureka.sk/direct/xml-export/shops/heureka-sekce.xml
SK;2104;Čítačky čiarových kódov;Heureka.sk | Kancelária a papiernictvo | Kancelárska technika a vybavenie prevádzok | Pokladničné systémy | Čítačky čiarových kódov;5;https://www.heureka.sk/direct/xml-export/shops/heureka-sekce.xml
SK;3192;Farbiace pásky;Heureka.sk | Kancelária a papiernictvo | Kancelárska technika a vybavenie prevádzok | Príslušenstvo ku kancelárskej technike | Farbiace pásky;5;https://www.heureka.sk/direct/xml-export/shops/heureka-sekce.xml
SK;3245;Faxové fólie;Heureka.sk | Kancelária a papiernictvo | Kancelárska technika a vybavenie prevádzok | Príslušenstvo ku kancelárskej technike | Faxové fólie;5;https://www.heureka.sk/direct/xml-export/shops/heureka-sekce.xml
SK;5237;Laminovacie fólie;Heureka.sk | Kancelária a papiernictvo | Kancelárska technika a vybavenie prevádzok | Príslušenstvo ku kancelárskej technike | Laminovacie fólie;5;https://www.heureka.sk/direct/xml-export/shops/heureka-sekce.xml
SK;2629;Viazacie väzby a kryty;Heureka.sk | Kancelária a papiernictvo | Kancelárska technika a vybavenie prevádzok | Príslušenstvo ku kancelárskej technike | Viazacie väzby a kryty;5;https://www.heureka.sk/direct/xml-export/shops/heureka-sekce.xml
SK;1888;Rezačky na papier;Heureka.sk | Kancelária a papiernictvo | Kancelárska technika a vybavenie prevádzok | Rezačky na papier;4;https://www.heureka.sk/direct/xml-export/shops/heureka-sekce.xml
SK;1792;Skartovače;Heureka.sk | Kancelária a papiernictvo | Kancelárska technika a vybavenie prevádzok | Skartovače;4;https://www.heureka.sk/direct/xml-export/shops/heureka-sekce.xml
SK;1945;Tlačiarne štítkov;Heureka.sk | Kancelária a papiernictvo | Kancelárska technika a vybavenie prevádzok | Tlačiarne štítkov;4;https://www.heureka.sk/direct/xml-export/shops/heureka-sekce.xml
SK;1894;Viazače;Heureka.sk | Kancelária a papiernictvo | Kancelárska technika a vybavenie prevádzok | Viazače;4;https://www.heureka.sk/direct/xml-export/shops/heureka-sekce.xml
SK;927;Kalkulačky;Heureka.sk | Kancelária a papiernictvo | Kancelárske potreby | Kalkulačky;4;https://www.heureka.sk/direct/xml-export/shops/heureka-sekce.xml
SK;6334;Kancelárske sponky a klipy;Heureka.sk | Kancelária a papiernictvo | Kancelárske potreby | Kancelárske sponky a klipy;4;https://www.heureka.sk/direct/xml-export/shops/heureka-sekce.xml
SK;1884;Korekčné prostriedky;Heureka.sk | Kancelária a papiernictvo | Kancelárske potreby | Korekčné a lepiace prostriedky | Korekčné prostriedky;5;https://www.heureka.sk/direct/xml-export/shops/heureka-sekce.xml
SK;1883;Lepiace pásky;Heureka.sk | Kancelária a papiernictvo | Kancelárske potreby | Korekčné a lepiace prostriedky | Lepiace pásky;5;https://www.heureka.sk/direct/xml-export/shops/heureka-sekce.xml
SK;1885;Lepidlá na papier;Heureka.sk | Kancelária a papiernictvo | Kancelárske potreby | Korekčné a lepiace prostriedky | Lepidlá na papier;5;https://www.heureka.sk/direct/xml-export/shops/heureka-sekce.xml
SK;2747;Lupy na čítanie;Heureka.sk | Kancelária a papiernictvo | Kancelárske potreby | Lupy na čítanie;4;https://www.heureka.sk/direct/xml-export/shops/heureka-sekce.xml
SK;1890;Nožnice a otvárače obálok;Heureka.sk | Kancelária a papiernictvo | Kancelárske potreby | Nožnice a otvárače obálok;4;https://www.heureka.sk/direct/xml-export/shops/heureka-sekce.xml
SK;1863;Archivačné boxy a škatule;Heureka.sk | Kancelária a papiernictvo | Kancelárske potreby | Organizácia a archivácia dokumentov | Archivačné boxy a škatule;5;https://www.heureka.sk/direct/xml-export/shops/heureka-sekce.xml
SK;6466;Dosky na dokumenty;Heureka.sk | Kancelária a papiernictvo | Kancelárske potreby | Organizácia a archivácia dokumentov | Dosky na dokumenty;5;https://www.heureka.sk/direct/xml-export/shops/heureka-sekce.xml
SK;8348;Dosky s klipom a podložky;Heureka.sk | Kancelária a papiernictvo | Kancelárske potreby | Organizácia a archivácia dokumentov | Dosky s klipom a podložky;5;https://www.heureka.sk/direct/xml-export/shops/heureka-sekce.xml
SK;8324;Euroobaly;Heureka.sk | Kancelária a papiernictvo | Kancelárske potreby | Organizácia a archivácia dokumentov | Euroobaly;5;https://www.heureka.sk/direct/xml-export/shops/heureka-sekce.xml
SK;8330;Odkladače a zásuvky;Heureka.sk | Kancelária a papiernictvo | Kancelárske potreby | Organizácia a archivácia dokumentov | Odkladače a zásuvky;5;https://www.heureka.sk/direct/xml-export/shops/heureka-sekce.xml
SK;1868;Vizitkáre;Heureka.sk | Kancelária a papiernictvo | Kancelárske potreby | Organizácia a archivácia dokumentov | Vizitkáre;5;https://www.heureka.sk/direct/xml-export/shops/heureka-sekce.xml
SK;1860;Šanóny a zakladače;Heureka.sk | Kancelária a papiernictvo | Kancelárske potreby | Organizácia a archivácia dokumentov | Šanóny a zakladače;5;https://www.heureka.sk/direct/xml-export/shops/heureka-sekce.xml
SK;8291;Pečiatkové farby;Heureka.sk | Kancelária a papiernictvo | Kancelárske potreby | Pečiatky a príslušenstvo | Pečiatkové farby;5;https://www.heureka.sk/direct/xml-export/shops/heureka-sekce.xml
SK;8292;Pečiatkové podušky;Heureka.sk | Kancelária a papiernictvo | Kancelárske potreby | Pečiatky a príslušenstvo | Pečiatkové podušky;5;https://www.heureka.sk/direct/xml-export/shops/heureka-sekce.xml
SK;1881;Pečiatky;Heureka.sk | Kancelária a papiernictvo | Kancelárske potreby | Pečiatky a príslušenstvo | Pečiatky;5;https://www.heureka.sk/direct/xml-export/shops/heureka-sekce.xml
SK;5395;Príslušenstvo pre pečiatky;Heureka.sk | Kancelária a papiernictvo | Kancelárske potreby | Pečiatky a príslušenstvo | Príslušenstvo pre pečiatky;5;https://www.heureka.sk/direct/xml-export/shops/heureka-sekce.xml
SK;2954;Diáre;Heureka.sk | Kancelária a papiernictvo | Kancelárske potreby | Poznámkové bloky a diáre | Diáre;5;https://www.heureka.sk/direct/xml-export/shops/heureka-sekce.xml
SK;5023;Poznámkové bloky;Heureka.sk | Kancelária a papiernictvo | Kancelárske potreby | Poznámkové bloky a diáre | Poznámkové bloky;5;https://www.heureka.sk/direct/xml-export/shops/heureka-sekce.xml
SK;2367;Flip-chart;Heureka.sk | Kancelária a papiernictvo | Kancelárske potreby | Vizuálna komunikácia | Flip-chart;5;https://www.heureka.sk/direct/xml-export/shops/heureka-sekce.xml
SK;2933;Plagátové rámy;Heureka.sk | Kancelária a papiernictvo | Kancelárske potreby | Vizuálna komunikácia | Plagátové rámy;5;https://www.heureka.sk/direct/xml-export/shops/heureka-sekce.xml
SK;2936;Reklamné vitríny;Heureka.sk | Kancelária a papiernictvo | Kancelárske potreby | Vizuálna komunikácia | Reklamné vitríny;5;https://www.heureka.sk/direct/xml-export/shops/heureka-sekce.xml
SK;2935;Roll up bannery;Heureka.sk | Kancelária a papiernictvo | Kancelárske potreby | Vizuálna komunikácia | Roll up bannery;5;https://www.heureka.sk/direct/xml-export/shops/heureka-sekce.xml
SK;2934;Stojany na plagáty a letáky;Heureka.sk | Kancelária a papiernictvo | Kancelárske potreby | Vizuálna komunikácia | Stojany na plagáty a letáky;5;https://www.heureka.sk/direct/xml-export/shops/heureka-sekce.xml
SK;2938;Tabule;Heureka.sk | Kancelária a papiernictvo | Kancelárske potreby | Vizuálna komunikácia | Tabule;5;https://www.heureka.sk/direct/xml-export/shops/heureka-sekce.xml
SK;1887;Dierovačky;Heureka.sk | Kancelária a papiernictvo | Kancelárske potreby | Zošívačky a dierovačky | Dierovačky;5;https://www.heureka.sk/direct/xml-export/shops/heureka-sekce.xml
SK;1889;Náplne do zošívačiek;Heureka.sk | Kancelária a papiernictvo | Kancelárske potreby | Zošívačky a dierovačky | Náplne do zošívačiek;5;https://www.heureka.sk/direct/xml-export/shops/heureka-sekce.xml
SK;8338;Rozšívačky;Heureka.sk | Kancelária a papiernictvo | Kancelárske potreby | Zošívačky a dierovačky | Rozšívačky;5;https://www.heureka.sk/direct/xml-export/shops/heureka-sekce.xml
SK;1886;Zošívačky;Heureka.sk | Kancelária a papiernictvo | Kancelárske potreby | Zošívačky a dierovačky | Zošívačky;5;https://www.heureka.sk/direct/xml-export/shops/heureka-sekce.xml
SK;6335;Špendlíky a pripináčiky;Heureka.sk | Kancelária a papiernictvo | Kancelárske potreby | Špendlíky a pripináčiky;4;https://www.heureka.sk/direct/xml-export/shops/heureka-sekce.xml
SK;5296;Blahoželania;Heureka.sk | Kancelária a papiernictvo | Papiernictvo | Blahoželania a pohľadnice | Blahoželania;5;https://www.heureka.sk/direct/xml-export/shops/heureka-sekce.xml
SK;5295;Pohľadnice;Heureka.sk | Kancelária a papiernictvo | Papiernictvo | Blahoželania a pohľadnice | Pohľadnice;5;https://www.heureka.sk/direct/xml-export/shops/heureka-sekce.xml
SK;4681;Obálky;Heureka.sk | Kancelária a papiernictvo | Papiernictvo | Obálky;4;https://www.heureka.sk/direct/xml-export/shops/heureka-sekce.xml
SK;1874;Ceruzky, mikroceruzky a versatilky;Heureka.sk | Kancelária a papiernictvo | Papiernictvo | Písacie potreby a príslušenstvo | Ceruzky, mikroceruzky a versatilky;5;https://www.heureka.sk/direct/xml-export/shops/heureka-sekce.xml
SK;3747;Fixky;Heureka.sk | Kancelária a papiernictvo | Papiernictvo | Písacie potreby a príslušenstvo | Fixky;5;https://www.heureka.sk/direct/xml-export/shops/heureka-sekce.xml
SK;7012;Kaligrafické sady;Heureka.sk | Kancelária a papiernictvo | Papiernictvo | Písacie potreby a príslušenstvo | Kaligrafia | Kaligrafické sady;6;https://www.heureka.sk/direct/xml-export/shops/heureka-sekce.xml
SK;6963;Pečatné vosky a pečatidlá;Heureka.sk | Kancelária a papiernictvo | Papiernictvo | Písacie potreby a príslušenstvo | Kaligrafia | Pečatné vosky a pečatidlá;6;https://www.heureka.sk/direct/xml-export/shops/heureka-sekce.xml
SK;1880;Náplne do písacích potrieb;Heureka.sk | Kancelária a papiernictvo | Papiernictvo | Písacie potreby a príslušenstvo | Náplne do písacích potrieb;5;https://www.heureka.sk/direct/xml-export/shops/heureka-sekce.xml
SK;1873;Pera a guľôčkové perá;Heureka.sk | Kancelária a papiernictvo | Papiernictvo | Písacie potreby a príslušenstvo | Pera a guľôčkové perá;5;https://www.heureka.sk/direct/xml-export/shops/heureka-sekce.xml
SK;1875;Popisovače;Heureka.sk | Kancelária a papiernictvo | Papiernictvo | Písacie potreby a príslušenstvo | Popisovače;5;https://www.heureka.sk/direct/xml-export/shops/heureka-sekce.xml
SK;1878;Pravítka;Heureka.sk | Kancelária a papiernictvo | Papiernictvo | Písacie potreby a príslušenstvo | Pravítka;5;https://www.heureka.sk/direct/xml-export/shops/heureka-sekce.xml
SK;1988;Písacie súpravy;Heureka.sk | Kancelária a papiernictvo | Papiernictvo | Písacie potreby a príslušenstvo | Písacie súpravy;5;https://www.heureka.sk/direct/xml-export/shops/heureka-sekce.xml
SK;1876;Zvýrazňovače;Heureka.sk | Kancelária a papiernictvo | Papiernictvo | Písacie potreby a príslušenstvo | Zvýrazňovače;5;https://www.heureka.sk/direct/xml-export/shops/heureka-sekce.xml
SK;5025;Tlačivá;Heureka.sk | Kancelária a papiernictvo | Papiernictvo | Tlačivá;4;https://www.heureka.sk/direct/xml-export/shops/heureka-sekce.xml
SK;6867;Farby na batikovanie;Heureka.sk | Kancelária a papiernictvo | Papiernictvo | Výtvarné a kreatívne potreby | Kreatívne tvorenie | Batikovanie | Farby na batikovanie;7;https://www.heureka.sk/direct/xml-export/shops/heureka-sekce.xml
SK;4768;Laky a lepidlá na decoupage;Heureka.sk | Kancelária a papiernictvo | Papiernictvo | Výtvarné a kreatívne potreby | Kreatívne tvorenie | Decoupage | Laky a lepidlá na decoupage;7;https://www.heureka.sk/direct/xml-export/shops/heureka-sekce.xml
SK;8289;Diamantové maľovanie;Heureka.sk | Kancelária a papiernictvo | Papiernictvo | Výtvarné a kreatívne potreby | Kreatívne tvorenie | Diamantové maľovanie;6;https://www.heureka.sk/direct/xml-export/shops/heureka-sekce.xml
SK;8321;Enkaustické vosky;Heureka.sk | Kancelária a papiernictvo | Papiernictvo | Výtvarné a kreatívne potreby | Kreatívne tvorenie | Enkaustika | Enkaustické vosky;7;https://www.heureka.sk/direct/xml-export/shops/heureka-sekce.xml
SK;8322;Ostatné pomôcky pre enkaustiku;Heureka.sk | Kancelária a papiernictvo | Papiernictvo | Výtvarné a kreatívne potreby | Kreatívne tvorenie | Enkaustika | Ostatné pomôcky pre enkaustiku;7;https://www.heureka.sk/direct/xml-export/shops/heureka-sekce.xml
SK;8339;Polotovary na dotvorenie;Heureka.sk | Kancelária a papiernictvo | Papiernictvo | Výtvarné a kreatívne potreby | Kreatívne tvorenie | Polotovary na dotvorenie;6;https://www.heureka.sk/direct/xml-export/shops/heureka-sekce.xml
SK;5071;Scrapbookingové súpravy;Heureka.sk | Kancelária a papiernictvo | Papiernictvo | Výtvarné a kreatívne potreby | Kreatívne tvorenie | Scrapbooking | Scrapbookingové súpravy;7;https://www.heureka.sk/direct/xml-export/shops/heureka-sekce.xml
SK;8329;Pigmenty do živice;Heureka.sk | Kancelária a papiernictvo | Papiernictvo | Výtvarné a kreatívne potreby | Kreatívne tvorenie | Tvorenie zo živice | Pigmenty do živice;7;https://www.heureka.sk/direct/xml-export/shops/heureka-sekce.xml
SK;3768;Detské samolepky;Heureka.sk | Kancelária a papiernictvo | Papiernictvo | Výtvarné a kreatívne potreby | Kreatívne tvorenie | Vystrihovanie a lepenie | Detské samolepky;7;https://www.heureka.sk/direct/xml-export/shops/heureka-sekce.xml
SK;6025;Ozdobné dierovačky;Heureka.sk | Kancelária a papiernictvo | Papiernictvo | Výtvarné a kreatívne potreby | Kreatívne tvorenie | Vystrihovanie a lepenie | Ozdobné dierovačky;7;https://www.heureka.sk/direct/xml-export/shops/heureka-sekce.xml
SK;4026;Vystrihovačky a papierové modely;Heureka.sk | Kancelária a papiernictvo | Papiernictvo | Výtvarné a kreatívne potreby | Kreatívne tvorenie | Vystrihovanie a lepenie | Vystrihovačky a papierové modely;7;https://www.heureka.sk/direct/xml-export/shops/heureka-sekce.xml
SK;6951;Washi pásky;Heureka.sk | Kancelária a papiernictvo | Papiernictvo | Výtvarné a kreatívne potreby | Kreatívne tvorenie | Vystrihovanie a lepenie | Washi pásky;7;https://www.heureka.sk/direct/xml-export/shops/heureka-sekce.xml
SK;4713;Výtvarné a kreatívne sady;Heureka.sk | Kancelária a papiernictvo | Papiernictvo | Výtvarné a kreatívne potreby | Kreatívne tvorenie | Výtvarné a kreatívne sady;6;https://www.heureka.sk/direct/xml-export/shops/heureka-sekce.xml
SK;4712;Dosky na výkresy;Heureka.sk | Kancelária a papiernictvo | Papiernictvo | Výtvarné a kreatívne potreby | Papiere na kreslenie a kartóny | Dosky na výkresy;6;https://www.heureka.sk/direct/xml-export/shops/heureka-sekce.xml
SK;4451;Farebné papiere;Heureka.sk | Kancelária a papiernictvo | Papiernictvo | Výtvarné a kreatívne potreby | Papiere na kreslenie a kartóny | Farebné papiere;6;https://www.heureka.sk/direct/xml-export/shops/heureka-sekce.xml
SK;5098;Krepové papiere;Heureka.sk | Kancelária a papiernictvo | Papiernictvo | Výtvarné a kreatívne potreby | Papiere na kreslenie a kartóny | Krepové papiere;6;https://www.heureka.sk/direct/xml-export/shops/heureka-sekce.xml
SK;847;Papiere do tlačiarní;Heureka.sk | Kancelária a papiernictvo | Papiernictvo | Výtvarné a kreatívne potreby | Papiere na kreslenie a kartóny | Papiere do tlačiarní;6;https://www.heureka.sk/direct/xml-export/shops/heureka-sekce.xml
SK;4452;Skicáre a náčrtníky;Heureka.sk | Kancelária a papiernictvo | Papiernictvo | Výtvarné a kreatívne potreby | Papiere na kreslenie a kartóny | Skicáre a náčrtníky;6;https://www.heureka.sk/direct/xml-export/shops/heureka-sekce.xml
SK;4695;Kresliace tabuľky;Heureka.sk | Kancelária a papiernictvo | Papiernictvo | Výtvarné a kreatívne potreby | Potreby na kreslenie | Kresliace tabuľky;6;https://www.heureka.sk/direct/xml-export/shops/heureka-sekce.xml
SK;5917;Kresliace šablóny;Heureka.sk | Kancelária a papiernictvo | Papiernictvo | Výtvarné a kreatívne potreby | Potreby na kreslenie | Kresliace šablóny;6;https://www.heureka.sk/direct/xml-export/shops/heureka-sekce.xml
SK;4706;Kriedy a uhly;Heureka.sk | Kancelária a papiernictvo | Papiernictvo | Výtvarné a kreatívne potreby | Potreby na kreslenie | Kriedy a uhly;6;https://www.heureka.sk/direct/xml-export/shops/heureka-sekce.xml
SK;4694;Omaľovánky;Heureka.sk | Kancelária a papiernictvo | Papiernictvo | Výtvarné a kreatívne potreby | Potreby na kreslenie | Omaľovánky;6;https://www.heureka.sk/direct/xml-export/shops/heureka-sekce.xml
SK;1877;Pastelky;Heureka.sk | Kancelária a papiernictvo | Papiernictvo | Výtvarné a kreatívne potreby | Potreby na kreslenie | Pastelky;6;https://www.heureka.sk/direct/xml-export/shops/heureka-sekce.xml
SK;4699;Pastely;Heureka.sk | Kancelária a papiernictvo | Papiernictvo | Výtvarné a kreatívne potreby | Potreby na kreslenie | Pastely;6;https://www.heureka.sk/direct/xml-export/shops/heureka-sekce.xml
SK;4707;Tuše a atramenty;Heureka.sk | Kancelária a papiernictvo | Papiernictvo | Výtvarné a kreatívne potreby | Potreby na kreslenie | Tuše a atramenty;6;https://www.heureka.sk/direct/xml-export/shops/heureka-sekce.xml
SK;4700;Voskovky;Heureka.sk | Kancelária a papiernictvo | Papiernictvo | Výtvarné a kreatívne potreby | Potreby na kreslenie | Voskovky;6;https://www.heureka.sk/direct/xml-export/shops/heureka-sekce.xml
SK;4763;Maliarske plátna;Heureka.sk | Kancelária a papiernictvo | Papiernictvo | Výtvarné a kreatívne potreby | Potreby na maľovanie | Maľovanie na plátno | Maliarske plátna;7;https://www.heureka.sk/direct/xml-export/shops/heureka-sekce.xml
SK;6000;Maliarske stojany;Heureka.sk | Kancelária a papiernictvo | Papiernictvo | Výtvarné a kreatívne potreby | Potreby na maľovanie | Maľovanie na plátno | Maliarske stojany;7;https://www.heureka.sk/direct/xml-export/shops/heureka-sekce.xml
SK;2986;Maľovanie podľa čísel;Heureka.sk | Kancelária a papiernictvo | Papiernictvo | Výtvarné a kreatívne potreby | Potreby na maľovanie | Maľovanie podľa čísel;6;https://www.heureka.sk/direct/xml-export/shops/heureka-sekce.xml
SK;4715;Akrylové a olejové farby;Heureka.sk | Kancelária a papiernictvo | Papiernictvo | Výtvarné a kreatívne potreby | Potreby na maľovanie | Umelecké farby | Akrylové a olejové farby;7;https://www.heureka.sk/direct/xml-export/shops/heureka-sekce.xml
SK;4764;Akvarelové farby;Heureka.sk | Kancelária a papiernictvo | Papiernictvo | Výtvarné a kreatívne potreby | Potreby na maľovanie | Umelecké farby | Akvarelové farby;7;https://www.heureka.sk/direct/xml-export/shops/heureka-sekce.xml
SK;4765;Farby a kontúry na hodváb;Heureka.sk | Kancelária a papiernictvo | Papiernictvo | Výtvarné a kreatívne potreby | Potreby na maľovanie | Umelecké farby | Farby a kontúry na hodváb;7;https://www.heureka.sk/direct/xml-export/shops/heureka-sekce.xml
SK;2994;Farby na sklo;Heureka.sk | Kancelária a papiernictvo | Papiernictvo | Výtvarné a kreatívne potreby | Potreby na maľovanie | Umelecké farby | Farby na sklo;7;https://www.heureka.sk/direct/xml-export/shops/heureka-sekce.xml
SK;2993;Farby na telo;Heureka.sk | Kancelária a papiernictvo | Papiernictvo | Výtvarné a kreatívne potreby | Potreby na maľovanie | Umelecké farby | Farby na telo;7;https://www.heureka.sk/direct/xml-export/shops/heureka-sekce.xml
SK;3746;Farby na textil;Heureka.sk | Kancelária a papiernictvo | Papiernictvo | Výtvarné a kreatívne potreby | Potreby na maľovanie | Umelecké farby | Farby na textil;7;https://www.heureka.sk/direct/xml-export/shops/heureka-sekce.xml
SK;4756;Glazúry a keramické farby;Heureka.sk | Kancelária a papiernictvo | Papiernictvo | Výtvarné a kreatívne potreby | Potreby na maľovanie | Umelecké farby | Glazúry a keramické farby;7;https://www.heureka.sk/direct/xml-export/shops/heureka-sekce.xml
SK;2991;Temperové farby;Heureka.sk | Kancelária a papiernictvo | Papiernictvo | Výtvarné a kreatívne potreby | Potreby na maľovanie | Umelecké farby | Temperové farby;7;https://www.heureka.sk/direct/xml-export/shops/heureka-sekce.xml
SK;5982;Vodové farby;Heureka.sk | Kancelária a papiernictvo | Papiernictvo | Výtvarné a kreatívne potreby | Potreby na maľovanie | Umelecké farby | Vodové farby;7;https://www.heureka.sk/direct/xml-export/shops/heureka-sekce.xml
SK;5101;Štetce a palety;Heureka.sk | Kancelária a papiernictvo | Papiernictvo | Výtvarné a kreatívne potreby | Potreby na maľovanie | Štetce a palety;6;https://www.heureka.sk/direct/xml-export/shops/heureka-sekce.xml
SK;5069;Korálkovanie;Heureka.sk | Kancelária a papiernictvo | Papiernictvo | Výtvarné a kreatívne potreby | Ručné práce | Korálkovanie;6;https://www.heureka.sk/direct/xml-export/shops/heureka-sekce.xml
SK;4105;Detské kufríky;Heureka.sk | Kancelária a papiernictvo | Školské potreby | Detské kufríky;4;https://www.heureka.sk/direct/xml-export/shops/heureka-sekce.xml
SK;4102;Dosky na abecedu a číslice;Heureka.sk | Kancelária a papiernictvo | Školské potreby | Dosky na abecedu a číslice;4;https://www.heureka.sk/direct/xml-export/shops/heureka-sekce.xml
SK;4101;Kornúty pre prváčikov;Heureka.sk | Kancelária a papiernictvo | Školské potreby | Kornúty pre prváčikov;4;https://www.heureka.sk/direct/xml-export/shops/heureka-sekce.xml
SK;2946;Podložky na písací stôl;Heureka.sk | Kancelária a papiernictvo | Školské potreby | Podložky na písací stôl;4;https://www.heureka.sk/direct/xml-export/shops/heureka-sekce.xml
SK;4448;Písmenká a číslice;Heureka.sk | Kancelária a papiernictvo | Školské potreby | Písmenká a číslice;4;https://www.heureka.sk/direct/xml-export/shops/heureka-sekce.xml
SK;4456;Gumy na gumovanie;Heureka.sk | Kancelária a papiernictvo | Školské potreby | Rysovacie potreby | Gumy na gumovanie;5;https://www.heureka.sk/direct/xml-export/shops/heureka-sekce.xml
SK;4455;Kružidlá;Heureka.sk | Kancelária a papiernictvo | Školské potreby | Rysovacie potreby | Kružidlá;5;https://www.heureka.sk/direct/xml-export/shops/heureka-sekce.xml
SK;4453;Milimetrové papiere;Heureka.sk | Kancelária a papiernictvo | Školské potreby | Rysovacie potreby | Milimetrové papiere;5;https://www.heureka.sk/direct/xml-export/shops/heureka-sekce.xml
SK;5024;Strúhadlá na ceruzky;Heureka.sk | Kancelária a papiernictvo | Školské potreby | Rysovacie potreby | Strúhadlá na ceruzky;5;https://www.heureka.sk/direct/xml-export/shops/heureka-sekce.xml
SK;3032;Súpravy školských pomôcok;Heureka.sk | Kancelária a papiernictvo | Školské potreby | Súpravy školských pomôcok;4;https://www.heureka.sk/direct/xml-export/shops/heureka-sekce.xml
SK;4714;Zástery a obrusy na tvorenie;Heureka.sk | Kancelária a papiernictvo | Školské potreby | Zástery a obrusy na tvorenie;4;https://www.heureka.sk/direct/xml-export/shops/heureka-sekce.xml
SK;2382;Školské batohy;Heureka.sk | Kancelária a papiernictvo | Školské potreby | Školské batohy;4;https://www.heureka.sk/direct/xml-export/shops/heureka-sekce.xml
SK;4445;Školské papierové hodiny;Heureka.sk | Kancelária a papiernictvo | Školské potreby | Školské papierové hodiny;4;https://www.heureka.sk/direct/xml-export/shops/heureka-sekce.xml
SK;2381;Školské peračníky;Heureka.sk | Kancelária a papiernictvo | Školské potreby | Školské peračníky;4;https://www.heureka.sk/direct/xml-export/shops/heureka-sekce.xml
SK;8278;Školské počítadlá;Heureka.sk | Kancelária a papiernictvo | Školské potreby | Školské počítadlá;4;https://www.heureka.sk/direct/xml-export/shops/heureka-sekce.xml
SK;3015;Dosky na zošity;Heureka.sk | Kancelária a papiernictvo | Školské potreby | Školské zošity a doplnky | Dosky na zošity;5;https://www.heureka.sk/direct/xml-export/shops/heureka-sekce.xml
SK;2945;Obaly na zošity;Heureka.sk | Kancelária a papiernictvo | Školské potreby | Školské zošity a doplnky | Obaly na zošity;5;https://www.heureka.sk/direct/xml-export/shops/heureka-sekce.xml
SK;4103;Podložky do zošitov;Heureka.sk | Kancelária a papiernictvo | Školské potreby | Školské zošity a doplnky | Podložky do zošitov;5;https://www.heureka.sk/direct/xml-export/shops/heureka-sekce.xml
SK;2944;Školské zošity;Heureka.sk | Kancelária a papiernictvo | Školské potreby | Školské zošity a doplnky | Školské zošity;5;https://www.heureka.sk/direct/xml-export/shops/heureka-sekce.xml
SK;6922;Ceruzky na obočie;Heureka.sk | Kozmetika a parfumy | Dekoratívna kozmetika | Oči a obočie | Ceruzky na obočie;5;https://www.heureka.sk/direct/xml-export/shops/heureka-sekce.xml
SK;5957;Ceruzky na oči;Heureka.sk | Kozmetika a parfumy | Dekoratívna kozmetika | Oči a obočie | Ceruzky na oči;5;https://www.heureka.sk/direct/xml-export/shops/heureka-sekce.xml
SK;8467;Farby na mihalnice a obočie;Heureka.sk | Kozmetika a parfumy | Dekoratívna kozmetika | Oči a obočie | Farby na mihalnice a obočie;5;https://www.heureka.sk/direct/xml-export/shops/heureka-sekce.xml
SK;5624;Lepidlá na umelé mihalnice;Heureka.sk | Kozmetika a parfumy | Dekoratívna kozmetika | Oči a obočie | Lepidlá na umelé mihalnice;5;https://www.heureka.sk/direct/xml-export/shops/heureka-sekce.xml
SK;8476;Linky na obočie;Heureka.sk | Kozmetika a parfumy | Dekoratívna kozmetika | Oči a obočie | Linky na obočie;5;https://www.heureka.sk/direct/xml-export/shops/heureka-sekce.xml
SK;5956;Maskary;Heureka.sk | Kozmetika a parfumy | Dekoratívna kozmetika | Oči a obočie | Maskary;5;https://www.heureka.sk/direct/xml-export/shops/heureka-sekce.xml
SK;8506;Maskary a gély na obočie;Heureka.sk | Kozmetika a parfumy | Dekoratívna kozmetika | Oči a obočie | Maskary a gély na obočie;5;https://www.heureka.sk/direct/xml-export/shops/heureka-sekce.xml
SK;5959;Očné linky;Heureka.sk | Kozmetika a parfumy | Dekoratívna kozmetika | Oči a obočie | Očné linky;5;https://www.heureka.sk/direct/xml-export/shops/heureka-sekce.xml
SK;1647;Očné tiene;Heureka.sk | Kozmetika a parfumy | Dekoratívna kozmetika | Oči a obočie | Očné tiene;5;https://www.heureka.sk/direct/xml-export/shops/heureka-sekce.xml
SK;8508;Púdre na obočie;Heureka.sk | Kozmetika a parfumy | Dekoratívna kozmetika | Oči a obočie | Púdre na obočie;5;https://www.heureka.sk/direct/xml-export/shops/heureka-sekce.xml
SK;5620;Umelé mihalnice;Heureka.sk | Kozmetika a parfumy | Dekoratívna kozmetika | Oči a obočie | Umelé mihalnice;5;https://www.heureka.sk/direct/xml-export/shops/heureka-sekce.xml
SK;8522;Vosky na obočie;Heureka.sk | Kozmetika a parfumy | Dekoratívna kozmetika | Oči a obočie | Vosky na obočie;5;https://www.heureka.sk/direct/xml-export/shops/heureka-sekce.xml
SK;1651;Paletky dekoratívnej kozmetiky;Heureka.sk | Kozmetika a parfumy | Dekoratívna kozmetika | Paletky dekoratívnej kozmetiky;4;https://www.heureka.sk/direct/xml-export/shops/heureka-sekce.xml
SK;5883;Balzamy na pery;Heureka.sk | Kozmetika a parfumy | Dekoratívna kozmetika | Pery | Balzamy na pery;5;https://www.heureka.sk/direct/xml-export/shops/heureka-sekce.xml
SK;5885;Ceruzky na pery;Heureka.sk | Kozmetika a parfumy | Dekoratívna kozmetika | Pery | Ceruzky na pery;5;https://www.heureka.sk/direct/xml-export/shops/heureka-sekce.xml
SK;5884;Lesky na pery;Heureka.sk | Kozmetika a parfumy | Dekoratívna kozmetika | Pery | Lesky na pery;5;https://www.heureka.sk/direct/xml-export/shops/heureka-sekce.xml
SK;5886;Podkladové bázy na pery;Heureka.sk | Kozmetika a parfumy | Dekoratívna kozmetika | Pery | Podkladové bázy na pery;5;https://www.heureka.sk/direct/xml-export/shops/heureka-sekce.xml
SK;1648;Rúže;Heureka.sk | Kozmetika a parfumy | Dekoratívna kozmetika | Pery | Rúže;5;https://www.heureka.sk/direct/xml-export/shops/heureka-sekce.xml
SK;6980;Tinty na pery;Heureka.sk | Kozmetika a parfumy | Dekoratívna kozmetika | Pery | Tinty na pery;5;https://www.heureka.sk/direct/xml-export/shops/heureka-sekce.xml
SK;6865;Bronzery;Heureka.sk | Kozmetika a parfumy | Dekoratívna kozmetika | Tvár | Bronzery;5;https://www.heureka.sk/direct/xml-export/shops/heureka-sekce.xml
SK;6866;Fixácia make-upu;Heureka.sk | Kozmetika a parfumy | Dekoratívna kozmetika | Tvár | Fixácia make-upu;5;https://www.heureka.sk/direct/xml-export/shops/heureka-sekce.xml
SK;6427;Korektory na tvár;Heureka.sk | Kozmetika a parfumy | Dekoratívna kozmetika | Tvár | Korektory na tvár;5;https://www.heureka.sk/direct/xml-export/shops/heureka-sekce.xml
SK;6464;Lícenky;Heureka.sk | Kozmetika a parfumy | Dekoratívna kozmetika | Tvár | Lícenky;5;https://www.heureka.sk/direct/xml-export/shops/heureka-sekce.xml
SK;6404;Make-upy;Heureka.sk | Kozmetika a parfumy | Dekoratívna kozmetika | Tvár | Make-upy;5;https://www.heureka.sk/direct/xml-export/shops/heureka-sekce.xml
SK;6426;Podkladové bázy;Heureka.sk | Kozmetika a parfumy | Dekoratívna kozmetika | Tvár | Podkladové bázy;5;https://www.heureka.sk/direct/xml-export/shops/heureka-sekce.xml
SK;6917;Prípravky na kontúrovanie tváre;Heureka.sk | Kozmetika a parfumy | Dekoratívna kozmetika | Tvár | Prípravky na kontúrovanie tváre;5;https://www.heureka.sk/direct/xml-export/shops/heureka-sekce.xml
SK;6463;Púdre na tvár;Heureka.sk | Kozmetika a parfumy | Dekoratívna kozmetika | Tvár | Púdre na tvár;5;https://www.heureka.sk/direct/xml-export/shops/heureka-sekce.xml
SK;6514;Rozjasňovače;Heureka.sk | Kozmetika a parfumy | Dekoratívna kozmetika | Tvár | Rozjasňovače;5;https://www.heureka.sk/direct/xml-export/shops/heureka-sekce.xml
SK;1649;Tónovacie krémy;Heureka.sk | Kozmetika a parfumy | Dekoratívna kozmetika | Tvár | Tónovacie krémy;5;https://www.heureka.sk/direct/xml-export/shops/heureka-sekce.xml
SK;5988;Detské krémy;Heureka.sk | Kozmetika a parfumy | Deti | Detská kozmetika | Detské krémy;5;https://www.heureka.sk/direct/xml-export/shops/heureka-sekce.xml
SK;5987;Detské masti;Heureka.sk | Kozmetika a parfumy | Deti | Detská kozmetika | Detské masti;5;https://www.heureka.sk/direct/xml-export/shops/heureka-sekce.xml
SK;5989;Detské oleje;Heureka.sk | Kozmetika a parfumy | Deti | Detská kozmetika | Detské oleje;5;https://www.heureka.sk/direct/xml-export/shops/heureka-sekce.xml
SK;5985;Detské peny do kúpeľa;Heureka.sk | Kozmetika a parfumy | Deti | Detská kozmetika | Detské peny do kúpeľa;5;https://www.heureka.sk/direct/xml-export/shops/heureka-sekce.xml
SK;5990;Detské púdre a zásypy;Heureka.sk | Kozmetika a parfumy | Deti | Detská kozmetika | Detské púdre a zásypy;5;https://www.heureka.sk/direct/xml-export/shops/heureka-sekce.xml
SK;5986;Detské sprchové gély;Heureka.sk | Kozmetika a parfumy | Deti | Detská kozmetika | Detské sprchové gély;5;https://www.heureka.sk/direct/xml-export/shops/heureka-sekce.xml
SK;1799;Detské šampóny;Heureka.sk | Kozmetika a parfumy | Deti | Detská kozmetika | Detské šampóny;5;https://www.heureka.sk/direct/xml-export/shops/heureka-sekce.xml
SK;5991;Ostatná detská kozmetika;Heureka.sk | Kozmetika a parfumy | Deti | Detská kozmetika | Ostatná detská kozmetika;5;https://www.heureka.sk/direct/xml-export/shops/heureka-sekce.xml
SK;4140;Intímne umývacie prostriedky;Heureka.sk | Kozmetika a parfumy | Hygiena a hygienické potreby | Intímna hygiena | Intímne umývacie prostriedky;5;https://www.heureka.sk/direct/xml-export/shops/heureka-sekce.xml
SK;3076;Hygienické vložky;Heureka.sk | Kozmetika a parfumy | Hygiena a hygienické potreby | Intímna hygiena | Menštruačné pomôcky | Hygienické vložky;6;https://www.heureka.sk/direct/xml-export/shops/heureka-sekce.xml
SK;3077;Menštruačné kalíšky;Heureka.sk | Kozmetika a parfumy | Hygiena a hygienické potreby | Intímna hygiena | Menštruačné pomôcky | Menštruačné kalíšky;6;https://www.heureka.sk/direct/xml-export/shops/heureka-sekce.xml
SK;5759;Menštruačné nohavičky;Heureka.sk | Kozmetika a parfumy | Hygiena a hygienické potreby | Intímna hygiena | Menštruačné pomôcky | Menštruačné nohavičky;6;https://www.heureka.sk/direct/xml-export/shops/heureka-sekce.xml
SK;2265;Menštruačné tampóny;Heureka.sk | Kozmetika a parfumy | Hygiena a hygienické potreby | Intímna hygiena | Menštruačné pomôcky | Menštruačné tampóny;6;https://www.heureka.sk/direct/xml-export/shops/heureka-sekce.xml
SK;2320;Prípravky na inkontinenciu;Heureka.sk | Kozmetika a parfumy | Hygiena a hygienické potreby | Intímna hygiena | Prípravky na inkontinenciu;5;https://www.heureka.sk/direct/xml-export/shops/heureka-sekce.xml
SK;8550;Tekuté mydlá;Heureka.sk | Kozmetika a parfumy | Hygiena a hygienické potreby | Mydlá | Tekuté mydlá;5;https://www.heureka.sk/direct/xml-export/shops/heureka-sekce.xml
SK;8549;Tuhé mydlá;Heureka.sk | Kozmetika a parfumy | Hygiena a hygienické potreby | Mydlá | Tuhé mydlá;5;https://www.heureka.sk/direct/xml-export/shops/heureka-sekce.xml
SK;3057;Toaletný papier;Heureka.sk | Kozmetika a parfumy | Hygiena a hygienické potreby | Toaletný papier;4;https://www.heureka.sk/direct/xml-export/shops/heureka-sekce.xml
SK;3061;Vlhčené obrúsky;Heureka.sk | Kozmetika a parfumy | Hygiena a hygienické potreby | Vlhčené obrúsky;4;https://www.heureka.sk/direct/xml-export/shops/heureka-sekce.xml
SK;5246;Papierové vreckovky;Heureka.sk | Kozmetika a parfumy | Hygiena a hygienické potreby | Vreckovky | Papierové vreckovky;5;https://www.heureka.sk/direct/xml-export/shops/heureka-sekce.xml
SK;4483;Kozmetické kufríky;Heureka.sk | Kozmetika a parfumy | Kozmetické kufríky;3;https://www.heureka.sk/direct/xml-export/shops/heureka-sekce.xml
SK;5905;Hubky na make-up;Heureka.sk | Kozmetika a parfumy | Kozmetické pomôcky | Hubky na make-up;4;https://www.heureka.sk/direct/xml-export/shops/heureka-sekce.xml
SK;5909;Kadernícke nožnice;Heureka.sk | Kozmetika a parfumy | Kozmetické pomôcky | Kadernícke nožnice;4;https://www.heureka.sk/direct/xml-export/shops/heureka-sekce.xml
SK;5908;Kliešte na mihalnice;Heureka.sk | Kozmetika a parfumy | Kozmetické pomôcky | Kliešte na mihalnice;4;https://www.heureka.sk/direct/xml-export/shops/heureka-sekce.xml
SK;5906;Kliešte na nechty;Heureka.sk | Kozmetika a parfumy | Kozmetické pomôcky | Kliešte na nechty;4;https://www.heureka.sk/direct/xml-export/shops/heureka-sekce.xml
SK;5902;Kozmetické nožnice;Heureka.sk | Kozmetika a parfumy | Kozmetické pomôcky | Kozmetické nožnice;4;https://www.heureka.sk/direct/xml-export/shops/heureka-sekce.xml
SK;5901;Kozmetické pinzety;Heureka.sk | Kozmetika a parfumy | Kozmetické pomôcky | Kozmetické pinzety;4;https://www.heureka.sk/direct/xml-export/shops/heureka-sekce.xml
SK;5903;Kozmetické tašky;Heureka.sk | Kozmetika a parfumy | Kozmetické pomôcky | Kozmetické tašky;4;https://www.heureka.sk/direct/xml-export/shops/heureka-sekce.xml
SK;7013;Kozmetické zrkadlá;Heureka.sk | Kozmetika a parfumy | Kozmetické pomôcky | Kozmetické zrkadlá;4;https://www.heureka.sk/direct/xml-export/shops/heureka-sekce.xml
SK;5900;Kozmetické štetce;Heureka.sk | Kozmetika a parfumy | Kozmetické pomôcky | Kozmetické štetce;4;https://www.heureka.sk/direct/xml-export/shops/heureka-sekce.xml
SK;3368;Natáčky na vlasy;Heureka.sk | Kozmetika a parfumy | Kozmetické pomôcky | Natáčky na vlasy;4;https://www.heureka.sk/direct/xml-export/shops/heureka-sekce.xml
SK;1650;Ostatné kozmetické pomôcky;Heureka.sk | Kozmetika a parfumy | Kozmetické pomôcky | Ostatné kozmetické pomôcky;4;https://www.heureka.sk/direct/xml-export/shops/heureka-sekce.xml
SK;2729;Kozmetické súpravy;Heureka.sk | Kozmetika a parfumy | Kozmetické súpravy;3;https://www.heureka.sk/direct/xml-export/shops/heureka-sekce.xml
SK;2636;Masážne prípravky;Heureka.sk | Kozmetika a parfumy | Masážne prípravky;3;https://www.heureka.sk/direct/xml-export/shops/heureka-sekce.xml
SK;4480;Akrygély;Heureka.sk | Kozmetika a parfumy | Nechty | Akrygély;4;https://www.heureka.sk/direct/xml-export/shops/heureka-sekce.xml
SK;4479;Akryly na nechty;Heureka.sk | Kozmetika a parfumy | Nechty | Akryly na nechty;4;https://www.heureka.sk/direct/xml-export/shops/heureka-sekce.xml
SK;4495;Gél laky;Heureka.sk | Kozmetika a parfumy | Nechty | Gél laky;4;https://www.heureka.sk/direct/xml-export/shops/heureka-sekce.xml
SK;4489;Laky na nechty;Heureka.sk | Kozmetika a parfumy | Nechty | Laky na nechty;4;https://www.heureka.sk/direct/xml-export/shops/heureka-sekce.xml
SK;4477;Guľôčky na nechty;Heureka.sk | Kozmetika a parfumy | Nechty | Nástroje a pomôcky na modeláciu nechtov | Guľôčky na nechty;5;https://www.heureka.sk/direct/xml-export/shops/heureka-sekce.xml
SK;4484;Lepidlá na nechty;Heureka.sk | Kozmetika a parfumy | Nechty | Nástroje a pomôcky na modeláciu nechtov | Lepidlá na nechty;5;https://www.heureka.sk/direct/xml-export/shops/heureka-sekce.xml
SK;4494;Nechtové tipy;Heureka.sk | Kozmetika a parfumy | Nechty | Nástroje a pomôcky na modeláciu nechtov | Nechtové tipy;5;https://www.heureka.sk/direct/xml-export/shops/heureka-sekce.xml
SK;4474;Pilníky a leštičky na modelovanie nechtov;Heureka.sk | Kozmetika a parfumy | Nechty | Nástroje a pomôcky na modeláciu nechtov | Pilníky a leštičky na modelovanie nechtov;5;https://www.heureka.sk/direct/xml-export/shops/heureka-sekce.xml
SK;4470;Šablóny na nechty;Heureka.sk | Kozmetika a parfumy | Nechty | Nástroje a pomôcky na modeláciu nechtov | Šablóny na nechty;5;https://www.heureka.sk/direct/xml-export/shops/heureka-sekce.xml
SK;4472;Štetce na nechty;Heureka.sk | Kozmetika a parfumy | Nechty | Nástroje a pomôcky na modeláciu nechtov | Štetce na nechty;5;https://www.heureka.sk/direct/xml-export/shops/heureka-sekce.xml
SK;4471;P-shine;Heureka.sk | Kozmetika a parfumy | Nechty | P-shine;4;https://www.heureka.sk/direct/xml-export/shops/heureka-sekce.xml
SK;4478;Pečiatky na nechty;Heureka.sk | Kozmetika a parfumy | Nechty | Pečiatky na nechty;4;https://www.heureka.sk/direct/xml-export/shops/heureka-sekce.xml
SK;4486;Pomocné tekutiny na nechty;Heureka.sk | Kozmetika a parfumy | Nechty | Pomocné tekutiny na nechty;4;https://www.heureka.sk/direct/xml-export/shops/heureka-sekce.xml
SK;4488;Brúsky na nechty;Heureka.sk | Kozmetika a parfumy | Nechty | Prístroje na starostlivosť o nechty | Brúsky na nechty;5;https://www.heureka.sk/direct/xml-export/shops/heureka-sekce.xml
SK;5865;Lampy na nechty;Heureka.sk | Kozmetika a parfumy | Nechty | Prístroje na starostlivosť o nechty | Lampy na nechty;5;https://www.heureka.sk/direct/xml-export/shops/heureka-sekce.xml
SK;5832;UV lampy na nechty;Heureka.sk | Kozmetika a parfumy | Nechty | Prístroje na starostlivosť o nechty | UV lampy na nechty;5;https://www.heureka.sk/direct/xml-export/shops/heureka-sekce.xml
SK;4493;Regenerácia a výživa nechtov;Heureka.sk | Kozmetika a parfumy | Nechty | Regenerácia a výživa nechtov;4;https://www.heureka.sk/direct/xml-export/shops/heureka-sekce.xml
SK;4481;UV gély na nechty;Heureka.sk | Kozmetika a parfumy | Nechty | UV gély na nechty;4;https://www.heureka.sk/direct/xml-export/shops/heureka-sekce.xml
SK;4476;Zdobenie nechtov;Heureka.sk | Kozmetika a parfumy | Nechty | Zdobenie nechtov;4;https://www.heureka.sk/direct/xml-export/shops/heureka-sekce.xml
SK;1809;Opaľovacie prípravky;Heureka.sk | Kozmetika a parfumy | Opaľovanie | Opaľovacie prípravky;4;https://www.heureka.sk/direct/xml-export/shops/heureka-sekce.xml
SK;1811;Prípravky do solárií;Heureka.sk | Kozmetika a parfumy | Opaľovanie | Prípravky do solárií;4;https://www.heureka.sk/direct/xml-export/shops/heureka-sekce.xml
SK;1810;Prípravky po opaľovaní;Heureka.sk | Kozmetika a parfumy | Opaľovanie | Prípravky po opaľovaní;4;https://www.heureka.sk/direct/xml-export/shops/heureka-sekce.xml
SK;1641;Samoopaľovacie prípravky;Heureka.sk | Kozmetika a parfumy | Opaľovanie | Samoopaľovacie prípravky;4;https://www.heureka.sk/direct/xml-export/shops/heureka-sekce.xml
SK;1652;Parfumy;Heureka.sk | Kozmetika a parfumy | Parfumy;3;https://www.heureka.sk/direct/xml-export/shops/heureka-sekce.xml
SK;5907;Britvy;Heureka.sk | Kozmetika a parfumy | Pleť | Holenie a starostlivosť o fúzy | Holenie | Britvy;6;https://www.heureka.sk/direct/xml-export/shops/heureka-sekce.xml
SK;6391;Holiace hlavice a planžety;Heureka.sk | Kozmetika a parfumy | Pleť | Holenie a starostlivosť o fúzy | Holenie | Holiace hlavice a planžety;6;https://www.heureka.sk/direct/xml-export/shops/heureka-sekce.xml
SK;2117;Peny a gély na holenie;Heureka.sk | Kozmetika a parfumy | Pleť | Holenie a starostlivosť o fúzy | Holenie | Peny a gély na holenie;6;https://www.heureka.sk/direct/xml-export/shops/heureka-sekce.xml
SK;6386;Ručné holiace strojčeky;Heureka.sk | Kozmetika a parfumy | Pleť | Holenie a starostlivosť o fúzy | Holenie | Ručné holiace strojčeky;6;https://www.heureka.sk/direct/xml-export/shops/heureka-sekce.xml
SK;5270;Balzamy a kondicionéry na fúzy;Heureka.sk | Kozmetika a parfumy | Pleť | Holenie a starostlivosť o fúzy | Starostlivosť o fúzy | Balzamy a kondicionéry na fúzy;6;https://www.heureka.sk/direct/xml-export/shops/heureka-sekce.xml
SK;5272;Hrebene a kefy na fúzy;Heureka.sk | Kozmetika a parfumy | Pleť | Holenie a starostlivosť o fúzy | Starostlivosť o fúzy | Hrebene a kefy na fúzy;6;https://www.heureka.sk/direct/xml-export/shops/heureka-sekce.xml
SK;5269;Mydlá na fúzy;Heureka.sk | Kozmetika a parfumy | Pleť | Holenie a starostlivosť o fúzy | Starostlivosť o fúzy | Mydlá na fúzy;6;https://www.heureka.sk/direct/xml-export/shops/heureka-sekce.xml
SK;8566;Nožnice na fúzy;Heureka.sk | Kozmetika a parfumy | Pleť | Holenie a starostlivosť o fúzy | Starostlivosť o fúzy | Nožnice na fúzy;6;https://www.heureka.sk/direct/xml-export/shops/heureka-sekce.xml
SK;5267;Oleje na fúzy;Heureka.sk | Kozmetika a parfumy | Pleť | Holenie a starostlivosť o fúzy | Starostlivosť o fúzy | Oleje na fúzy;6;https://www.heureka.sk/direct/xml-export/shops/heureka-sekce.xml
SK;5268;Vosky na fúzy;Heureka.sk | Kozmetika a parfumy | Pleť | Holenie a starostlivosť o fúzy | Starostlivosť o fúzy | Vosky na fúzy;6;https://www.heureka.sk/direct/xml-export/shops/heureka-sekce.xml
SK;5271;Šampóny na fúzy;Heureka.sk | Kozmetika a parfumy | Pleť | Holenie a starostlivosť o fúzy | Starostlivosť o fúzy | Šampóny na fúzy;6;https://www.heureka.sk/direct/xml-export/shops/heureka-sekce.xml
SK;2643;Balzamy po holení;Heureka.sk | Kozmetika a parfumy | Pleť | Holenie a starostlivosť o fúzy | Starostlivosť po holení | Balzamy po holení;6;https://www.heureka.sk/direct/xml-export/shops/heureka-sekce.xml
SK;3642;Krémy a gély po holení;Heureka.sk | Kozmetika a parfumy | Pleť | Holenie a starostlivosť o fúzy | Starostlivosť po holení | Krémy a gély po holení;6;https://www.heureka.sk/direct/xml-export/shops/heureka-sekce.xml
SK;2734;Vody po holení;Heureka.sk | Kozmetika a parfumy | Pleť | Holenie a starostlivosť o fúzy | Starostlivosť po holení | Vody po holení;6;https://www.heureka.sk/direct/xml-export/shops/heureka-sekce.xml
SK;8567;Kefky a hubky na čistenie pleti;Heureka.sk | Kozmetika a parfumy | Pleť | Odličovanie a čistenie pleti | Kefky a hubky na čistenie pleti;5;https://www.heureka.sk/direct/xml-export/shops/heureka-sekce.xml
SK;5904;Odličovacie tampóny;Heureka.sk | Kozmetika a parfumy | Pleť | Odličovanie a čistenie pleti | Odličovacie tampóny;5;https://www.heureka.sk/direct/xml-export/shops/heureka-sekce.xml
SK;1763;Prípravky na čistenie pleti;Heureka.sk | Kozmetika a parfumy | Pleť | Odličovanie a čistenie pleti | Prípravky na čistenie pleti;5;https://www.heureka.sk/direct/xml-export/shops/heureka-sekce.xml
SK;5971;Prístroje na čistenie pleti;Heureka.sk | Kozmetika a parfumy | Pleť | Odličovanie a čistenie pleti | Prístroje na čistenie pleti;5;https://www.heureka.sk/direct/xml-export/shops/heureka-sekce.xml
SK;4199;Ochrana pleti v zime;Heureka.sk | Kozmetika a parfumy | Pleť | Starostlivosť o pleť | Ochrana pleti v zime;5;https://www.heureka.sk/direct/xml-export/shops/heureka-sekce.xml
SK;1761;Očné krémy a gély;Heureka.sk | Kozmetika a parfumy | Pleť | Starostlivosť o pleť | Očné krémy a gély;5;https://www.heureka.sk/direct/xml-export/shops/heureka-sekce.xml
SK;1752;Pleťové krémy;Heureka.sk | Kozmetika a parfumy | Pleť | Starostlivosť o pleť | Pleťové krémy;5;https://www.heureka.sk/direct/xml-export/shops/heureka-sekce.xml
SK;1754;Pleťové masky;Heureka.sk | Kozmetika a parfumy | Pleť | Starostlivosť o pleť | Pleťové masky;5;https://www.heureka.sk/direct/xml-export/shops/heureka-sekce.xml
SK;1755;Pleťové oleje;Heureka.sk | Kozmetika a parfumy | Pleť | Starostlivosť o pleť | Pleťové oleje;5;https://www.heureka.sk/direct/xml-export/shops/heureka-sekce.xml
SK;4142;Pleťové séra, emulzie a koncentráty;Heureka.sk | Kozmetika a parfumy | Pleť | Starostlivosť o pleť | Pleťové séra, emulzie a koncentráty;5;https://www.heureka.sk/direct/xml-export/shops/heureka-sekce.xml
SK;1766;Prípravky na problematickú pleť;Heureka.sk | Kozmetika a parfumy | Pleť | Starostlivosť o pleť | Prípravky na problematickú pleť;5;https://www.heureka.sk/direct/xml-export/shops/heureka-sekce.xml
SK;1765;Prípravky na starecké škvrny;Heureka.sk | Kozmetika a parfumy | Pleť | Starostlivosť o pleť | Prípravky na starecké škvrny;5;https://www.heureka.sk/direct/xml-export/shops/heureka-sekce.xml
SK;1758;Starostlivosť o pery a okolie;Heureka.sk | Kozmetika a parfumy | Pleť | Starostlivosť o pleť | Starostlivosť o pery a okolie;5;https://www.heureka.sk/direct/xml-export/shops/heureka-sekce.xml
SK;1759;Séra na mihalnice a obočie;Heureka.sk | Kozmetika a parfumy | Pleť | Starostlivosť o pleť | Séra na mihalnice a obočie;5;https://www.heureka.sk/direct/xml-export/shops/heureka-sekce.xml
SK;1764;Špeciálna starostlivosť o pleť;Heureka.sk | Kozmetika a parfumy | Pleť | Starostlivosť o pleť | Špeciálna starostlivosť o pleť;5;https://www.heureka.sk/direct/xml-export/shops/heureka-sekce.xml
SK;1816;Prípravky na depiláciu;Heureka.sk | Kozmetika a parfumy | Telo | Depilácia a epilácia | Prípravky na depiláciu;5;https://www.heureka.sk/direct/xml-export/shops/heureka-sekce.xml
SK;1817;Prípravky na epiláciu;Heureka.sk | Kozmetika a parfumy | Telo | Depilácia a epilácia | Prípravky na epiláciu;5;https://www.heureka.sk/direct/xml-export/shops/heureka-sekce.xml
SK;1818;Prípravky na obmedzenie rastu chĺpkov;Heureka.sk | Kozmetika a parfumy | Telo | Depilácia a epilácia | Prípravky na obmedzenie rastu chĺpkov;5;https://www.heureka.sk/direct/xml-export/shops/heureka-sekce.xml
SK;1819;Prípravky na ošetrenie pokožky po depilácii;Heureka.sk | Kozmetika a parfumy | Telo | Depilácia a epilácia | Prípravky na ošetrenie pokožky po depilácii;5;https://www.heureka.sk/direct/xml-export/shops/heureka-sekce.xml
SK;1636;Dezodoranty a antiperspiranty;Heureka.sk | Kozmetika a parfumy | Telo | Dezodoranty a antiperspiranty;4;https://www.heureka.sk/direct/xml-export/shops/heureka-sekce.xml
SK;1814;Prípravky do kúpeľa;Heureka.sk | Kozmetika a parfumy | Telo | Sprcha a kúpeľ | Prípravky do kúpeľa;5;https://www.heureka.sk/direct/xml-export/shops/heureka-sekce.xml
SK;1645;Sprchové gély;Heureka.sk | Kozmetika a parfumy | Telo | Sprcha a kúpeľ | Sprchové gély;5;https://www.heureka.sk/direct/xml-export/shops/heureka-sekce.xml
SK;5910;Umývacie huby a žinky;Heureka.sk | Kozmetika a parfumy | Telo | Sprcha a kúpeľ | Umývacie huby a žinky;5;https://www.heureka.sk/direct/xml-export/shops/heureka-sekce.xml
SK;1760;Prípravky na starostlivosť o krk a dekolt;Heureka.sk | Kozmetika a parfumy | Telo | Starostlivosť o pokožku | Prípravky na starostlivosť o krk a dekolt;5;https://www.heureka.sk/direct/xml-export/shops/heureka-sekce.xml
SK;1638;Prípravky na starostlivosť o nohy;Heureka.sk | Kozmetika a parfumy | Telo | Starostlivosť o pokožku | Prípravky na starostlivosť o nohy;5;https://www.heureka.sk/direct/xml-export/shops/heureka-sekce.xml
SK;1640;Prípravky na starostlivosť o ruky a nechty;Heureka.sk | Kozmetika a parfumy | Telo | Starostlivosť o pokožku | Prípravky na starostlivosť o ruky a nechty;5;https://www.heureka.sk/direct/xml-export/shops/heureka-sekce.xml
SK;1644;Spevňujúce prípravky;Heureka.sk | Kozmetika a parfumy | Telo | Starostlivosť o pokožku | Spevňujúce prípravky;5;https://www.heureka.sk/direct/xml-export/shops/heureka-sekce.xml
SK;1639;Starostlivosť o dekolt a poprsie;Heureka.sk | Kozmetika a parfumy | Telo | Starostlivosť o pokožku | Starostlivosť o dekolt a poprsie;5;https://www.heureka.sk/direct/xml-export/shops/heureka-sekce.xml
SK;4137;Telové balzamy;Heureka.sk | Kozmetika a parfumy | Telo | Starostlivosť o pokožku | Telové balzamy;5;https://www.heureka.sk/direct/xml-export/shops/heureka-sekce.xml
SK;1821;Telové krémy;Heureka.sk | Kozmetika a parfumy | Telo | Starostlivosť o pokožku | Telové krémy;5;https://www.heureka.sk/direct/xml-export/shops/heureka-sekce.xml
SK;4825;Telové masla;Heureka.sk | Kozmetika a parfumy | Telo | Starostlivosť o pokožku | Telové masla;5;https://www.heureka.sk/direct/xml-export/shops/heureka-sekce.xml
SK;1642;Telové mlieka;Heureka.sk | Kozmetika a parfumy | Telo | Starostlivosť o pokožku | Telové mlieka;5;https://www.heureka.sk/direct/xml-export/shops/heureka-sekce.xml
SK;2825;Telové oleje;Heureka.sk | Kozmetika a parfumy | Telo | Starostlivosť o pokožku | Telové oleje;5;https://www.heureka.sk/direct/xml-export/shops/heureka-sekce.xml
SK;1822;Telové peelingy;Heureka.sk | Kozmetika a parfumy | Telo | Starostlivosť o pokožku | Telové peelingy;5;https://www.heureka.sk/direct/xml-export/shops/heureka-sekce.xml
SK;4143;Telové spreje;Heureka.sk | Kozmetika a parfumy | Telo | Starostlivosť o pokožku | Telové spreje;5;https://www.heureka.sk/direct/xml-export/shops/heureka-sekce.xml
SK;1643;Zoštíhľujúce prípravky;Heureka.sk | Kozmetika a parfumy | Telo | Starostlivosť o pokožku | Zoštíhľujúce prípravky;5;https://www.heureka.sk/direct/xml-export/shops/heureka-sekce.xml
SK;5518;Špeciálna starostlivosť o pokožku;Heureka.sk | Kozmetika a parfumy | Telo | Starostlivosť o pokožku | Špeciálna starostlivosť o pokožku;5;https://www.heureka.sk/direct/xml-export/shops/heureka-sekce.xml
SK;1637;Prípravky na celulitídu a strie;Heureka.sk | Kozmetika a parfumy | Telo | Strie a celulitída | Prípravky na celulitídu a strie;5;https://www.heureka.sk/direct/xml-export/shops/heureka-sekce.xml
SK;5113;Ušné spreje a kvapky;Heureka.sk | Kozmetika a parfumy | Uši | Ušné spreje a kvapky;4;https://www.heureka.sk/direct/xml-export/shops/heureka-sekce.xml
SK;5092;Ušné sviece;Heureka.sk | Kozmetika a parfumy | Uši | Ušné sviece;4;https://www.heureka.sk/direct/xml-export/shops/heureka-sekce.xml
SK;5096;Vatové tyčinky;Heureka.sk | Kozmetika a parfumy | Uši | Vatové tyčinky;4;https://www.heureka.sk/direct/xml-export/shops/heureka-sekce.xml
SK;5114;Štuple do uší;Heureka.sk | Kozmetika a parfumy | Uši | Štuple do uší;4;https://www.heureka.sk/direct/xml-export/shops/heureka-sekce.xml
SK;1634;Farby na vlasy;Heureka.sk | Kozmetika a parfumy | Vlasy | Farbenie vlasov | Farby na vlasy;5;https://www.heureka.sk/direct/xml-export/shops/heureka-sekce.xml
SK;8496;Hrebene na vlasy;Heureka.sk | Kozmetika a parfumy | Vlasy | Hrebene a kefy na vlasy | Hrebene na vlasy;5;https://www.heureka.sk/direct/xml-export/shops/heureka-sekce.xml
SK;8497;Kefy na vlasy;Heureka.sk | Kozmetika a parfumy | Vlasy | Hrebene a kefy na vlasy | Kefy na vlasy;5;https://www.heureka.sk/direct/xml-export/shops/heureka-sekce.xml
SK;1633;Kondicionéry a balzamy na vlasy;Heureka.sk | Kozmetika a parfumy | Vlasy | Starostlivosť o vlasy | Kondicionéry a balzamy na vlasy;5;https://www.heureka.sk/direct/xml-export/shops/heureka-sekce.xml
SK;8452;Masky na vlasy;Heureka.sk | Kozmetika a parfumy | Vlasy | Starostlivosť o vlasy | Masky na vlasy;5;https://www.heureka.sk/direct/xml-export/shops/heureka-sekce.xml
SK;1632;Ochrana vlasov pred slnkom;Heureka.sk | Kozmetika a parfumy | Vlasy | Starostlivosť o vlasy | Ochrana vlasov pred slnkom;5;https://www.heureka.sk/direct/xml-export/shops/heureka-sekce.xml
SK;1635;Prípravky proti lupinám;Heureka.sk | Kozmetika a parfumy | Vlasy | Starostlivosť o vlasy | Prípravky proti lupinám;5;https://www.heureka.sk/direct/xml-export/shops/heureka-sekce.xml
SK;1630;Prípravky proti vypadávaniu vlasov;Heureka.sk | Kozmetika a parfumy | Vlasy | Starostlivosť o vlasy | Prípravky proti vypadávaniu vlasov;5;https://www.heureka.sk/direct/xml-export/shops/heureka-sekce.xml
SK;8509;Prípravky proti všiam a hnidám;Heureka.sk | Kozmetika a parfumy | Vlasy | Starostlivosť o vlasy | Prípravky proti všiam a hnidám;5;https://www.heureka.sk/direct/xml-export/shops/heureka-sekce.xml
SK;1629;Prípravky proti šediveniu vlasov;Heureka.sk | Kozmetika a parfumy | Vlasy | Starostlivosť o vlasy | Prípravky proti šediveniu vlasov;5;https://www.heureka.sk/direct/xml-export/shops/heureka-sekce.xml
SK;1631;Vlasová regenerácia;Heureka.sk | Kozmetika a parfumy | Vlasy | Starostlivosť o vlasy | Vlasová regenerácia;5;https://www.heureka.sk/direct/xml-export/shops/heureka-sekce.xml
SK;1627;Šampóny;Heureka.sk | Kozmetika a parfumy | Vlasy | Starostlivosť o vlasy | Šampóny;5;https://www.heureka.sk/direct/xml-export/shops/heureka-sekce.xml
SK;1628;Stylingové prípravky;Heureka.sk | Kozmetika a parfumy | Vlasy | Stylingové prípravky;4;https://www.heureka.sk/direct/xml-export/shops/heureka-sekce.xml
SK;7360;Tužidlá na vlasy;Heureka.sk | Kozmetika a parfumy | Vlasy | Tužidlá na vlasy;4;https://www.heureka.sk/direct/xml-export/shops/heureka-sekce.xml
SK;2821;Manuálne zubné kefky;Heureka.sk | Kozmetika a parfumy | Zuby | Manuálne zubné kefky;4;https://www.heureka.sk/direct/xml-export/shops/heureka-sekce.xml
SK;4860;Dentálne špáradla;Heureka.sk | Kozmetika a parfumy | Zuby | Medzizubná starostlivosť | Dentálne špáradla;5;https://www.heureka.sk/direct/xml-export/shops/heureka-sekce.xml
SK;4859;Medzizubné kefky;Heureka.sk | Kozmetika a parfumy | Zuby | Medzizubná starostlivosť | Medzizubné kefky;5;https://www.heureka.sk/direct/xml-export/shops/heureka-sekce.xml
SK;1804;Zubné nite;Heureka.sk | Kozmetika a parfumy | Zuby | Medzizubná starostlivosť | Zubné nite;5;https://www.heureka.sk/direct/xml-export/shops/heureka-sekce.xml
SK;1808;Prípravky na bielenie zubov;Heureka.sk | Kozmetika a parfumy | Zuby | Prípravky na bielenie zubov;4;https://www.heureka.sk/direct/xml-export/shops/heureka-sekce.xml
SK;2766;Prípravky na starostlivosť o umelý chrup;Heureka.sk | Kozmetika a parfumy | Zuby | Prípravky na starostlivosť o umelý chrup;4;https://www.heureka.sk/direct/xml-export/shops/heureka-sekce.xml
SK;1807;Prípravky proti paradentóze;Heureka.sk | Kozmetika a parfumy | Zuby | Prípravky proti paradentóze;4;https://www.heureka.sk/direct/xml-export/shops/heureka-sekce.xml
SK;6597;Príslušenstvo k manuálnym zubným kefkám;Heureka.sk | Kozmetika a parfumy | Zuby | Príslušenstvo k manuálnym zubným kefkám;4;https://www.heureka.sk/direct/xml-export/shops/heureka-sekce.xml
SK;1803;Zubné pasty;Heureka.sk | Kozmetika a parfumy | Zuby | Zubné pasty;4;https://www.heureka.sk/direct/xml-export/shops/heureka-sekce.xml
SK;1805;Ústne spreje;Heureka.sk | Kozmetika a parfumy | Zuby | Ústne spreje;4;https://www.heureka.sk/direct/xml-export/shops/heureka-sekce.xml
SK;1806;Ústne vody;Heureka.sk | Kozmetika a parfumy | Zuby | Ústne vody;4;https://www.heureka.sk/direct/xml-export/shops/heureka-sekce.xml
SK;4856;Škrabky na jazyk;Heureka.sk | Kozmetika a parfumy | Zuby | Škrabky na jazyk;4;https://www.heureka.sk/direct/xml-export/shops/heureka-sekce.xml
SK;8479;Detské nočné košieľky;Heureka.sk | Oblečenie, obuv a doplnky | Detské oblečenie | Detská nočná bielizeň a župany | Detské nočné košieľky;5;https://www.heureka.sk/direct/xml-export/shops/heureka-sekce.xml
SK;1575;Detské pyžamá;Heureka.sk | Oblečenie, obuv a doplnky | Detské oblečenie | Detská nočná bielizeň a župany | Detské pyžamá;5;https://www.heureka.sk/direct/xml-export/shops/heureka-sekce.xml
SK;2413;Detské župany;Heureka.sk | Oblečenie, obuv a doplnky | Detské oblečenie | Detská nočná bielizeň a župany | Detské župany;5;https://www.heureka.sk/direct/xml-export/shops/heureka-sekce.xml
SK;3153;Detská spodná bielizeň;Heureka.sk | Oblečenie, obuv a doplnky | Detské oblečenie | Detská spodná bielizeň;4;https://www.heureka.sk/direct/xml-export/shops/heureka-sekce.xml
SK;8543;Detské dáždniky;Heureka.sk | Oblečenie, obuv a doplnky | Detské oblečenie | Detské doplnky | Detské dáždniky;5;https://www.heureka.sk/direct/xml-export/shops/heureka-sekce.xml
SK;8568;Detské kabelky a tašky;Heureka.sk | Oblečenie, obuv a doplnky | Detské oblečenie | Detské doplnky | Detské kabelky a tašky;5;https://www.heureka.sk/direct/xml-export/shops/heureka-sekce.xml
SK;8558;Detské kukly;Heureka.sk | Oblečenie, obuv a doplnky | Detské oblečenie | Detské doplnky | Detské kukly;5;https://www.heureka.sk/direct/xml-export/shops/heureka-sekce.xml
SK;6910;Detské nákrčníky;Heureka.sk | Oblečenie, obuv a doplnky | Detské oblečenie | Detské doplnky | Detské nákrčníky;5;https://www.heureka.sk/direct/xml-export/shops/heureka-sekce.xml
SK;8520;Detské peňaženky;Heureka.sk | Oblečenie, obuv a doplnky | Detské oblečenie | Detské doplnky | Detské peňaženky;5;https://www.heureka.sk/direct/xml-export/shops/heureka-sekce.xml
SK;3152;Detské rukavice;Heureka.sk | Oblečenie, obuv a doplnky | Detské oblečenie | Detské doplnky | Detské rukavice;5;https://www.heureka.sk/direct/xml-export/shops/heureka-sekce.xml
SK;5287;Detské čelenky;Heureka.sk | Oblečenie, obuv a doplnky | Detské oblečenie | Detské doplnky | Detské čelenky;5;https://www.heureka.sk/direct/xml-export/shops/heureka-sekce.xml
SK;3151;Detské čiapky;Heureka.sk | Oblečenie, obuv a doplnky | Detské oblečenie | Detské doplnky | Detské čiapky;5;https://www.heureka.sk/direct/xml-export/shops/heureka-sekce.xml
SK;8536;Detské ľadvinky;Heureka.sk | Oblečenie, obuv a doplnky | Detské oblečenie | Detské doplnky | Detské ľadvinky;5;https://www.heureka.sk/direct/xml-export/shops/heureka-sekce.xml
SK;4198;Detské šatky;Heureka.sk | Oblečenie, obuv a doplnky | Detské oblečenie | Detské doplnky | Detské šatky;5;https://www.heureka.sk/direct/xml-export/shops/heureka-sekce.xml
SK;6911;Detské šiltovky;Heureka.sk | Oblečenie, obuv a doplnky | Detské oblečenie | Detské doplnky | Detské šiltovky;5;https://www.heureka.sk/direct/xml-export/shops/heureka-sekce.xml
SK;3154;Detské šály;Heureka.sk | Oblečenie, obuv a doplnky | Detské oblečenie | Detské doplnky | Detské šály;5;https://www.heureka.sk/direct/xml-export/shops/heureka-sekce.xml
SK;6817;Detské košele;Heureka.sk | Oblečenie, obuv a doplnky | Detské oblečenie | Detské košele;4;https://www.heureka.sk/direct/xml-export/shops/heureka-sekce.xml
SK;1970;Detské kraťasy a šortky;Heureka.sk | Oblečenie, obuv a doplnky | Detské oblečenie | Detské kraťasy a šortky;4;https://www.heureka.sk/direct/xml-export/shops/heureka-sekce.xml
SK;1569;Detské mikiny;Heureka.sk | Oblečenie, obuv a doplnky | Detské oblečenie | Detské mikiny a svetre | Detské mikiny;5;https://www.heureka.sk/direct/xml-export/shops/heureka-sekce.xml
SK;6685;Detské svetre;Heureka.sk | Oblečenie, obuv a doplnky | Detské oblečenie | Detské mikiny a svetre | Detské svetre;5;https://www.heureka.sk/direct/xml-export/shops/heureka-sekce.xml
SK;8485;Detské džínsy;Heureka.sk | Oblečenie, obuv a doplnky | Detské oblečenie | Detské nohavice | Detské džínsy;5;https://www.heureka.sk/direct/xml-export/shops/heureka-sekce.xml
SK;1570;Detské klasické nohavice;Heureka.sk | Oblečenie, obuv a doplnky | Detské oblečenie | Detské nohavice | Detské klasické nohavice;5;https://www.heureka.sk/direct/xml-export/shops/heureka-sekce.xml
SK;8487;Detské legíny;Heureka.sk | Oblečenie, obuv a doplnky | Detské oblečenie | Detské nohavice | Detské legíny;5;https://www.heureka.sk/direct/xml-export/shops/heureka-sekce.xml
SK;8486;Detské tepláky;Heureka.sk | Oblečenie, obuv a doplnky | Detské oblečenie | Detské nohavice | Detské tepláky;5;https://www.heureka.sk/direct/xml-export/shops/heureka-sekce.xml
SK;8489;Detské športové nohavice;Heureka.sk | Oblečenie, obuv a doplnky | Detské oblečenie | Detské nohavice | Detské športové nohavice;5;https://www.heureka.sk/direct/xml-export/shops/heureka-sekce.xml
SK;6894;Detské overaly;Heureka.sk | Oblečenie, obuv a doplnky | Detské oblečenie | Detské overaly;4;https://www.heureka.sk/direct/xml-export/shops/heureka-sekce.xml
SK;2479;Detské plavky;Heureka.sk | Oblečenie, obuv a doplnky | Detské oblečenie | Detské plavky;4;https://www.heureka.sk/direct/xml-export/shops/heureka-sekce.xml
SK;4172;Detské pančuchy;Heureka.sk | Oblečenie, obuv a doplnky | Detské oblečenie | Detské ponožky a pančuchy | Detské pančuchy;5;https://www.heureka.sk/direct/xml-export/shops/heureka-sekce.xml
SK;1576;Detské ponožky;Heureka.sk | Oblečenie, obuv a doplnky | Detské oblečenie | Detské ponožky a pančuchy | Detské ponožky;5;https://www.heureka.sk/direct/xml-export/shops/heureka-sekce.xml
SK;6896;Detské spoločenské obleky a saká;Heureka.sk | Oblečenie, obuv a doplnky | Detské oblečenie | Detské spoločenské obleky a saká;4;https://www.heureka.sk/direct/xml-export/shops/heureka-sekce.xml
SK;1574;Detské teplákové a športové súpravy;Heureka.sk | Oblečenie, obuv a doplnky | Detské oblečenie | Detské teplákové a športové súpravy;4;https://www.heureka.sk/direct/xml-export/shops/heureka-sekce.xml
SK;6818;Detské tielka;Heureka.sk | Oblečenie, obuv a doplnky | Detské oblečenie | Detské tričká a tielka | Detské tielka;5;https://www.heureka.sk/direct/xml-export/shops/heureka-sekce.xml
SK;2630;Detské tričká;Heureka.sk | Oblečenie, obuv a doplnky | Detské oblečenie | Detské tričká a tielka | Detské tričká;5;https://www.heureka.sk/direct/xml-export/shops/heureka-sekce.xml
SK;8455;Detské tričká s potlačou;Heureka.sk | Oblečenie, obuv a doplnky | Detské oblečenie | Detské tričká a tielka | Detské tričká s potlačou;5;https://www.heureka.sk/direct/xml-export/shops/heureka-sekce.xml
SK;8454;Detské športové tielka;Heureka.sk | Oblečenie, obuv a doplnky | Detské oblečenie | Detské tričká a tielka | Detské športové tielka;5;https://www.heureka.sk/direct/xml-export/shops/heureka-sekce.xml
SK;8453;Detské športové tričká;Heureka.sk | Oblečenie, obuv a doplnky | Detské oblečenie | Detské tričká a tielka | Detské športové tričká;5;https://www.heureka.sk/direct/xml-export/shops/heureka-sekce.xml
SK;3771;Detské bundy;Heureka.sk | Oblečenie, obuv a doplnky | Detské oblečenie | Detské vrchné oblečenie | Detské bundy;5;https://www.heureka.sk/direct/xml-export/shops/heureka-sekce.xml
SK;6864;Detské kabáty;Heureka.sk | Oblečenie, obuv a doplnky | Detské oblečenie | Detské vrchné oblečenie | Detské kabáty;5;https://www.heureka.sk/direct/xml-export/shops/heureka-sekce.xml
SK;1573;Detské kombinézy;Heureka.sk | Oblečenie, obuv a doplnky | Detské oblečenie | Detské vrchné oblečenie | Detské kombinézy;5;https://www.heureka.sk/direct/xml-export/shops/heureka-sekce.xml
SK;6895;Detské vesty;Heureka.sk | Oblečenie, obuv a doplnky | Detské oblečenie | Detské vrchné oblečenie | Detské vesty;5;https://www.heureka.sk/direct/xml-export/shops/heureka-sekce.xml
SK;6863;Detské športové bundy;Heureka.sk | Oblečenie, obuv a doplnky | Detské oblečenie | Detské vrchné oblečenie | Detské športové bundy;5;https://www.heureka.sk/direct/xml-export/shops/heureka-sekce.xml
SK;8482;Detské sukne;Heureka.sk | Oblečenie, obuv a doplnky | Detské oblečenie | Detské šaty a sukne | Detské sukne;5;https://www.heureka.sk/direct/xml-export/shops/heureka-sekce.xml
SK;1571;Detské šaty;Heureka.sk | Oblečenie, obuv a doplnky | Detské oblečenie | Detské šaty a sukne | Detské šaty;5;https://www.heureka.sk/direct/xml-export/shops/heureka-sekce.xml
SK;1572;Dojčenské body;Heureka.sk | Oblečenie, obuv a doplnky | Detské oblečenie | Dojčenské oblečenie | Dojčenské body;5;https://www.heureka.sk/direct/xml-export/shops/heureka-sekce.xml
SK;4972;Dojčenské dupačky;Heureka.sk | Oblečenie, obuv a doplnky | Detské oblečenie | Dojčenské oblečenie | Dojčenské dupačky;5;https://www.heureka.sk/direct/xml-export/shops/heureka-sekce.xml
SK;3731;Dojčenské kabátiky, bundy a vesty;Heureka.sk | Oblečenie, obuv a doplnky | Detské oblečenie | Dojčenské oblečenie | Dojčenské kabátiky, bundy a vesty;5;https://www.heureka.sk/direct/xml-export/shops/heureka-sekce.xml
SK;3733;Dojčenské kombinézy;Heureka.sk | Oblečenie, obuv a doplnky | Detské oblečenie | Dojčenské oblečenie | Dojčenské kombinézy;5;https://www.heureka.sk/direct/xml-export/shops/heureka-sekce.xml
SK;3735;Dojčenské mikiny a svetre;Heureka.sk | Oblečenie, obuv a doplnky | Detské oblečenie | Dojčenské oblečenie | Dojčenské mikiny a svetre;5;https://www.heureka.sk/direct/xml-export/shops/heureka-sekce.xml
SK;3751;Dojčenské nohavice a šortky;Heureka.sk | Oblečenie, obuv a doplnky | Detské oblečenie | Dojčenské oblečenie | Dojčenské nohavice a šortky;5;https://www.heureka.sk/direct/xml-export/shops/heureka-sekce.xml
SK;4971;Dojčenské overaly;Heureka.sk | Oblečenie, obuv a doplnky | Detské oblečenie | Dojčenské oblečenie | Dojčenské overaly;5;https://www.heureka.sk/direct/xml-export/shops/heureka-sekce.xml
SK;3752;Dojčenské plavky;Heureka.sk | Oblečenie, obuv a doplnky | Detské oblečenie | Dojčenské oblečenie | Dojčenské plavky;5;https://www.heureka.sk/direct/xml-export/shops/heureka-sekce.xml
SK;3736;Dojčenské ponožky a pančušky;Heureka.sk | Oblečenie, obuv a doplnky | Detské oblečenie | Dojčenské oblečenie | Dojčenské ponožky a pančušky;5;https://www.heureka.sk/direct/xml-export/shops/heureka-sekce.xml
SK;3739;Dojčenské rukavice;Heureka.sk | Oblečenie, obuv a doplnky | Detské oblečenie | Dojčenské oblečenie | Dojčenské rukavice;5;https://www.heureka.sk/direct/xml-export/shops/heureka-sekce.xml
SK;3740;Dojčenské súpravy;Heureka.sk | Oblečenie, obuv a doplnky | Detské oblečenie | Dojčenské oblečenie | Dojčenské súpravy;5;https://www.heureka.sk/direct/xml-export/shops/heureka-sekce.xml
SK;3734;Dojčenské tričká a košieľky;Heureka.sk | Oblečenie, obuv a doplnky | Detské oblečenie | Dojčenské oblečenie | Dojčenské tričká a košieľky;5;https://www.heureka.sk/direct/xml-export/shops/heureka-sekce.xml
SK;5830;Dojčenské čapice;Heureka.sk | Oblečenie, obuv a doplnky | Detské oblečenie | Dojčenské oblečenie | Dojčenské čapice;5;https://www.heureka.sk/direct/xml-export/shops/heureka-sekce.xml
SK;3741;Dojčenské šatôčky a sukne;Heureka.sk | Oblečenie, obuv a doplnky | Detské oblečenie | Dojčenské oblečenie | Dojčenské šatôčky a sukne;5;https://www.heureka.sk/direct/xml-export/shops/heureka-sekce.xml
SK;5831;Dojčenské šály;Heureka.sk | Oblečenie, obuv a doplnky | Detské oblečenie | Dojčenské oblečenie | Dojčenské šály;5;https://www.heureka.sk/direct/xml-export/shops/heureka-sekce.xml
SK;3738;Dojčenské župany a pyžama;Heureka.sk | Oblečenie, obuv a doplnky | Detské oblečenie | Dojčenské oblečenie | Dojčenské župany a pyžama;5;https://www.heureka.sk/direct/xml-export/shops/heureka-sekce.xml
SK;6687;Dámske nočné košieľky;Heureka.sk | Oblečenie, obuv a doplnky | Dámske oblečenie | Dámska nočná bielizeň a župany | Dámske nočné košieľky;5;https://www.heureka.sk/direct/xml-export/shops/heureka-sekce.xml
SK;1582;Dámske pyžamá;Heureka.sk | Oblečenie, obuv a doplnky | Dámske oblečenie | Dámska nočná bielizeň a župany | Dámske pyžamá;5;https://www.heureka.sk/direct/xml-export/shops/heureka-sekce.xml
SK;1583;Dámske župany;Heureka.sk | Oblečenie, obuv a doplnky | Dámske oblečenie | Dámska nočná bielizeň a župany | Dámske župany;5;https://www.heureka.sk/direct/xml-export/shops/heureka-sekce.xml
SK;4138;Dámska sťahovacia bielizeň;Heureka.sk | Oblečenie, obuv a doplnky | Dámske oblečenie | Dámska spodná bielizeň | Dámska sťahovacia bielizeň;5;https://www.heureka.sk/direct/xml-export/shops/heureka-sekce.xml
SK;6702;Pančuchové nohavice;Heureka.sk | Oblečenie, obuv a doplnky | Dámske oblečenie | Dámska spodná bielizeň | Dámske pančuchy a pančucháče | Pančuchové nohavice;6;https://www.heureka.sk/direct/xml-export/shops/heureka-sekce.xml
SK;2364;Pančuchy;Heureka.sk | Oblečenie, obuv a doplnky | Dámske oblečenie | Dámska spodná bielizeň | Dámske pančuchy a pančucháče | Pančuchy;6;https://www.heureka.sk/direct/xml-export/shops/heureka-sekce.xml
SK;1592;Dámske ponožky;Heureka.sk | Oblečenie, obuv a doplnky | Dámske oblečenie | Dámska spodná bielizeň | Dámske ponožky;5;https://www.heureka.sk/direct/xml-export/shops/heureka-sekce.xml
SK;4409;Dámske spodky;Heureka.sk | Oblečenie, obuv a doplnky | Dámske oblečenie | Dámska spodná bielizeň | Dámske spodky;5;https://www.heureka.sk/direct/xml-export/shops/heureka-sekce.xml
SK;1584;Korzety a podväzkové pásy;Heureka.sk | Oblečenie, obuv a doplnky | Dámske oblečenie | Dámska spodná bielizeň | Korzety a podväzkové pásy;5;https://www.heureka.sk/direct/xml-export/shops/heureka-sekce.xml
SK;1578;Nohavičky;Heureka.sk | Oblečenie, obuv a doplnky | Dámske oblečenie | Dámska spodná bielizeň | Nohavičky;5;https://www.heureka.sk/direct/xml-export/shops/heureka-sekce.xml
SK;1579;Podprsenky;Heureka.sk | Oblečenie, obuv a doplnky | Dámske oblečenie | Dámska spodná bielizeň | Podprsenky;5;https://www.heureka.sk/direct/xml-export/shops/heureka-sekce.xml
SK;5486;Spodničky;Heureka.sk | Oblečenie, obuv a doplnky | Dámske oblečenie | Dámska spodná bielizeň | Spodničky;5;https://www.heureka.sk/direct/xml-export/shops/heureka-sekce.xml
SK;3961;Spodné košieľky;Heureka.sk | Oblečenie, obuv a doplnky | Dámske oblečenie | Dámska spodná bielizeň | Spodné košieľky;5;https://www.heureka.sk/direct/xml-export/shops/heureka-sekce.xml
SK;2966;Súpravy spodnej bielizne;Heureka.sk | Oblečenie, obuv a doplnky | Dámske oblečenie | Dámska spodná bielizeň | Súpravy spodnej bielizne;5;https://www.heureka.sk/direct/xml-export/shops/heureka-sekce.xml
SK;6819;Športové podprsenky;Heureka.sk | Oblečenie, obuv a doplnky | Dámske oblečenie | Dámska spodná bielizeň | Športové podprsenky;5;https://www.heureka.sk/direct/xml-export/shops/heureka-sekce.xml
SK;2447;Dámske blúzky;Heureka.sk | Oblečenie, obuv a doplnky | Dámske oblečenie | Dámske blúzky a košele | Dámske blúzky;5;https://www.heureka.sk/direct/xml-export/shops/heureka-sekce.xml
SK;6800;Dámske košele;Heureka.sk | Oblečenie, obuv a doplnky | Dámske oblečenie | Dámske blúzky a košele | Dámske košele;5;https://www.heureka.sk/direct/xml-export/shops/heureka-sekce.xml
SK;3960;Dámske body;Heureka.sk | Oblečenie, obuv a doplnky | Dámske oblečenie | Dámske body;4;https://www.heureka.sk/direct/xml-export/shops/heureka-sekce.xml
SK;6171;Dámske džínsy;Heureka.sk | Oblečenie, obuv a doplnky | Dámske oblečenie | Dámske nohavice | Dámske džínsy;5;https://www.heureka.sk/direct/xml-export/shops/heureka-sekce.xml
SK;2448;Dámske klasické nohavice;Heureka.sk | Oblečenie, obuv a doplnky | Dámske oblečenie | Dámske nohavice | Dámske klasické nohavice;5;https://www.heureka.sk/direct/xml-export/shops/heureka-sekce.xml
SK;6170;Dámske legíny;Heureka.sk | Oblečenie, obuv a doplnky | Dámske oblečenie | Dámske nohavice | Dámske legíny;5;https://www.heureka.sk/direct/xml-export/shops/heureka-sekce.xml
SK;6169;Dámske tepláky;Heureka.sk | Oblečenie, obuv a doplnky | Dámske oblečenie | Dámske nohavice | Dámske tepláky;5;https://www.heureka.sk/direct/xml-export/shops/heureka-sekce.xml
SK;6168;Dámske športové nohavice;Heureka.sk | Oblečenie, obuv a doplnky | Dámske oblečenie | Dámske nohavice | Dámske športové nohavice;5;https://www.heureka.sk/direct/xml-export/shops/heureka-sekce.xml
SK;1581;Dámske plavky;Heureka.sk | Oblečenie, obuv a doplnky | Dámske oblečenie | Dámske plavky a tuniky | Dámske plavky;5;https://www.heureka.sk/direct/xml-export/shops/heureka-sekce.xml
SK;6700;Plážové tuniky;Heureka.sk | Oblečenie, obuv a doplnky | Dámske oblečenie | Dámske plavky a tuniky | Plážové tuniky;5;https://www.heureka.sk/direct/xml-export/shops/heureka-sekce.xml
SK;2456;Dámske kostýmy;Heureka.sk | Oblečenie, obuv a doplnky | Dámske oblečenie | Dámske saká a kostýmy | Dámske kostýmy;5;https://www.heureka.sk/direct/xml-export/shops/heureka-sekce.xml
SK;2455;Dámske saká;Heureka.sk | Oblečenie, obuv a doplnky | Dámske oblečenie | Dámske saká a kostýmy | Dámske saká;5;https://www.heureka.sk/direct/xml-export/shops/heureka-sekce.xml
SK;6305;Dámske overaly;Heureka.sk | Oblečenie, obuv a doplnky | Dámske oblečenie | Dámske súpravy a overaly | Dámske overaly;5;https://www.heureka.sk/direct/xml-export/shops/heureka-sekce.xml
SK;2457;Dámske teplákové a športové súpravy;Heureka.sk | Oblečenie, obuv a doplnky | Dámske oblečenie | Dámske súpravy a overaly | Dámske teplákové a športové súpravy;5;https://www.heureka.sk/direct/xml-export/shops/heureka-sekce.xml
SK;2452;Dámske tielka;Heureka.sk | Oblečenie, obuv a doplnky | Dámske oblečenie | Dámske tričká a tielka | Dámske tielka;5;https://www.heureka.sk/direct/xml-export/shops/heureka-sekce.xml
SK;8426;Dámske tielka s potlačou;Heureka.sk | Oblečenie, obuv a doplnky | Dámske oblečenie | Dámske tričká a tielka | Dámske tielka s potlačou;5;https://www.heureka.sk/direct/xml-export/shops/heureka-sekce.xml
SK;2371;Dámske tričká;Heureka.sk | Oblečenie, obuv a doplnky | Dámske oblečenie | Dámske tričká a tielka | Dámske tričká;5;https://www.heureka.sk/direct/xml-export/shops/heureka-sekce.xml
SK;8343;Dámske tričká s potlačou;Heureka.sk | Oblečenie, obuv a doplnky | Dámske oblečenie | Dámske tričká a tielka | Dámske tričká s potlačou;5;https://www.heureka.sk/direct/xml-export/shops/heureka-sekce.xml
SK;7994;Dámske športové tielka;Heureka.sk | Oblečenie, obuv a doplnky | Dámske oblečenie | Dámske tričká a tielka | Dámske športové tielka;5;https://www.heureka.sk/direct/xml-export/shops/heureka-sekce.xml
SK;7022;Dámske športové tričká;Heureka.sk | Oblečenie, obuv a doplnky | Dámske oblečenie | Dámske tričká a tielka | Dámske športové tričká;5;https://www.heureka.sk/direct/xml-export/shops/heureka-sekce.xml
SK;5889;Dámske bundy;Heureka.sk | Oblečenie, obuv a doplnky | Dámske oblečenie | Dámske vrchné oblečenie | Dámske bundy;5;https://www.heureka.sk/direct/xml-export/shops/heureka-sekce.xml
SK;5890;Dámske kabáty;Heureka.sk | Oblečenie, obuv a doplnky | Dámske oblečenie | Dámske vrchné oblečenie | Dámske kabáty;5;https://www.heureka.sk/direct/xml-export/shops/heureka-sekce.xml
SK;2454;Dámske vesty;Heureka.sk | Oblečenie, obuv a doplnky | Dámske oblečenie | Dámske vrchné oblečenie | Dámske vesty;5;https://www.heureka.sk/direct/xml-export/shops/heureka-sekce.xml
SK;5891;Dámske športové bundy;Heureka.sk | Oblečenie, obuv a doplnky | Dámske oblečenie | Dámske vrchné oblečenie | Dámske športové bundy;5;https://www.heureka.sk/direct/xml-export/shops/heureka-sekce.xml
SK;2450;Dámske sukne;Heureka.sk | Oblečenie, obuv a doplnky | Dámske oblečenie | Dámske šaty a sukne | Dámske sukne;5;https://www.heureka.sk/direct/xml-export/shops/heureka-sekce.xml
SK;2451;Dámske šaty;Heureka.sk | Oblečenie, obuv a doplnky | Dámske oblečenie | Dámske šaty a sukne | Dámske šaty;5;https://www.heureka.sk/direct/xml-export/shops/heureka-sekce.xml
SK;2827;Plesové šaty;Heureka.sk | Oblečenie, obuv a doplnky | Dámske oblečenie | Dámske šaty a sukne | Plesové šaty;5;https://www.heureka.sk/direct/xml-export/shops/heureka-sekce.xml
SK;2891;Svadobné šaty;Heureka.sk | Oblečenie, obuv a doplnky | Dámske oblečenie | Dámske šaty a sukne | Svadobné šaty;5;https://www.heureka.sk/direct/xml-export/shops/heureka-sekce.xml
SK;900;Dámske šortky;Heureka.sk | Oblečenie, obuv a doplnky | Dámske oblečenie | Dámske šortky;4;https://www.heureka.sk/direct/xml-export/shops/heureka-sekce.xml
SK;2370;Dámske mikiny;Heureka.sk | Oblečenie, obuv a doplnky | Dámske oblečenie | Dámské mikiny a svetry | Dámske mikiny;5;https://www.heureka.sk/direct/xml-export/shops/heureka-sekce.xml
SK;8438;Dámske mikiny s potlačou;Heureka.sk | Oblečenie, obuv a doplnky | Dámske oblečenie | Dámské mikiny a svetry | Dámske mikiny s potlačou;5;https://www.heureka.sk/direct/xml-export/shops/heureka-sekce.xml
SK;2453;Dámske svetre a pulóvre;Heureka.sk | Oblečenie, obuv a doplnky | Dámske oblečenie | Dámské mikiny a svetry | Dámske svetre a pulóvre;5;https://www.heureka.sk/direct/xml-export/shops/heureka-sekce.xml
SK;5941;Tehotenské a dojčiace blúzky;Heureka.sk | Oblečenie, obuv a doplnky | Dámske oblečenie | Tehotenské a dojčiace oblečenie | Tehotenské a dojčiace blúzky;5;https://www.heureka.sk/direct/xml-export/shops/heureka-sekce.xml
SK;5937;Tehotenské a dojčiace mikiny a svetre;Heureka.sk | Oblečenie, obuv a doplnky | Dámske oblečenie | Tehotenské a dojčiace oblečenie | Tehotenské a dojčiace mikiny a svetre;5;https://www.heureka.sk/direct/xml-export/shops/heureka-sekce.xml
SK;5933;Tehotenské a dojčiace podprsenky;Heureka.sk | Oblečenie, obuv a doplnky | Dámske oblečenie | Tehotenské a dojčiace oblečenie | Tehotenské a dojčiace podprsenky;5;https://www.heureka.sk/direct/xml-export/shops/heureka-sekce.xml
SK;5940;Tehotenské a dojčiace pyžamá a košieľky;Heureka.sk | Oblečenie, obuv a doplnky | Dámske oblečenie | Tehotenské a dojčiace oblečenie | Tehotenské a dojčiace pyžamá a košieľky;5;https://www.heureka.sk/direct/xml-export/shops/heureka-sekce.xml
SK;2337;Tehotenské a dojčiace tričká;Heureka.sk | Oblečenie, obuv a doplnky | Dámske oblečenie | Tehotenské a dojčiace oblečenie | Tehotenské a dojčiace tričká;5;https://www.heureka.sk/direct/xml-export/shops/heureka-sekce.xml
SK;5934;Tehotenské a dojčiace šaty;Heureka.sk | Oblečenie, obuv a doplnky | Dámske oblečenie | Tehotenské a dojčiace oblečenie | Tehotenské a dojčiace šaty;5;https://www.heureka.sk/direct/xml-export/shops/heureka-sekce.xml
SK;5935;Tehotenské bundy a kabáty;Heureka.sk | Oblečenie, obuv a doplnky | Dámske oblečenie | Tehotenské a dojčiace oblečenie | Tehotenské bundy a kabáty;5;https://www.heureka.sk/direct/xml-export/shops/heureka-sekce.xml
SK;5936;Tehotenské nohavice;Heureka.sk | Oblečenie, obuv a doplnky | Dámske oblečenie | Tehotenské a dojčiace oblečenie | Tehotenské nohavice;5;https://www.heureka.sk/direct/xml-export/shops/heureka-sekce.xml
SK;5938;Tehotenské nohavičky;Heureka.sk | Oblečenie, obuv a doplnky | Dámske oblečenie | Tehotenské a dojčiace oblečenie | Tehotenské nohavičky;5;https://www.heureka.sk/direct/xml-export/shops/heureka-sekce.xml
SK;5944;Tehotenské pančucháče;Heureka.sk | Oblečenie, obuv a doplnky | Dámske oblečenie | Tehotenské a dojčiace oblečenie | Tehotenské pančucháče;5;https://www.heureka.sk/direct/xml-export/shops/heureka-sekce.xml
SK;5942;Tehotenské plavky;Heureka.sk | Oblečenie, obuv a doplnky | Dámske oblečenie | Tehotenské a dojčiace oblečenie | Tehotenské plavky;5;https://www.heureka.sk/direct/xml-export/shops/heureka-sekce.xml
SK;5939;Tehotenské pásy;Heureka.sk | Oblečenie, obuv a doplnky | Dámske oblečenie | Tehotenské a dojčiace oblečenie | Tehotenské pásy;5;https://www.heureka.sk/direct/xml-export/shops/heureka-sekce.xml
SK;5943;Tehotenské sukne;Heureka.sk | Oblečenie, obuv a doplnky | Dámske oblečenie | Tehotenské a dojčiace oblečenie | Tehotenské sukne;5;https://www.heureka.sk/direct/xml-export/shops/heureka-sekce.xml
SK;5976;Aktovky;Heureka.sk | Oblečenie, obuv a doplnky | Módne doplnky | Batohy, tašky a kabelky | Aktovky;5;https://www.heureka.sk/direct/xml-export/shops/heureka-sekce.xml
SK;997;Batohy;Heureka.sk | Oblečenie, obuv a doplnky | Módne doplnky | Batohy, tašky a kabelky | Batohy;5;https://www.heureka.sk/direct/xml-export/shops/heureka-sekce.xml
SK;3051;Háčiky na kabelku;Heureka.sk | Oblečenie, obuv a doplnky | Módne doplnky | Batohy, tašky a kabelky | Doplnky ku kabelkám | Háčiky na kabelku;6;https://www.heureka.sk/direct/xml-export/shops/heureka-sekce.xml
SK;5418;Organizéry do kabelky;Heureka.sk | Oblečenie, obuv a doplnky | Módne doplnky | Batohy, tašky a kabelky | Doplnky ku kabelkám | Organizéry do kabelky;6;https://www.heureka.sk/direct/xml-export/shops/heureka-sekce.xml
SK;1468;Kabelky;Heureka.sk | Oblečenie, obuv a doplnky | Módne doplnky | Batohy, tašky a kabelky | Kabelky;5;https://www.heureka.sk/direct/xml-export/shops/heureka-sekce.xml
SK;2383;Tašky;Heureka.sk | Oblečenie, obuv a doplnky | Módne doplnky | Batohy, tašky a kabelky | Tašky;5;https://www.heureka.sk/direct/xml-export/shops/heureka-sekce.xml
SK;3133;Vaky na chrbát;Heureka.sk | Oblečenie, obuv a doplnky | Módne doplnky | Batohy, tašky a kabelky | Vaky na chrbát;5;https://www.heureka.sk/direct/xml-export/shops/heureka-sekce.xml
SK;2169;Ľadvinky;Heureka.sk | Oblečenie, obuv a doplnky | Módne doplnky | Batohy, tašky a kabelky | Ľadvinky;5;https://www.heureka.sk/direct/xml-export/shops/heureka-sekce.xml
SK;5977;Športové tašky;Heureka.sk | Oblečenie, obuv a doplnky | Módne doplnky | Batohy, tašky a kabelky | Športové tašky;5;https://www.heureka.sk/direct/xml-export/shops/heureka-sekce.xml
SK;4466;Cestovné kufre;Heureka.sk | Oblečenie, obuv a doplnky | Módne doplnky | Cestovná batožina a príslušenstvo | Cestovné kufre;5;https://www.heureka.sk/direct/xml-export/shops/heureka-sekce.xml
SK;6626;Cestovné tašky a batohy;Heureka.sk | Oblečenie, obuv a doplnky | Módne doplnky | Cestovná batožina a príslušenstvo | Cestovné tašky a batohy;5;https://www.heureka.sk/direct/xml-export/shops/heureka-sekce.xml
SK;6627;Menovky na batožinu;Heureka.sk | Oblečenie, obuv a doplnky | Módne doplnky | Cestovná batožina a príslušenstvo | Menovky na batožinu;5;https://www.heureka.sk/direct/xml-export/shops/heureka-sekce.xml
SK;6632;Obaly na kufre;Heureka.sk | Oblečenie, obuv a doplnky | Módne doplnky | Cestovná batožina a príslušenstvo | Obaly na kufre;5;https://www.heureka.sk/direct/xml-export/shops/heureka-sekce.xml
SK;6628;Popruhy na batožinu;Heureka.sk | Oblečenie, obuv a doplnky | Módne doplnky | Cestovná batožina a príslušenstvo | Popruhy na batožinu;5;https://www.heureka.sk/direct/xml-export/shops/heureka-sekce.xml
SK;6629;Váhy na batožinu;Heureka.sk | Oblečenie, obuv a doplnky | Módne doplnky | Cestovná batožina a príslušenstvo | Váhy na batožinu;5;https://www.heureka.sk/direct/xml-export/shops/heureka-sekce.xml
SK;3367;Gumičky do vlasov;Heureka.sk | Oblečenie, obuv a doplnky | Módne doplnky | Doplnky do vlasov | Gumičky do vlasov;5;https://www.heureka.sk/direct/xml-export/shops/heureka-sekce.xml
SK;5035;Parochne;Heureka.sk | Oblečenie, obuv a doplnky | Módne doplnky | Doplnky do vlasov | Parochne;5;https://www.heureka.sk/direct/xml-export/shops/heureka-sekce.xml
SK;3405;Príčesky do vlasov;Heureka.sk | Oblečenie, obuv a doplnky | Módne doplnky | Doplnky do vlasov | Príčesky do vlasov;5;https://www.heureka.sk/direct/xml-export/shops/heureka-sekce.xml
SK;3369;Spony do vlasov;Heureka.sk | Oblečenie, obuv a doplnky | Módne doplnky | Doplnky do vlasov | Spony do vlasov;5;https://www.heureka.sk/direct/xml-export/shops/heureka-sekce.xml
SK;5216;Svadobné závoje;Heureka.sk | Oblečenie, obuv a doplnky | Módne doplnky | Doplnky do vlasov | Svadobné závoje;5;https://www.heureka.sk/direct/xml-export/shops/heureka-sekce.xml
SK;5020;Tape in vlasy;Heureka.sk | Oblečenie, obuv a doplnky | Módne doplnky | Doplnky do vlasov | Tape in vlasy;5;https://www.heureka.sk/direct/xml-export/shops/heureka-sekce.xml
SK;3159;Čelenky;Heureka.sk | Oblečenie, obuv a doplnky | Módne doplnky | Doplnky do vlasov | Čelenky;5;https://www.heureka.sk/direct/xml-export/shops/heureka-sekce.xml
SK;3922;Čelenky do vlasov;Heureka.sk | Oblečenie, obuv a doplnky | Módne doplnky | Doplnky do vlasov | Čelenky do vlasov;5;https://www.heureka.sk/direct/xml-export/shops/heureka-sekce.xml
SK;3366;Štipce do vlasov;Heureka.sk | Oblečenie, obuv a doplnky | Módne doplnky | Doplnky do vlasov | Štipce do vlasov;5;https://www.heureka.sk/direct/xml-export/shops/heureka-sekce.xml
SK;2763;Dáždniky;Heureka.sk | Oblečenie, obuv a doplnky | Módne doplnky | Dáždniky;4;https://www.heureka.sk/direct/xml-export/shops/heureka-sekce.xml
SK;976;Hodinky;Heureka.sk | Oblečenie, obuv a doplnky | Módne doplnky | Hodinky a šperky | Hodinky a príslušenstvo | Hodinky;6;https://www.heureka.sk/direct/xml-export/shops/heureka-sekce.xml
SK;6960;Kazety a stojany na hodinky;Heureka.sk | Oblečenie, obuv a doplnky | Módne doplnky | Hodinky a šperky | Hodinky a príslušenstvo | Kazety a stojany na hodinky;6;https://www.heureka.sk/direct/xml-export/shops/heureka-sekce.xml
SK;6704;Naťahovače hodiniek;Heureka.sk | Oblečenie, obuv a doplnky | Módne doplnky | Hodinky a šperky | Hodinky a príslušenstvo | Naťahovače hodiniek;6;https://www.heureka.sk/direct/xml-export/shops/heureka-sekce.xml
SK;2258;Remienky k hodinkám;Heureka.sk | Oblečenie, obuv a doplnky | Módne doplnky | Hodinky a šperky | Hodinky a príslušenstvo | Remienky k hodinkám;6;https://www.heureka.sk/direct/xml-export/shops/heureka-sekce.xml
SK;2054;Brošne;Heureka.sk | Oblečenie, obuv a doplnky | Módne doplnky | Hodinky a šperky | Šperky | Brošne;6;https://www.heureka.sk/direct/xml-export/shops/heureka-sekce.xml
SK;2634;Darčekové krabičky na šperky;Heureka.sk | Oblečenie, obuv a doplnky | Módne doplnky | Hodinky a šperky | Šperky | Darčekové krabičky na šperky;6;https://www.heureka.sk/direct/xml-export/shops/heureka-sekce.xml
SK;2411;Korunky;Heureka.sk | Oblečenie, obuv a doplnky | Módne doplnky | Hodinky a šperky | Šperky | Korunky;6;https://www.heureka.sk/direct/xml-export/shops/heureka-sekce.xml
SK;1257;Náhrdelníky;Heureka.sk | Oblečenie, obuv a doplnky | Módne doplnky | Hodinky a šperky | Šperky | Náhrdelníky;6;https://www.heureka.sk/direct/xml-export/shops/heureka-sekce.xml
SK;1258;Náramky;Heureka.sk | Oblečenie, obuv a doplnky | Módne doplnky | Hodinky a šperky | Šperky | Náramky;6;https://www.heureka.sk/direct/xml-export/shops/heureka-sekce.xml
SK;1260;Náušnice;Heureka.sk | Oblečenie, obuv a doplnky | Módne doplnky | Hodinky a šperky | Šperky | Náušnice;6;https://www.heureka.sk/direct/xml-export/shops/heureka-sekce.xml
SK;1514;Piercing;Heureka.sk | Oblečenie, obuv a doplnky | Módne doplnky | Hodinky a šperky | Šperky | Piercing;6;https://www.heureka.sk/direct/xml-export/shops/heureka-sekce.xml
SK;1259;Prstene;Heureka.sk | Oblečenie, obuv a doplnky | Módne doplnky | Hodinky a šperky | Šperky | Prstene;6;https://www.heureka.sk/direct/xml-export/shops/heureka-sekce.xml
SK;1512;Prívesky;Heureka.sk | Oblečenie, obuv a doplnky | Módne doplnky | Hodinky a šperky | Šperky | Prívesky;6;https://www.heureka.sk/direct/xml-export/shops/heureka-sekce.xml
SK;1746;Retiazky;Heureka.sk | Oblečenie, obuv a doplnky | Módne doplnky | Hodinky a šperky | Šperky | Retiazky;6;https://www.heureka.sk/direct/xml-export/shops/heureka-sekce.xml
SK;6340;Retiazky na nohu;Heureka.sk | Oblečenie, obuv a doplnky | Módne doplnky | Hodinky a šperky | Šperky | Retiazky na nohu;6;https://www.heureka.sk/direct/xml-export/shops/heureka-sekce.xml
SK;2412;Súpravy šperkov a bižutérie;Heureka.sk | Oblečenie, obuv a doplnky | Módne doplnky | Hodinky a šperky | Šperky | Súpravy šperkov a bižutérie;6;https://www.heureka.sk/direct/xml-export/shops/heureka-sekce.xml
SK;2498;Šperkovnice;Heureka.sk | Oblečenie, obuv a doplnky | Módne doplnky | Hodinky a šperky | Šperky | Šperkovnice;6;https://www.heureka.sk/direct/xml-export/shops/heureka-sekce.xml
SK;6331;Kukly;Heureka.sk | Oblečenie, obuv a doplnky | Módne doplnky | Kukly;4;https://www.heureka.sk/direct/xml-export/shops/heureka-sekce.xml
SK;5225;Obaly na odev a obuv;Heureka.sk | Oblečenie, obuv a doplnky | Módne doplnky | Obaly na odev a obuv;4;https://www.heureka.sk/direct/xml-export/shops/heureka-sekce.xml
SK;2466;Opasky;Heureka.sk | Oblečenie, obuv a doplnky | Módne doplnky | Opasky a traky | Opasky;5;https://www.heureka.sk/direct/xml-export/shops/heureka-sekce.xml
SK;6762;Traky;Heureka.sk | Oblečenie, obuv a doplnky | Módne doplnky | Opasky a traky | Traky;5;https://www.heureka.sk/direct/xml-export/shops/heureka-sekce.xml
SK;1256;Peňaženky;Heureka.sk | Oblečenie, obuv a doplnky | Módne doplnky | Peňaženky a spony na peniaze | Peňaženky;5;https://www.heureka.sk/direct/xml-export/shops/heureka-sekce.xml
SK;5252;Puzdrá na doklady a karty;Heureka.sk | Oblečenie, obuv a doplnky | Módne doplnky | Peňaženky a spony na peniaze | Puzdrá na doklady a karty;5;https://www.heureka.sk/direct/xml-export/shops/heureka-sekce.xml
SK;4893;Spony na peniaze;Heureka.sk | Oblečenie, obuv a doplnky | Módne doplnky | Peňaženky a spony na peniaze | Spony na peniaze;5;https://www.heureka.sk/direct/xml-export/shops/heureka-sekce.xml
SK;2464;Klobúky;Heureka.sk | Oblečenie, obuv a doplnky | Módne doplnky | Pokrývky hlavy | Klobúky;5;https://www.heureka.sk/direct/xml-export/shops/heureka-sekce.xml
SK;2465;Zimné čiapky;Heureka.sk | Oblečenie, obuv a doplnky | Módne doplnky | Pokrývky hlavy | Zimné čiapky;5;https://www.heureka.sk/direct/xml-export/shops/heureka-sekce.xml
SK;2416;Šiltovky;Heureka.sk | Oblečenie, obuv a doplnky | Módne doplnky | Pokrývky hlavy | Šiltovky;5;https://www.heureka.sk/direct/xml-export/shops/heureka-sekce.xml
SK;2408;Kľúčenky;Heureka.sk | Oblečenie, obuv a doplnky | Módne doplnky | Prívesky na kľúče a kľúčenky | Kľúčenky;5;https://www.heureka.sk/direct/xml-export/shops/heureka-sekce.xml
SK;3070;Prívesky na kľúče;Heureka.sk | Oblečenie, obuv a doplnky | Módne doplnky | Prívesky na kľúče a kľúčenky | Prívesky na kľúče;5;https://www.heureka.sk/direct/xml-export/shops/heureka-sekce.xml
SK;1589;Kravaty;Heureka.sk | Oblečenie, obuv a doplnky | Módne doplnky | Pánske doplnky | Kravaty;5;https://www.heureka.sk/direct/xml-export/shops/heureka-sekce.xml
SK;2713;Manžetové gombíky;Heureka.sk | Oblečenie, obuv a doplnky | Módne doplnky | Pánske doplnky | Manžetové gombíky;5;https://www.heureka.sk/direct/xml-export/shops/heureka-sekce.xml
SK;6301;Motýliky;Heureka.sk | Oblečenie, obuv a doplnky | Módne doplnky | Pánske doplnky | Motýliky;5;https://www.heureka.sk/direct/xml-export/shops/heureka-sekce.xml
SK;6304;Spony na kravatu;Heureka.sk | Oblečenie, obuv a doplnky | Módne doplnky | Pánske doplnky | Spony na kravatu;5;https://www.heureka.sk/direct/xml-export/shops/heureka-sekce.xml
SK;3096;Puzdrá na okuliare;Heureka.sk | Oblečenie, obuv a doplnky | Módne doplnky | Slnečné okuliare a puzdrá na okuliare | Puzdrá na okuliare;5;https://www.heureka.sk/direct/xml-export/shops/heureka-sekce.xml
SK;2711;Slnečné okuliare;Heureka.sk | Oblečenie, obuv a doplnky | Módne doplnky | Slnečné okuliare a puzdrá na okuliare | Slnečné okuliare;5;https://www.heureka.sk/direct/xml-export/shops/heureka-sekce.xml
SK;4885;Spoločenské rukavice;Heureka.sk | Oblečenie, obuv a doplnky | Módne doplnky | Spoločenské rukavice;4;https://www.heureka.sk/direct/xml-export/shops/heureka-sekce.xml
SK;3157;Zimné rukavice;Heureka.sk | Oblečenie, obuv a doplnky | Módne doplnky | Zimné rukavice;4;https://www.heureka.sk/direct/xml-export/shops/heureka-sekce.xml
SK;6508;Nákrčníky;Heureka.sk | Oblečenie, obuv a doplnky | Módne doplnky | Šatky, šály a nákrčníky | Nákrčníky;5;https://www.heureka.sk/direct/xml-export/shops/heureka-sekce.xml
SK;3156;Šatky;Heureka.sk | Oblečenie, obuv a doplnky | Módne doplnky | Šatky, šály a nákrčníky | Šatky;5;https://www.heureka.sk/direct/xml-export/shops/heureka-sekce.xml
SK;3155;Šály;Heureka.sk | Oblečenie, obuv a doplnky | Módne doplnky | Šatky, šály a nákrčníky | Šály;5;https://www.heureka.sk/direct/xml-export/shops/heureka-sekce.xml
SK;6288;Detské baleríny a espadrilky;Heureka.sk | Oblečenie, obuv a doplnky | Obuv | Detské topánky | Detské baleríny a espadrilky;5;https://www.heureka.sk/direct/xml-export/shops/heureka-sekce.xml
SK;6270;Detské basketbalové topánky;Heureka.sk | Oblečenie, obuv a doplnky | Obuv | Detské topánky | Detské basketbalové topánky;5;https://www.heureka.sk/direct/xml-export/shops/heureka-sekce.xml
SK;6275;Detské bežecké topánky;Heureka.sk | Oblečenie, obuv a doplnky | Obuv | Detské topánky | Detské bežecké topánky;5;https://www.heureka.sk/direct/xml-export/shops/heureka-sekce.xml
SK;3737;Detské capáčky;Heureka.sk | Oblečenie, obuv a doplnky | Obuv | Detské topánky | Detské capáčky;5;https://www.heureka.sk/direct/xml-export/shops/heureka-sekce.xml
SK;6589;Detské fitness topánky;Heureka.sk | Oblečenie, obuv a doplnky | Obuv | Detské topánky | Detské fitness topánky;5;https://www.heureka.sk/direct/xml-export/shops/heureka-sekce.xml
SK;6165;Detské gumáky;Heureka.sk | Oblečenie, obuv a doplnky | Obuv | Detské topánky | Detské gumáky;5;https://www.heureka.sk/direct/xml-export/shops/heureka-sekce.xml
SK;6286;Detské papuče;Heureka.sk | Oblečenie, obuv a doplnky | Obuv | Detské topánky | Detské papuče;5;https://www.heureka.sk/direct/xml-export/shops/heureka-sekce.xml
SK;6398;Detské poltopánky a mokasíny;Heureka.sk | Oblečenie, obuv a doplnky | Obuv | Detské topánky | Detské poltopánky a mokasíny;5;https://www.heureka.sk/direct/xml-export/shops/heureka-sekce.xml
SK;6612;Detské ponožkotopánky;Heureka.sk | Oblečenie, obuv a doplnky | Obuv | Detské topánky | Detské ponožkotopánky;5;https://www.heureka.sk/direct/xml-export/shops/heureka-sekce.xml
SK;6287;Detské sandále;Heureka.sk | Oblečenie, obuv a doplnky | Obuv | Detské topánky | Detské sandále;5;https://www.heureka.sk/direct/xml-export/shops/heureka-sekce.xml
SK;6162;Detské snehule;Heureka.sk | Oblečenie, obuv a doplnky | Obuv | Detské topánky | Detské snehule;5;https://www.heureka.sk/direct/xml-export/shops/heureka-sekce.xml
SK;1990;Detské tenisky;Heureka.sk | Oblečenie, obuv a doplnky | Obuv | Detské topánky | Detské tenisky;5;https://www.heureka.sk/direct/xml-export/shops/heureka-sekce.xml
SK;6294;Detské trekové topánky;Heureka.sk | Oblečenie, obuv a doplnky | Obuv | Detské topánky | Detské trekové topánky;5;https://www.heureka.sk/direct/xml-export/shops/heureka-sekce.xml
SK;6164;Detské čižmy;Heureka.sk | Oblečenie, obuv a doplnky | Obuv | Detské topánky | Detské čižmy;5;https://www.heureka.sk/direct/xml-export/shops/heureka-sekce.xml
SK;6163;Detské členkové topánky;Heureka.sk | Oblečenie, obuv a doplnky | Obuv | Detské topánky | Detské členkové topánky;5;https://www.heureka.sk/direct/xml-export/shops/heureka-sekce.xml
SK;6285;Detské žabky a šľapky;Heureka.sk | Oblečenie, obuv a doplnky | Obuv | Detské topánky | Detské žabky a šľapky;5;https://www.heureka.sk/direct/xml-export/shops/heureka-sekce.xml
SK;4834;Napínače na obuv;Heureka.sk | Oblečenie, obuv a doplnky | Obuv | Doplnky k obuvi | Napínače na obuv;5;https://www.heureka.sk/direct/xml-export/shops/heureka-sekce.xml
SK;4832;Obúvacie lyžice;Heureka.sk | Oblečenie, obuv a doplnky | Obuv | Doplnky k obuvi | Obúvacie lyžice;5;https://www.heureka.sk/direct/xml-export/shops/heureka-sekce.xml
SK;4830;Vložky do topánok;Heureka.sk | Oblečenie, obuv a doplnky | Obuv | Doplnky k obuvi | Vložky do topánok;5;https://www.heureka.sk/direct/xml-export/shops/heureka-sekce.xml
SK;4831;Údržba a čistenie obuvi;Heureka.sk | Oblečenie, obuv a doplnky | Obuv | Doplnky k obuvi | Údržba a čistenie obuvi;5;https://www.heureka.sk/direct/xml-export/shops/heureka-sekce.xml
SK;6994;Šnúrky;Heureka.sk | Oblečenie, obuv a doplnky | Obuv | Doplnky k obuvi | Šnúrky;5;https://www.heureka.sk/direct/xml-export/shops/heureka-sekce.xml
SK;6152;Dámske baleríny;Heureka.sk | Oblečenie, obuv a doplnky | Obuv | Dámske topánky | Dámske baleríny;5;https://www.heureka.sk/direct/xml-export/shops/heureka-sekce.xml
SK;6272;Dámske basketbalové topánky;Heureka.sk | Oblečenie, obuv a doplnky | Obuv | Dámske topánky | Dámske basketbalové topánky;5;https://www.heureka.sk/direct/xml-export/shops/heureka-sekce.xml
SK;6273;Dámske bežecké topánky;Heureka.sk | Oblečenie, obuv a doplnky | Obuv | Dámske topánky | Dámske bežecké topánky;5;https://www.heureka.sk/direct/xml-export/shops/heureka-sekce.xml
SK;6282;Dámske espadrilky;Heureka.sk | Oblečenie, obuv a doplnky | Obuv | Dámske topánky | Dámske espadrilky;5;https://www.heureka.sk/direct/xml-export/shops/heureka-sekce.xml
SK;6592;Dámske fitness topánky;Heureka.sk | Oblečenie, obuv a doplnky | Obuv | Dámske topánky | Dámske fitness topánky;5;https://www.heureka.sk/direct/xml-export/shops/heureka-sekce.xml
SK;6156;Dámske gumáky;Heureka.sk | Oblečenie, obuv a doplnky | Obuv | Dámske topánky | Dámske gumáky;5;https://www.heureka.sk/direct/xml-export/shops/heureka-sekce.xml
SK;6149;Dámske lodičky;Heureka.sk | Oblečenie, obuv a doplnky | Obuv | Dámske topánky | Dámske lodičky;5;https://www.heureka.sk/direct/xml-export/shops/heureka-sekce.xml
SK;6283;Dámske mokasíny;Heureka.sk | Oblečenie, obuv a doplnky | Obuv | Dámske topánky | Dámske mokasíny;5;https://www.heureka.sk/direct/xml-export/shops/heureka-sekce.xml
SK;6281;Dámske papuče;Heureka.sk | Oblečenie, obuv a doplnky | Obuv | Dámske topánky | Dámske papuče;5;https://www.heureka.sk/direct/xml-export/shops/heureka-sekce.xml
SK;6148;Dámske poltopánky;Heureka.sk | Oblečenie, obuv a doplnky | Obuv | Dámske topánky | Dámske poltopánky;5;https://www.heureka.sk/direct/xml-export/shops/heureka-sekce.xml
SK;6155;Dámske sandále;Heureka.sk | Oblečenie, obuv a doplnky | Obuv | Dámske topánky | Dámske sandále;5;https://www.heureka.sk/direct/xml-export/shops/heureka-sekce.xml
SK;6284;Dámske snehule;Heureka.sk | Oblečenie, obuv a doplnky | Obuv | Dámske topánky | Dámske snehule;5;https://www.heureka.sk/direct/xml-export/shops/heureka-sekce.xml
SK;6278;Dámske tenisky;Heureka.sk | Oblečenie, obuv a doplnky | Obuv | Dámske topánky | Dámske tenisky;5;https://www.heureka.sk/direct/xml-export/shops/heureka-sekce.xml
SK;6277;Dámske trekové topánky;Heureka.sk | Oblečenie, obuv a doplnky | Obuv | Dámske topánky | Dámske trekové topánky;5;https://www.heureka.sk/direct/xml-export/shops/heureka-sekce.xml
SK;6153;Dámske čižmy;Heureka.sk | Oblečenie, obuv a doplnky | Obuv | Dámske topánky | Dámske čižmy;5;https://www.heureka.sk/direct/xml-export/shops/heureka-sekce.xml
SK;6279;Dámske členkové topánky;Heureka.sk | Oblečenie, obuv a doplnky | Obuv | Dámske topánky | Dámske členkové topánky;5;https://www.heureka.sk/direct/xml-export/shops/heureka-sekce.xml
SK;6280;Dámske žabky a šľapky;Heureka.sk | Oblečenie, obuv a doplnky | Obuv | Dámske topánky | Dámske žabky a šľapky;5;https://www.heureka.sk/direct/xml-export/shops/heureka-sekce.xml
SK;6611;Ponožkotopánky;Heureka.sk | Oblečenie, obuv a doplnky | Obuv | Pánske topánky | Ponožkotopánky;5;https://www.heureka.sk/direct/xml-export/shops/heureka-sekce.xml
SK;6271;Pánske basketbalové topánky;Heureka.sk | Oblečenie, obuv a doplnky | Obuv | Pánske topánky | Pánske basketbalové topánky;5;https://www.heureka.sk/direct/xml-export/shops/heureka-sekce.xml
SK;6274;Pánske bežecké topánky;Heureka.sk | Oblečenie, obuv a doplnky | Obuv | Pánske topánky | Pánske bežecké topánky;5;https://www.heureka.sk/direct/xml-export/shops/heureka-sekce.xml
SK;6291;Pánske espadrilky;Heureka.sk | Oblečenie, obuv a doplnky | Obuv | Pánske topánky | Pánske espadrilky;5;https://www.heureka.sk/direct/xml-export/shops/heureka-sekce.xml
SK;6588;Pánske fitness topánky;Heureka.sk | Oblečenie, obuv a doplnky | Obuv | Pánske topánky | Pánske fitness topánky;5;https://www.heureka.sk/direct/xml-export/shops/heureka-sekce.xml
SK;6160;Pánske gumáky a snehule;Heureka.sk | Oblečenie, obuv a doplnky | Obuv | Pánske topánky | Pánske gumáky a snehule;5;https://www.heureka.sk/direct/xml-export/shops/heureka-sekce.xml
SK;6292;Pánske mokasíny;Heureka.sk | Oblečenie, obuv a doplnky | Obuv | Pánske topánky | Pánske mokasíny;5;https://www.heureka.sk/direct/xml-export/shops/heureka-sekce.xml
SK;6159;Pánske papuče;Heureka.sk | Oblečenie, obuv a doplnky | Obuv | Pánske topánky | Pánske papuče;5;https://www.heureka.sk/direct/xml-export/shops/heureka-sekce.xml
SK;6151;Pánske poltopánky;Heureka.sk | Oblečenie, obuv a doplnky | Obuv | Pánske topánky | Pánske poltopánky;5;https://www.heureka.sk/direct/xml-export/shops/heureka-sekce.xml
SK;6290;Pánske sandále;Heureka.sk | Oblečenie, obuv a doplnky | Obuv | Pánske topánky | Pánske sandále;5;https://www.heureka.sk/direct/xml-export/shops/heureka-sekce.xml
SK;1590;Pánske tenisky;Heureka.sk | Oblečenie, obuv a doplnky | Obuv | Pánske topánky | Pánske tenisky;5;https://www.heureka.sk/direct/xml-export/shops/heureka-sekce.xml
SK;6293;Pánske trekové topánky;Heureka.sk | Oblečenie, obuv a doplnky | Obuv | Pánske topánky | Pánske trekové topánky;5;https://www.heureka.sk/direct/xml-export/shops/heureka-sekce.xml
SK;6158;Pánske členkové topánky;Heureka.sk | Oblečenie, obuv a doplnky | Obuv | Pánske topánky | Pánske členkové topánky;5;https://www.heureka.sk/direct/xml-export/shops/heureka-sekce.xml
SK;6289;Pánske žabky a šľapky;Heureka.sk | Oblečenie, obuv a doplnky | Obuv | Pánske topánky | Pánske žabky a šľapky;5;https://www.heureka.sk/direct/xml-export/shops/heureka-sekce.xml
SK;1585;Boxerky, trenírky, slipy;Heureka.sk | Oblečenie, obuv a doplnky | Pánske oblečenie | Pánska spodná bielizeň | Boxerky, trenírky, slipy;5;https://www.heureka.sk/direct/xml-export/shops/heureka-sekce.xml
SK;4139;Pánska sťahovacia bielizeň;Heureka.sk | Oblečenie, obuv a doplnky | Pánske oblečenie | Pánska spodná bielizeň | Pánska sťahovacia bielizeň;5;https://www.heureka.sk/direct/xml-export/shops/heureka-sekce.xml
SK;1586;Pánske nátelníky;Heureka.sk | Oblečenie, obuv a doplnky | Pánske oblečenie | Pánska spodná bielizeň | Pánske nátelníky;5;https://www.heureka.sk/direct/xml-export/shops/heureka-sekce.xml
SK;4392;Pánske spodky;Heureka.sk | Oblečenie, obuv a doplnky | Pánske oblečenie | Pánska spodná bielizeň | Pánske spodky;5;https://www.heureka.sk/direct/xml-export/shops/heureka-sekce.xml
SK;1588;Pánske košele;Heureka.sk | Oblečenie, obuv a doplnky | Pánske oblečenie | Pánske košele;4;https://www.heureka.sk/direct/xml-export/shops/heureka-sekce.xml
SK;840;Pánske kraťasy a šortky;Heureka.sk | Oblečenie, obuv a doplnky | Pánske oblečenie | Pánske kraťasy a šortky;4;https://www.heureka.sk/direct/xml-export/shops/heureka-sekce.xml
SK;1591;Pánske mikiny;Heureka.sk | Oblečenie, obuv a doplnky | Pánske oblečenie | Pánske mikiny a svetre | Pánske mikiny;5;https://www.heureka.sk/direct/xml-export/shops/heureka-sekce.xml
SK;8478;Pánske mikiny s potlačou;Heureka.sk | Oblečenie, obuv a doplnky | Pánske oblečenie | Pánske mikiny a svetre | Pánske mikiny s potlačou;5;https://www.heureka.sk/direct/xml-export/shops/heureka-sekce.xml
SK;2269;Pánske svetre;Heureka.sk | Oblečenie, obuv a doplnky | Pánske oblečenie | Pánske mikiny a svetre | Pánske svetre;5;https://www.heureka.sk/direct/xml-export/shops/heureka-sekce.xml
SK;6143;Pánske džínsy;Heureka.sk | Oblečenie, obuv a doplnky | Pánske oblečenie | Pánske nohavice | Pánske džínsy;5;https://www.heureka.sk/direct/xml-export/shops/heureka-sekce.xml
SK;2341;Pánske klasické nohavice;Heureka.sk | Oblečenie, obuv a doplnky | Pánske oblečenie | Pánske nohavice | Pánske klasické nohavice;5;https://www.heureka.sk/direct/xml-export/shops/heureka-sekce.xml
SK;6144;Pánske legíny;Heureka.sk | Oblečenie, obuv a doplnky | Pánske oblečenie | Pánske nohavice | Pánske legíny;5;https://www.heureka.sk/direct/xml-export/shops/heureka-sekce.xml
SK;6145;Pánske tepláky;Heureka.sk | Oblečenie, obuv a doplnky | Pánske oblečenie | Pánske nohavice | Pánske tepláky;5;https://www.heureka.sk/direct/xml-export/shops/heureka-sekce.xml
SK;6146;Pánske športové nohavice;Heureka.sk | Oblečenie, obuv a doplnky | Pánske oblečenie | Pánske nohavice | Pánske športové nohavice;5;https://www.heureka.sk/direct/xml-export/shops/heureka-sekce.xml
SK;2462;Pánske pyžamá;Heureka.sk | Oblečenie, obuv a doplnky | Pánske oblečenie | Pánske nočné prádlo a župany | Pánske pyžamá;5;https://www.heureka.sk/direct/xml-export/shops/heureka-sekce.xml
SK;874;Pánske župany;Heureka.sk | Oblečenie, obuv a doplnky | Pánske oblečenie | Pánske nočné prádlo a župany | Pánske župany;5;https://www.heureka.sk/direct/xml-export/shops/heureka-sekce.xml
SK;2459;Pánske obleky;Heureka.sk | Oblečenie, obuv a doplnky | Pánske oblečenie | Pánske obleky a saká | Pánske obleky;5;https://www.heureka.sk/direct/xml-export/shops/heureka-sekce.xml
SK;2373;Pánske saká;Heureka.sk | Oblečenie, obuv a doplnky | Pánske oblečenie | Pánske obleky a saká | Pánske saká;5;https://www.heureka.sk/direct/xml-export/shops/heureka-sekce.xml
SK;1587;Pánske plavky;Heureka.sk | Oblečenie, obuv a doplnky | Pánske oblečenie | Pánske plavky;4;https://www.heureka.sk/direct/xml-export/shops/heureka-sekce.xml
SK;2463;Pánske ponožky;Heureka.sk | Oblečenie, obuv a doplnky | Pánske oblečenie | Pánske ponožky;4;https://www.heureka.sk/direct/xml-export/shops/heureka-sekce.xml
SK;2461;Pánske teplákové a športové súpravy;Heureka.sk | Oblečenie, obuv a doplnky | Pánske oblečenie | Pánske teplákové a športové súpravy;4;https://www.heureka.sk/direct/xml-export/shops/heureka-sekce.xml
SK;6680;Pánske tielka;Heureka.sk | Oblečenie, obuv a doplnky | Pánske oblečenie | Pánske tričká a tielka | Pánske tielka;5;https://www.heureka.sk/direct/xml-export/shops/heureka-sekce.xml
SK;2372;Pánske tričká;Heureka.sk | Oblečenie, obuv a doplnky | Pánske oblečenie | Pánske tričká a tielka | Pánske tričká;5;https://www.heureka.sk/direct/xml-export/shops/heureka-sekce.xml
SK;8460;Pánske tričká s potlačou;Heureka.sk | Oblečenie, obuv a doplnky | Pánske oblečenie | Pánske tričká a tielka | Pánske tričká s potlačou;5;https://www.heureka.sk/direct/xml-export/shops/heureka-sekce.xml
SK;8340;Pánske športové tielka;Heureka.sk | Oblečenie, obuv a doplnky | Pánske oblečenie | Pánske tričká a tielka | Pánske športové tielka;5;https://www.heureka.sk/direct/xml-export/shops/heureka-sekce.xml
SK;7026;Pánske športové tričká;Heureka.sk | Oblečenie, obuv a doplnky | Pánske oblečenie | Pánske tričká a tielka | Pánske športové tričká;5;https://www.heureka.sk/direct/xml-export/shops/heureka-sekce.xml
SK;2458;Pánske bundy;Heureka.sk | Oblečenie, obuv a doplnky | Pánske oblečenie | Pánske vrchné oblečenie | Pánske bundy;5;https://www.heureka.sk/direct/xml-export/shops/heureka-sekce.xml
SK;5979;Pánske kabáty;Heureka.sk | Oblečenie, obuv a doplnky | Pánske oblečenie | Pánske vrchné oblečenie | Pánske kabáty;5;https://www.heureka.sk/direct/xml-export/shops/heureka-sekce.xml
SK;915;Pánske vesty;Heureka.sk | Oblečenie, obuv a doplnky | Pánske oblečenie | Pánske vrchné oblečenie | Pánske vesty;5;https://www.heureka.sk/direct/xml-export/shops/heureka-sekce.xml
SK;5980;Pánske športové bundy;Heureka.sk | Oblečenie, obuv a doplnky | Pánske oblečenie | Pánske vrchné oblečenie | Pánske športové bundy;5;https://www.heureka.sk/direct/xml-export/shops/heureka-sekce.xml
SK;8565;Filtre do sušičky bielizne;Heureka.sk | Veľké spotrebiče | Práčky a sušičky | Filtre do sušičky bielizne;4;https://www.heureka.sk/direct/xml-export/shops/heureka-sekce.xml
SK;3174;Hadice k práčkam;Heureka.sk | Veľké spotrebiče | Práčky a sušičky | Hadice k práčkam;4;https://www.heureka.sk/direct/xml-export/shops/heureka-sekce.xml
SK;6037;Medzikusy práčka - sušička;Heureka.sk | Veľké spotrebiče | Práčky a sušičky | Medzikusy práčka - sušička;4;https://www.heureka.sk/direct/xml-export/shops/heureka-sekce.xml
SK;962;Práčky;Heureka.sk | Veľké spotrebiče | Práčky a sušičky | Práčky;4;https://www.heureka.sk/direct/xml-export/shops/heureka-sekce.xml
SK;6035;Príslušenstvo k práčkam a sušičkám;Heureka.sk | Veľké spotrebiče | Práčky a sušičky | Príslušenstvo k práčkam a sušičkám;4;https://www.heureka.sk/direct/xml-export/shops/heureka-sekce.xml
SK;5108;Sifóny k práčkam;Heureka.sk | Veľké spotrebiče | Práčky a sušičky | Sifóny k práčkam;4;https://www.heureka.sk/direct/xml-export/shops/heureka-sekce.xml
SK;961;Sušičky bielizne;Heureka.sk | Veľké spotrebiče | Práčky a sušičky | Sušičky bielizne;4;https://www.heureka.sk/direct/xml-export/shops/heureka-sekce.xml
SK;8428;Tlmiace podložky pod práčky;Heureka.sk | Veľké spotrebiče | Práčky a sušičky | Tlmiace podložky pod práčky;4;https://www.heureka.sk/direct/xml-export/shops/heureka-sekce.xml
SK;5752;Chladiace a ohrevné vitríny;Heureka.sk | Veľké spotrebiče | Spotrebiče do kuchyne | Chladenie a mrazenie | Chladiace a ohrevné vitríny;5;https://www.heureka.sk/direct/xml-export/shops/heureka-sekce.xml
SK;1041;Chladničky;Heureka.sk | Veľké spotrebiče | Spotrebiče do kuchyne | Chladenie a mrazenie | Chladničky;5;https://www.heureka.sk/direct/xml-export/shops/heureka-sekce.xml
SK;959;Mrazničky;Heureka.sk | Veľké spotrebiče | Spotrebiče do kuchyne | Chladenie a mrazenie | Mrazničky;5;https://www.heureka.sk/direct/xml-export/shops/heureka-sekce.xml
SK;1042;Prenosné chladničky;Heureka.sk | Veľké spotrebiče | Spotrebiče do kuchyne | Chladenie a mrazenie | Prenosné chladničky;5;https://www.heureka.sk/direct/xml-export/shops/heureka-sekce.xml
SK;967;Vinotéky;Heureka.sk | Veľké spotrebiče | Spotrebiče do kuchyne | Chladenie a mrazenie | Vinotéky;5;https://www.heureka.sk/direct/xml-export/shops/heureka-sekce.xml
SK;1053;Drviče odpadu;Heureka.sk | Veľké spotrebiče | Spotrebiče do kuchyne | Drviče odpadu;4;https://www.heureka.sk/direct/xml-export/shops/heureka-sekce.xml
SK;8351;Police a zásuvky do chladničiek;Heureka.sk | Veľké spotrebiče | Spotrebiče do kuchyne | Príslušenstvo k veľkým kuchynským spotrebičom | Police a zásuvky do chladničiek;5;https://www.heureka.sk/direct/xml-export/shops/heureka-sekce.xml
SK;1955;Príslušenstvo k odsávačom pár;Heureka.sk | Veľké spotrebiče | Spotrebiče do kuchyne | Príslušenstvo k veľkým kuchynským spotrebičom | Príslušenstvo k odsávačom pár;5;https://www.heureka.sk/direct/xml-export/shops/heureka-sekce.xml
SK;2272;Príslušenstvo k umyvačkám riadu;Heureka.sk | Veľké spotrebiče | Spotrebiče do kuchyne | Príslušenstvo k veľkým kuchynským spotrebičom | Príslušenstvo k umyvačkám riadu;5;https://www.heureka.sk/direct/xml-export/shops/heureka-sekce.xml
SK;2274;Príslušenstvo ku sporákom;Heureka.sk | Veľké spotrebiče | Spotrebiče do kuchyne | Príslušenstvo k veľkým kuchynským spotrebičom | Príslušenstvo ku sporákom;5;https://www.heureka.sk/direct/xml-export/shops/heureka-sekce.xml
SK;2270;Príslušenstvo pre chladničky;Heureka.sk | Veľké spotrebiče | Spotrebiče do kuchyne | Príslušenstvo k veľkým kuchynským spotrebičom | Príslušenstvo pre chladničky;5;https://www.heureka.sk/direct/xml-export/shops/heureka-sekce.xml
SK;2271;Príslušenstvo pre rúry;Heureka.sk | Veľké spotrebiče | Spotrebiče do kuchyne | Príslušenstvo k veľkým kuchynským spotrebičom | Príslušenstvo pre rúry;5;https://www.heureka.sk/direct/xml-export/shops/heureka-sekce.xml
SK;8350;Vodné filtre do chladničiek;Heureka.sk | Veľké spotrebiče | Spotrebiče do kuchyne | Príslušenstvo k veľkým kuchynským spotrebičom | Vodné filtre do chladničiek;5;https://www.heureka.sk/direct/xml-export/shops/heureka-sekce.xml
SK;966;Umývačky riadu;Heureka.sk | Veľké spotrebiče | Spotrebiče do kuchyne | Umývačky riadu;4;https://www.heureka.sk/direct/xml-export/shops/heureka-sekce.xml
SK;963;Digestory;Heureka.sk | Veľké spotrebiče | Spotrebiče do kuchyne | Varenie a ohrievanie | Digestory;5;https://www.heureka.sk/direct/xml-export/shops/heureka-sekce.xml
SK;942;Mikrovlnné rúry;Heureka.sk | Veľké spotrebiče | Spotrebiče do kuchyne | Varenie a ohrievanie | Mikrovlnné rúry;5;https://www.heureka.sk/direct/xml-export/shops/heureka-sekce.xml
SK;6356;Mini rúry;Heureka.sk | Veľké spotrebiče | Spotrebiče do kuchyne | Varenie a ohrievanie | Mini rúry;5;https://www.heureka.sk/direct/xml-export/shops/heureka-sekce.xml
SK;2709;Minikuchyne;Heureka.sk | Veľké spotrebiče | Spotrebiče do kuchyne | Varenie a ohrievanie | Minikuchyne;5;https://www.heureka.sk/direct/xml-export/shops/heureka-sekce.xml
SK;1563;Ohrevné a vstavané zásuvky;Heureka.sk | Veľké spotrebiče | Spotrebiče do kuchyne | Varenie a ohrievanie | Ohrevné a vstavané zásuvky;5;https://www.heureka.sk/direct/xml-export/shops/heureka-sekce.xml
SK;960;Sporáky;Heureka.sk | Veľké spotrebiče | Spotrebiče do kuchyne | Varenie a ohrievanie | Sporáky;5;https://www.heureka.sk/direct/xml-export/shops/heureka-sekce.xml
SK;965;Varné dosky;Heureka.sk | Veľké spotrebiče | Spotrebiče do kuchyne | Varenie a ohrievanie | Varné dosky;5;https://www.heureka.sk/direct/xml-export/shops/heureka-sekce.xml
SK;964;Vstavané rúry;Heureka.sk | Veľké spotrebiče | Spotrebiče do kuchyne | Varenie a ohrievanie | Vstavané rúry;5;https://www.heureka.sk/direct/xml-export/shops/heureka-sekce.xml
SK;6962;Gastro chladničky;Heureka.sk | Veľké spotrebiče | Spotrebiče do kuchyne | Varenie a ohrievanie | Vybavenie profesionálnych kuchýň | Gastro chladničky;6;https://www.heureka.sk/direct/xml-export/shops/heureka-sekce.xml
SK;5694;Gastro fritézy;Heureka.sk | Veľké spotrebiče | Spotrebiče do kuchyne | Varenie a ohrievanie | Vybavenie profesionálnych kuchýň | Gastro fritézy;6;https://www.heureka.sk/direct/xml-export/shops/heureka-sekce.xml
SK;5779;Gastro grily;Heureka.sk | Veľké spotrebiče | Spotrebiče do kuchyne | Varenie a ohrievanie | Vybavenie profesionálnych kuchýň | Gastro grily;6;https://www.heureka.sk/direct/xml-export/shops/heureka-sekce.xml
SK;6676;Gastro vozíky;Heureka.sk | Veľké spotrebiče | Spotrebiče do kuchyne | Varenie a ohrievanie | Vybavenie profesionálnych kuchýň | Gastro vozíky;6;https://www.heureka.sk/direct/xml-export/shops/heureka-sekce.xml
SK;3964;Gastro vybavenie;Heureka.sk | Veľké spotrebiče | Spotrebiče do kuchyne | Varenie a ohrievanie | Vybavenie profesionálnych kuchýň | Gastro vybavenie;6;https://www.heureka.sk/direct/xml-export/shops/heureka-sekce.xml
SK;6473;Hnetače cesta;Heureka.sk | Veľké spotrebiče | Spotrebiče do kuchyne | Varenie a ohrievanie | Vybavenie profesionálnych kuchýň | Hnetače cesta;6;https://www.heureka.sk/direct/xml-export/shops/heureka-sekce.xml
SK;5636;Konvektomaty;Heureka.sk | Veľké spotrebiče | Spotrebiče do kuchyne | Varenie a ohrievanie | Vybavenie profesionálnych kuchýň | Konvektomaty;6;https://www.heureka.sk/direct/xml-export/shops/heureka-sekce.xml
SK;6549;Krájače zeleniny;Heureka.sk | Veľké spotrebiče | Spotrebiče do kuchyne | Varenie a ohrievanie | Vybavenie profesionálnych kuchýň | Krájače zeleniny;6;https://www.heureka.sk/direct/xml-export/shops/heureka-sekce.xml
SK;6470;Ohrievače a dávkovače nápojov;Heureka.sk | Veľké spotrebiče | Spotrebiče do kuchyne | Varenie a ohrievanie | Vybavenie profesionálnych kuchýň | Ohrievače a dávkovače nápojov;6;https://www.heureka.sk/direct/xml-export/shops/heureka-sekce.xml
SK;6515;Opekače párkov s rolňami;Heureka.sk | Veľké spotrebiče | Spotrebiče do kuchyne | Varenie a ohrievanie | Vybavenie profesionálnych kuchýň | Opekače párkov s rolňami;6;https://www.heureka.sk/direct/xml-export/shops/heureka-sekce.xml
SK;7027;Plničky klobás a príslušenstvo;Heureka.sk | Veľké spotrebiče | Spotrebiče do kuchyne | Varenie a ohrievanie | Vybavenie profesionálnych kuchýň | Plničky klobás a príslušenstvo;6;https://www.heureka.sk/direct/xml-export/shops/heureka-sekce.xml
SK;3168;Súpravy domácich spotrebičov;Heureka.sk | Veľké spotrebiče | Súpravy domácich spotrebičov;3;https://www.heureka.sk/direct/xml-export/shops/heureka-sekce.xml
SK;8490;Doplnky stravy s CBD;Heureka.sk | Zdravie | Lieky a doplnky stravy | Doplnky stravy s CBD;4;https://www.heureka.sk/direct/xml-export/shops/heureka-sekce.xml
SK;5618;Intímne zdravotné prostriedky;Heureka.sk | Zdravie | Lieky a doplnky stravy | Intímne zdravotné prostriedky;4;https://www.heureka.sk/direct/xml-export/shops/heureka-sekce.xml
SK;5526;Nosové kvapky, spreje a oleje;Heureka.sk | Zdravie | Lieky a doplnky stravy | Nosové kvapky, spreje a oleje;4;https://www.heureka.sk/direct/xml-export/shops/heureka-sekce.xml
SK;2550;Vitamíny a doplnky stravy;Heureka.sk | Zdravie | Lieky a doplnky stravy | Vitamíny a doplnky stravy;4;https://www.heureka.sk/direct/xml-export/shops/heureka-sekce.xml
SK;4983;Voľne predajné lieky;Heureka.sk | Zdravie | Lieky a doplnky stravy | Voľne predajné lieky;4;https://www.heureka.sk/direct/xml-export/shops/heureka-sekce.xml
SK;5440;Masážne pomôcky;Heureka.sk | Zdravie | Masážne pomôcky;3;https://www.heureka.sk/direct/xml-export/shops/heureka-sekce.xml
SK;5756;Masky a polomasky;Heureka.sk | Zdravie | Ochrana dýchacích ciest | Masky a polomasky;4;https://www.heureka.sk/direct/xml-export/shops/heureka-sekce.xml
SK;5757;Respirátory;Heureka.sk | Zdravie | Ochrana dýchacích ciest | Respirátory;4;https://www.heureka.sk/direct/xml-export/shops/heureka-sekce.xml
SK;5758;Rúška;Heureka.sk | Zdravie | Ochrana dýchacích ciest | Rúška;4;https://www.heureka.sk/direct/xml-export/shops/heureka-sekce.xml
SK;2943;Dioptrické okuliare;Heureka.sk | Zdravie | Očná optika | Dioptrické okuliare;4;https://www.heureka.sk/direct/xml-export/shops/heureka-sekce.xml
SK;1793;Kontaktné šošovky;Heureka.sk | Zdravie | Očná optika | Kontaktné šošovky;4;https://www.heureka.sk/direct/xml-export/shops/heureka-sekce.xml
SK;2714;Roztoky a pomôcky ku kontaktným šošovkám;Heureka.sk | Zdravie | Očná optika | Roztoky a pomôcky ku kontaktným šošovkám;4;https://www.heureka.sk/direct/xml-export/shops/heureka-sekce.xml
SK;2921;Dezinfekcie;Heureka.sk | Zdravie | Zdravotnícke potreby | Dezinfekcie;4;https://www.heureka.sk/direct/xml-export/shops/heureka-sekce.xml
SK;4988;Domáce diagnostické testy;Heureka.sk | Zdravie | Zdravotnícke potreby | Domáce diagnostické testy;4;https://www.heureka.sk/direct/xml-export/shops/heureka-sekce.xml
SK;2682;Dávkovače liekov;Heureka.sk | Zdravie | Zdravotnícke potreby | Dávkovače liekov;4;https://www.heureka.sk/direct/xml-export/shops/heureka-sekce.xml
SK;4175;Injekčné ihly a striekačky;Heureka.sk | Zdravie | Zdravotnícke potreby | Injekčné ihly a striekačky;4;https://www.heureka.sk/direct/xml-export/shops/heureka-sekce.xml
SK;4194;Invalidné vozíky;Heureka.sk | Zdravie | Zdravotnícke potreby | Kompenzačné pomôcky | Invalidné vozíky;5;https://www.heureka.sk/direct/xml-export/shops/heureka-sekce.xml
SK;5483;Pomôcky pre sebaobsluhu;Heureka.sk | Zdravie | Zdravotnícke potreby | Kompenzačné pomôcky | Pomôcky pre sebaobsluhu;5;https://www.heureka.sk/direct/xml-export/shops/heureka-sekce.xml
SK;4178;Príslušenstvo k barlám a paliciam;Heureka.sk | Zdravie | Zdravotnícke potreby | Kompenzačné pomôcky | Príslušenstvo k barlám a paliciam;5;https://www.heureka.sk/direct/xml-export/shops/heureka-sekce.xml
SK;5484;Sedadlá do spŕch a vaní;Heureka.sk | Zdravie | Zdravotnícke potreby | Kompenzačné pomôcky | Sedadlá do spŕch a vaní;5;https://www.heureka.sk/direct/xml-export/shops/heureka-sekce.xml
SK;4176;Zdravotnícke barle;Heureka.sk | Zdravie | Zdravotnícke potreby | Kompenzačné pomôcky | Zdravotnícke barle;5;https://www.heureka.sk/direct/xml-export/shops/heureka-sekce.xml
SK;5481;Zdravotnícke chodítka;Heureka.sk | Zdravie | Zdravotnícke potreby | Kompenzačné pomôcky | Zdravotnícke chodítka;5;https://www.heureka.sk/direct/xml-export/shops/heureka-sekce.xml
SK;4177;Zdravotnícke palice;Heureka.sk | Zdravie | Zdravotnícke potreby | Kompenzačné pomôcky | Zdravotnícke palice;5;https://www.heureka.sk/direct/xml-export/shops/heureka-sekce.xml
SK;6010;Kompresívne zdravotnícke pančuchy;Heureka.sk | Zdravie | Zdravotnícke potreby | Kompresívne zdravotnícke pančuchy;4;https://www.heureka.sk/direct/xml-export/shops/heureka-sekce.xml
SK;4017;Lekárničky;Heureka.sk | Zdravie | Zdravotnícke potreby | Lekárničky;4;https://www.heureka.sk/direct/xml-export/shops/heureka-sekce.xml
SK;5544;Masážne stoly a stoličky;Heureka.sk | Zdravie | Zdravotnícke potreby | Masážne stoly a stoličky;4;https://www.heureka.sk/direct/xml-export/shops/heureka-sekce.xml
SK;4180;Načúvacie prístroje;Heureka.sk | Zdravie | Zdravotnícke potreby | Načúvacie prístroje;4;https://www.heureka.sk/direct/xml-export/shops/heureka-sekce.xml
SK;4097;Náplaste;Heureka.sk | Zdravie | Zdravotnícke potreby | Náplaste;4;https://www.heureka.sk/direct/xml-export/shops/heureka-sekce.xml
SK;4174;Obväzové materiály;Heureka.sk | Zdravie | Zdravotnícke potreby | Obväzové materiály;4;https://www.heureka.sk/direct/xml-export/shops/heureka-sekce.xml
SK;4179;Ortopedické pomôcky;Heureka.sk | Zdravie | Zdravotnícke potreby | Ortopedické pomôcky;4;https://www.heureka.sk/direct/xml-export/shops/heureka-sekce.xml
SK;5477;Rehabilitačné pomôcky;Heureka.sk | Zdravie | Zdravotnícke potreby | Rehabilitačné pomôcky;4;https://www.heureka.sk/direct/xml-export/shops/heureka-sekce.xml
SK;5768;Stojany na dezinfekciu;Heureka.sk | Zdravie | Zdravotnícke potreby | Stojany na dezinfekciu;4;https://www.heureka.sk/direct/xml-export/shops/heureka-sekce.xml
SK;4173;Termofory;Heureka.sk | Zdravie | Zdravotnícke potreby | Termofory;4;https://www.heureka.sk/direct/xml-export/shops/heureka-sekce.xml
SK;5834;Testy na koronavírus;Heureka.sk | Zdravie | Zdravotnícke potreby | Testy na koronavírus;4;https://www.heureka.sk/direct/xml-export/shops/heureka-sekce.xml
SK;3659;Chladiace bandáže;Heureka.sk | Zdravie | Zdravotnícke potreby | Športová medicína | Chladiace bandáže;5;https://www.heureka.sk/direct/xml-export/shops/heureka-sekce.xml
SK;3748;Tejpovacie pomôcky;Heureka.sk | Zdravie | Zdravotnícke potreby | Športová medicína | Tejpovacie pomôcky;5;https://www.heureka.sk/direct/xml-export/shops/heureka-sekce.xml
SK;3657;Tejpy;Heureka.sk | Zdravie | Zdravotnícke potreby | Športová medicína | Tejpy;5;https://www.heureka.sk/direct/xml-export/shops/heureka-sekce.xml
SK;2748;Zdravotné bandáže a ortézy;Heureka.sk | Zdravie | Zdravotnícke potreby | Športová medicína | Zdravotné bandáže a ortézy;5;https://www.heureka.sk/direct/xml-export/shops/heureka-sekce.xml
SK;5820;Glukomery;Heureka.sk | Zdravie | Zdravotnícke prístroje | Glukomery;4;https://www.heureka.sk/direct/xml-export/shops/heureka-sekce.xml
SK;2199;Inhalátory;Heureka.sk | Zdravie | Zdravotnícke prístroje | Inhalátory;4;https://www.heureka.sk/direct/xml-export/shops/heureka-sekce.xml
SK;5950;Sterilizačné boxy a sterilizačné lampy;Heureka.sk | Zdravie | Zdravotnícke prístroje | Sterilizačné boxy a sterilizačné lampy;4;https://www.heureka.sk/direct/xml-export/shops/heureka-sekce.xml
SK;2920;Zdravotnícka technika;Heureka.sk | Zdravie | Zdravotnícke prístroje | Zdravotnícka technika;4;https://www.heureka.sk/direct/xml-export/shops/heureka-sekce.xml
SK;4963;Fľaše na pitie;Heureka.sk | Šport a outdoor | Outdoorové vybavenie | Fľaše a pitné vaky | Fľaše na pitie;5;https://www.heureka.sk/direct/xml-export/shops/heureka-sekce.xml
SK;1981;Pitné vaky;Heureka.sk | Šport a outdoor | Outdoorové vybavenie | Fľaše a pitné vaky | Pitné vaky;5;https://www.heureka.sk/direct/xml-export/shops/heureka-sekce.xml
SK;3987;Impregnácia;Heureka.sk | Šport a outdoor | Outdoorové vybavenie | Ostatné outdoorové vybavenie | Impregnácia;5;https://www.heureka.sk/direct/xml-export/shops/heureka-sekce.xml
SK;5222;Pláštenky na batohy;Heureka.sk | Šport a outdoor | Outdoorové vybavenie | Ostatné outdoorové vybavenie | Pláštenky na batohy;5;https://www.heureka.sk/direct/xml-export/shops/heureka-sekce.xml
SK;3114;Príslušenstvo pre chemické WC;Heureka.sk | Šport a outdoor | Outdoorové vybavenie | Ostatné outdoorové vybavenie | Príslušenstvo pre chemické WC;5;https://www.heureka.sk/direct/xml-export/shops/heureka-sekce.xml
SK;5995;Turistické batohy;Heureka.sk | Šport a outdoor | Outdoorové vybavenie | Turistické batohy;4;https://www.heureka.sk/direct/xml-export/shops/heureka-sekce.xml
SK;5451;Autostany;Heureka.sk | Šport a outdoor | Outdoorové vybavenie | Turistika a kemping | Autostany;5;https://www.heureka.sk/direct/xml-export/shops/heureka-sekce.xml
SK;4375;Bivakovacie vrecia;Heureka.sk | Šport a outdoor | Outdoorové vybavenie | Turistika a kemping | Bivakovacie vrecia;5;https://www.heureka.sk/direct/xml-export/shops/heureka-sekce.xml
SK;7429;Celty;Heureka.sk | Šport a outdoor | Outdoorové vybavenie | Turistika a kemping | Celty;5;https://www.heureka.sk/direct/xml-export/shops/heureka-sekce.xml
SK;1458;Chemické WC;Heureka.sk | Šport a outdoor | Outdoorové vybavenie | Turistika a kemping | Chemické WC;5;https://www.heureka.sk/direct/xml-export/shops/heureka-sekce.xml
SK;5435;Hamaky;Heureka.sk | Šport a outdoor | Outdoorové vybavenie | Turistika a kemping | Hamaky;5;https://www.heureka.sk/direct/xml-export/shops/heureka-sekce.xml
SK;986;Karimatky;Heureka.sk | Šport a outdoor | Outdoorové vybavenie | Turistika a kemping | Karimatky;5;https://www.heureka.sk/direct/xml-export/shops/heureka-sekce.xml
SK;5515;Kempingové sprchy;Heureka.sk | Šport a outdoor | Outdoorové vybavenie | Turistika a kemping | Kempingové sprchy;5;https://www.heureka.sk/direct/xml-export/shops/heureka-sekce.xml
SK;4974;Kempingové skrine;Heureka.sk | Šport a outdoor | Outdoorové vybavenie | Turistika a kemping | Kempingový nábytok | Kempingové skrine;6;https://www.heureka.sk/direct/xml-export/shops/heureka-sekce.xml
SK;2928;Kompasy a buzoly;Heureka.sk | Šport a outdoor | Outdoorové vybavenie | Turistika a kemping | Kompasy a buzoly;5;https://www.heureka.sk/direct/xml-export/shops/heureka-sekce.xml
SK;8560;Multifunkčné kliešte;Heureka.sk | Šport a outdoor | Outdoorové vybavenie | Turistika a kemping | Multifunkčné kliešte;5;https://www.heureka.sk/direct/xml-export/shops/heureka-sekce.xml
SK;2047;Návleky na topánky;Heureka.sk | Šport a outdoor | Outdoorové vybavenie | Turistika a kemping | Návleky na topánky;5;https://www.heureka.sk/direct/xml-export/shops/heureka-sekce.xml
SK;6403;Ohrievače rúk;Heureka.sk | Šport a outdoor | Outdoorové vybavenie | Turistika a kemping | Ohrievače rúk;5;https://www.heureka.sk/direct/xml-export/shops/heureka-sekce.xml
SK;6808;Paracord náramky;Heureka.sk | Šport a outdoor | Outdoorové vybavenie | Turistika a kemping | Paracord náramky;5;https://www.heureka.sk/direct/xml-export/shops/heureka-sekce.xml
SK;4855;Piknikové deky;Heureka.sk | Šport a outdoor | Outdoorové vybavenie | Turistika a kemping | Piknikové deky;5;https://www.heureka.sk/direct/xml-export/shops/heureka-sekce.xml
SK;2170;Pláštenky;Heureka.sk | Šport a outdoor | Outdoorové vybavenie | Turistika a kemping | Pláštenky;5;https://www.heureka.sk/direct/xml-export/shops/heureka-sekce.xml
SK;8505;Podlážky k stanom;Heureka.sk | Šport a outdoor | Outdoorové vybavenie | Turistika a kemping | Podlážky k stanom;5;https://www.heureka.sk/direct/xml-export/shops/heureka-sekce.xml
SK;7052;Predstany;Heureka.sk | Šport a outdoor | Outdoorové vybavenie | Turistika a kemping | Predstany;5;https://www.heureka.sk/direct/xml-export/shops/heureka-sekce.xml
SK;8571;Puzdrá na nože;Heureka.sk | Šport a outdoor | Outdoorové vybavenie | Turistika a kemping | Puzdrá na nože;5;https://www.heureka.sk/direct/xml-export/shops/heureka-sekce.xml
SK;8582;Sady na prežitie;Heureka.sk | Šport a outdoor | Outdoorové vybavenie | Turistika a kemping | Sady na prežitie;5;https://www.heureka.sk/direct/xml-export/shops/heureka-sekce.xml
SK;988;Spacáky;Heureka.sk | Šport a outdoor | Outdoorové vybavenie | Turistika a kemping | Spacáky;5;https://www.heureka.sk/direct/xml-export/shops/heureka-sekce.xml
SK;8511;Stanové kolíky;Heureka.sk | Šport a outdoor | Outdoorové vybavenie | Turistika a kemping | Stanové kolíky;5;https://www.heureka.sk/direct/xml-export/shops/heureka-sekce.xml
SK;987;Stany;Heureka.sk | Šport a outdoor | Outdoorové vybavenie | Turistika a kemping | Stany;5;https://www.heureka.sk/direct/xml-export/shops/heureka-sekce.xml
SK;2043;Trekingové palice;Heureka.sk | Šport a outdoor | Outdoorové vybavenie | Turistika a kemping | Trekingové palice;5;https://www.heureka.sk/direct/xml-export/shops/heureka-sekce.xml
SK;8411;Vložky do spacákov;Heureka.sk | Šport a outdoor | Outdoorové vybavenie | Turistika a kemping | Vložky do spacákov;5;https://www.heureka.sk/direct/xml-export/shops/heureka-sekce.xml
SK;3125;Chladiace tašky a boxy;Heureka.sk | Šport a outdoor | Outdoorové vybavenie | Varenie v prírode | Chladiace tašky a boxy;5;https://www.heureka.sk/direct/xml-export/shops/heureka-sekce.xml
SK;4970;Kartuše a palivové flaše;Heureka.sk | Šport a outdoor | Outdoorové vybavenie | Varenie v prírode | Kartuše a palivové flaše;5;https://www.heureka.sk/direct/xml-export/shops/heureka-sekce.xml
SK;4969;Outdoorové kotlíky;Heureka.sk | Šport a outdoor | Outdoorové vybavenie | Varenie v prírode | Outdoorové kotlíky;5;https://www.heureka.sk/direct/xml-export/shops/heureka-sekce.xml
SK;4965;Outdoorové príbory;Heureka.sk | Šport a outdoor | Outdoorové vybavenie | Varenie v prírode | Outdoorové príbory;5;https://www.heureka.sk/direct/xml-export/shops/heureka-sekce.xml
SK;4964;Outdoorové riady;Heureka.sk | Šport a outdoor | Outdoorové vybavenie | Varenie v prírode | Outdoorové riady;5;https://www.heureka.sk/direct/xml-export/shops/heureka-sekce.xml
SK;1392;Outdoorové variče;Heureka.sk | Šport a outdoor | Outdoorové vybavenie | Varenie v prírode | Outdoorové variče;5;https://www.heureka.sk/direct/xml-export/shops/heureka-sekce.xml
SK;3118;Ploskačky;Heureka.sk | Šport a outdoor | Outdoorové vybavenie | Varenie v prírode | Ploskačky;5;https://www.heureka.sk/direct/xml-export/shops/heureka-sekce.xml
SK;4968;Kresadlá;Heureka.sk | Šport a outdoor | Outdoorové vybavenie | Varenie v prírode | Rozrobenie ohňa v prírode | Kresadlá;6;https://www.heureka.sk/direct/xml-export/shops/heureka-sekce.xml
SK;6375;Tuhé liehy;Heureka.sk | Šport a outdoor | Outdoorové vybavenie | Varenie v prírode | Rozrobenie ohňa v prírode | Tuhé liehy;6;https://www.heureka.sk/direct/xml-export/shops/heureka-sekce.xml
SK;6373;Zápalky;Heureka.sk | Šport a outdoor | Outdoorové vybavenie | Varenie v prírode | Rozrobenie ohňa v prírode | Zápalky;6;https://www.heureka.sk/direct/xml-export/shops/heureka-sekce.xml
SK;1393;Vreckové nože;Heureka.sk | Šport a outdoor | Outdoorové vybavenie | Vreckové nože;4;https://www.heureka.sk/direct/xml-export/shops/heureka-sekce.xml
SK;1394;Svetlá a baterky;Heureka.sk | Šport a outdoor | Outdoorové vybavenie | Čelovky a svietidlá | Svetlá a baterky;5;https://www.heureka.sk/direct/xml-export/shops/heureka-sekce.xml
SK;2378;Čelovky;Heureka.sk | Šport a outdoor | Outdoorové vybavenie | Čelovky a svietidlá | Čelovky;5;https://www.heureka.sk/direct/xml-export/shops/heureka-sekce.xml
SK;3013;Hrudné pásy;Heureka.sk | Šport a outdoor | Športtestery a inteligentné prístroje | Hrudné pásy;4;https://www.heureka.sk/direct/xml-export/shops/heureka-sekce.xml
SK;4374;Krokomery;Heureka.sk | Šport a outdoor | Športtestery a inteligentné prístroje | Krokomery;4;https://www.heureka.sk/direct/xml-export/shops/heureka-sekce.xml
SK;2361;Športtestery;Heureka.sk | Šport a outdoor | Športtestery a inteligentné prístroje | Športtestery;4;https://www.heureka.sk/direct/xml-export/shops/heureka-sekce.xml
SK;3865;Vrhy a hody;Heureka.sk | Šport a outdoor | Športy | Atletika | Atletické náčinie | Vrhy a hody;6;https://www.heureka.sk/direct/xml-export/shops/heureka-sekce.xml
SK;5060;Atletické tretry;Heureka.sk | Šport a outdoor | Športy | Atletika | Atletické tretry;5;https://www.heureka.sk/direct/xml-export/shops/heureka-sekce.xml
SK;1000;Bicykle;Heureka.sk | Šport a outdoor | Športy | Cyklistika | Bicykle;5;https://www.heureka.sk/direct/xml-export/shops/heureka-sekce.xml
SK;5251;Elektrobicykle;Heureka.sk | Šport a outdoor | Športy | Cyklistika | Elektrobicykle;5;https://www.heureka.sk/direct/xml-export/shops/heureka-sekce.xml
SK;5016;Elektrokolobežky;Heureka.sk | Šport a outdoor | Športy | Cyklistika | Elektrokolobežky;5;https://www.heureka.sk/direct/xml-export/shops/heureka-sekce.xml
SK;3870;Jednokolky;Heureka.sk | Šport a outdoor | Športy | Cyklistika | Jednokolky;5;https://www.heureka.sk/direct/xml-export/shops/heureka-sekce.xml
SK;6982;Kolieska na kolobežky;Heureka.sk | Šport a outdoor | Športy | Cyklistika | Kolobežky a príslušenstvo | Kolieska na kolobežky;6;https://www.heureka.sk/direct/xml-export/shops/heureka-sekce.xml
SK;1231;Kolobežky;Heureka.sk | Šport a outdoor | Športy | Cyklistika | Kolobežky a príslušenstvo | Kolobežky;6;https://www.heureka.sk/direct/xml-export/shops/heureka-sekce.xml
SK;4760;Komponenty na kolobežky;Heureka.sk | Šport a outdoor | Športy | Cyklistika | Kolobežky a príslušenstvo | Komponenty na kolobežky;6;https://www.heureka.sk/direct/xml-export/shops/heureka-sekce.xml
SK;8397;Riadidlá na kolobežky;Heureka.sk | Šport a outdoor | Športy | Cyklistika | Kolobežky a príslušenstvo | Riadidlá na kolobežky;6;https://www.heureka.sk/direct/xml-export/shops/heureka-sekce.xml
SK;1211;Duše na bicykle;Heureka.sk | Šport a outdoor | Športy | Cyklistika | Komponenty na bicykel | Duše na bicykle;6;https://www.heureka.sk/direct/xml-export/shops/heureka-sekce.xml
SK;1221;Kľučky na bicykel;Heureka.sk | Šport a outdoor | Športy | Cyklistika | Komponenty na bicykel | Komponenty na pohon kolies | Kľučky na bicykel;7;https://www.heureka.sk/direct/xml-export/shops/heureka-sekce.xml
SK;1229;Pedále na bicykel;Heureka.sk | Šport a outdoor | Športy | Cyklistika | Komponenty na bicykel | Komponenty na pohon kolies | Pedále na bicykel;7;https://www.heureka.sk/direct/xml-export/shops/heureka-sekce.xml
SK;1241;Reťaze na bicykel;Heureka.sk | Šport a outdoor | Športy | Cyklistika | Komponenty na bicykel | Komponenty na pohon kolies | Reťaze na bicykel;7;https://www.heureka.sk/direct/xml-export/shops/heureka-sekce.xml
SK;1238;Stredové osi a zloženie;Heureka.sk | Šport a outdoor | Športy | Cyklistika | Komponenty na bicykel | Komponenty na pohon kolies | Stredové osi a zloženie;7;https://www.heureka.sk/direct/xml-export/shops/heureka-sekce.xml
SK;1233;Náboje na bicykel;Heureka.sk | Šport a outdoor | Športy | Cyklistika | Komponenty na bicykel | Náboje na bicykel;6;https://www.heureka.sk/direct/xml-export/shops/heureka-sekce.xml
SK;2109;Bovdeny a lanká;Heureka.sk | Šport a outdoor | Športy | Cyklistika | Komponenty na bicykel | Ovládanie na bicykel | Bovdeny a lanká;7;https://www.heureka.sk/direct/xml-export/shops/heureka-sekce.xml
SK;6637;Brzdové doštičky na bicykel;Heureka.sk | Šport a outdoor | Športy | Cyklistika | Komponenty na bicykel | Ovládanie na bicykel | Brzdy na bicykel | Brzdové doštičky na bicykel;8;https://www.heureka.sk/direct/xml-export/shops/heureka-sekce.xml
SK;6638;Brzdové kláty na bicykel;Heureka.sk | Šport a outdoor | Športy | Cyklistika | Komponenty na bicykel | Ovládanie na bicykel | Brzdy na bicykel | Brzdové kláty na bicykel;8;https://www.heureka.sk/direct/xml-export/shops/heureka-sekce.xml
SK;6639;Brzdové kotúče na bicykel;Heureka.sk | Šport a outdoor | Športy | Cyklistika | Komponenty na bicykel | Ovládanie na bicykel | Brzdy na bicykel | Brzdové kotúče na bicykel;8;https://www.heureka.sk/direct/xml-export/shops/heureka-sekce.xml
SK;6641;Brzdové páky na bicykel;Heureka.sk | Šport a outdoor | Športy | Cyklistika | Komponenty na bicykel | Ovládanie na bicykel | Brzdy na bicykel | Brzdové páky na bicykel;8;https://www.heureka.sk/direct/xml-export/shops/heureka-sekce.xml
SK;6688;Brzdové strmene na bicykel;Heureka.sk | Šport a outdoor | Športy | Cyklistika | Komponenty na bicykel | Ovládanie na bicykel | Brzdy na bicykel | Brzdové strmene na bicykel;8;https://www.heureka.sk/direct/xml-export/shops/heureka-sekce.xml
SK;6640;Brzdové čeľuste na bicykel;Heureka.sk | Šport a outdoor | Športy | Cyklistika | Komponenty na bicykel | Ovládanie na bicykel | Brzdy na bicykel | Brzdové čeľuste na bicykel;8;https://www.heureka.sk/direct/xml-export/shops/heureka-sekce.xml
SK;1227;Sety kotúčových bŕzd na bicykel;Heureka.sk | Šport a outdoor | Športy | Cyklistika | Komponenty na bicykel | Ovládanie na bicykel | Brzdy na bicykel | Sety kotúčových bŕzd na bicykel;8;https://www.heureka.sk/direct/xml-export/shops/heureka-sekce.xml
SK;1250;Cyklistické rohy;Heureka.sk | Šport a outdoor | Športy | Cyklistika | Komponenty na bicykel | Ovládanie na bicykel | Cyklistické rohy;7;https://www.heureka.sk/direct/xml-export/shops/heureka-sekce.xml
SK;1220;Gripy a omotávky na bicykel;Heureka.sk | Šport a outdoor | Športy | Cyklistika | Komponenty na bicykel | Ovládanie na bicykel | Gripy a omotávky na bicykel;7;https://www.heureka.sk/direct/xml-export/shops/heureka-sekce.xml
SK;2110;Hlavové zloženia;Heureka.sk | Šport a outdoor | Športy | Cyklistika | Komponenty na bicykel | Ovládanie na bicykel | Hlavové zloženia;7;https://www.heureka.sk/direct/xml-export/shops/heureka-sekce.xml
SK;1223;Predstavce na bicykel;Heureka.sk | Šport a outdoor | Športy | Cyklistika | Komponenty na bicykel | Ovládanie na bicykel | Predstavce na bicykel;7;https://www.heureka.sk/direct/xml-export/shops/heureka-sekce.xml
SK;1222;Riadidlá a kormidlá na bicykel;Heureka.sk | Šport a outdoor | Športy | Cyklistika | Komponenty na bicykel | Ovládanie na bicykel | Riadidlá a kormidlá na bicykel;7;https://www.heureka.sk/direct/xml-export/shops/heureka-sekce.xml
SK;1212;Pláště na bicykel;Heureka.sk | Šport a outdoor | Športy | Cyklistika | Komponenty na bicykel | Pláště na bicykel;6;https://www.heureka.sk/direct/xml-export/shops/heureka-sekce.xml
SK;1249;Podsedlové objímky;Heureka.sk | Šport a outdoor | Športy | Cyklistika | Komponenty na bicykel | Podsedlové objímky;6;https://www.heureka.sk/direct/xml-export/shops/heureka-sekce.xml
SK;1232;Kazety na bicykel;Heureka.sk | Šport a outdoor | Športy | Cyklistika | Komponenty na bicykel | Prevody na bicykel | Kazety na bicykel;7;https://www.heureka.sk/direct/xml-export/shops/heureka-sekce.xml
SK;1234;Prehadzovačky na bicykel;Heureka.sk | Šport a outdoor | Športy | Cyklistika | Komponenty na bicykel | Prevody na bicykel | Prehadzovačky na bicykel;7;https://www.heureka.sk/direct/xml-export/shops/heureka-sekce.xml
SK;5273;Prevodníky pre kľuky;Heureka.sk | Šport a outdoor | Športy | Cyklistika | Komponenty na bicykel | Prevody na bicykel | Prevodníky pre kľuky;7;https://www.heureka.sk/direct/xml-export/shops/heureka-sekce.xml
SK;1235;Prešmykače na bicykel;Heureka.sk | Šport a outdoor | Športy | Cyklistika | Komponenty na bicykel | Prevody na bicykel | Prešmykače na bicykel;7;https://www.heureka.sk/direct/xml-export/shops/heureka-sekce.xml
SK;1243;Radenie na bicykel;Heureka.sk | Šport a outdoor | Športy | Cyklistika | Komponenty na bicykel | Prevody na bicykel | Radenie na bicykel;7;https://www.heureka.sk/direct/xml-export/shops/heureka-sekce.xml
SK;2140;Ráfiky na bicykel;Heureka.sk | Šport a outdoor | Športy | Cyklistika | Komponenty na bicykel | Ráfiky na bicykel;6;https://www.heureka.sk/direct/xml-export/shops/heureka-sekce.xml
SK;1254;Rámy na bicykel;Heureka.sk | Šport a outdoor | Športy | Cyklistika | Komponenty na bicykel | Rámy na bicykel;6;https://www.heureka.sk/direct/xml-export/shops/heureka-sekce.xml
SK;1224;Sedlovky;Heureka.sk | Šport a outdoor | Športy | Cyklistika | Komponenty na bicykel | Sedlovky;6;https://www.heureka.sk/direct/xml-export/shops/heureka-sekce.xml
SK;1237;Sedlá na bicykel;Heureka.sk | Šport a outdoor | Športy | Cyklistika | Komponenty na bicykel | Sedlá na bicykel;6;https://www.heureka.sk/direct/xml-export/shops/heureka-sekce.xml
SK;1255;Tlmiče na bicykel;Heureka.sk | Šport a outdoor | Športy | Cyklistika | Komponenty na bicykel | Tlmiče na bicykel;6;https://www.heureka.sk/direct/xml-export/shops/heureka-sekce.xml
SK;1239;Vidlice na bicykel;Heureka.sk | Šport a outdoor | Športy | Cyklistika | Komponenty na bicykel | Vidlice na bicykel;6;https://www.heureka.sk/direct/xml-export/shops/heureka-sekce.xml
SK;2131;Zapletené kolesá;Heureka.sk | Šport a outdoor | Športy | Cyklistika | Komponenty na bicykel | Zapletené kolesá;6;https://www.heureka.sk/direct/xml-export/shops/heureka-sekce.xml
SK;6584;Lepenie na bicykel;Heureka.sk | Šport a outdoor | Športy | Cyklistika | Náradie na bicykel a údržba | Lepenie na bicykel;6;https://www.heureka.sk/direct/xml-export/shops/heureka-sekce.xml
SK;2093;Náradie na bicykel;Heureka.sk | Šport a outdoor | Športy | Cyklistika | Náradie na bicykel a údržba | Náradie na bicykel;6;https://www.heureka.sk/direct/xml-export/shops/heureka-sekce.xml
SK;1230;Pumpy na bicykel;Heureka.sk | Šport a outdoor | Športy | Cyklistika | Náradie na bicykel a údržba | Pumpy na bicykel;6;https://www.heureka.sk/direct/xml-export/shops/heureka-sekce.xml
SK;2130;Čistenie a mazanie na bicykel;Heureka.sk | Šport a outdoor | Športy | Cyklistika | Náradie na bicykel a údržba | Čistenie a mazanie na bicykel;6;https://www.heureka.sk/direct/xml-export/shops/heureka-sekce.xml
SK;5994;Cyklistické batohy;Heureka.sk | Šport a outdoor | Športy | Cyklistika | Oblečenie a topánky na bicykel | Cyklistické batohy;6;https://www.heureka.sk/direct/xml-export/shops/heureka-sekce.xml
SK;3135;Cyklistické chrániče;Heureka.sk | Šport a outdoor | Športy | Cyklistika | Oblečenie a topánky na bicykel | Cyklistické chrániče;6;https://www.heureka.sk/direct/xml-export/shops/heureka-sekce.xml
SK;1210;Cyklistické dresy;Heureka.sk | Šport a outdoor | Športy | Cyklistika | Oblečenie a topánky na bicykel | Cyklistické dresy;6;https://www.heureka.sk/direct/xml-export/shops/heureka-sekce.xml
SK;1225;Cyklistické nohavice;Heureka.sk | Šport a outdoor | Športy | Cyklistika | Oblečenie a topánky na bicykel | Cyklistické nohavice;6;https://www.heureka.sk/direct/xml-export/shops/heureka-sekce.xml
SK;1216;Cyklistické návleky;Heureka.sk | Šport a outdoor | Športy | Cyklistika | Oblečenie a topánky na bicykel | Cyklistické návleky;6;https://www.heureka.sk/direct/xml-export/shops/heureka-sekce.xml
SK;1228;Cyklistické okuliare;Heureka.sk | Šport a outdoor | Športy | Cyklistika | Oblečenie a topánky na bicykel | Cyklistické okuliare;6;https://www.heureka.sk/direct/xml-export/shops/heureka-sekce.xml
SK;1245;Cyklistické rukavice;Heureka.sk | Šport a outdoor | Športy | Cyklistika | Oblečenie a topánky na bicykel | Cyklistické rukavice;6;https://www.heureka.sk/direct/xml-export/shops/heureka-sekce.xml
SK;1246;Cyklistické vetrovky a vesty;Heureka.sk | Šport a outdoor | Športy | Cyklistika | Oblečenie a topánky na bicykel | Cyklistické vetrovky a vesty;6;https://www.heureka.sk/direct/xml-export/shops/heureka-sekce.xml
SK;6765;Cyklistické šortky;Heureka.sk | Šport a outdoor | Športy | Cyklistika | Oblečenie a topánky na bicykel | Cyklistické šortky;6;https://www.heureka.sk/direct/xml-export/shops/heureka-sekce.xml
SK;1980;Prilby na bicykel;Heureka.sk | Šport a outdoor | Športy | Cyklistika | Oblečenie a topánky na bicykel | Prilby na bicykel;6;https://www.heureka.sk/direct/xml-export/shops/heureka-sekce.xml
SK;1214;Topánky na bicykel;Heureka.sk | Šport a outdoor | Športy | Cyklistika | Oblečenie a topánky na bicykel | Topánky na bicykel;6;https://www.heureka.sk/direct/xml-export/shops/heureka-sekce.xml
SK;1253;Blatníky na bicykel;Heureka.sk | Šport a outdoor | Športy | Cyklistika | Príslušenstvo na bicykel | Blatníky na bicykel;6;https://www.heureka.sk/direct/xml-export/shops/heureka-sekce.xml
SK;5482;Cyklistické fľaše;Heureka.sk | Šport a outdoor | Športy | Cyklistika | Príslušenstvo na bicykel | Cyklistické fľaše;6;https://www.heureka.sk/direct/xml-export/shops/heureka-sekce.xml
SK;2817;Doplnky na bicykel;Heureka.sk | Šport a outdoor | Športy | Cyklistika | Príslušenstvo na bicykel | Doplnky na bicykel;6;https://www.heureka.sk/direct/xml-export/shops/heureka-sekce.xml
SK;6586;Držiaky na bicykel;Heureka.sk | Šport a outdoor | Športy | Cyklistika | Príslušenstvo na bicykel | Držiaky na bicykel;6;https://www.heureka.sk/direct/xml-export/shops/heureka-sekce.xml
SK;2095;Držiaky na flašu;Heureka.sk | Šport a outdoor | Športy | Cyklistika | Príslušenstvo na bicykel | Držiaky na flašu;6;https://www.heureka.sk/direct/xml-export/shops/heureka-sekce.xml
SK;1217;Nosiče na bicykel;Heureka.sk | Šport a outdoor | Športy | Cyklistika | Príslušenstvo na bicykel | Nosiče na bicykel;6;https://www.heureka.sk/direct/xml-export/shops/heureka-sekce.xml
SK;6585;Plachty a obaly na bicykel;Heureka.sk | Šport a outdoor | Športy | Cyklistika | Príslušenstvo na bicykel | Plachty a obaly na bicykel;6;https://www.heureka.sk/direct/xml-export/shops/heureka-sekce.xml
SK;5817;Sedadlá na bicykle;Heureka.sk | Šport a outdoor | Športy | Cyklistika | Príslušenstvo na bicykel | Sedadlá na bicykle;6;https://www.heureka.sk/direct/xml-export/shops/heureka-sekce.xml
SK;5036;Spätné zrkadlá na bicykel;Heureka.sk | Šport a outdoor | Športy | Cyklistika | Príslušenstvo na bicykel | Spätné zrkadlá na bicykel;6;https://www.heureka.sk/direct/xml-export/shops/heureka-sekce.xml
SK;5034;Stojany na bicykle;Heureka.sk | Šport a outdoor | Športy | Cyklistika | Príslušenstvo na bicykel | Stojany na bicykle;6;https://www.heureka.sk/direct/xml-export/shops/heureka-sekce.xml
SK;2379;Svetlá na bicykel;Heureka.sk | Šport a outdoor | Športy | Cyklistika | Príslušenstvo na bicykel | Svetlá na bicykel;6;https://www.heureka.sk/direct/xml-export/shops/heureka-sekce.xml
SK;5999;Tachometre na bicykel;Heureka.sk | Šport a outdoor | Športy | Cyklistika | Príslušenstvo na bicykel | Tachometre na bicykel;6;https://www.heureka.sk/direct/xml-export/shops/heureka-sekce.xml
SK;1218;Tašky na bicykel;Heureka.sk | Šport a outdoor | Športy | Cyklistika | Príslušenstvo na bicykel | Tašky na bicykel;6;https://www.heureka.sk/direct/xml-export/shops/heureka-sekce.xml
SK;5794;Vozíky za bicykle;Heureka.sk | Šport a outdoor | Športy | Cyklistika | Príslušenstvo na bicykel | Vozíky za bicykle;6;https://www.heureka.sk/direct/xml-export/shops/heureka-sekce.xml
SK;5031;Zvončeky na bicykel;Heureka.sk | Šport a outdoor | Športy | Cyklistika | Príslušenstvo na bicykel | Zvončeky na bicykel;6;https://www.heureka.sk/direct/xml-export/shops/heureka-sekce.xml
SK;2094;Zámky na bicykel;Heureka.sk | Šport a outdoor | Športy | Cyklistika | Príslušenstvo na bicykel | Zámky na bicykel;6;https://www.heureka.sk/direct/xml-export/shops/heureka-sekce.xml
SK;6264;Dámske vzpieračské topánky;Heureka.sk | Šport a outdoor | Športy | Fitness | Fitness oblečenie | Dámske fitness oblečenie | Dámske vzpieračské topánky;7;https://www.heureka.sk/direct/xml-export/shops/heureka-sekce.xml
SK;6263;Pánske vzpieračské topánky;Heureka.sk | Šport a outdoor | Športy | Fitness | Fitness oblečenie | Pánske fitness oblečenie | Pánske vzpieračské topánky;7;https://www.heureka.sk/direct/xml-export/shops/heureka-sekce.xml
SK;5447;Fitness opasky;Heureka.sk | Šport a outdoor | Športy | Fitness | Fitness rukavice, opasky a trhačky | Fitness opasky;6;https://www.heureka.sk/direct/xml-export/shops/heureka-sekce.xml
SK;2511;Fitness rukavice;Heureka.sk | Šport a outdoor | Športy | Fitness | Fitness rukavice, opasky a trhačky | Fitness rukavice;6;https://www.heureka.sk/direct/xml-export/shops/heureka-sekce.xml
SK;5448;Trhačky a háky;Heureka.sk | Šport a outdoor | Športy | Fitness | Fitness rukavice, opasky a trhačky | Trhačky a háky;6;https://www.heureka.sk/direct/xml-export/shops/heureka-sekce.xml
SK;5419;Bloky na jógu;Heureka.sk | Šport a outdoor | Športy | Fitness | Joga a príslušenstvo | Bloky na jógu;6;https://www.heureka.sk/direct/xml-export/shops/heureka-sekce.xml
SK;5626;Joga valce;Heureka.sk | Šport a outdoor | Športy | Fitness | Joga a príslušenstvo | Joga valce;6;https://www.heureka.sk/direct/xml-export/shops/heureka-sekce.xml
SK;5420;Popruhy na jogu;Heureka.sk | Šport a outdoor | Športy | Fitness | Joga a príslušenstvo | Popruhy na jogu;6;https://www.heureka.sk/direct/xml-export/shops/heureka-sekce.xml
SK;5021;Balančné náramky;Heureka.sk | Šport a outdoor | Športy | Fitness | Pomôcky na cvičenie | Balančné náramky;6;https://www.heureka.sk/direct/xml-export/shops/heureka-sekce.xml
SK;2902;Balančné podložky;Heureka.sk | Šport a outdoor | Športy | Fitness | Pomôcky na cvičenie | Balančné podložky;6;https://www.heureka.sk/direct/xml-export/shops/heureka-sekce.xml
SK;8448;Gymnastické kruhy;Heureka.sk | Šport a outdoor | Športy | Fitness | Pomôcky na cvičenie | Gymnastické kruhy;6;https://www.heureka.sk/direct/xml-export/shops/heureka-sekce.xml
SK;1320;Gymnastické lopty;Heureka.sk | Šport a outdoor | Športy | Fitness | Pomôcky na cvičenie | Gymnastické lopty;6;https://www.heureka.sk/direct/xml-export/shops/heureka-sekce.xml
SK;8449;Hula hoop;Heureka.sk | Šport a outdoor | Športy | Fitness | Pomôcky na cvičenie | Hula hoop;6;https://www.heureka.sk/direct/xml-export/shops/heureka-sekce.xml
SK;5485;Masážne valce;Heureka.sk | Šport a outdoor | Športy | Fitness | Pomôcky na cvičenie | Masážne valce;6;https://www.heureka.sk/direct/xml-export/shops/heureka-sekce.xml
SK;5080;Medicinbaly;Heureka.sk | Šport a outdoor | Športy | Fitness | Pomôcky na cvičenie | Medicinbaly;6;https://www.heureka.sk/direct/xml-export/shops/heureka-sekce.xml
SK;2757;Ostatné fitness náradie;Heureka.sk | Šport a outdoor | Športy | Fitness | Pomôcky na cvičenie | Ostatné fitness náradie;6;https://www.heureka.sk/direct/xml-export/shops/heureka-sekce.xml
SK;5434;Plyometrické debny;Heureka.sk | Šport a outdoor | Športy | Fitness | Pomôcky na cvičenie | Plyometrické debny;6;https://www.heureka.sk/direct/xml-export/shops/heureka-sekce.xml
SK;4978;Podložky na cvičenie;Heureka.sk | Šport a outdoor | Športy | Fitness | Pomôcky na cvičenie | Podložky na cvičenie;6;https://www.heureka.sk/direct/xml-export/shops/heureka-sekce.xml
SK;8354;Podložky pod fitness stroje;Heureka.sk | Šport a outdoor | Športy | Fitness | Pomôcky na cvičenie | Podložky pod fitness stroje;6;https://www.heureka.sk/direct/xml-export/shops/heureka-sekce.xml
SK;8504;Návleky na osi;Heureka.sk | Šport a outdoor | Športy | Fitness | Pomôcky na cvičenie | Pomôcky na posilňovanie | Návleky na osi;7;https://www.heureka.sk/direct/xml-export/shops/heureka-sekce.xml
SK;5437;Podpery na kľuky;Heureka.sk | Šport a outdoor | Športy | Fitness | Pomôcky na cvičenie | Pomôcky na posilňovanie | Podpery na kľuky;7;https://www.heureka.sk/direct/xml-export/shops/heureka-sekce.xml
SK;2475;Posilňovacie Powerbally;Heureka.sk | Šport a outdoor | Športy | Fitness | Pomôcky na cvičenie | Pomôcky na posilňovanie | Posilňovacie Powerbally;7;https://www.heureka.sk/direct/xml-export/shops/heureka-sekce.xml
SK;8464;Posilňovacie kladivá;Heureka.sk | Šport a outdoor | Športy | Fitness | Pomôcky na cvičenie | Pomôcky na posilňovanie | Posilňovacie kladivá;7;https://www.heureka.sk/direct/xml-export/shops/heureka-sekce.xml
SK;8461;Posilňovacie kliešte;Heureka.sk | Šport a outdoor | Športy | Fitness | Pomôcky na cvičenie | Pomôcky na posilňovanie | Posilňovacie kliešte;7;https://www.heureka.sk/direct/xml-export/shops/heureka-sekce.xml
SK;5436;Posilňovacie kolieska;Heureka.sk | Šport a outdoor | Športy | Fitness | Pomôcky na cvičenie | Pomôcky na posilňovanie | Posilňovacie kolieska;7;https://www.heureka.sk/direct/xml-export/shops/heureka-sekce.xml
SK;8586;Posilňovacie krúžky;Heureka.sk | Šport a outdoor | Športy | Fitness | Pomôcky na cvičenie | Pomôcky na posilňovanie | Posilňovacie krúžky;7;https://www.heureka.sk/direct/xml-export/shops/heureka-sekce.xml
SK;6614;Posilňovacie laná;Heureka.sk | Šport a outdoor | Športy | Fitness | Pomôcky na cvičenie | Pomôcky na posilňovanie | Posilňovacie laná;7;https://www.heureka.sk/direct/xml-export/shops/heureka-sekce.xml
SK;5431;Posilňovacie vrecia;Heureka.sk | Šport a outdoor | Športy | Fitness | Pomôcky na cvičenie | Pomôcky na posilňovanie | Posilňovacie vrecia;7;https://www.heureka.sk/direct/xml-export/shops/heureka-sekce.xml
SK;6613;Závesné posilňovacie systémy;Heureka.sk | Šport a outdoor | Športy | Fitness | Pomôcky na cvičenie | Pomôcky na posilňovanie | Závesné posilňovacie systémy;7;https://www.heureka.sk/direct/xml-export/shops/heureka-sekce.xml
SK;8463;Šplhacie laná;Heureka.sk | Šport a outdoor | Športy | Fitness | Pomôcky na cvičenie | Pomôcky na posilňovanie | Šplhacie laná;7;https://www.heureka.sk/direct/xml-export/shops/heureka-sekce.xml
SK;2369;Rebriny - ribstole;Heureka.sk | Šport a outdoor | Športy | Fitness | Pomôcky na cvičenie | Rebriny - ribstole;6;https://www.heureka.sk/direct/xml-export/shops/heureka-sekce.xml
SK;2476;Step mostíky;Heureka.sk | Šport a outdoor | Športy | Fitness | Pomôcky na cvičenie | Step mostíky;6;https://www.heureka.sk/direct/xml-export/shops/heureka-sekce.xml
SK;2358;Steppery;Heureka.sk | Šport a outdoor | Športy | Fitness | Pomôcky na cvičenie | Steppery;6;https://www.heureka.sk/direct/xml-export/shops/heureka-sekce.xml
SK;2030;Stopky;Heureka.sk | Šport a outdoor | Športy | Fitness | Pomôcky na cvičenie | Stopky;6;https://www.heureka.sk/direct/xml-export/shops/heureka-sekce.xml
SK;8502;Slalomové tyče;Heureka.sk | Šport a outdoor | Športy | Fitness | Pomôcky na cvičenie | Tréningové pomôcky | Slalomové tyče;7;https://www.heureka.sk/direct/xml-export/shops/heureka-sekce.xml
SK;8483;Tréningové méty a kužele;Heureka.sk | Šport a outdoor | Športy | Fitness | Pomôcky na cvičenie | Tréningové pomôcky | Tréningové méty a kužele;7;https://www.heureka.sk/direct/xml-export/shops/heureka-sekce.xml
SK;8499;Tréningové prekážky;Heureka.sk | Šport a outdoor | Športy | Fitness | Pomôcky na cvičenie | Tréningové pomôcky | Tréningové prekážky;7;https://www.heureka.sk/direct/xml-export/shops/heureka-sekce.xml
SK;8466;Tréningové rebríky;Heureka.sk | Šport a outdoor | Športy | Fitness | Pomôcky na cvičenie | Tréningové pomôcky | Tréningové rebríky;7;https://www.heureka.sk/direct/xml-export/shops/heureka-sekce.xml
SK;5305;Záťažové náramky;Heureka.sk | Šport a outdoor | Športy | Fitness | Pomôcky na cvičenie | Záťaže na telo | Záťažové náramky;7;https://www.heureka.sk/direct/xml-export/shops/heureka-sekce.xml
SK;5306;Záťažové vesty;Heureka.sk | Šport a outdoor | Športy | Fitness | Pomôcky na cvičenie | Záťaže na telo | Záťažové vesty;7;https://www.heureka.sk/direct/xml-export/shops/heureka-sekce.xml
SK;4886;Švihadlá;Heureka.sk | Šport a outdoor | Športy | Fitness | Pomôcky na cvičenie | Švihadlá;6;https://www.heureka.sk/direct/xml-export/shops/heureka-sekce.xml
SK;3869;Žinenky;Heureka.sk | Šport a outdoor | Športy | Fitness | Pomôcky na cvičenie | Žinenky;6;https://www.heureka.sk/direct/xml-export/shops/heureka-sekce.xml
SK;6678;Posilňovacie adaptéry;Heureka.sk | Šport a outdoor | Športy | Fitness | Posilňovacie adaptéry;5;https://www.heureka.sk/direct/xml-export/shops/heureka-sekce.xml
SK;1321;Posilňovacie lavice;Heureka.sk | Šport a outdoor | Športy | Fitness | Posilňovanie | Posilňovacie lavice;6;https://www.heureka.sk/direct/xml-export/shops/heureka-sekce.xml
SK;1322;Posilňovacie stroje;Heureka.sk | Šport a outdoor | Športy | Fitness | Posilňovanie | Posilňovacie stroje;6;https://www.heureka.sk/direct/xml-export/shops/heureka-sekce.xml
SK;1357;Posilňovacie veže;Heureka.sk | Šport a outdoor | Športy | Fitness | Posilňovanie | Posilňovacie veže;6;https://www.heureka.sk/direct/xml-export/shops/heureka-sekce.xml
SK;2759;Príslušenstvo k posilňovacím strojom;Heureka.sk | Šport a outdoor | Športy | Fitness | Posilňovanie | Príslušenstvo k posilňovacím strojom;6;https://www.heureka.sk/direct/xml-export/shops/heureka-sekce.xml
SK;2494;Bezpečnostné objímky pre činky;Heureka.sk | Šport a outdoor | Športy | Fitness | Posilňovanie | Činky a príslušenstvo | Bezpečnostné objímky pre činky;7;https://www.heureka.sk/direct/xml-export/shops/heureka-sekce.xml
SK;5303;Kettlebell;Heureka.sk | Šport a outdoor | Športy | Fitness | Posilňovanie | Činky a príslušenstvo | Kettlebell;7;https://www.heureka.sk/direct/xml-export/shops/heureka-sekce.xml
SK;2756;Osy k činkám;Heureka.sk | Šport a outdoor | Športy | Fitness | Posilňovanie | Činky a príslušenstvo | Osy k činkám;7;https://www.heureka.sk/direct/xml-export/shops/heureka-sekce.xml
SK;4887;Stojany na činky;Heureka.sk | Šport a outdoor | Športy | Fitness | Posilňovanie | Činky a príslušenstvo | Stojany na činky;7;https://www.heureka.sk/direct/xml-export/shops/heureka-sekce.xml
SK;2493;Závažia k činkám;Heureka.sk | Šport a outdoor | Športy | Fitness | Posilňovanie | Činky a príslušenstvo | Závažia k činkám;7;https://www.heureka.sk/direct/xml-export/shops/heureka-sekce.xml
SK;1319;Činky;Heureka.sk | Šport a outdoor | Športy | Fitness | Posilňovanie | Činky a príslušenstvo | Činky;7;https://www.heureka.sk/direct/xml-export/shops/heureka-sekce.xml
SK;5631;Air Bikes;Heureka.sk | Šport a outdoor | Športy | Fitness | Trenažéry | Air Bikes;6;https://www.heureka.sk/direct/xml-export/shops/heureka-sekce.xml
SK;1317;Bežecké pásy;Heureka.sk | Šport a outdoor | Športy | Fitness | Trenažéry | Bežecké pásy;6;https://www.heureka.sk/direct/xml-export/shops/heureka-sekce.xml
SK;1318;Cyklotrenažéry;Heureka.sk | Šport a outdoor | Športy | Fitness | Trenažéry | Cyklotrenažéry;6;https://www.heureka.sk/direct/xml-export/shops/heureka-sekce.xml
SK;2357;Eliptické trenažéry;Heureka.sk | Šport a outdoor | Športy | Fitness | Trenažéry | Eliptické trenažéry;6;https://www.heureka.sk/direct/xml-export/shops/heureka-sekce.xml
SK;8462;Fitness schody;Heureka.sk | Šport a outdoor | Športy | Fitness | Trenažéry | Fitness schody;6;https://www.heureka.sk/direct/xml-export/shops/heureka-sekce.xml
SK;5083;Lyžiarské trenažéry;Heureka.sk | Šport a outdoor | Športy | Fitness | Trenažéry | Lyžiarské trenažéry;6;https://www.heureka.sk/direct/xml-export/shops/heureka-sekce.xml
SK;5022;Recumbenty;Heureka.sk | Šport a outdoor | Športy | Fitness | Trenažéry | Recumbenty;6;https://www.heureka.sk/direct/xml-export/shops/heureka-sekce.xml
SK;1325;Rotopédy;Heureka.sk | Šport a outdoor | Športy | Fitness | Trenažéry | Rotopédy;6;https://www.heureka.sk/direct/xml-export/shops/heureka-sekce.xml
SK;1324;Veslovacie trenažéry;Heureka.sk | Šport a outdoor | Športy | Fitness | Trenažéry | Veslovacie trenažéry;6;https://www.heureka.sk/direct/xml-export/shops/heureka-sekce.xml
SK;2359;Vibromasážne stroje;Heureka.sk | Šport a outdoor | Športy | Fitness | Trenažéry | Vibromasážne stroje;6;https://www.heureka.sk/direct/xml-export/shops/heureka-sekce.xml
SK;6906;Držiaky na golfové dáždniky;Heureka.sk | Šport a outdoor | Športy | Golf | Držiaky na golfové dáždniky;5;https://www.heureka.sk/direct/xml-export/shops/heureka-sekce.xml
SK;6239;Detská golfová obuv;Heureka.sk | Šport a outdoor | Športy | Golf | Golfová obuv | Detská golfová obuv;6;https://www.heureka.sk/direct/xml-export/shops/heureka-sekce.xml
SK;6238;Dámske golfové topánky;Heureka.sk | Šport a outdoor | Športy | Golf | Golfová obuv | Dámske golfové topánky;6;https://www.heureka.sk/direct/xml-export/shops/heureka-sekce.xml
SK;4956;Pánska golfová obuv;Heureka.sk | Šport a outdoor | Športy | Golf | Golfová obuv | Pánska golfová obuv;6;https://www.heureka.sk/direct/xml-export/shops/heureka-sekce.xml
SK;1131;Golfové bagy;Heureka.sk | Šport a outdoor | Športy | Golf | Golfové bagy;5;https://www.heureka.sk/direct/xml-export/shops/heureka-sekce.xml
SK;1132;Golfové doplnky;Heureka.sk | Šport a outdoor | Športy | Golf | Golfové doplnky;5;https://www.heureka.sk/direct/xml-export/shops/heureka-sekce.xml
SK;6788;Golfové dáždniky;Heureka.sk | Šport a outdoor | Športy | Golf | Golfové dáždniky;5;https://www.heureka.sk/direct/xml-export/shops/heureka-sekce.xml
SK;6789;Golfové headcovery;Heureka.sk | Šport a outdoor | Športy | Golf | Golfové headcovery;5;https://www.heureka.sk/direct/xml-export/shops/heureka-sekce.xml
SK;1137;Golfové loptičky;Heureka.sk | Šport a outdoor | Športy | Golf | Golfové loptičky;5;https://www.heureka.sk/direct/xml-export/shops/heureka-sekce.xml
SK;1361;Golfové drevá;Heureka.sk | Šport a outdoor | Športy | Golf | Golfové palice | Golfové drevá;6;https://www.heureka.sk/direct/xml-export/shops/heureka-sekce.xml
SK;1133;Golfové drivery;Heureka.sk | Šport a outdoor | Športy | Golf | Golfové palice | Golfové drivery;6;https://www.heureka.sk/direct/xml-export/shops/heureka-sekce.xml
SK;2730;Golfové hybridy;Heureka.sk | Šport a outdoor | Športy | Golf | Golfové palice | Golfové hybridy;6;https://www.heureka.sk/direct/xml-export/shops/heureka-sekce.xml
SK;1136;Golfové puttery;Heureka.sk | Šport a outdoor | Športy | Golf | Golfové palice | Golfové puttery;6;https://www.heureka.sk/direct/xml-export/shops/heureka-sekce.xml
SK;1360;Golfové wedge;Heureka.sk | Šport a outdoor | Športy | Golf | Golfové palice | Golfové wedge;6;https://www.heureka.sk/direct/xml-export/shops/heureka-sekce.xml
SK;1362;Golfové železá;Heureka.sk | Šport a outdoor | Športy | Golf | Golfové palice | Golfové železá;6;https://www.heureka.sk/direct/xml-export/shops/heureka-sekce.xml
SK;6844;Golfové rukavice;Heureka.sk | Šport a outdoor | Športy | Golf | Golfové rukavice;5;https://www.heureka.sk/direct/xml-export/shops/heureka-sekce.xml
SK;1134;Golfové súpravy;Heureka.sk | Šport a outdoor | Športy | Golf | Golfové súpravy;5;https://www.heureka.sk/direct/xml-export/shops/heureka-sekce.xml
SK;6845;Golfové tíčka;Heureka.sk | Šport a outdoor | Športy | Golf | Golfové tíčka;5;https://www.heureka.sk/direct/xml-export/shops/heureka-sekce.xml
SK;1135;Golfové vozíky;Heureka.sk | Šport a outdoor | Športy | Golf | Golfové vozíky;5;https://www.heureka.sk/direct/xml-export/shops/heureka-sekce.xml
SK;1395;Blokanty;Heureka.sk | Šport a outdoor | Športy | Horolezectvo | Blokanty a kladky | Blokanty;6;https://www.heureka.sk/direct/xml-export/shops/heureka-sekce.xml
SK;1403;Kladky;Heureka.sk | Šport a outdoor | Športy | Horolezectvo | Blokanty a kladky | Kladky;6;https://www.heureka.sk/direct/xml-export/shops/heureka-sekce.xml
SK;1396;Bouldermatky;Heureka.sk | Šport a outdoor | Športy | Horolezectvo | Bouldermatky;5;https://www.heureka.sk/direct/xml-export/shops/heureka-sekce.xml
SK;1400;Horolezecké prilby;Heureka.sk | Šport a outdoor | Športy | Horolezectvo | Horolezecké prilby;5;https://www.heureka.sk/direct/xml-export/shops/heureka-sekce.xml
SK;5629;Horolezecké rukavice;Heureka.sk | Šport a outdoor | Športy | Horolezectvo | Horolezecké rukavice;5;https://www.heureka.sk/direct/xml-export/shops/heureka-sekce.xml
SK;1720;Horolezecké steny;Heureka.sk | Šport a outdoor | Športy | Horolezectvo | Horolezecké steny;5;https://www.heureka.sk/direct/xml-export/shops/heureka-sekce.xml
SK;1398;Expresky;Heureka.sk | Šport a outdoor | Športy | Horolezectvo | Istenie | Expresky;6;https://www.heureka.sk/direct/xml-export/shops/heureka-sekce.xml
SK;1399;Friendy a vklínence;Heureka.sk | Šport a outdoor | Športy | Horolezectvo | Istenie | Friendy a vklínence;6;https://www.heureka.sk/direct/xml-export/shops/heureka-sekce.xml
SK;1401;Istiace zariadenia;Heureka.sk | Šport a outdoor | Športy | Horolezectvo | Istenie | Istiace zariadenia;6;https://www.heureka.sk/direct/xml-export/shops/heureka-sekce.xml
SK;1402;Karabíny;Heureka.sk | Šport a outdoor | Športy | Horolezectvo | Istenie | Karabíny;6;https://www.heureka.sk/direct/xml-export/shops/heureka-sekce.xml
SK;1407;Slučky;Heureka.sk | Šport a outdoor | Športy | Horolezectvo | Istenie | Slučky;6;https://www.heureka.sk/direct/xml-export/shops/heureka-sekce.xml
SK;4521;Tlmiče pádu;Heureka.sk | Šport a outdoor | Športy | Horolezectvo | Istenie | Tlmiče pádu;6;https://www.heureka.sk/direct/xml-export/shops/heureka-sekce.xml
SK;1409;Úväzky;Heureka.sk | Šport a outdoor | Športy | Horolezectvo | Istenie | Úväzky;6;https://www.heureka.sk/direct/xml-export/shops/heureka-sekce.xml
SK;1404;Laná;Heureka.sk | Šport a outdoor | Športy | Horolezectvo | Laná;5;https://www.heureka.sk/direct/xml-export/shops/heureka-sekce.xml
SK;1413;Lezecké chyty;Heureka.sk | Šport a outdoor | Športy | Horolezectvo | Lezecké chyty;5;https://www.heureka.sk/direct/xml-export/shops/heureka-sekce.xml
SK;1412;Lezecké doplnky;Heureka.sk | Šport a outdoor | Športy | Horolezectvo | Lezecké príslušenstvo | Lezecké doplnky;6;https://www.heureka.sk/direct/xml-export/shops/heureka-sekce.xml
SK;6576;Magnézium na lezenie;Heureka.sk | Šport a outdoor | Športy | Horolezectvo | Lezecké príslušenstvo | Magnézium na lezenie;6;https://www.heureka.sk/direct/xml-export/shops/heureka-sekce.xml
SK;6577;Vrecká na magnézium;Heureka.sk | Šport a outdoor | Športy | Horolezectvo | Lezecké príslušenstvo | Vrecká na magnézium;6;https://www.heureka.sk/direct/xml-export/shops/heureka-sekce.xml
SK;1405;Lezečky;Heureka.sk | Šport a outdoor | Športy | Horolezectvo | Lezečky;5;https://www.heureka.sk/direct/xml-export/shops/heureka-sekce.xml
SK;5254;Slackline;Heureka.sk | Šport a outdoor | Športy | Horolezectvo | Slackline;5;https://www.heureka.sk/direct/xml-export/shops/heureka-sekce.xml
SK;1410;Via ferrata;Heureka.sk | Šport a outdoor | Športy | Horolezectvo | Via ferrata;5;https://www.heureka.sk/direct/xml-export/shops/heureka-sekce.xml
SK;1397;Cepíny;Heureka.sk | Šport a outdoor | Športy | Horolezectvo | Ľadovcové vybavenie | Cepíny;6;https://www.heureka.sk/direct/xml-export/shops/heureka-sekce.xml
SK;1406;Mačky a nesmeky;Heureka.sk | Šport a outdoor | Športy | Horolezectvo | Ľadovcové vybavenie | Mačky a nesmeky;6;https://www.heureka.sk/direct/xml-export/shops/heureka-sekce.xml
SK;1408;Skrutky do ľadu;Heureka.sk | Šport a outdoor | Športy | Horolezectvo | Ľadovcové vybavenie | Skrutky do ľadu;6;https://www.heureka.sk/direct/xml-export/shops/heureka-sekce.xml
SK;7017;Hobby horsing;Heureka.sk | Šport a outdoor | Športy | Jazdectvo | Hobby horsing;5;https://www.heureka.sk/direct/xml-export/shops/heureka-sekce.xml
SK;3793;Chrániče, bandáže a zvony pre kone;Heureka.sk | Šport a outdoor | Športy | Jazdectvo | Vybavenie pre kone | Chrániče, bandáže a zvony pre kone;6;https://www.heureka.sk/direct/xml-export/shops/heureka-sekce.xml
SK;5140;Deky na kone;Heureka.sk | Šport a outdoor | Športy | Jazdectvo | Vybavenie pre kone | Deky na kone;6;https://www.heureka.sk/direct/xml-export/shops/heureka-sekce.xml
SK;3787;Doplnky k jazdeckým sedlám;Heureka.sk | Šport a outdoor | Športy | Jazdectvo | Vybavenie pre kone | Doplnky k jazdeckým sedlám;6;https://www.heureka.sk/direct/xml-export/shops/heureka-sekce.xml
SK;5138;Lonžovacie potreby;Heureka.sk | Šport a outdoor | Športy | Jazdectvo | Vybavenie pre kone | Lonžovacie potreby;6;https://www.heureka.sk/direct/xml-export/shops/heureka-sekce.xml
SK;5141;Martingaly a poprsníky;Heureka.sk | Šport a outdoor | Športy | Jazdectvo | Vybavenie pre kone | Martingaly a poprsníky;6;https://www.heureka.sk/direct/xml-export/shops/heureka-sekce.xml
SK;5192;Masky proti hmyzu a strapce;Heureka.sk | Šport a outdoor | Športy | Jazdectvo | Vybavenie pre kone | Masky proti hmyzu a strapce;6;https://www.heureka.sk/direct/xml-export/shops/heureka-sekce.xml
SK;5143;Ohlávky a vodítka pre kone;Heureka.sk | Šport a outdoor | Športy | Jazdectvo | Vybavenie pre kone | Ohlávky a vodítka pre kone;6;https://www.heureka.sk/direct/xml-export/shops/heureka-sekce.xml
SK;5142;Ostatné doplnky pre kone;Heureka.sk | Šport a outdoor | Športy | Jazdectvo | Vybavenie pre kone | Ostatné doplnky pre kone;6;https://www.heureka.sk/direct/xml-export/shops/heureka-sekce.xml
SK;5145;Oťaže a pomocné oťaže;Heureka.sk | Šport a outdoor | Športy | Jazdectvo | Vybavenie pre kone | Oťaže a pomocné oťaže;6;https://www.heureka.sk/direct/xml-export/shops/heureka-sekce.xml
SK;5147;Podbrušníky;Heureka.sk | Šport a outdoor | Športy | Jazdectvo | Vybavenie pre kone | Podbrušníky;6;https://www.heureka.sk/direct/xml-export/shops/heureka-sekce.xml
SK;3788;Podsedlové dečky;Heureka.sk | Šport a outdoor | Športy | Jazdectvo | Vybavenie pre kone | Podsedlové dečky;6;https://www.heureka.sk/direct/xml-export/shops/heureka-sekce.xml
SK;3786;Sedlá na kone;Heureka.sk | Šport a outdoor | Športy | Jazdectvo | Vybavenie pre kone | Sedlá na kone;6;https://www.heureka.sk/direct/xml-export/shops/heureka-sekce.xml
SK;5146;Udidlá pre kone;Heureka.sk | Šport a outdoor | Športy | Jazdectvo | Vybavenie pre kone | Udidlá pre kone;6;https://www.heureka.sk/direct/xml-export/shops/heureka-sekce.xml
SK;5144;Uzdečky pre kone;Heureka.sk | Šport a outdoor | Športy | Jazdectvo | Vybavenie pre kone | Uzdečky pre kone;6;https://www.heureka.sk/direct/xml-export/shops/heureka-sekce.xml
SK;5193;Čabraky na uši;Heureka.sk | Šport a outdoor | Športy | Jazdectvo | Vybavenie pre kone | Čabraky na uši;6;https://www.heureka.sk/direct/xml-export/shops/heureka-sekce.xml
SK;5139;Čistenie na kone;Heureka.sk | Šport a outdoor | Športy | Jazdectvo | Vybavenie pre kone | Čistenie na kone;6;https://www.heureka.sk/direct/xml-export/shops/heureka-sekce.xml
SK;5148;Vybavenie stajní a sedlovien;Heureka.sk | Šport a outdoor | Športy | Jazdectvo | Vybavenie stajní a sedlovien;5;https://www.heureka.sk/direct/xml-export/shops/heureka-sekce.xml
SK;5130;Jazdecké a pracovné topánky;Heureka.sk | Šport a outdoor | Športy | Jazdectvo | Výbava pre jazdcov | Jazdecké a pracovné topánky;6;https://www.heureka.sk/direct/xml-export/shops/heureka-sekce.xml
SK;5129;Jazdecké bezpečnostné vesty;Heureka.sk | Šport a outdoor | Športy | Jazdectvo | Výbava pre jazdcov | Jazdecké bezpečnostné vesty;6;https://www.heureka.sk/direct/xml-export/shops/heureka-sekce.xml
SK;5132;Jazdecké bičíky a tušírky;Heureka.sk | Šport a outdoor | Športy | Jazdectvo | Výbava pre jazdcov | Jazdecké bičíky a tušírky;6;https://www.heureka.sk/direct/xml-export/shops/heureka-sekce.xml
SK;5136;Jazdecké bundy a vesty;Heureka.sk | Šport a outdoor | Športy | Jazdectvo | Výbava pre jazdcov | Jazdecké bundy a vesty;6;https://www.heureka.sk/direct/xml-export/shops/heureka-sekce.xml
SK;5131;Jazdecké chapsy a minichapsy;Heureka.sk | Šport a outdoor | Športy | Jazdectvo | Výbava pre jazdcov | Jazdecké chapsy a minichapsy;6;https://www.heureka.sk/direct/xml-export/shops/heureka-sekce.xml
SK;2347;Jazdecké helmy;Heureka.sk | Šport a outdoor | Športy | Jazdectvo | Výbava pre jazdcov | Jazdecké helmy;6;https://www.heureka.sk/direct/xml-export/shops/heureka-sekce.xml
SK;5135;Jazdecké mikiny a svetre;Heureka.sk | Šport a outdoor | Športy | Jazdectvo | Výbava pre jazdcov | Jazdecké mikiny a svetre;6;https://www.heureka.sk/direct/xml-export/shops/heureka-sekce.xml
SK;5154;Jazdecké nohavice;Heureka.sk | Šport a outdoor | Športy | Jazdectvo | Výbava pre jazdcov | Jazdecké nohavice;6;https://www.heureka.sk/direct/xml-export/shops/heureka-sekce.xml
SK;5133;Jazdecké rukavice;Heureka.sk | Šport a outdoor | Športy | Jazdectvo | Výbava pre jazdcov | Jazdecké rukavice;6;https://www.heureka.sk/direct/xml-export/shops/heureka-sekce.xml
SK;5137;Jazdecké saká a fraky;Heureka.sk | Šport a outdoor | Športy | Jazdectvo | Výbava pre jazdcov | Jazdecké saká a fraky;6;https://www.heureka.sk/direct/xml-export/shops/heureka-sekce.xml
SK;5134;Jazdecké tričká;Heureka.sk | Šport a outdoor | Športy | Jazdectvo | Výbava pre jazdcov | Jazdecké tričká;6;https://www.heureka.sk/direct/xml-export/shops/heureka-sekce.xml
SK;3794;Ostatné doplnky pre jazdcov;Heureka.sk | Šport a outdoor | Športy | Jazdectvo | Výbava pre jazdcov | Ostatné doplnky pre jazdcov;6;https://www.heureka.sk/direct/xml-export/shops/heureka-sekce.xml
SK;3895;Chrániče na americký futbal;Heureka.sk | Šport a outdoor | Športy | Loptové športy | Americký futbal | Chrániče na americký futbal;6;https://www.heureka.sk/direct/xml-export/shops/heureka-sekce.xml
SK;3899;Lopty na americký futbal;Heureka.sk | Šport a outdoor | Športy | Loptové športy | Americký futbal | Lopty na americký futbal;6;https://www.heureka.sk/direct/xml-export/shops/heureka-sekce.xml
SK;3982;Baseballové/softballové chrániče;Heureka.sk | Šport a outdoor | Športy | Loptové športy | Baseball & softball | Baseballové/softballové chrániče;6;https://www.heureka.sk/direct/xml-export/shops/heureka-sekce.xml
SK;3983;Baseballové/softballové dresy;Heureka.sk | Šport a outdoor | Športy | Loptové športy | Baseball & softball | Baseballové/softballové dresy;6;https://www.heureka.sk/direct/xml-export/shops/heureka-sekce.xml
SK;1386;Baseballové/softballové lopty;Heureka.sk | Šport a outdoor | Športy | Loptové športy | Baseball & softball | Baseballové/softballové lopty;6;https://www.heureka.sk/direct/xml-export/shops/heureka-sekce.xml
SK;1388;Baseballové/softballové rakety;Heureka.sk | Šport a outdoor | Športy | Loptové športy | Baseball & softball | Baseballové/softballové rakety;6;https://www.heureka.sk/direct/xml-export/shops/heureka-sekce.xml
SK;1387;Baseballové/softballové rukavice;Heureka.sk | Šport a outdoor | Športy | Loptové športy | Baseball & softball | Baseballové/softballové rukavice;6;https://www.heureka.sk/direct/xml-export/shops/heureka-sekce.xml
SK;5091;Baseballové/softballové sety;Heureka.sk | Šport a outdoor | Športy | Loptové športy | Baseball & softball | Baseballové/softballové sety;6;https://www.heureka.sk/direct/xml-export/shops/heureka-sekce.xml
SK;2097;Pálkarske helmy;Heureka.sk | Šport a outdoor | Športy | Loptové športy | Baseball & softball | Pálkarske helmy;6;https://www.heureka.sk/direct/xml-export/shops/heureka-sekce.xml
SK;1381;Basketbalové dresy;Heureka.sk | Šport a outdoor | Športy | Loptové športy | Basketbal | Basketbalové dresy;6;https://www.heureka.sk/direct/xml-export/shops/heureka-sekce.xml
SK;1075;Basketbalové koše;Heureka.sk | Šport a outdoor | Športy | Loptové športy | Basketbal | Basketbalové koše;6;https://www.heureka.sk/direct/xml-export/shops/heureka-sekce.xml
SK;1076;Basketbalové lopty;Heureka.sk | Šport a outdoor | Športy | Loptové športy | Basketbal | Basketbalové lopty;6;https://www.heureka.sk/direct/xml-export/shops/heureka-sekce.xml
SK;1125;Doplnky na florbal;Heureka.sk | Šport a outdoor | Športy | Loptové športy | Florbal | Doplnky na florbal;6;https://www.heureka.sk/direct/xml-export/shops/heureka-sekce.xml
SK;1077;Florbalové brankárske vybavenie;Heureka.sk | Šport a outdoor | Športy | Loptové športy | Florbal | Florbalové brankárske vybavenie;6;https://www.heureka.sk/direct/xml-export/shops/heureka-sekce.xml
SK;1078;Florbalové bránky a mantinely;Heureka.sk | Šport a outdoor | Športy | Loptové športy | Florbal | Florbalové bránky a mantinely;6;https://www.heureka.sk/direct/xml-export/shops/heureka-sekce.xml
SK;1080;Florbalové hokejky;Heureka.sk | Šport a outdoor | Športy | Loptové športy | Florbal | Florbalové hokejky;6;https://www.heureka.sk/direct/xml-export/shops/heureka-sekce.xml
SK;1081;Florbalové loptičky;Heureka.sk | Šport a outdoor | Športy | Loptové športy | Florbal | Florbalové loptičky;6;https://www.heureka.sk/direct/xml-export/shops/heureka-sekce.xml
SK;1083;Florbalové tašky a vaky;Heureka.sk | Šport a outdoor | Športy | Loptové športy | Florbal | Florbalové tašky a vaky;6;https://www.heureka.sk/direct/xml-export/shops/heureka-sekce.xml
SK;1079;Florbalové čepele;Heureka.sk | Šport a outdoor | Športy | Loptové športy | Florbal | Florbalové čepele;6;https://www.heureka.sk/direct/xml-export/shops/heureka-sekce.xml
SK;1082;Sety florbalových hokejok;Heureka.sk | Šport a outdoor | Športy | Loptové športy | Florbal | Sety florbalových hokejok;6;https://www.heureka.sk/direct/xml-export/shops/heureka-sekce.xml
SK;1367;Brankárske rukavice;Heureka.sk | Šport a outdoor | Športy | Loptové športy | Futbal | Brankárske rukavice;6;https://www.heureka.sk/direct/xml-export/shops/heureka-sekce.xml
SK;5332;Futbalové bránky;Heureka.sk | Šport a outdoor | Športy | Loptové športy | Futbal | Futbalové bránky;6;https://www.heureka.sk/direct/xml-export/shops/heureka-sekce.xml
SK;1368;Futbalové chrániče;Heureka.sk | Šport a outdoor | Športy | Loptové športy | Futbal | Futbalové chrániče;6;https://www.heureka.sk/direct/xml-export/shops/heureka-sekce.xml
SK;1126;Futbalové lopty;Heureka.sk | Šport a outdoor | Športy | Loptové športy | Futbal | Futbalové lopty;6;https://www.heureka.sk/direct/xml-export/shops/heureka-sekce.xml
SK;1366;Futbalové dresy;Heureka.sk | Šport a outdoor | Športy | Loptové športy | Futbal | Futbalové oblečenie | Futbalové dresy;7;https://www.heureka.sk/direct/xml-export/shops/heureka-sekce.xml
SK;2300;Futbalové šortky;Heureka.sk | Šport a outdoor | Športy | Loptové športy | Futbal | Futbalové oblečenie | Futbalové šortky;7;https://www.heureka.sk/direct/xml-export/shops/heureka-sekce.xml
SK;1370;Futbalové štulpne;Heureka.sk | Šport a outdoor | Športy | Loptové športy | Futbal | Futbalové oblečenie | Futbalové štulpne;7;https://www.heureka.sk/direct/xml-export/shops/heureka-sekce.xml
SK;8503;Futbalové trenažéry;Heureka.sk | Šport a outdoor | Športy | Loptové športy | Futbal | Futbalové trenažéry;6;https://www.heureka.sk/direct/xml-export/shops/heureka-sekce.xml
SK;5630;Kapitánske pásky;Heureka.sk | Šport a outdoor | Športy | Loptové športy | Futbal | Kapitánske pásky;6;https://www.heureka.sk/direct/xml-export/shops/heureka-sekce.xml
SK;6300;Detské kopačky;Heureka.sk | Šport a outdoor | Športy | Loptové športy | Futbal | Kopačky na futbal | Detské kopačky;7;https://www.heureka.sk/direct/xml-export/shops/heureka-sekce.xml
SK;6299;Dámske kopačky;Heureka.sk | Šport a outdoor | Športy | Loptové športy | Futbal | Kopačky na futbal | Dámske kopačky;7;https://www.heureka.sk/direct/xml-export/shops/heureka-sekce.xml
SK;1369;Pánske kopačky;Heureka.sk | Šport a outdoor | Športy | Loptové športy | Futbal | Kopačky na futbal | Pánske kopačky;7;https://www.heureka.sk/direct/xml-export/shops/heureka-sekce.xml
SK;1383;Hádzanárske bránky;Heureka.sk | Šport a outdoor | Športy | Loptové športy | Hádzaná | Hádzanárske bránky;6;https://www.heureka.sk/direct/xml-export/shops/heureka-sekce.xml
SK;1384;Hádzanárske siete;Heureka.sk | Šport a outdoor | Športy | Loptové športy | Hádzaná | Hádzanárske siete;6;https://www.heureka.sk/direct/xml-export/shops/heureka-sekce.xml
SK;1143;Lopty na hádzanú;Heureka.sk | Šport a outdoor | Športy | Loptové športy | Hádzaná | Lopty na hádzanú;6;https://www.heureka.sk/direct/xml-export/shops/heureka-sekce.xml
SK;3909;Chrániče a rukavice na kriket;Heureka.sk | Šport a outdoor | Športy | Loptové športy | Kriket | Chrániče a rukavice na kriket;6;https://www.heureka.sk/direct/xml-export/shops/heureka-sekce.xml
SK;4878;Kriketová obuv;Heureka.sk | Šport a outdoor | Športy | Loptové športy | Kriket | Kriketová obuv;6;https://www.heureka.sk/direct/xml-export/shops/heureka-sekce.xml
SK;4877;Kriketové helmy;Heureka.sk | Šport a outdoor | Športy | Loptové športy | Kriket | Kriketové helmy;6;https://www.heureka.sk/direct/xml-export/shops/heureka-sekce.xml
SK;3907;Loptičky na kriket;Heureka.sk | Šport a outdoor | Športy | Loptové športy | Kriket | Loptičky na kriket;6;https://www.heureka.sk/direct/xml-export/shops/heureka-sekce.xml
SK;3908;Pálky na kriket;Heureka.sk | Šport a outdoor | Športy | Loptové športy | Kriket | Pálky na kriket;6;https://www.heureka.sk/direct/xml-export/shops/heureka-sekce.xml
SK;1084;Nohejbalové lopty;Heureka.sk | Šport a outdoor | Športy | Loptové športy | Nohejbal | Nohejbalové lopty;6;https://www.heureka.sk/direct/xml-export/shops/heureka-sekce.xml
SK;3904;Chrániče na rugby;Heureka.sk | Šport a outdoor | Športy | Loptové športy | Rugby | Chrániče na rugby;6;https://www.heureka.sk/direct/xml-export/shops/heureka-sekce.xml
SK;3903;Dresy na rugby;Heureka.sk | Šport a outdoor | Športy | Loptové športy | Rugby | Dresy na rugby;6;https://www.heureka.sk/direct/xml-export/shops/heureka-sekce.xml
SK;4879;Kopačky na rugby;Heureka.sk | Šport a outdoor | Športy | Loptové športy | Rugby | Kopačky na rugby;6;https://www.heureka.sk/direct/xml-export/shops/heureka-sekce.xml
SK;3905;Lopty na rugby;Heureka.sk | Šport a outdoor | Športy | Loptové športy | Rugby | Lopty na rugby;6;https://www.heureka.sk/direct/xml-export/shops/heureka-sekce.xml
SK;1103;Lopty na beach volejbal;Heureka.sk | Šport a outdoor | Športy | Loptové športy | Volejbal | Lopty na beach volejbal;6;https://www.heureka.sk/direct/xml-export/shops/heureka-sekce.xml
SK;5082;Volejbalové chrániče;Heureka.sk | Šport a outdoor | Športy | Loptové športy | Volejbal | Volejbalové chrániče;6;https://www.heureka.sk/direct/xml-export/shops/heureka-sekce.xml
SK;1124;Volejbalové doplnky;Heureka.sk | Šport a outdoor | Športy | Loptové športy | Volejbal | Volejbalové doplnky;6;https://www.heureka.sk/direct/xml-export/shops/heureka-sekce.xml
SK;1101;Volejbalové lopty;Heureka.sk | Šport a outdoor | Športy | Loptové športy | Volejbal | Volejbalové lopty;6;https://www.heureka.sk/direct/xml-export/shops/heureka-sekce.xml
SK;1102;Volejbalové siete;Heureka.sk | Šport a outdoor | Športy | Loptové športy | Volejbal | Volejbalové siete;6;https://www.heureka.sk/direct/xml-export/shops/heureka-sekce.xml
SK;5124;Reflexné pásky a klipy;Heureka.sk | Šport a outdoor | Športy | Ostatné športy | Beh | Reflexné pásky a klipy;6;https://www.heureka.sk/direct/xml-export/shops/heureka-sekce.xml
SK;4906;Biliardové gule;Heureka.sk | Šport a outdoor | Športy | Ostatné športy | Biliard a príslušenstvo | Biliardové gule;6;https://www.heureka.sk/direct/xml-export/shops/heureka-sekce.xml
SK;4908;Biliardové príslušenstvo;Heureka.sk | Šport a outdoor | Športy | Ostatné športy | Biliard a príslušenstvo | Biliardové príslušenstvo;6;https://www.heureka.sk/direct/xml-export/shops/heureka-sekce.xml
SK;4905;Biliardové stoly;Heureka.sk | Šport a outdoor | Športy | Ostatné športy | Biliard a príslušenstvo | Biliardové stoly;6;https://www.heureka.sk/direct/xml-export/shops/heureka-sekce.xml
SK;4907;Biliardové tága;Heureka.sk | Šport a outdoor | Športy | Ostatné športy | Biliard a príslušenstvo | Biliardové tága;6;https://www.heureka.sk/direct/xml-export/shops/heureka-sekce.xml
SK;4935;Puzdrá na tága;Heureka.sk | Šport a outdoor | Športy | Ostatné športy | Biliard a príslušenstvo | Puzdrá na tága;6;https://www.heureka.sk/direct/xml-export/shops/heureka-sekce.xml
SK;4936;Súkna;Heureka.sk | Šport a outdoor | Športy | Ostatné športy | Biliard a príslušenstvo | Súkna;6;https://www.heureka.sk/direct/xml-export/shops/heureka-sekce.xml
SK;8587;Bojové chrániče holení;Heureka.sk | Šport a outdoor | Športy | Ostatné športy | Bojové športy | Bojové chrániče holení;6;https://www.heureka.sk/direct/xml-export/shops/heureka-sekce.xml
SK;5444;Boxerská obuv;Heureka.sk | Šport a outdoor | Športy | Ostatné športy | Bojové športy | Box | Boxerská obuv;7;https://www.heureka.sk/direct/xml-export/shops/heureka-sekce.xml
SK;1138;Boxerské bandáže;Heureka.sk | Šport a outdoor | Športy | Ostatné športy | Bojové športy | Box | Boxerské bandáže;7;https://www.heureka.sk/direct/xml-export/shops/heureka-sekce.xml
SK;1139;Boxerské chrániče;Heureka.sk | Šport a outdoor | Športy | Ostatné športy | Bojové športy | Box | Boxerské chrániče;7;https://www.heureka.sk/direct/xml-export/shops/heureka-sekce.xml
SK;3926;Boxerské prilby;Heureka.sk | Šport a outdoor | Športy | Ostatné športy | Bojové športy | Box | Boxerské prilby;7;https://www.heureka.sk/direct/xml-export/shops/heureka-sekce.xml
SK;1140;Boxerské rukavice;Heureka.sk | Šport a outdoor | Športy | Ostatné športy | Bojové športy | Box | Boxerské rukavice;7;https://www.heureka.sk/direct/xml-export/shops/heureka-sekce.xml
SK;1142;Boxovacie vrecia a hrušky;Heureka.sk | Šport a outdoor | Športy | Ostatné športy | Bojové športy | Box | Boxovacie vrecia a hrušky;7;https://www.heureka.sk/direct/xml-export/shops/heureka-sekce.xml
SK;1141;Lapy;Heureka.sk | Šport a outdoor | Športy | Ostatné športy | Bojové športy | Box | Lapy;7;https://www.heureka.sk/direct/xml-export/shops/heureka-sekce.xml
SK;8604;Chrániče kolien pre bojové športy;Heureka.sk | Šport a outdoor | Športy | Ostatné športy | Bojové športy | Chrániče pre bojové umenia | Chrániče kolien pre bojové športy;7;https://www.heureka.sk/direct/xml-export/shops/heureka-sekce.xml
SK;8603;Chrániče lakťov pre bojové športy;Heureka.sk | Šport a outdoor | Športy | Ostatné športy | Bojové športy | Chrániče pre bojové umenia | Chrániče lakťov pre bojové športy;7;https://www.heureka.sk/direct/xml-export/shops/heureka-sekce.xml
SK;8601;Chrániče na telo pre bojové športy;Heureka.sk | Šport a outdoor | Športy | Ostatné športy | Bojové športy | Chrániče pre bojové umenia | Chrániče na telo pre bojové športy;7;https://www.heureka.sk/direct/xml-export/shops/heureka-sekce.xml
SK;8600;Chrániče nôh pre bojové športy;Heureka.sk | Šport a outdoor | Športy | Ostatné športy | Bojové športy | Chrániče pre bojové umenia | Chrániče nôh pre bojové športy;7;https://www.heureka.sk/direct/xml-export/shops/heureka-sekce.xml
SK;3886;Kimona;Heureka.sk | Šport a outdoor | Športy | Ostatné športy | Bojové športy | Kimona a opasky | Kimona;7;https://www.heureka.sk/direct/xml-export/shops/heureka-sekce.xml
SK;3887;Opasky ku kimonu;Heureka.sk | Šport a outdoor | Športy | Ostatné športy | Bojové športy | Kimona a opasky | Opasky ku kimonu;7;https://www.heureka.sk/direct/xml-export/shops/heureka-sekce.xml
SK;5778;Meče pre bojové športy;Heureka.sk | Šport a outdoor | Športy | Ostatné športy | Bojové športy | Nože a meče na bojové športy | Meče pre bojové športy;7;https://www.heureka.sk/direct/xml-export/shops/heureka-sekce.xml
SK;5775;Nože pre bojové športy;Heureka.sk | Šport a outdoor | Športy | Ostatné športy | Bojové športy | Nože a meče na bojové športy | Nože pre bojové športy;7;https://www.heureka.sk/direct/xml-export/shops/heureka-sekce.xml
SK;1364;Ostatné zbrane pre bojové športy;Heureka.sk | Šport a outdoor | Športy | Ostatné športy | Bojové športy | Nože a meče na bojové športy | Ostatné zbrane pre bojové športy;7;https://www.heureka.sk/direct/xml-export/shops/heureka-sekce.xml
SK;4058;Korenisté spreje;Heureka.sk | Šport a outdoor | Športy | Ostatné športy | Bojové športy | Sebaobrana | Korenisté spreje;7;https://www.heureka.sk/direct/xml-export/shops/heureka-sekce.xml
SK;5363;Ochranné obušky a tonfy;Heureka.sk | Šport a outdoor | Športy | Ostatné športy | Bojové športy | Sebaobrana | Ochranné obušky a tonfy;7;https://www.heureka.sk/direct/xml-export/shops/heureka-sekce.xml
SK;4057;Paralyzéry;Heureka.sk | Šport a outdoor | Športy | Ostatné športy | Bojové športy | Sebaobrana | Paralyzéry;7;https://www.heureka.sk/direct/xml-export/shops/heureka-sekce.xml
SK;3981;Tatami;Heureka.sk | Šport a outdoor | Športy | Ostatné športy | Bojové športy | Tatami;6;https://www.heureka.sk/direct/xml-export/shops/heureka-sekce.xml
SK;1460;Bowlingové gule;Heureka.sk | Šport a outdoor | Športy | Ostatné športy | Bowling | Bowlingové gule;6;https://www.heureka.sk/direct/xml-export/shops/heureka-sekce.xml
SK;1462;Bowlingové tašky;Heureka.sk | Šport a outdoor | Športy | Ostatné športy | Bowling | Bowlingové tašky;6;https://www.heureka.sk/direct/xml-export/shops/heureka-sekce.xml
SK;5536;Elektrické jednokolky;Heureka.sk | Šport a outdoor | Športy | Ostatné športy | Elektrovozidlá | Elektrické jednokolky;6;https://www.heureka.sk/direct/xml-export/shops/heureka-sekce.xml
SK;5537;Elektrické korčule;Heureka.sk | Šport a outdoor | Športy | Ostatné športy | Elektrovozidlá | Elektrické korčule;6;https://www.heureka.sk/direct/xml-export/shops/heureka-sekce.xml
SK;5406;Elektrické skateboardy a longboardy;Heureka.sk | Šport a outdoor | Športy | Ostatné športy | Elektrovozidlá | Elektrické skateboardy a longboardy;6;https://www.heureka.sk/direct/xml-export/shops/heureka-sekce.xml
SK;5073;Gyroboardy;Heureka.sk | Šport a outdoor | Športy | Ostatné športy | Elektrovozidlá | Gyroboardy;6;https://www.heureka.sk/direct/xml-export/shops/heureka-sekce.xml
SK;5089;Hoverboardy;Heureka.sk | Šport a outdoor | Športy | Ostatné športy | Elektrovozidlá | Hoverboardy;6;https://www.heureka.sk/direct/xml-export/shops/heureka-sekce.xml
SK;2953;Segway;Heureka.sk | Šport a outdoor | Športy | Ostatné športy | Elektrovozidlá | Segway;6;https://www.heureka.sk/direct/xml-export/shops/heureka-sekce.xml
SK;1455;Frisbee;Heureka.sk | Šport a outdoor | Športy | Ostatné športy | Frisbee;5;https://www.heureka.sk/direct/xml-export/shops/heureka-sekce.xml
SK;1452;Petanque;Heureka.sk | Šport a outdoor | Športy | Ostatné športy | Petanque;5;https://www.heureka.sk/direct/xml-export/shops/heureka-sekce.xml
SK;6582;Detské tanečné topánky;Heureka.sk | Šport a outdoor | Športy | Ostatné športy | Tanec | Detské tanečné topánky;6;https://www.heureka.sk/direct/xml-export/shops/heureka-sekce.xml
SK;6581;Dámske tanečné topánky;Heureka.sk | Šport a outdoor | Športy | Ostatné športy | Tanec | Dámske tanečné topánky;6;https://www.heureka.sk/direct/xml-export/shops/heureka-sekce.xml
SK;6580;Pánske tanečné topánky;Heureka.sk | Šport a outdoor | Športy | Ostatné športy | Tanec | Pánske tanečné topánky;6;https://www.heureka.sk/direct/xml-export/shops/heureka-sekce.xml
SK;5105;Hroty na šípky;Heureka.sk | Šport a outdoor | Športy | Ostatné športy | Terče a šípky | Hroty na šípky;6;https://www.heureka.sk/direct/xml-export/shops/heureka-sekce.xml
SK;2306;Letky na šípky;Heureka.sk | Šport a outdoor | Športy | Ostatné športy | Terče a šípky | Letky na šípky;6;https://www.heureka.sk/direct/xml-export/shops/heureka-sekce.xml
SK;2307;Násadky na šípky;Heureka.sk | Šport a outdoor | Športy | Ostatné športy | Terče a šípky | Násadky na šípky;6;https://www.heureka.sk/direct/xml-export/shops/heureka-sekce.xml
SK;1464;Príslušenstvo k šípkam;Heureka.sk | Šport a outdoor | Športy | Ostatné športy | Terče a šípky | Príslušenstvo k šípkam;6;https://www.heureka.sk/direct/xml-export/shops/heureka-sekce.xml
SK;5106;Puzdrá na šípky;Heureka.sk | Šport a outdoor | Športy | Ostatné športy | Terče a šípky | Puzdrá na šípky;6;https://www.heureka.sk/direct/xml-export/shops/heureka-sekce.xml
SK;1449;Terče;Heureka.sk | Šport a outdoor | Športy | Ostatné športy | Terče a šípky | Terče;6;https://www.heureka.sk/direct/xml-export/shops/heureka-sekce.xml
SK;1450;Šípky;Heureka.sk | Šport a outdoor | Športy | Ostatné športy | Terče a šípky | Šípky;6;https://www.heureka.sk/direct/xml-export/shops/heureka-sekce.xml
SK;1773;Badmintonové doplnky;Heureka.sk | Šport a outdoor | Športy | Raketové športy | Badminton | Badmintonové doplnky;6;https://www.heureka.sk/direct/xml-export/shops/heureka-sekce.xml
SK;1073;Badmintonové loptičky;Heureka.sk | Šport a outdoor | Športy | Raketové športy | Badminton | Badmintonové loptičky;6;https://www.heureka.sk/direct/xml-export/shops/heureka-sekce.xml
SK;1074;Badmintonové rakety;Heureka.sk | Šport a outdoor | Športy | Raketové športy | Badminton | Badmintonové rakety;6;https://www.heureka.sk/direct/xml-export/shops/heureka-sekce.xml
SK;1774;Badmintonové siete;Heureka.sk | Šport a outdoor | Športy | Raketové športy | Badminton | Badmintonové siete;6;https://www.heureka.sk/direct/xml-export/shops/heureka-sekce.xml
SK;1776;Badmintonové súpravy;Heureka.sk | Šport a outdoor | Športy | Raketové športy | Badminton | Badmintonové súpravy;6;https://www.heureka.sk/direct/xml-export/shops/heureka-sekce.xml
SK;1770;Badmintonové tašky a batohy;Heureka.sk | Šport a outdoor | Športy | Raketové športy | Badminton | Badmintonové tašky a batohy;6;https://www.heureka.sk/direct/xml-export/shops/heureka-sekce.xml
SK;1372;Badmintonové výplety;Heureka.sk | Šport a outdoor | Športy | Raketové športy | Badminton | Badmintonové výplety;6;https://www.heureka.sk/direct/xml-export/shops/heureka-sekce.xml
SK;1127;Gripy na rakety;Heureka.sk | Šport a outdoor | Športy | Raketové športy | Gripy na rakety;5;https://www.heureka.sk/direct/xml-export/shops/heureka-sekce.xml
SK;6850;Lopty na padel;Heureka.sk | Šport a outdoor | Športy | Raketové športy | Padel | Lopty na padel;6;https://www.heureka.sk/direct/xml-export/shops/heureka-sekce.xml
SK;6848;Rakety na padel;Heureka.sk | Šport a outdoor | Športy | Raketové športy | Padel | Rakety na padel;6;https://www.heureka.sk/direct/xml-export/shops/heureka-sekce.xml
SK;6849;Tašky na padel;Heureka.sk | Šport a outdoor | Športy | Raketové športy | Padel | Tašky na padel;6;https://www.heureka.sk/direct/xml-export/shops/heureka-sekce.xml
SK;8517;Loptičky na pickleball;Heureka.sk | Šport a outdoor | Športy | Raketové športy | Pickleball | Loptičky na pickleball;6;https://www.heureka.sk/direct/xml-export/shops/heureka-sekce.xml
SK;8516;Rakety na pickleball;Heureka.sk | Šport a outdoor | Športy | Raketové športy | Pickleball | Rakety na pickleball;6;https://www.heureka.sk/direct/xml-export/shops/heureka-sekce.xml
SK;1771;Squashové doplnky;Heureka.sk | Šport a outdoor | Športy | Raketové športy | Squash | Squashové doplnky;6;https://www.heureka.sk/direct/xml-export/shops/heureka-sekce.xml
SK;1086;Squashové loptičky;Heureka.sk | Šport a outdoor | Športy | Raketové športy | Squash | Squashové loptičky;6;https://www.heureka.sk/direct/xml-export/shops/heureka-sekce.xml
SK;1087;Squashové rakety;Heureka.sk | Šport a outdoor | Športy | Raketové športy | Squash | Squashové rakety;6;https://www.heureka.sk/direct/xml-export/shops/heureka-sekce.xml
SK;1088;Squashové tašky;Heureka.sk | Šport a outdoor | Športy | Raketové športy | Squash | Squashové tašky;6;https://www.heureka.sk/direct/xml-export/shops/heureka-sekce.xml
SK;1089;Squashové výplety;Heureka.sk | Šport a outdoor | Športy | Raketové športy | Squash | Squashové výplety;6;https://www.heureka.sk/direct/xml-export/shops/heureka-sekce.xml
SK;1090;Doplnky na stolný tenis;Heureka.sk | Šport a outdoor | Športy | Raketové športy | Stolný tenis | Doplnky na stolný tenis;6;https://www.heureka.sk/direct/xml-export/shops/heureka-sekce.xml
SK;1378;Lepidlá na rakety;Heureka.sk | Šport a outdoor | Športy | Raketové športy | Stolný tenis | Lepidlá na rakety;6;https://www.heureka.sk/direct/xml-export/shops/heureka-sekce.xml
SK;1091;Pingpongové loptičky;Heureka.sk | Šport a outdoor | Športy | Raketové športy | Stolný tenis | Pingpongové loptičky;6;https://www.heureka.sk/direct/xml-export/shops/heureka-sekce.xml
SK;1092;Pingpongové rakety;Heureka.sk | Šport a outdoor | Športy | Raketové športy | Stolný tenis | Pingpongové rakety;6;https://www.heureka.sk/direct/xml-export/shops/heureka-sekce.xml
SK;1093;Pingpongové sieťky;Heureka.sk | Šport a outdoor | Športy | Raketové športy | Stolný tenis | Pingpongové sieťky;6;https://www.heureka.sk/direct/xml-export/shops/heureka-sekce.xml
SK;1380;Poťahy na rakety;Heureka.sk | Šport a outdoor | Športy | Raketové športy | Stolný tenis | Poťahy na rakety;6;https://www.heureka.sk/direct/xml-export/shops/heureka-sekce.xml
SK;1379;Puzdrá na rakety;Heureka.sk | Šport a outdoor | Športy | Raketové športy | Stolný tenis | Puzdrá na rakety;6;https://www.heureka.sk/direct/xml-export/shops/heureka-sekce.xml
SK;1094;Stoly na stolný tenis;Heureka.sk | Šport a outdoor | Športy | Raketové športy | Stolný tenis | Stoly na stolný tenis;6;https://www.heureka.sk/direct/xml-export/shops/heureka-sekce.xml
SK;6268;Detské tenisové topánky;Heureka.sk | Šport a outdoor | Športy | Raketové športy | Tenis | Tenisová obuv | Detské tenisové topánky;7;https://www.heureka.sk/direct/xml-export/shops/heureka-sekce.xml
SK;6266;Dámske tenisové topánky;Heureka.sk | Šport a outdoor | Športy | Raketové športy | Tenis | Tenisová obuv | Dámske tenisové topánky;7;https://www.heureka.sk/direct/xml-export/shops/heureka-sekce.xml
SK;6267;Pánske tenisové topánky;Heureka.sk | Šport a outdoor | Športy | Raketové športy | Tenis | Tenisová obuv | Pánske tenisové topánky;7;https://www.heureka.sk/direct/xml-export/shops/heureka-sekce.xml
SK;1375;Doplnky pre hráčov;Heureka.sk | Šport a outdoor | Športy | Raketové športy | Tenis | Tenisové doplnky | Doplnky pre hráčov;7;https://www.heureka.sk/direct/xml-export/shops/heureka-sekce.xml
SK;1377;Doplnky pre rakety;Heureka.sk | Šport a outdoor | Športy | Raketové športy | Tenis | Tenisové doplnky | Doplnky pre rakety;7;https://www.heureka.sk/direct/xml-export/shops/heureka-sekce.xml
SK;1373;Nahrávacie stroje;Heureka.sk | Šport a outdoor | Športy | Raketové športy | Tenis | Tenisové doplnky | Nahrávacie stroje;7;https://www.heureka.sk/direct/xml-export/shops/heureka-sekce.xml
SK;5085;Potítka;Heureka.sk | Šport a outdoor | Športy | Raketové športy | Tenis | Tenisové doplnky | Potítka;7;https://www.heureka.sk/direct/xml-export/shops/heureka-sekce.xml
SK;1097;Tenisové siete;Heureka.sk | Šport a outdoor | Športy | Raketové športy | Tenis | Tenisové doplnky | Tenisové siete;7;https://www.heureka.sk/direct/xml-export/shops/heureka-sekce.xml
SK;1100;Vibrastopy na tenis;Heureka.sk | Šport a outdoor | Športy | Raketové športy | Tenis | Tenisové doplnky | Vibrastopy na tenis;7;https://www.heureka.sk/direct/xml-export/shops/heureka-sekce.xml
SK;2415;Vybavenie tenisových kurtov;Heureka.sk | Šport a outdoor | Športy | Raketové športy | Tenis | Tenisové doplnky | Vybavenie tenisových kurtov;7;https://www.heureka.sk/direct/xml-export/shops/heureka-sekce.xml
SK;1374;Vypletacie stroje;Heureka.sk | Šport a outdoor | Športy | Raketové športy | Tenis | Tenisové doplnky | Vypletacie stroje;7;https://www.heureka.sk/direct/xml-export/shops/heureka-sekce.xml
SK;1376;Zberacie koše;Heureka.sk | Šport a outdoor | Športy | Raketové športy | Tenis | Tenisové doplnky | Zberacie koše;7;https://www.heureka.sk/direct/xml-export/shops/heureka-sekce.xml
SK;1095;Tenisové loptičky;Heureka.sk | Šport a outdoor | Športy | Raketové športy | Tenis | Tenisové loptičky;6;https://www.heureka.sk/direct/xml-export/shops/heureka-sekce.xml
SK;1096;Tenisové rakety;Heureka.sk | Šport a outdoor | Športy | Raketové športy | Tenis | Tenisové rakety;6;https://www.heureka.sk/direct/xml-export/shops/heureka-sekce.xml
SK;1098;Tenisové tašky;Heureka.sk | Šport a outdoor | Športy | Raketové športy | Tenis | Tenisové tašky;6;https://www.heureka.sk/direct/xml-export/shops/heureka-sekce.xml
SK;1099;Tenisové výplety;Heureka.sk | Šport a outdoor | Športy | Raketové športy | Tenis | Tenisové výplety;6;https://www.heureka.sk/direct/xml-export/shops/heureka-sekce.xml
SK;1149;Chrániče na in-line;Heureka.sk | Šport a outdoor | Športy | Skate & in-line | In-line korčuľovanie | Chrániče na in-line;6;https://www.heureka.sk/direct/xml-export/shops/heureka-sekce.xml
SK;1148;Helmy a prilby na in-line;Heureka.sk | Šport a outdoor | Športy | Skate & in-line | In-line korčuľovanie | Helmy a prilby na in-line;6;https://www.heureka.sk/direct/xml-export/shops/heureka-sekce.xml
SK;1352;In-line kolieska;Heureka.sk | Šport a outdoor | Športy | Skate & in-line | In-line korčuľovanie | In-line kolieska;6;https://www.heureka.sk/direct/xml-export/shops/heureka-sekce.xml
SK;1351;In-line ložiská;Heureka.sk | Šport a outdoor | Športy | Skate & in-line | In-line korčuľovanie | In-line ložiská;6;https://www.heureka.sk/direct/xml-export/shops/heureka-sekce.xml
SK;1147;Kolieskové korčule;Heureka.sk | Šport a outdoor | Športy | Skate & in-line | In-line korčuľovanie | Kolieskové korčule;6;https://www.heureka.sk/direct/xml-export/shops/heureka-sekce.xml
SK;4682;Longboardy;Heureka.sk | Šport a outdoor | Športy | Skate & in-line | Longboardy;5;https://www.heureka.sk/direct/xml-export/shops/heureka-sekce.xml
SK;1338;Skate kolieska;Heureka.sk | Šport a outdoor | Športy | Skate & in-line | Skateboardy | Skate kolieska;6;https://www.heureka.sk/direct/xml-export/shops/heureka-sekce.xml
SK;1336;Skateboard dosky;Heureka.sk | Šport a outdoor | Športy | Skate & in-line | Skateboardy | Skateboard dosky;6;https://www.heureka.sk/direct/xml-export/shops/heureka-sekce.xml
SK;1339;Skateboard komplety;Heureka.sk | Šport a outdoor | Športy | Skate & in-line | Skateboardy | Skateboard komplety;6;https://www.heureka.sk/direct/xml-export/shops/heureka-sekce.xml
SK;1337;Trucky na skateboard;Heureka.sk | Šport a outdoor | Športy | Skate & in-line | Skateboardy | Trucky na skateboard;6;https://www.heureka.sk/direct/xml-export/shops/heureka-sekce.xml
SK;2519;Skákacie topánky;Heureka.sk | Šport a outdoor | Športy | Skate & in-line | Skákacie topánky;5;https://www.heureka.sk/direct/xml-export/shops/heureka-sekce.xml
SK;2712;Tenisky s kolieskom;Heureka.sk | Šport a outdoor | Športy | Skate & in-line | Tenisky s kolieskom;5;https://www.heureka.sk/direct/xml-export/shops/heureka-sekce.xml
SK;4038;Airsoftové strelivo;Heureka.sk | Šport a outdoor | Športy | Strelecké sporty | Airsoft | Airsoftové zbrane a príslušenstvo | Airsoftové strelivo;7;https://www.heureka.sk/direct/xml-export/shops/heureka-sekce.xml
SK;4055;Doplnky a náhradné diely k airsoftovým zbraniam;Heureka.sk | Šport a outdoor | Športy | Strelecké sporty | Airsoft | Airsoftové zbrane a príslušenstvo | Doplnky a náhradné diely k airsoftovým zbraniam;7;https://www.heureka.sk/direct/xml-export/shops/heureka-sekce.xml
SK;6840;Elektrické airsoftové zbrane;Heureka.sk | Šport a outdoor | Športy | Strelecké sporty | Airsoft | Airsoftové zbrane a príslušenstvo | Elektrické airsoftové zbrane;7;https://www.heureka.sk/direct/xml-export/shops/heureka-sekce.xml
SK;6839;Manuálne airsoftové zbrane;Heureka.sk | Šport a outdoor | Športy | Strelecké sporty | Airsoft | Airsoftové zbrane a príslušenstvo | Manuálne airsoftové zbrane;7;https://www.heureka.sk/direct/xml-export/shops/heureka-sekce.xml
SK;4033;Plynové airsoftové zbrane;Heureka.sk | Šport a outdoor | Športy | Strelecké sporty | Airsoft | Airsoftové zbrane a príslušenstvo | Plynové airsoftové zbrane;7;https://www.heureka.sk/direct/xml-export/shops/heureka-sekce.xml
SK;4047;Svietidlá k airsoftovým zbraniam;Heureka.sk | Šport a outdoor | Športy | Strelecké sporty | Airsoft | Airsoftové zbrane a príslušenstvo | Svietidlá k airsoftovým zbraniam;7;https://www.heureka.sk/direct/xml-export/shops/heureka-sekce.xml
SK;6437;Army a lovecké batohy;Heureka.sk | Šport a outdoor | Športy | Strelecké sporty | Army a lovecké doplnky | Army a lovecké batohy;6;https://www.heureka.sk/direct/xml-export/shops/heureka-sekce.xml
SK;6438;Army a lovecké ochranné pomôcky;Heureka.sk | Šport a outdoor | Športy | Strelecké sporty | Army a lovecké doplnky | Army a lovecké ochranné pomôcky;6;https://www.heureka.sk/direct/xml-export/shops/heureka-sekce.xml
SK;6433;Army a lovecké opasky a traky;Heureka.sk | Šport a outdoor | Športy | Strelecké sporty | Army a lovecké doplnky | Army a lovecké opasky a traky;6;https://www.heureka.sk/direct/xml-export/shops/heureka-sekce.xml
SK;6432;Army a lovecké pokrývky hlavy;Heureka.sk | Šport a outdoor | Športy | Strelecké sporty | Army a lovecké doplnky | Army a lovecké pokrývky hlavy;6;https://www.heureka.sk/direct/xml-export/shops/heureka-sekce.xml
SK;6532;Army a lovecké puzdrá a sumky;Heureka.sk | Šport a outdoor | Športy | Strelecké sporty | Army a lovecké doplnky | Army a lovecké puzdrá a sumky;6;https://www.heureka.sk/direct/xml-export/shops/heureka-sekce.xml
SK;6434;Army a lovecké rukavice;Heureka.sk | Šport a outdoor | Športy | Strelecké sporty | Army a lovecké doplnky | Army a lovecké rukavice;6;https://www.heureka.sk/direct/xml-export/shops/heureka-sekce.xml
SK;6903;Army a lovecké tašky;Heureka.sk | Šport a outdoor | Športy | Strelecké sporty | Army a lovecké doplnky | Army a lovecké tašky;6;https://www.heureka.sk/direct/xml-export/shops/heureka-sekce.xml
SK;6435;Army a lovecké šatky, šály a kravaty;Heureka.sk | Šport a outdoor | Športy | Strelecké sporty | Army a lovecké doplnky | Army a lovecké šatky, šály a kravaty;6;https://www.heureka.sk/direct/xml-export/shops/heureka-sekce.xml
SK;6436;Maskovacie prevleky;Heureka.sk | Šport a outdoor | Športy | Strelecké sporty | Army a lovecké doplnky | Maskovacie prevleky;6;https://www.heureka.sk/direct/xml-export/shops/heureka-sekce.xml
SK;6416;Army a lovecká obuv;Heureka.sk | Šport a outdoor | Športy | Strelecké sporty | Army a lovecké oblečenie | Army a lovecká obuv;6;https://www.heureka.sk/direct/xml-export/shops/heureka-sekce.xml
SK;6413;Army a lovecké bundy, kabáty a blúzy;Heureka.sk | Šport a outdoor | Športy | Strelecké sporty | Army a lovecké oblečenie | Army a lovecké bundy, kabáty a blúzy;6;https://www.heureka.sk/direct/xml-export/shops/heureka-sekce.xml
SK;6414;Army a lovecké mikiny a svetre;Heureka.sk | Šport a outdoor | Športy | Strelecké sporty | Army a lovecké oblečenie | Army a lovecké mikiny a svetre;6;https://www.heureka.sk/direct/xml-export/shops/heureka-sekce.xml
SK;6412;Army a lovecké nohavice a šortky;Heureka.sk | Šport a outdoor | Športy | Strelecké sporty | Army a lovecké oblečenie | Army a lovecké nohavice a šortky;6;https://www.heureka.sk/direct/xml-export/shops/heureka-sekce.xml
SK;6415;Army a lovecké tričká a košele;Heureka.sk | Šport a outdoor | Športy | Strelecké sporty | Army a lovecké oblečenie | Army a lovecké tričká a košele;6;https://www.heureka.sk/direct/xml-export/shops/heureka-sekce.xml
SK;6417;Taktické a lovecké vesty;Heureka.sk | Šport a outdoor | Športy | Strelecké sporty | Army a lovecké oblečenie | Taktické a lovecké vesty;6;https://www.heureka.sk/direct/xml-export/shops/heureka-sekce.xml
SK;4437;Kuše;Heureka.sk | Šport a outdoor | Športy | Strelecké sporty | Lukostreľba | Kuše a príslušenstvo | Kuše;7;https://www.heureka.sk/direct/xml-export/shops/heureka-sekce.xml
SK;6948;Náhradné diely a doplnky ku kušiam;Heureka.sk | Šport a outdoor | Športy | Strelecké sporty | Lukostreľba | Kuše a príslušenstvo | Náhradné diely a doplnky ku kušiam;7;https://www.heureka.sk/direct/xml-export/shops/heureka-sekce.xml
SK;6949;Tetivy do kuší;Heureka.sk | Šport a outdoor | Športy | Strelecké sporty | Lukostreľba | Kuše a príslušenstvo | Tetivy do kuší;7;https://www.heureka.sk/direct/xml-export/shops/heureka-sekce.xml
SK;6950;Šípy a šípky do kuší;Heureka.sk | Šport a outdoor | Športy | Strelecké sporty | Lukostreľba | Kuše a príslušenstvo | Šípy a šípky do kuší;7;https://www.heureka.sk/direct/xml-export/shops/heureka-sekce.xml
SK;4436;Luky;Heureka.sk | Šport a outdoor | Športy | Strelecké sporty | Lukostreľba | Luky a príslušenstvo | Luky;7;https://www.heureka.sk/direct/xml-export/shops/heureka-sekce.xml
SK;6944;Náhradné diely a doplnky k lukom;Heureka.sk | Šport a outdoor | Športy | Strelecké sporty | Lukostreľba | Luky a príslušenstvo | Náhradné diely a doplnky k lukom;7;https://www.heureka.sk/direct/xml-export/shops/heureka-sekce.xml
SK;6945;Puzdrá na šípy;Heureka.sk | Šport a outdoor | Športy | Strelecké sporty | Lukostreľba | Luky a príslušenstvo | Puzdrá na šípy;7;https://www.heureka.sk/direct/xml-export/shops/heureka-sekce.xml
SK;6946;Tetivy na luk;Heureka.sk | Šport a outdoor | Športy | Strelecké sporty | Lukostreľba | Luky a príslušenstvo | Tetivy na luk;7;https://www.heureka.sk/direct/xml-export/shops/heureka-sekce.xml
SK;4438;Šípy do luku;Heureka.sk | Šport a outdoor | Športy | Strelecké sporty | Lukostreľba | Luky a príslušenstvo | Šípy do luku;7;https://www.heureka.sk/direct/xml-export/shops/heureka-sekce.xml
SK;4685;Terče a terčovnice na luky a kuše;Heureka.sk | Šport a outdoor | Športy | Strelecké sporty | Lukostreľba | Terče a terčovnice na luky a kuše;6;https://www.heureka.sk/direct/xml-export/shops/heureka-sekce.xml
SK;6829;Diabolky a broky;Heureka.sk | Šport a outdoor | Športy | Strelecké sporty | Športová streľba | Príslušenstvo pre zbrane | Diabolky a broky;7;https://www.heureka.sk/direct/xml-export/shops/heureka-sekce.xml
SK;6905;Kolimátory;Heureka.sk | Šport a outdoor | Športy | Strelecké sporty | Športová streľba | Príslušenstvo pre zbrane | Lovecká optika | Kolimátory;8;https://www.heureka.sk/direct/xml-export/shops/heureka-sekce.xml
SK;4043;Puškohľady;Heureka.sk | Šport a outdoor | Športy | Strelecké sporty | Športová streľba | Príslušenstvo pre zbrane | Lovecká optika | Puškohľady;8;https://www.heureka.sk/direct/xml-export/shops/heureka-sekce.xml
SK;6841;Puzdrá na zbrane;Heureka.sk | Šport a outdoor | Športy | Strelecké sporty | Športová streľba | Príslušenstvo pre zbrane | Puzdrá na zbrane;7;https://www.heureka.sk/direct/xml-export/shops/heureka-sekce.xml
SK;8559;Terče na streľbu;Heureka.sk | Šport a outdoor | Športy | Strelecké sporty | Športová streľba | Terče na streľbu;6;https://www.heureka.sk/direct/xml-export/shops/heureka-sekce.xml
SK;6379;Trezory na zbrane;Heureka.sk | Šport a outdoor | Športy | Strelecké sporty | Športová streľba | Trezory na zbrane;6;https://www.heureka.sk/direct/xml-export/shops/heureka-sekce.xml
SK;6832;Vzduchovky;Heureka.sk | Šport a outdoor | Športy | Strelecké sporty | Športová streľba | Zbrane bez ZP | Vzduchovky;7;https://www.heureka.sk/direct/xml-export/shops/heureka-sekce.xml
SK;6455;Krycie plachty k trampolínam;Heureka.sk | Šport a outdoor | Športy | Trampolíny a príslušenstvo | Príslušenstvo k trampolínam | Krycie plachty k trampolínam;6;https://www.heureka.sk/direct/xml-export/shops/heureka-sekce.xml
SK;6452;Kryty pružín k trampolínam;Heureka.sk | Šport a outdoor | Športy | Trampolíny a príslušenstvo | Príslušenstvo k trampolínam | Kryty pružín k trampolínam;6;https://www.heureka.sk/direct/xml-export/shops/heureka-sekce.xml
SK;6450;Ochranné siete k trampolínam;Heureka.sk | Šport a outdoor | Športy | Trampolíny a príslušenstvo | Príslušenstvo k trampolínam | Ochranné siete k trampolínam;6;https://www.heureka.sk/direct/xml-export/shops/heureka-sekce.xml
SK;2758;Ostatné príslušenstvo k trampolínam;Heureka.sk | Šport a outdoor | Športy | Trampolíny a príslušenstvo | Príslušenstvo k trampolínam | Ostatné príslušenstvo k trampolínam;6;https://www.heureka.sk/direct/xml-export/shops/heureka-sekce.xml
SK;6453;Pružiny na trampolíny;Heureka.sk | Šport a outdoor | Športy | Trampolíny a príslušenstvo | Príslušenstvo k trampolínam | Pružiny na trampolíny;6;https://www.heureka.sk/direct/xml-export/shops/heureka-sekce.xml
SK;6454;Schodíky k trampolínam;Heureka.sk | Šport a outdoor | Športy | Trampolíny a príslušenstvo | Príslušenstvo k trampolínam | Schodíky k trampolínam;6;https://www.heureka.sk/direct/xml-export/shops/heureka-sekce.xml
SK;6451;Skákacie plochy k trampolínam;Heureka.sk | Šport a outdoor | Športy | Trampolíny a príslušenstvo | Príslušenstvo k trampolínam | Skákacie plochy k trampolínam;6;https://www.heureka.sk/direct/xml-export/shops/heureka-sekce.xml
SK;8585;Stany na trampolíny;Heureka.sk | Šport a outdoor | Športy | Trampolíny a príslušenstvo | Príslušenstvo k trampolínam | Stany na trampolíny;6;https://www.heureka.sk/direct/xml-export/shops/heureka-sekce.xml
SK;1323;Trampolíny;Heureka.sk | Šport a outdoor | Športy | Trampolíny a príslušenstvo | Trampolíny;5;https://www.heureka.sk/direct/xml-export/shops/heureka-sekce.xml
SK;5340;Kiteboards;Heureka.sk | Šport a outdoor | Športy | Vodné športy | Adrenalínové vodné športy | Kiteboarding | Kiteboards;7;https://www.heureka.sk/direct/xml-export/shops/heureka-sekce.xml
SK;1441;Kites;Heureka.sk | Šport a outdoor | Športy | Vodné športy | Adrenalínové vodné športy | Kiteboarding | Kites;7;https://www.heureka.sk/direct/xml-export/shops/heureka-sekce.xml
SK;5122;Hrazdy a laná na wakeboarding;Heureka.sk | Šport a outdoor | Športy | Vodné športy | Adrenalínové vodné športy | Wakeboarding | Hrazdy a laná na wakeboarding;7;https://www.heureka.sk/direct/xml-export/shops/heureka-sekce.xml
SK;5120;Obuv na wakeboard;Heureka.sk | Šport a outdoor | Športy | Vodné športy | Adrenalínové vodné športy | Wakeboarding | Obuv na wakeboard;7;https://www.heureka.sk/direct/xml-export/shops/heureka-sekce.xml
SK;5121;Príslušenstvo na wakeboarding;Heureka.sk | Šport a outdoor | Športy | Vodné športy | Adrenalínové vodné športy | Wakeboarding | Príslušenstvo na wakeboarding;7;https://www.heureka.sk/direct/xml-export/shops/heureka-sekce.xml
SK;5119;Viazanie na wakeboard;Heureka.sk | Šport a outdoor | Športy | Vodné športy | Adrenalínové vodné športy | Wakeboarding | Viazanie na wakeboard;7;https://www.heureka.sk/direct/xml-export/shops/heureka-sekce.xml
SK;4785;Wakeboardy;Heureka.sk | Šport a outdoor | Športy | Vodné športy | Adrenalínové vodné športy | Wakeboarding | Wakeboardy;7;https://www.heureka.sk/direct/xml-export/shops/heureka-sekce.xml
SK;5442;Lopty na vodné pólo;Heureka.sk | Šport a outdoor | Športy | Vodné športy | Lopty na vodné pólo;5;https://www.heureka.sk/direct/xml-export/shops/heureka-sekce.xml
SK;2481;Neoprénové rukavice;Heureka.sk | Šport a outdoor | Športy | Vodné športy | Oblečenie a obuv do vody | Neoprénové rukavice;6;https://www.heureka.sk/direct/xml-export/shops/heureka-sekce.xml
SK;5116;Neoprény;Heureka.sk | Šport a outdoor | Športy | Vodné športy | Oblečenie a obuv do vody | Neoprény;6;https://www.heureka.sk/direct/xml-export/shops/heureka-sekce.xml
SK;2486;Potápačské kapucne;Heureka.sk | Šport a outdoor | Športy | Vodné športy | Oblečenie a obuv do vody | Potápačské kapucne;6;https://www.heureka.sk/direct/xml-export/shops/heureka-sekce.xml
SK;2485;Potápačské ponožky;Heureka.sk | Šport a outdoor | Športy | Vodné športy | Oblečenie a obuv do vody | Potápačské ponožky;6;https://www.heureka.sk/direct/xml-export/shops/heureka-sekce.xml
SK;2488;Príslušenstvo k potápačským oblekom;Heureka.sk | Šport a outdoor | Športy | Vodné športy | Oblečenie a obuv do vody | Príslušenstvo k potápačským oblekom;6;https://www.heureka.sk/direct/xml-export/shops/heureka-sekce.xml
SK;1437;Suché obleky;Heureka.sk | Šport a outdoor | Športy | Vodné športy | Oblečenie a obuv do vody | Suché obleky;6;https://www.heureka.sk/direct/xml-export/shops/heureka-sekce.xml
SK;1438;Topánky do vody;Heureka.sk | Šport a outdoor | Športy | Vodné športy | Oblečenie a obuv do vody | Topánky do vody;6;https://www.heureka.sk/direct/xml-export/shops/heureka-sekce.xml
SK;4782;Paddleboardy;Heureka.sk | Šport a outdoor | Športy | Vodné športy | Paddleboardy;5;https://www.heureka.sk/direct/xml-export/shops/heureka-sekce.xml
SK;5488;Klipy na nos;Heureka.sk | Šport a outdoor | Športy | Vodné športy | Plavecké potreby | Klipy na nos;6;https://www.heureka.sk/direct/xml-export/shops/heureka-sekce.xml
SK;5224;Nafukovacie kolesá;Heureka.sk | Šport a outdoor | Športy | Vodné športy | Plavecké potreby | Nafukovacie kolesá;6;https://www.heureka.sk/direct/xml-export/shops/heureka-sekce.xml
SK;5399;Nafukovacie lehátka;Heureka.sk | Šport a outdoor | Športy | Vodné športy | Plavecké potreby | Nafukovacie lehátka;6;https://www.heureka.sk/direct/xml-export/shops/heureka-sekce.xml
SK;5226;Nafukovacie rukávniky;Heureka.sk | Šport a outdoor | Športy | Vodné športy | Plavecké potreby | Nafukovacie rukávniky;6;https://www.heureka.sk/direct/xml-export/shops/heureka-sekce.xml
SK;5223;Plavecké dosky;Heureka.sk | Šport a outdoor | Športy | Vodné športy | Plavecké potreby | Plavecké dosky;6;https://www.heureka.sk/direct/xml-export/shops/heureka-sekce.xml
SK;1440;Plavecké okuliare;Heureka.sk | Šport a outdoor | Športy | Vodné športy | Plavecké potreby | Plavecké okuliare;6;https://www.heureka.sk/direct/xml-export/shops/heureka-sekce.xml
SK;1465;Plavecké čiapky;Heureka.sk | Šport a outdoor | Športy | Vodné športy | Plavecké potreby | Plavecké čiapky;6;https://www.heureka.sk/direct/xml-export/shops/heureka-sekce.xml
SK;5474;Pádla na ruky;Heureka.sk | Šport a outdoor | Športy | Vodné športy | Plavecké potreby | Pádla na ruky;6;https://www.heureka.sk/direct/xml-export/shops/heureka-sekce.xml
SK;8564;Plážové stany;Heureka.sk | Šport a outdoor | Športy | Vodné športy | Plážové stany;5;https://www.heureka.sk/direct/xml-export/shops/heureka-sekce.xml
SK;2722;Automatiky;Heureka.sk | Šport a outdoor | Športy | Vodné športy | Potápačské vybavenie | Automatiky;6;https://www.heureka.sk/direct/xml-export/shops/heureka-sekce.xml
SK;1433;Harpúny;Heureka.sk | Šport a outdoor | Športy | Vodné športy | Potápačské vybavenie | Harpúny;6;https://www.heureka.sk/direct/xml-export/shops/heureka-sekce.xml
SK;1434;Plutvy;Heureka.sk | Šport a outdoor | Športy | Vodné športy | Potápačské vybavenie | Plutvy;6;https://www.heureka.sk/direct/xml-export/shops/heureka-sekce.xml
SK;5443;Podvodné skútre;Heureka.sk | Šport a outdoor | Športy | Vodné športy | Potápačské vybavenie | Podvodné skútre;6;https://www.heureka.sk/direct/xml-export/shops/heureka-sekce.xml
SK;2723;Potápačské fľaše;Heureka.sk | Šport a outdoor | Športy | Vodné športy | Potápačské vybavenie | Potápačské fľaše;6;https://www.heureka.sk/direct/xml-export/shops/heureka-sekce.xml
SK;1431;Potápačské masky;Heureka.sk | Šport a outdoor | Športy | Vodné športy | Potápačské vybavenie | Potápačské masky;6;https://www.heureka.sk/direct/xml-export/shops/heureka-sekce.xml
SK;1466;Potápačské meracie prístroje;Heureka.sk | Šport a outdoor | Športy | Vodné športy | Potápačské vybavenie | Potápačské meracie prístroje;6;https://www.heureka.sk/direct/xml-export/shops/heureka-sekce.xml
SK;1435;Potápačské nože;Heureka.sk | Šport a outdoor | Športy | Vodné športy | Potápačské vybavenie | Potápačské nože;6;https://www.heureka.sk/direct/xml-export/shops/heureka-sekce.xml
SK;1432;Potápačské šnorchle;Heureka.sk | Šport a outdoor | Športy | Vodné športy | Potápačské vybavenie | Potápačské šnorchle;6;https://www.heureka.sk/direct/xml-export/shops/heureka-sekce.xml
SK;2482;Žakety a krídla;Heureka.sk | Šport a outdoor | Športy | Vodné športy | Potápačské vybavenie | Žakety a krídla;6;https://www.heureka.sk/direct/xml-export/shops/heureka-sekce.xml
SK;6456;Lodné motory;Heureka.sk | Šport a outdoor | Športy | Vodné športy | Vodácke vybavenie | Lodné motory;6;https://www.heureka.sk/direct/xml-export/shops/heureka-sekce.xml
SK;1428;Pádla a vesla;Heureka.sk | Šport a outdoor | Športy | Vodné športy | Vodácke vybavenie | Pádla a vesla;6;https://www.heureka.sk/direct/xml-export/shops/heureka-sekce.xml
SK;1430;Vodácke doplnky;Heureka.sk | Šport a outdoor | Športy | Vodné športy | Vodácke vybavenie | Vodácke doplnky;6;https://www.heureka.sk/direct/xml-export/shops/heureka-sekce.xml
SK;1425;Vodácke prilby;Heureka.sk | Šport a outdoor | Športy | Vodné športy | Vodácke vybavenie | Vodácke prilby;6;https://www.heureka.sk/direct/xml-export/shops/heureka-sekce.xml
SK;1429;Vodácke vrecia;Heureka.sk | Šport a outdoor | Športy | Vodné športy | Vodácke vybavenie | Vodácke vrecia;6;https://www.heureka.sk/direct/xml-export/shops/heureka-sekce.xml
SK;1426;Záchranné vesty;Heureka.sk | Šport a outdoor | Športy | Vodné športy | Vodácke vybavenie | Záchranné vesty;6;https://www.heureka.sk/direct/xml-export/shops/heureka-sekce.xml
SK;1427;Člny;Heureka.sk | Šport a outdoor | Športy | Vodné športy | Vodácke vybavenie | Člny;6;https://www.heureka.sk/direct/xml-export/shops/heureka-sekce.xml
SK;984;Bežecké lyže;Heureka.sk | Šport a outdoor | Športy | Zimné športy | Bežecké lyžovanie | Bežecké lyže;6;https://www.heureka.sk/direct/xml-export/shops/heureka-sekce.xml
SK;982;Bežecké palice;Heureka.sk | Šport a outdoor | Športy | Zimné športy | Bežecké lyžovanie | Bežecké palice;6;https://www.heureka.sk/direct/xml-export/shops/heureka-sekce.xml
SK;5232;Kolieskové lyže;Heureka.sk | Šport a outdoor | Športy | Zimné športy | Bežecké lyžovanie | Kolieskové lyže;6;https://www.heureka.sk/direct/xml-export/shops/heureka-sekce.xml
SK;981;Obuv na bežky;Heureka.sk | Šport a outdoor | Športy | Zimné športy | Bežecké lyžovanie | Obuv na bežky;6;https://www.heureka.sk/direct/xml-export/shops/heureka-sekce.xml
SK;983;Viazania na bežky;Heureka.sk | Šport a outdoor | Športy | Zimné športy | Bežecké lyžovanie | Viazania na bežky;6;https://www.heureka.sk/direct/xml-export/shops/heureka-sekce.xml
SK;2040;Vosky na bežky;Heureka.sk | Šport a outdoor | Športy | Zimné športy | Bežecké lyžovanie | Vosky na bežky;6;https://www.heureka.sk/direct/xml-export/shops/heureka-sekce.xml
SK;5412;Žehličky na vosky;Heureka.sk | Šport a outdoor | Športy | Zimné športy | Bežecké lyžovanie | Žehličky na vosky;6;https://www.heureka.sk/direct/xml-export/shops/heureka-sekce.xml
SK;6670;Hokejové branky;Heureka.sk | Šport a outdoor | Športy | Zimné športy | Hokej | Hokejové branky;6;https://www.heureka.sk/direct/xml-export/shops/heureka-sekce.xml
SK;1107;Hokejové doplnky;Heureka.sk | Šport a outdoor | Športy | Zimné športy | Hokej | Hokejové doplnky;6;https://www.heureka.sk/direct/xml-export/shops/heureka-sekce.xml
SK;1105;Brankárske betóny;Heureka.sk | Šport a outdoor | Športy | Zimné športy | Hokej | Hokejový brankár | Brankárske betóny;7;https://www.heureka.sk/direct/xml-export/shops/heureka-sekce.xml
SK;1106;Brankárske vesty;Heureka.sk | Šport a outdoor | Športy | Zimné športy | Hokej | Hokejový brankár | Brankárske vesty;7;https://www.heureka.sk/direct/xml-export/shops/heureka-sekce.xml
SK;1114;Lapačky a vyrážačky;Heureka.sk | Šport a outdoor | Športy | Zimné športy | Hokej | Hokejový brankár | Lapačky a vyrážačky;7;https://www.heureka.sk/direct/xml-export/shops/heureka-sekce.xml
SK;1115;Hokejky;Heureka.sk | Šport a outdoor | Športy | Zimné športy | Hokej | Hokejový hráč | Hokejky;7;https://www.heureka.sk/direct/xml-export/shops/heureka-sekce.xml
SK;6675;Hokejové chrániče zubov;Heureka.sk | Šport a outdoor | Športy | Zimné športy | Hokej | Hokejový hráč | Hokejové chrániče zubov;7;https://www.heureka.sk/direct/xml-export/shops/heureka-sekce.xml
SK;1112;Hokejové chrániče lakťov;Heureka.sk | Šport a outdoor | Športy | Zimné športy | Hokej | Hokejový hráč | Hokejové chrániče | Hokejové chrániče lakťov;8;https://www.heureka.sk/direct/xml-export/shops/heureka-sekce.xml
SK;1111;Hokejové chrániče píšťal;Heureka.sk | Šport a outdoor | Športy | Zimné športy | Hokej | Hokejový hráč | Hokejové chrániče | Hokejové chrániče píšťal;8;https://www.heureka.sk/direct/xml-export/shops/heureka-sekce.xml
SK;1113;Hokejové chrániče ramien;Heureka.sk | Šport a outdoor | Športy | Zimné športy | Hokej | Hokejový hráč | Hokejové chrániče | Hokejové chrániče ramien;8;https://www.heureka.sk/direct/xml-export/shops/heureka-sekce.xml
SK;5289;Hokejové dresy;Heureka.sk | Šport a outdoor | Športy | Zimné športy | Hokej | Hokejový hráč | Hokejové dresy;7;https://www.heureka.sk/direct/xml-export/shops/heureka-sekce.xml
SK;1108;Hokejové nohavice;Heureka.sk | Šport a outdoor | Športy | Zimné športy | Hokej | Hokejový hráč | Hokejové nohavice;7;https://www.heureka.sk/direct/xml-export/shops/heureka-sekce.xml
SK;6671;Hokejové nákrčníky;Heureka.sk | Šport a outdoor | Športy | Zimné športy | Hokej | Hokejový hráč | Hokejové nákrčníky;7;https://www.heureka.sk/direct/xml-export/shops/heureka-sekce.xml
SK;1117;Hokejové prilby;Heureka.sk | Šport a outdoor | Športy | Zimné športy | Hokej | Hokejový hráč | Hokejové prilby;7;https://www.heureka.sk/direct/xml-export/shops/heureka-sekce.xml
SK;6673;Hokejové puky;Heureka.sk | Šport a outdoor | Športy | Zimné športy | Hokej | Hokejový hráč | Hokejové puky;7;https://www.heureka.sk/direct/xml-export/shops/heureka-sekce.xml
SK;1109;Hokejové rukavice;Heureka.sk | Šport a outdoor | Športy | Zimné športy | Hokej | Hokejový hráč | Hokejové rukavice;7;https://www.heureka.sk/direct/xml-export/shops/heureka-sekce.xml
SK;6674;Hokejové suspenzory;Heureka.sk | Šport a outdoor | Športy | Zimné športy | Hokej | Hokejový hráč | Hokejové suspenzory;7;https://www.heureka.sk/direct/xml-export/shops/heureka-sekce.xml
SK;1110;Hokejové tašky;Heureka.sk | Šport a outdoor | Športy | Zimné športy | Hokej | Hokejový hráč | Hokejové tašky;7;https://www.heureka.sk/direct/xml-export/shops/heureka-sekce.xml
SK;6672;Hokejové štulpne;Heureka.sk | Šport a outdoor | Športy | Zimné športy | Hokej | Hokejový hráč | Hokejové štulpne;7;https://www.heureka.sk/direct/xml-export/shops/heureka-sekce.xml
SK;1116;Korčule na ľad;Heureka.sk | Šport a outdoor | Športy | Zimné športy | Korčule na ľad;5;https://www.heureka.sk/direct/xml-export/shops/heureka-sekce.xml
SK;8519;Kefy na lyže;Heureka.sk | Šport a outdoor | Športy | Zimné športy | Servis lyží | Kefy na lyže;6;https://www.heureka.sk/direct/xml-export/shops/heureka-sekce.xml
SK;1415;Lavinové lopaty;Heureka.sk | Šport a outdoor | Športy | Zimné športy | Skialpinistické vybavenia | Lavinové lopaty;6;https://www.heureka.sk/direct/xml-export/shops/heureka-sekce.xml
SK;1416;Lavinové sondy a vyhľadávače;Heureka.sk | Šport a outdoor | Športy | Zimné športy | Skialpinistické vybavenia | Lavinové sondy a vyhľadávače;6;https://www.heureka.sk/direct/xml-export/shops/heureka-sekce.xml
SK;1418;Skialpinistické pásy;Heureka.sk | Šport a outdoor | Športy | Zimné športy | Skialpinistické vybavenia | Skialpinistické pásy;6;https://www.heureka.sk/direct/xml-export/shops/heureka-sekce.xml
SK;1419;Skialpinistické viazania;Heureka.sk | Šport a outdoor | Športy | Zimné športy | Skialpinistické vybavenia | Skialpinistické viazania;6;https://www.heureka.sk/direct/xml-export/shops/heureka-sekce.xml
SK;2686;Snežnice;Heureka.sk | Šport a outdoor | Športy | Zimné športy | Snežnice;5;https://www.heureka.sk/direct/xml-export/shops/heureka-sekce.xml
SK;1123;Chrániče na snowboard;Heureka.sk | Šport a outdoor | Športy | Zimné športy | Snowboarding | Chrániče na snowboard;6;https://www.heureka.sk/direct/xml-export/shops/heureka-sekce.xml
SK;5302;Gripy na snowboard;Heureka.sk | Šport a outdoor | Športy | Zimné športy | Snowboarding | Gripy na snowboard;6;https://www.heureka.sk/direct/xml-export/shops/heureka-sekce.xml
SK;1119;Obuv na snowboard;Heureka.sk | Šport a outdoor | Športy | Zimné športy | Snowboarding | Obuv na snowboard;6;https://www.heureka.sk/direct/xml-export/shops/heureka-sekce.xml
SK;1122;Snowboardové a lyžiarske helmy;Heureka.sk | Šport a outdoor | Športy | Zimné športy | Snowboarding | Snowboardové a lyžiarske helmy;6;https://www.heureka.sk/direct/xml-export/shops/heureka-sekce.xml
SK;1120;Snowboardy;Heureka.sk | Šport a outdoor | Športy | Zimné športy | Snowboarding | Snowboardy;6;https://www.heureka.sk/direct/xml-export/shops/heureka-sekce.xml
SK;5535;Snowskate;Heureka.sk | Šport a outdoor | Športy | Zimné športy | Snowboarding | Snowskate;6;https://www.heureka.sk/direct/xml-export/shops/heureka-sekce.xml
SK;1144;Vaky na snowboardy;Heureka.sk | Šport a outdoor | Športy | Zimné športy | Snowboarding | Vaky na snowboardy;6;https://www.heureka.sk/direct/xml-export/shops/heureka-sekce.xml
SK;1121;Viazania na snowboard;Heureka.sk | Šport a outdoor | Športy | Zimné športy | Snowboarding | Viazania na snowboard;6;https://www.heureka.sk/direct/xml-export/shops/heureka-sekce.xml
SK;1365;Vosky na snowboard;Heureka.sk | Šport a outdoor | Športy | Zimné športy | Snowboarding | Vosky na snowboard;6;https://www.heureka.sk/direct/xml-export/shops/heureka-sekce.xml
SK;6541;Snowscoot;Heureka.sk | Šport a outdoor | Športy | Zimné športy | Snowscoot;5;https://www.heureka.sk/direct/xml-export/shops/heureka-sekce.xml
SK;991;Lyžiarky;Heureka.sk | Šport a outdoor | Športy | Zimné športy | Zjazdové lyžovanie | Lyžiarky;6;https://www.heureka.sk/direct/xml-export/shops/heureka-sekce.xml
SK;1056;Lyžiarske okuliare;Heureka.sk | Šport a outdoor | Športy | Zimné športy | Zjazdové lyžovanie | Lyžiarske okuliare;6;https://www.heureka.sk/direct/xml-export/shops/heureka-sekce.xml
SK;1057;Lyžiarske vaky;Heureka.sk | Šport a outdoor | Športy | Zimné športy | Zjazdové lyžovanie | Lyžiarske vaky;6;https://www.heureka.sk/direct/xml-export/shops/heureka-sekce.xml
SK;5063;Vaky na lyžiarky;Heureka.sk | Šport a outdoor | Športy | Zimné športy | Zjazdové lyžovanie | Vaky na lyžiarky;6;https://www.heureka.sk/direct/xml-export/shops/heureka-sekce.xml
SK;989;Zjazdové lyže;Heureka.sk | Šport a outdoor | Športy | Zimné športy | Zjazdové lyžovanie | Zjazdové lyže;6;https://www.heureka.sk/direct/xml-export/shops/heureka-sekce.xml
SK;990;Zjazdové palice;Heureka.sk | Šport a outdoor | Športy | Zimné športy | Zjazdové lyžovanie | Zjazdové palice;6;https://www.heureka.sk/direct/xml-export/shops/heureka-sekce.xml
SK;992;Zjazdové viazania;Heureka.sk | Šport a outdoor | Športy | Zimné športy | Zjazdové lyžovanie | Zjazdové viazania;6;https://www.heureka.sk/direct/xml-export/shops/heureka-sekce.xml
SK;6298;Detské halové topánky;Heureka.sk | Šport a outdoor | Športy | Športová obuv | Detská športová obuv | Detské halové topánky;6;https://www.heureka.sk/direct/xml-export/shops/heureka-sekce.xml
SK;6297;Dámske halové topánky;Heureka.sk | Šport a outdoor | Športy | Športová obuv | Dámska športová obuv | Dámske halové topánky;6;https://www.heureka.sk/direct/xml-export/shops/heureka-sekce.xml
SK;6296;Pánske halové topánky;Heureka.sk | Šport a outdoor | Športy | Športová obuv | Pánska športová obuv | Pánske halové topánky;6;https://www.heureka.sk/direct/xml-export/shops/heureka-sekce.xml
SK;2500;Aminokyseliny;Heureka.sk | Šport a outdoor | Športy | Športová výživa | Aminokyseliny;5;https://www.heureka.sk/direct/xml-export/shops/heureka-sekce.xml
SK;2501;Anabolizéry a NO doplnky;Heureka.sk | Šport a outdoor | Športy | Športová výživa | Anabolizéry a NO doplnky;5;https://www.heureka.sk/direct/xml-export/shops/heureka-sekce.xml
SK;2127;Energetické gély pre športovcov;Heureka.sk | Šport a outdoor | Športy | Športová výživa | Energetické gély pre športovcov;5;https://www.heureka.sk/direct/xml-export/shops/heureka-sekce.xml
SK;5084;Energetické tyčinky;Heureka.sk | Šport a outdoor | Športy | Športová výživa | Energetické tyčinky;5;https://www.heureka.sk/direct/xml-export/shops/heureka-sekce.xml
SK;2507;Gainery;Heureka.sk | Šport a outdoor | Športy | Športová výživa | Gainery;5;https://www.heureka.sk/direct/xml-export/shops/heureka-sekce.xml
SK;2129;Iontové nápoje;Heureka.sk | Šport a outdoor | Športy | Športová výživa | Iontové nápoje;5;https://www.heureka.sk/direct/xml-export/shops/heureka-sekce.xml
SK;2505;Kreatín;Heureka.sk | Šport a outdoor | Športy | Športová výživa | Kreatín;5;https://www.heureka.sk/direct/xml-export/shops/heureka-sekce.xml
SK;2208;Nutričné doplnky;Heureka.sk | Šport a outdoor | Športy | Športová výživa | Nutričné doplnky;5;https://www.heureka.sk/direct/xml-export/shops/heureka-sekce.xml
SK;4408;Ostatná športová výživa;Heureka.sk | Šport a outdoor | Športy | Športová výživa | Ostatná športová výživa;5;https://www.heureka.sk/direct/xml-export/shops/heureka-sekce.xml
SK;5407;Keto diéty;Heureka.sk | Šport a outdoor | Športy | Športová výživa | Proteinové doplnky | Keto diéty;6;https://www.heureka.sk/direct/xml-export/shops/heureka-sekce.xml
SK;5350;Proteinové kaše;Heureka.sk | Šport a outdoor | Športy | Športová výživa | Proteinové doplnky | Proteinové kaše;6;https://www.heureka.sk/direct/xml-export/shops/heureka-sekce.xml
SK;5316;Proteinové palacinky;Heureka.sk | Šport a outdoor | Športy | Športová výživa | Proteinové doplnky | Proteinové palacinky;6;https://www.heureka.sk/direct/xml-export/shops/heureka-sekce.xml
SK;5325;Proteinové tyčinky;Heureka.sk | Šport a outdoor | Športy | Športová výživa | Proteinové doplnky | Proteinové tyčinky;6;https://www.heureka.sk/direct/xml-export/shops/heureka-sekce.xml
SK;2506;Proteíny;Heureka.sk | Šport a outdoor | Športy | Športová výživa | Proteíny;5;https://www.heureka.sk/direct/xml-export/shops/heureka-sekce.xml
SK;6425;Sacharidy;Heureka.sk | Šport a outdoor | Športy | Športová výživa | Sacharidy;5;https://www.heureka.sk/direct/xml-export/shops/heureka-sekce.xml
SK;2368;Spaľovače tukov;Heureka.sk | Šport a outdoor | Športy | Športová výživa | Spaľovače tukov;5;https://www.heureka.sk/direct/xml-export/shops/heureka-sekce.xml
SK;2509;Stimulanty a energizéry;Heureka.sk | Šport a outdoor | Športy | Športová výživa | Stimulanty a energizéry;5;https://www.heureka.sk/direct/xml-export/shops/heureka-sekce.xml
